video_id,views,likes,comments,channel_id,channel_name,date,duration,category_id,genre,subscribers,Unnamed: 11,Unnamed: 12,Unnamed: 13
49p7hMbCpys,61074032,2948352,4611,UCglXlpWjIi95auM3umWWLdw,Tech Master Shorts,2023-05-04 08:03:00+00:00,56,28,Technology,26500000,,,
ofzwCrlxywc,59182092,1955798,1576,UCoL68NLLSUQqEDwMZPvrdEg,TechBurner Shorts,2023-09-01 17:13:48+00:00,35,28,Technology,6390000,,,
IZl5ipoTIEA,53162940,2647209,3112,UCMiJRAwDNSNzuYeN2uWa0pA,Mrwhosetheboss,2023-03-14 10:14:49+00:00,60,28,Technology,22200000,,,
FNnK1J-BdiM,43007923,1908958,7863,UCBJycsmduvYEL83R_U4JriQ,Marques Brownlee,2023-06-22 04:03:29+00:00,56,28,Technology,20700000,,,
vkBQW8NZk9k,39995391,1962796,5058,UCMiJRAwDNSNzuYeN2uWa0pA,Mrwhosetheboss,2023-05-14 13:01:39+00:00,60,28,Technology,22200000,,,
zu4fYpQHsIE,36553627,1759134,3685,UCMiJRAwDNSNzuYeN2uWa0pA,Mrwhosetheboss,2024-01-09 13:18:12+00:00,59,28,Technology,22200000,,,
IOB3ilwdWpg,33699464,1876772,4499,UCMiJRAwDNSNzuYeN2uWa0pA,Mrwhosetheboss,2024-01-24 11:31:26+00:00,60,28,Technology,22200000,,,
R9MLiaZPmSE,28716689,960248,8170,UCvpfclapgcuJo0M_x65pfRw,Beebom,2023-06-02 12:28:44+00:00,32,28,Technology,3490000,,,
B5rkzxQUJ8s,28346195,0,602,UCKTOUUStcPg0L194sO_9nzg,Himanshi Multibrand Store (HMS),2024-07-06 14:28:17+00:00,18,28,Technology,102000,,,
f3VgiNX5ws8,31980317,1054851,1520,UCglXlpWjIi95auM3umWWLdw,Tech Master Shorts,2024-10-25 11:00:24+00:00,55,28,Technology,26500000,,,
KG6Nu72Avqg,26538430,820194,9626,UCBJycsmduvYEL83R_U4JriQ,Marques Brownlee,2023-03-31 20:36:10+00:00,60,28,Technology,20700000,,,
Rn4si0Xorhc,26473099,1266940,2144,UCMiJRAwDNSNzuYeN2uWa0pA,Mrwhosetheboss,2024-05-14 11:18:16+00:00,59,28,Technology,22200000,,,
b0HfmY64eSE,24615261,478890,11201,UCMiJRAwDNSNzuYeN2uWa0pA,Mrwhosetheboss,2023-11-25 14:18:33+00:00,2324,28,Technology,22200000,,,
7yZiT3chFOk,24125089,1123345,1845,UCOTGVctbHD4UJK3R6Evfx9Q,TECH-iELA Shorts,2023-11-07 07:39:19+00:00,60,28,Technology,9950000,,,
R3UD88E8nag,23166767,910868,1656,UCOTGVctbHD4UJK3R6Evfx9Q,TECH-iELA Shorts,2024-06-08 10:01:12+00:00,60,28,Technology,9950000,,,
GB_DNkfjXbI,23541886,1238535,1725,UCMiJRAwDNSNzuYeN2uWa0pA,Mrwhosetheboss,2023-07-24 14:11:13+00:00,60,28,Technology,22200000,,,
heXw4nN7OAA,21534038,1354032,1254,UCMiJRAwDNSNzuYeN2uWa0pA,Mrwhosetheboss,2023-03-01 17:00:39+00:00,47,28,Technology,22200000,,,
6uHKatxjR_o,22378243,1462090,1286,UCglXlpWjIi95auM3umWWLdw,Tech Master Shorts,2023-01-01 05:30:03+00:00,52,28,Technology,26500000,,,
6-fCM_svdJ8,21622459,1551678,2216,UCMiJRAwDNSNzuYeN2uWa0pA,Mrwhosetheboss,2023-02-13 18:42:35+00:00,60,28,Technology,22200000,,,
ZjxiNW-6aPU,21610003,749840,501,UCvo2tOQ0yDJLFRi7QAt58yA,MostTechy Shorts,2023-01-24 13:55:01+00:00,28,28,Technology,6410000,,,
TSB3QijQN_k,19781255,1808866,2784,UCrkP7L7oieiejXdQHWLqYIg,Manoj Saru,2023-02-09 12:55:19+00:00,60,28,Technology,9350000,,,
bWaabrlHjZc,20476139,905526,3588,UCglXlpWjIi95auM3umWWLdw,Tech Master Shorts,2023-11-22 13:30:14+00:00,56,28,Technology,26500000,,,
ig9NpsgB_cY,22377945,406280,244,UCnxvhzINEXzpTaxbS59JL-g,SimpleGhar Tamil,2024-08-08 15:25:26+00:00,43,28,Technology,2140000,,,
h359LRmMZMU,18895190,328729,7713,UCMiJRAwDNSNzuYeN2uWa0pA,Mrwhosetheboss,2023-05-30 14:02:10+00:00,1382,28,Technology,22200000,,,
wGQHHpemIjk,19867039,1266774,6525,UCMiJRAwDNSNzuYeN2uWa0pA,Mrwhosetheboss,2023-04-04 11:20:38+00:00,34,28,Technology,22200000,,,
INd93l30DrQ,19720436,514265,818,UCnxvhzINEXzpTaxbS59JL-g,SimpleGhar Tamil,2024-05-06 14:07:33+00:00,43,28,Technology,2140000,,,
LZYfSYXY-go,18770440,851349,3809,UCMiJRAwDNSNzuYeN2uWa0pA,Mrwhosetheboss,2024-01-04 15:32:23+00:00,30,28,Technology,22200000,,,
MFopqLiH3xg,18465173,368518,190,UCcEemKX91VohoKl6uRBAPyQ,SimpleGhar Hindi,2024-04-10 13:35:05+00:00,52,28,Technology,6670000,,,
vGtJRrZUjd8,18111278,1245008,2704,UCMiJRAwDNSNzuYeN2uWa0pA,Mrwhosetheboss,2023-04-09 13:06:16+00:00,51,28,Technology,22200000,,,
qoyQK-XJzO8,17598707,733897,682,UCvo2tOQ0yDJLFRi7QAt58yA,MostTechy Shorts,2023-01-05 14:47:40+00:00,32,28,Technology,6410000,,,
UXB9bnuyZb4,17529698,752499,7960,UCBJycsmduvYEL83R_U4JriQ,Marques Brownlee,2023-05-19 17:59:11+00:00,60,28,Technology,20700000,,,
sAeLgwkQZxE,16567807,897472,2127,UCl-LwKb3m8uJ3TXqAfeVHnw,High Tech RJ,2023-03-05 09:51:33+00:00,59,28,Technology,69300,,,
ciT6D_8VE7Q,16418036,1033951,4357,UC1D1vdq169T7w5iJ45zZL5Q,Technical Dost,2023-01-07 11:30:09+00:00,60,28,Technology,2600000,,,
neIYdLysqlk,15082667,320238,11571,UCMiJRAwDNSNzuYeN2uWa0pA,Mrwhosetheboss,2024-11-13 12:04:54+00:00,1673,28,Technology,22200000,,,
iSswIyAqPaQ,15280400,939132,2452,UCrkP7L7oieiejXdQHWLqYIg,Manoj Saru,2023-03-24 12:38:21+00:00,59,28,Technology,9350000,,,
wG_vpLr-9TU,16599105,337858,513,UC7ySZBzw3bqY7MTk6irMd0Q,SimpleGhar Malayalam,2024-04-04 12:43:59+00:00,38,28,Technology,2300000,,,
_cA7flZnWXg,14879447,336746,191,UCcEemKX91VohoKl6uRBAPyQ,SimpleGhar Hindi,2024-05-06 15:33:37+00:00,45,28,Technology,6670000,,,
tY28ZFDwuQs,14898497,958236,1207,UCglXlpWjIi95auM3umWWLdw,Tech Master Shorts,2023-04-07 14:01:30+00:00,48,28,Technology,26500000,,,
_mbX3lDgEB0,18065064,301009,1391,UCxqG_E-68WAE0TWYfIopv6Q,Digifix,2025-07-06 15:30:16+00:00,35,28,Technology,139000,,,
rWssyQD1uMw,16066355,919421,2419,UCMiJRAwDNSNzuYeN2uWa0pA,Mrwhosetheboss,2023-06-15 16:25:26+00:00,60,28,Technology,22200000,,,
XeE11KP8SOw,14734770,397314,827,UC85MIJMcZNnhxx84BZMlJgg,SimpleGhar Telugu,2023-12-09 15:31:05+00:00,55,28,Technology,5800000,,,
sN0-H2JTkfQ,13876812,418539,1099,UCe_vXdMrHHseZ_esYUskSBw,CrazyRussianHacker,2023-07-25 19:32:11+00:00,32,28,Technology,12000000,,,
pW6cVtjIwpY,14591746,799942,558,UCdhyGLBRk_oHt3zrlYyn8-w,TECH WITH AR,2024-09-01 10:07:32+00:00,24,28,Technology,3130000,,,
q5TAMuBh9Lc,13770017,877596,856,UCglXlpWjIi95auM3umWWLdw,Tech Master Shorts,2023-03-29 07:00:16+00:00,48,28,Technology,26500000,,,
peIDxksIfzU,13515798,447443,423,UCvo2tOQ0yDJLFRi7QAt58yA,MostTechy Shorts,2023-06-21 13:58:12+00:00,37,28,Technology,6410000,,,
I4Plata9twc,21132565,305401,262,UC85MIJMcZNnhxx84BZMlJgg,SimpleGhar Telugu,2025-06-18 14:32:28+00:00,50,28,Technology,5800000,,,
Lb4FScsL1Tw,13393787,496059,1004,UCgyvzxg11MtNDfgDQKqlPvQ,AuthenTech - Ben Schmanke,2023-01-26 21:00:07+00:00,41,28,Technology,2630000,,,
cZypFRdPS9M,12261886,220960,7383,UCMiJRAwDNSNzuYeN2uWa0pA,Mrwhosetheboss,2025-04-01 12:33:01+00:00,2306,28,Technology,22200000,,,
AClfhmJYyNc,11994963,217596,7886,UCMiJRAwDNSNzuYeN2uWa0pA,Mrwhosetheboss,2024-07-04 10:38:25+00:00,2394,28,Technology,22200000,,,
GFeNqZg0mrw,11984866,678253,580,UCoL68NLLSUQqEDwMZPvrdEg,TechBurner Shorts,2023-02-26 14:30:05+00:00,47,28,Technology,6390000,,,
oqOqjnmSMfM,13021681,293292,321,UC85MIJMcZNnhxx84BZMlJgg,SimpleGhar Telugu,2024-03-28 15:15:00+00:00,43,28,Technology,5800000,,,
2m_y5d68xMM,11735127,404807,2928,UCBJycsmduvYEL83R_U4JriQ,Marques Brownlee,2023-02-24 20:58:01+00:00,59,28,Technology,20700000,,,
0jHtyF_rCqU,11511005,271879,14287,UCMiJRAwDNSNzuYeN2uWa0pA,Mrwhosetheboss,2025-09-26 00:00:01+00:00,777,28,Technology,22200000,,,
lo4bA4p3MBQ,11225195,217648,6175,UCMiJRAwDNSNzuYeN2uWa0pA,Mrwhosetheboss,2025-09-03 12:14:29+00:00,1268,28,Technology,22200000,,,
s2OccJMWwkM,11201877,211537,5969,UCMiJRAwDNSNzuYeN2uWa0pA,Mrwhosetheboss,2025-10-09 11:17:36+00:00,1366,28,Technology,22200000,,,
HAuVOKZhTqM,11655470,406854,2860,UC0oI44ZUVCqq4meNOOaKPTQ,SpawnPoiint,2023-05-20 15:04:31+00:00,22,28,Technology,1200000,,,
UEUct6vNA3Q,11351936,761093,937,UCp57W-eQjbYUPJuTMEfbf1Q,Counting Unique,2023-01-27 15:56:47+00:00,60,28,Technology,3690000,,,
RhNtlsbjEOw,10832569,395611,6757,UCvpfclapgcuJo0M_x65pfRw,Beebom,2023-03-07 12:37:00+00:00,60,28,Technology,3490000,,,
riqEnleHEGM,10530205,559915,754,UCOTGVctbHD4UJK3R6Evfx9Q,TECH-iELA Shorts,2023-05-20 13:35:40+00:00,59,28,Technology,9950000,,,
NUZ2-FyRijw,12005564,193487,111,UC85MIJMcZNnhxx84BZMlJgg,SimpleGhar Telugu,2024-06-17 13:37:09+00:00,30,28,Technology,5800000,,,
L-kPBcQJ5QA,18276494,0,219,UC8SFy66JbVwPcYhvplWPm1g,Mahadev Tyagi,2025-04-01 05:30:07+00:00,55,28,Technology,609000,,,
e8HVAoW2lUs,10419968,407047,919,UCOTGVctbHD4UJK3R6Evfx9Q,TECH-iELA Shorts,2024-04-05 08:09:45+00:00,59,28,Technology,9950000,,,
y7mBe6BrNtI,17434603,90449,521,UC4QSwuPfLMyL-MTuS5uKerg,Fav Phone,2025-03-12 13:30:44+00:00,18,28,Technology,40700,,,
TitZV6k8zfA,9243813,244465,19548,UCBJycsmduvYEL83R_U4JriQ,Marques Brownlee,2024-04-14 22:41:37+00:00,1504,28,Technology,20700000,,,
jC5U_y7NXek,9743285,434935,2441,UCOTGVctbHD4UJK3R6Evfx9Q,TECH-iELA Shorts,2023-11-15 07:45:09+00:00,37,28,Technology,9950000,,,
u7DNUjMAMSo,10316933,249590,201,UC7ySZBzw3bqY7MTk6irMd0Q,SimpleGhar Malayalam,2024-04-02 13:38:45+00:00,50,28,Technology,2300000,,,
ddTV12hErTc,8938616,243003,21951,UCBJycsmduvYEL83R_U4JriQ,Marques Brownlee,2024-04-30 00:21:20+00:00,1193,28,Technology,20700000,,,
pa8bfKRgsYE,16062538,382244,756,UCMiJRAwDNSNzuYeN2uWa0pA,Mrwhosetheboss,2025-09-19 17:04:16+00:00,56,28,Technology,22200000,,,
mkcgVN90zl0,11024955,548711,5199,UCMiJRAwDNSNzuYeN2uWa0pA,Mrwhosetheboss,2025-02-21 14:57:07+00:00,48,28,Technology,22200000,,,
_xLryfjRJAc,8715947,331491,1139,UCkm0j0CQdElEFtWw7agfOlA,Trakin Shorts,2023-03-02 04:30:08+00:00,55,28,Technology,2830000,,,
TW4tITp7qMI,8716564,613819,919,UCEPL07qzVsOcHd3sMUws65g,Trakin Tech,2023-05-21 05:30:10+00:00,60,28,Technology,15400000,,,
TaY-jRMbNpk,10400086,185006,1054,UCXy9a8QpkHVsvAXXaQavx2g,We Tech,2024-09-29 13:28:57+00:00,16,28,Technology,42100,,,
Ceqabjjgh8o,8215031,453123,1110,UCMiJRAwDNSNzuYeN2uWa0pA,Mrwhosetheboss,2023-03-19 09:46:20+00:00,48,28,Technology,22200000,,,
9J4eS6I5_s0,7920662,160766,5264,UCMiJRAwDNSNzuYeN2uWa0pA,Mrwhosetheboss,2025-05-15 12:48:05+00:00,2185,28,Technology,22200000,,,
MBQBY9b6OAU,7864329,195085,9687,UCMiJRAwDNSNzuYeN2uWa0pA,Mrwhosetheboss,2025-04-14 11:18:58+00:00,2010,28,Technology,22200000,,,
HzH-2vPLvqM,7694552,176859,4709,UCMiJRAwDNSNzuYeN2uWa0pA,Mrwhosetheboss,2025-11-03 14:30:14+00:00,2051,28,Technology,22200000,,,
d_3U5MKqRKw,7497879,167875,3985,UCMiJRAwDNSNzuYeN2uWa0pA,Mrwhosetheboss,2023-03-17 12:43:39+00:00,808,28,Technology,22200000,,,
NYV2U-q4xy8,8105386,165011,712,UC85MIJMcZNnhxx84BZMlJgg,SimpleGhar Telugu,2023-10-03 12:38:36+00:00,35,28,Technology,5800000,,,
37Vdxu6RONU,7861776,443046,575,UCglXlpWjIi95auM3umWWLdw,Tech Master Shorts,2023-09-12 08:25:00+00:00,56,28,Technology,26500000,,,
3musAfDxu2c,7559403,434574,158,UCBbeXVY55K5estTHrKWJ5Yg,Tech FC Shorts,2023-08-17 15:55:18+00:00,42,28,Technology,8360000,,,
beSVGkFvukI,7900674,408701,732,UCglXlpWjIi95auM3umWWLdw,Tech Master Shorts,2024-05-15 14:20:00+00:00,58,28,Technology,26500000,,,
qNKKSujit94,7194349,185312,13754,UCMiJRAwDNSNzuYeN2uWa0pA,Mrwhosetheboss,2025-12-02 01:01:14+00:00,834,28,Technology,22200000,,,
KflMqooMzF8,7173404,169491,5903,UCMiJRAwDNSNzuYeN2uWa0pA,Mrwhosetheboss,2025-10-21 11:55:28+00:00,1629,28,Technology,22200000,,,
NO7aOLUnppQ,7191544,396522,1358,UCvpfclapgcuJo0M_x65pfRw,Beebom,2023-04-25 12:38:00+00:00,47,28,Technology,3490000,,,
xthioLlBtGk,7862477,197682,272,UCvo2tOQ0yDJLFRi7QAt58yA,MostTechy Shorts,2024-11-02 12:25:27+00:00,46,28,Technology,6410000,,,
icuPo-ppsaE,7271859,362329,1528,UCvpfclapgcuJo0M_x65pfRw,Beebom,2023-01-19 12:57:00+00:00,50,28,Technology,3490000,,,
WZFOd8a7NPg,10190918,0,324,UC3g-16u-KCdQAbSqZIK2Pow,Tech With AK,2025-06-08 10:30:17+00:00,31,28,Technology,1880000,,,
o1OeQygoPKI,10443004,315396,1103,UCq30pSBD9tX6d5_xT5aNPoA,Tech Master,2025-09-15 11:30:47+00:00,58,28,Technology,5070000,,,
Jip_dpVb2Go,8155650,214327,528,UCglXlpWjIi95auM3umWWLdw,Tech Master Shorts,2024-10-13 12:40:00+00:00,43,28,Technology,26500000,,,
nLIp4wd0oXs,6676876,160281,4451,UCXuqSBlHAE6Xw-yeJA0Tunw,Linus Tech Tips,2023-04-09 17:11:24+00:00,732,28,Technology,16700000,,,
07OQ1uQ4-do,7956295,346868,657,UCglXlpWjIi95auM3umWWLdw,Tech Master Shorts,2024-02-07 13:00:00+00:00,51,28,Technology,26500000,,,
AvbcuESuVwA,6701261,390642,351,UCBbeXVY55K5estTHrKWJ5Yg,Tech FC Shorts,2023-04-20 14:15:49+00:00,31,28,Technology,8360000,,,
t1FTD-hTKnE,6654936,411338,2020,UCdoDYkupTElV62K7ttA_E4w,TechBar,2023-03-23 14:52:58+00:00,59,28,Technology,5660000,,,
HMX0vrJj5nM,6442329,185273,4485,UCMiJRAwDNSNzuYeN2uWa0pA,Mrwhosetheboss,2023-01-27 15:40:26+00:00,633,28,Technology,22200000,,,
j31dmodZ-5c,6306212,201788,21053,UCBJycsmduvYEL83R_U4JriQ,Marques Brownlee,2025-10-30 01:46:49+00:00,972,28,Technology,20700000,,,
D6jDX4lpOnY,10352956,373678,648,UCdoDYkupTElV62K7ttA_E4w,TechBar,2025-10-09 14:30:08+00:00,49,28,Technology,5660000,,,
gVj39aeDqYc,6320232,230772,1239,UCvpfclapgcuJo0M_x65pfRw,Beebom,2023-06-14 12:51:19+00:00,56,28,Technology,3490000,,,
Yv__tiHDkzU,5937745,136146,150,UCwKz1dvv_ZbZ2uGtbKp-TNQ,RealYouMan,2024-02-26 12:58:06+00:00,27,28,Technology,614000,,,
NDEwYuTL-8s,5658009,386237,366,UCBbeXVY55K5estTHrKWJ5Yg,Tech FC Shorts,2023-05-04 09:34:54+00:00,39,28,Technology,8360000,,,
#NAME?,5710236,173715,500,UC7ySZBzw3bqY7MTk6irMd0Q,SimpleGhar Malayalam,2023-09-09 12:30:00+00:00,36,28,Technology,2300000,,,
WoHS28_WERo,5446652,108905,5165,UCs6EmLAT4lTWwCSJRgbbchQ,TechShot,2025-02-08 12:30:35+00:00,1802,28,Technology,2140000,,,
Ad3HP6iRyUE,5434846,134458,4680,UCMiJRAwDNSNzuYeN2uWa0pA,Mrwhosetheboss,2025-05-28 14:40:48+00:00,1085,28,Technology,22200000,,,
PbB5r2p3Sl4,5587133,342225,3416,UCglXlpWjIi95auM3umWWLdw,Tech Master Shorts,2024-05-25 14:43:01+00:00,51,28,Technology,26500000,,,
hRHQgU5obiQ,5103338,105511,9512,UCs6EmLAT4lTWwCSJRgbbchQ,TechShot,2025-03-18 12:30:43+00:00,2294,28,Technology,2140000,,,
UXRGXct6LzU,5139616,363543,1092,UCrkP7L7oieiejXdQHWLqYIg,Manoj Saru,2023-02-14 06:30:05+00:00,60,28,Technology,9350000,,,
zhZVp1DtjzY,5072756,294645,1102,UCMiJRAwDNSNzuYeN2uWa0pA,Mrwhosetheboss,2023-04-21 14:08:05+00:00,51,28,Technology,22200000,,,
2OifaZXBFOw,5010679,235236,1367,UCvpfclapgcuJo0M_x65pfRw,Beebom,2023-04-08 11:38:00+00:00,42,28,Technology,3490000,,,
VXp9c9FPyUc,5295437,330483,436,UCglXlpWjIi95auM3umWWLdw,Tech Master Shorts,2023-02-09 06:15:02+00:00,60,28,Technology,26500000,,,
6nSOVYgsNrM,4936337,49082,200,UCIwDtUGlxhQcQ38ihxtGD3Q,Tech Guru Kaka,2024-09-03 13:36:58+00:00,28,28,Technology,720000,,,
N11x5t0jE1w,5299366,216939,1270,UCMiJRAwDNSNzuYeN2uWa0pA,Mrwhosetheboss,2024-09-14 09:45:54+00:00,56,28,Technology,22200000,,,
OaadXSqRt9o,4838824,102836,556,UCiWK-hBKsAPriJXFcT4wk5w,Shakeuptech,2024-12-20 12:25:02+00:00,10,28,Technology,243000,,,
UGbiaVyTBE4,4580342,189622,418,UCOTGVctbHD4UJK3R6Evfx9Q,TECH-iELA Shorts,2023-12-19 08:16:18+00:00,52,28,Technology,9950000,,,
oVPWhVgEF0U,5466162,245272,731,UCMiJRAwDNSNzuYeN2uWa0pA,Mrwhosetheboss,2025-01-20 14:37:10+00:00,59,28,Technology,22200000,,,
GE-Y7F2rIpw,4712852,207792,258,UCvo2tOQ0yDJLFRi7QAt58yA,MostTechy Shorts,2023-02-16 15:57:11+00:00,37,28,Technology,6410000,,,
RYzRKyUcSpo,6041732,90060,103,UCt0qYcfttL9sBLg8dydEKSg,Powered Tech,2025-08-04 12:08:26+00:00,59,28,Technology,130000,,,
z9TReZE89aU,6028692,243573,922,UCaqCq8m0So3FMvXyIlDTkGQ,Naatu Tech,2025-01-02 14:06:48+00:00,47,28,Technology,959000,,,
w7iFZIRFXEI,4368140,188670,731,UCOTGVctbHD4UJK3R6Evfx9Q,TECH-iELA Shorts,2024-07-08 09:41:36+00:00,61,28,Technology,9950000,,,
v5lc7UAAats,7412793,254629,3601,UCBJycsmduvYEL83R_U4JriQ,Marques Brownlee,2025-10-24 02:20:38+00:00,72,28,Technology,20700000,,,
MmFLDvOFLW0,4165538,119428,5651,UCMiJRAwDNSNzuYeN2uWa0pA,Mrwhosetheboss,2025-08-07 17:00:26+00:00,762,28,Technology,22200000,,,
LyFgZiYfl_M,4146694,84601,3191,UCs6EmLAT4lTWwCSJRgbbchQ,TechShot,2025-02-16 11:30:12+00:00,1451,28,Technology,2140000,,,
PlU-W15AlY0,4106649,98136,2403,UCs6EmLAT4lTWwCSJRgbbchQ,TechShot,2025-01-18 06:30:17+00:00,1601,28,Technology,2140000,,,
VDYdqAgkORs,4148553,223922,2187,UCOTGVctbHD4UJK3R6Evfx9Q,TECH-iELA Shorts,2024-02-17 08:35:44+00:00,50,28,Technology,9950000,,,
iiOi4rD83kM,4007139,124751,4312,UCMiJRAwDNSNzuYeN2uWa0pA,Mrwhosetheboss,2026-01-09 12:13:25+00:00,1142,28,Technology,22200000,,,
tYUC_Ni3lb4,3916719,106662,4428,UCBJycsmduvYEL83R_U4JriQ,Marques Brownlee,2024-07-19 00:56:54+00:00,675,28,Technology,20700000,,,
LKsfYIXb2Fs,3954786,131529,772,UCvpfclapgcuJo0M_x65pfRw,Beebom,2023-11-17 12:38:00+00:00,38,28,Technology,3490000,,,
7uFrtqSwYzM,6693736,97083,3053,UCxqG_E-68WAE0TWYfIopv6Q,Digifix,2024-12-22 16:49:00+00:00,16,28,Technology,139000,,,
YSoytH9WZNw,3836922,281847,4056,UCkm0j0CQdElEFtWw7agfOlA,Trakin Shorts,2024-12-06 05:30:10+00:00,59,28,Technology,2830000,,,
YEZfHazfkWo,8219404,73699,162,UCMGU89_ugeQpPPEkN_f0_iQ,MK TECH & GAMING,2025-08-06 15:27:34+00:00,12,28,Technology,161000,,,
0ld0f3JypMk,3742801,103096,157,UC85MIJMcZNnhxx84BZMlJgg,SimpleGhar Telugu,2024-01-25 12:32:26+00:00,39,28,Technology,5800000,,,
JtI4KOHmxZo,3926493,310199,316,UCglXlpWjIi95auM3umWWLdw,Tech Master Shorts,2023-07-29 07:30:06+00:00,52,28,Technology,26500000,,,
ZvOeDduRP-w,5106696,199951,593,UCdoDYkupTElV62K7ttA_E4w,TechBar,2025-05-16 07:57:39+00:00,74,28,Technology,5660000,,,
YeBn65cninc,3800476,110942,419,UCKk9JCBLDy6bOp5cUAQYrUQ,Sillycorns,2024-09-22 06:33:46+00:00,24,28,Technology,641000,,,
GZPDH7V6XYQ,4056367,227968,303,UCglXlpWjIi95auM3umWWLdw,Tech Master Shorts,2024-05-23 14:17:00+00:00,56,28,Technology,26500000,,,
F1kogMBS6LE,3890893,177124,416,UCdp6GUwjKscp5ST4M4WgIpw,TechWiser,2025-03-15 12:00:18+00:00,54,28,Technology,2470000,,,
1Q2KnNdxEiE,3349977,146410,2381,UCOTGVctbHD4UJK3R6Evfx9Q,TECH-iELA Shorts,2023-12-02 08:40:16+00:00,34,28,Technology,9950000,,,
E5ZU41F3n00,5596840,205928,703,UCMiJRAwDNSNzuYeN2uWa0pA,Mrwhosetheboss,2025-08-12 10:59:18+00:00,59,28,Technology,22200000,,,
2-Q2DY01huY,3197460,69124,52,UCwKz1dvv_ZbZ2uGtbKp-TNQ,RealYouMan,2024-09-24 07:24:41+00:00,19,28,Technology,614000,,,
AI-B1VAFQaE,3173538,180828,208,UCvo2tOQ0yDJLFRi7QAt58yA,MostTechy Shorts,2023-05-23 14:53:45+00:00,37,28,Technology,6410000,,,
GwfmiQCwJcw,6903765,31193,111,UChNDZkwOHEYwm5uVycADEdQ,ANI TECH,2025-08-13 13:02:57+00:00,9,28,Technology,121000,,,
FM_nepotbw4,2891230,73555,1592,UCXUJJNoP1QupwsYIWFXmsZg,Tech Burner,2024-05-06 16:35:49+00:00,756,28,Technology,12500000,,,
c0NkO-MayB0,2948392,175068,287,UCe_-TsRz3GH8UVjN0ApzXJQ,Tech Shan Tamil,2023-12-25 05:05:00+00:00,60,28,Technology,933000,,,
s4ET7Vn3nz4,2665138,26749,1908,UCCsREoj8rSRkEvxWqxr74rQ,Cybernews,2025-01-13 17:01:03+00:00,1886,28,Technology,828000,,,
Jh22Sb8Llek,2743420,141264,689,UCdp6GUwjKscp5ST4M4WgIpw,TechWiser,2023-06-17 07:09:01+00:00,50,28,Technology,2470000,,,
VUPkMyi8slg,2580473,112353,593,UCvpfclapgcuJo0M_x65pfRw,Beebom,2023-02-27 12:40:40+00:00,43,28,Technology,3490000,,,
TqkhQi9Vly4,2432111,150375,555,UCp57W-eQjbYUPJuTMEfbf1Q,Counting Unique,2023-01-31 13:09:47+00:00,60,28,Technology,3690000,,,
8QZmnW9CobA,2350251,16653,548,UCcq8pko7KqkgYeXMM_SGFNA,TechJoint,2024-05-21 17:30:00+00:00,2716,28,Technology,1050000,,,
RmDWDZXXXD8,2419556,111123,105,UCBbeXVY55K5estTHrKWJ5Yg,Tech FC Shorts,2024-09-08 06:26:26+00:00,44,28,Technology,8360000,,,
3ynWoTY9HtM,3199025,132235,386,UC_B36fUbxBshYSIDU3JNjMQ,Jorge Powell,2025-09-22 22:19:13+00:00,55,28,Technology,115000,,,
9CwWc90F1Ok,193196468,0,2580,UCg_2rtTN4Mk0xQiSUg4VnAg,Tootal Gaming 69,2023-03-18 12:58:00+00:00,16,20,Gaming,621000,,,
L7fR6_LUkeA,160412181,0,1043,UCg_2rtTN4Mk0xQiSUg4VnAg,Tootal Gaming 69,2023-03-15 13:37:00+00:00,22,20,Gaming,621000,,,
bouHyIsaSaM,87571665,996112,995,UCdgz77j3OPRW69LOFbhtqig,Falcan Gamer,2023-03-26 12:08:50+00:00,45,20,Gaming,1250000,,,
2-67twDuY-Q,77582616,2331702,30133,UCsIiIEGRoBILi8LSkWNPqXA,Danucd,2023-12-02 11:27:43+00:00,27,20,Gaming,719000,,,
mJVM9DQc72M,75180605,0,3411,UC_mDb4byCc6hg8-6nuCiG2A,kar98 Army,2023-10-14 08:18:50+00:00,60,20,Gaming,11200000,,,
XdO8rilllEY,56304563,3005165,8064,UCWBWgCD4oAqT3hUeq40SCUw,Sambucha,2023-03-04 18:15:01+00:00,57,20,Gaming,11200000,,,
ly7QhOGGp4g,42353297,1593770,91050,UCX8pnu3DYUnx8qy8V_c6oHg,Techno Gamerz,2024-07-14 03:30:18+00:00,6049,20,Gaming,49400000,,,
5-WDK8p4Chg,38429971,1428005,107758,UCX8pnu3DYUnx8qy8V_c6oHg,Techno Gamerz,2024-07-27 05:52:21+00:00,4404,20,Gaming,49400000,,,
435hwMK37HU,105233437,895771,156,UCI6US3HjpD_KsYtC-Dbig6g,The iPad Gamer,2023-03-08 04:30:02+00:00,26,20,Gaming,733000,,,
TBqSBMO7WNo,38857724,372674,343,UC0hWgcc02QfOJiSZ24c4uKQ,Oddman Games,2023-07-13 04:00:09+00:00,21,20,Gaming,3110000,,,
2_Ur5IjW_c8,36677320,176677,16907,UCC-RHF_77zQdKcA75hr5oTQ,FGTeeV,2023-02-17 23:07:32+00:00,1948,20,Gaming,25100000,,,
0eDxK64eeA0,38251800,633900,1273,UChRC_1EovxI0_fRj4w_Zkbw,Neetu Gaming,2024-09-07 07:06:07+00:00,58,20,Gaming,1170000,,,
PvpWKeizo6Y,66192034,1813713,2575,UCICiZl0IRinmgAG3cB3psbQ,Aspecticor,2025-06-24 17:45:02+00:00,43,20,Gaming,119000,,,
PrVaQhZvJbk,66766104,336832,313,UC-JwyWIKm4ps-c3O54nhc8A,Game Ads,2025-07-02 15:00:47+00:00,35,20,Gaming,782000,,,
EcfkrHWI-Zw,39925470,790235,499,UCWidOEVFcPZLC6DG8cKbYFA,MjB,2024-12-24 18:30:13+00:00,25,20,Gaming,81100,,,
tkC7oAbL-uM,30757290,1104656,32715,UCX8pnu3DYUnx8qy8V_c6oHg,Techno Gamerz,2025-01-02 03:30:32+00:00,4656,20,Gaming,49400000,,,
DIR6487etPk,34330744,1090909,1352,UCsgZTV65W5UdodSm_ufJzmA,CandyKola,2024-09-21 02:22:54+00:00,15,20,Gaming,20000,,,
pZti7Cin0Xk,32674279,906074,976,UCvrH4p4804i119JtUjtNpZQ,Pyare Gamer S,2024-08-03 08:15:34+00:00,21,20,Gaming,4320000,,,
H_GfGJ6V4AI,60094432,761550,172,UC3OOIib8F59y4qzSjKiZZ3A,Cat Games,2023-03-12 11:54:07+00:00,37,20,Gaming,642000,,,
zp0AlVoCa4k,29689039,1447130,4566,UC5c9VlYTSvBSCaoMu_GI6gQ,Total Gaming,2023-11-08 11:15:06+00:00,41,20,Gaming,45300000,,,
7khR01N-Svw,36681041,672864,1079,UCOduZSxYlUt-rOVSt49dKfQ,CrashWizards,2024-11-20 02:50:00+00:00,12,20,Gaming,860000,,,
_rrea0Lp2vY,39211475,1148967,2735,UCHudxWzwLDAr06TWFmrP7hQ,Johnny and Marty,2025-01-17 21:19:45+00:00,49,20,Gaming,9430000,,,
gKQAmBD1xJI,42863920,1352009,8421,UCD5EC8IWhOFalXtePCkhJTA,Tonde Gamer,2023-05-30 08:30:11+00:00,10,20,Gaming,18800000,,,
ZRhJT2nmvA4,26820039,491984,24074,UC-2Y8dQb0S6DtpxNgAKoJKA,PlayStation,2023-05-24 21:13:53+00:00,652,20,Gaming,16700000,,,
BtGRxGZYiQQ,48562105,774237,3989,UCM9foSVGRXA0I9CrozZnuWg,KP Gaming,2025-02-24 18:30:15+00:00,25,20,Gaming,26100,,,
4fooLuW6hhM,28114193,1171593,3738,UCx9hA6dUZxG9TCo9Oy3eoBQ,Mr NoTty,2024-07-22 14:26:32+00:00,17,20,Gaming,246000,,,
nwZeR_NGatA,25872801,881005,31622,UCX8pnu3DYUnx8qy8V_c6oHg,Techno Gamerz,2025-03-08 03:30:23+00:00,2897,20,Gaming,49400000,,,
xLXiYgP03e0,23047460,1003265,51073,UCX8pnu3DYUnx8qy8V_c6oHg,Techno Gamerz,2025-09-01 03:30:42+00:00,4000,20,Gaming,49400000,,,
5VEwOBQJGaM,23039288,1278260,454786,UCX8pnu3DYUnx8qy8V_c6oHg,Techno Gamerz,2025-10-12 03:30:09+00:00,2829,20,Gaming,49400000,,,
U_cSOHCQj6A,24214149,1191370,4354,UCWBWgCD4oAqT3hUeq40SCUw,Sambucha,2023-07-06 17:15:00+00:00,53,20,Gaming,11200000,,,
fIH6R3dQqeg,22393451,54475,848,UC9SuNJqpeS_XaDPFyDSOs5g,Games Wave ,2025-04-09 11:30:33+00:00,598,20,Gaming,290000,,,
CpOKubFfZ-w,22170011,1101661,92432,UCX8pnu3DYUnx8qy8V_c6oHg,Techno Gamerz,2025-09-13 09:04:56+00:00,4244,20,Gaming,49400000,,,
96vmUgqYQDQ,34921017,528298,2039,UCgHoVERCFKlbzyvvR3ZB2uw,REMIX GAMING ,2024-11-15 14:20:16+00:00,15,20,Gaming,339000,,,
lU1MGlx7w40,23715653,886980,2087,UC926Y_Okh4Vpse7r5nCzacw,WOLTA GAMING HUB,2024-06-27 11:42:57+00:00,14,20,Gaming,94300,,,
C3laK5xTrTY,20976550,472097,15168,UCX8pnu3DYUnx8qy8V_c6oHg,Techno Gamerz,2024-01-19 03:30:03+00:00,1504,20,Gaming,49400000,,,
41jekFsVcrk,49686030,520017,5128,UCAJSPr4NmFaVXMn-BcM-bjw,FF Max GamePlay,2025-02-13 12:51:07+00:00,10,20,Gaming,130000,,,
dRZ1m1LnGXg,21424324,750526,3252,UCvrH4p4804i119JtUjtNpZQ,Pyare Gamer S,2024-04-24 12:40:17+00:00,20,20,Gaming,4320000,,,
afMxFRf6_rk,37195474,748181,2665,UC9eqyL9HKBqBVYNnXlVvYWA,LightskinNightmare,2025-03-31 17:37:10+00:00,43,20,Gaming,306000,,,
GEt73weKXBo,43070300,273738,127,UCl8lE_cb26okxr7XdhW9z4Q,SSV Gameplay,2025-09-08 02:28:24+00:00,34,20,Gaming,248000,,,
7w5yqPGz5S8,18703642,1261397,451300,UCX8pnu3DYUnx8qy8V_c6oHg,Techno Gamerz,2025-09-20 03:30:09+00:00,2733,20,Gaming,49400000,,,
dOBbQmJMAZY,17904527,634774,56972,UCX8pnu3DYUnx8qy8V_c6oHg,Techno Gamerz,2024-06-30 03:30:15+00:00,2624,20,Gaming,49400000,,,
5nKpApXuM1g,17856802,88556,1749,UCRU9vwwARx8jEACqNpi_KFA,Champs Network,2023-05-31 16:00:04+00:00,2604,20,Gaming,656000,,,
MhhtEijCPgE,19215535,0,66,UCfVbPttc-Q-zlpLBOaZZ9Jw,Solo Dare King FF,2025-02-04 04:57:58+00:00,30,20,Gaming,574000,,,
HKtA8haQIH8,18988155,702335,869,UCvrH4p4804i119JtUjtNpZQ,Pyare Gamer S,2024-04-09 05:20:31+00:00,13,20,Gaming,4320000,,,
ubj4qsvxRo0,16286860,935124,178446,UC5c9VlYTSvBSCaoMu_GI6gQ,Total Gaming,2024-07-06 04:00:12+00:00,991,20,Gaming,45300000,,,
2R3XgIWD1wA,18372295,291611,459,UCvrH4p4804i119JtUjtNpZQ,Pyare Gamer S,2024-10-16 05:53:31+00:00,11,20,Gaming,4320000,,,
ZIwzRBcwnUk,14573823,802415,71488,UCX8pnu3DYUnx8qy8V_c6oHg,Techno Gamerz,2026-01-04 13:01:07+00:00,2835,20,Gaming,49400000,,,
ZBHUmtNBHs8,14227715,326351,14191,UCX8pnu3DYUnx8qy8V_c6oHg,Techno Gamerz,2025-01-28 09:44:51+00:00,3026,20,Gaming,49400000,,,
NMG-iIzKFWg,13942589,242537,16738,UCX8pnu3DYUnx8qy8V_c6oHg,Techno Gamerz,2025-02-04 03:30:15+00:00,3995,20,Gaming,49400000,,,
ROeKJDOzzj4,13869652,512244,39917,UCX8pnu3DYUnx8qy8V_c6oHg,Techno Gamerz,2024-04-04 03:51:14+00:00,3096,20,Gaming,49400000,,,
W_RDir4p-kY,13646323,333241,14910,UC5c9VlYTSvBSCaoMu_GI6gQ,Total Gaming,2024-06-14 03:30:23+00:00,1612,20,Gaming,45300000,,,
WakT2prdCL0,13627040,489644,23116,UCiYcA0gJzg855iSKMrX3oHg,CoryxKenshin,2025-10-19 20:05:30+00:00,2598,20,Gaming,23900000,,,
fYD3tq09xtA,29291086,519190,7080,UCWRmZvwkp6oNca2wW3uFcFg,SATVIK,2025-05-19 12:30:58+00:00,18,20,Gaming,12000000,,,
N-281doWID8,20837285,0,1534,UCXYLDc25DjGNlCEAnM1zQXA,Vinewood Gamerz,2024-10-29 13:47:33+00:00,13,20,Gaming,334000,,,
9E8ZOWTGyR0,26153460,184113,646,UCxfm6syLAmYDaLavp_VuzEw,Kaitiac,2025-03-13 18:00:08+00:00,22,20,Gaming,76900,,,
y6vWl-8_0QI,12691199,45720,1178,UCRU9vwwARx8jEACqNpi_KFA,Champs Network,2023-10-19 15:15:03+00:00,1102,20,Gaming,656000,,,
9paFQVSfpQY,17458929,138974,1697,UCP97C5wBZDJSr2PPYJtz6pA,SROW PLAYS,2024-07-09 14:03:27+00:00,11,20,Gaming,12700,,,
3g5oystOAP4,53623579,853343,582,UCNbVwAtPeovynhjQT62btfQ,iDrive Gaming Shorts,2024-02-22 05:28:34+00:00,25,20,Gaming,317000,,,
oZ-H3_XMI6M,14321540,438927,12528,UCx6F-rETGiz7xf_vkMmX2yQ,Mythpat,2025-01-14 12:20:01+00:00,56,20,Gaming,16900000,,,
U2xyuoMsFX4,12159560,665433,162865,UC5c9VlYTSvBSCaoMu_GI6gQ,Total Gaming,2024-08-09 03:30:18+00:00,982,20,Gaming,45300000,,,
Mmes4fBP89c,21338893,133439,78,UC-JwyWIKm4ps-c3O54nhc8A,Game Ads,2025-07-26 06:00:25+00:00,49,20,Gaming,782000,,,
3ssEw6e_cD0,19970549,349694,10463,UCj4hfQEWcGtF08SLEZCZc5Q,Vindooly,2025-05-12 18:15:01+00:00,56,20,Gaming,9100000,,,
fVbq9ORMlww,11266063,316867,50389,UCX8pnu3DYUnx8qy8V_c6oHg,Techno Gamerz,2024-05-12 10:30:13+00:00,2132,20,Gaming,49400000,,,
plMbhChlgDg,11240381,661979,50757,UCX8pnu3DYUnx8qy8V_c6oHg,Techno Gamerz,2024-03-18 03:30:17+00:00,3014,20,Gaming,49400000,,,
w-ZFgHL0Eos,10933605,337080,46492,UCX8pnu3DYUnx8qy8V_c6oHg,Techno Gamerz,2024-04-25 03:30:22+00:00,2356,20,Gaming,49400000,,,
IbYAjIWtbgU,12064315,492731,1969,UCsqpKRRGry5onIPCFKPCbmw,ONESHOT INDIA,2024-06-28 06:30:04+00:00,41,20,Gaming,1750000,,,
9fcOxNS3chI,10844764,381989,35622,UCX8pnu3DYUnx8qy8V_c6oHg,Techno Gamerz,2024-03-20 03:30:03+00:00,2617,20,Gaming,49400000,,,
7peQqK4CgPk,13634118,287895,1754,UCMrvxKTx9hLhZcOvJkYOnAw,AS Gaming,2024-10-28 06:48:42+00:00,61,20,Gaming,20800000,,,
iG9lHwyohws,10795758,230361,9221,UCl_vAxZpvbO-PFXdDu7EdHw,Ujjwal,2024-04-28 03:30:14+00:00,1976,20,Gaming,12100000,,,
ua43R9v7FiQ,11592261,581496,1394,UCV6mNrW8CrmWtcxWfQXy11g,DarkViperAU,2023-05-07 14:27:11+00:00,30,20,Gaming,2140000,,,
aE0NmQWzgyo,23456753,199954,1999,UC0I0Vk2VKD54NgBVyM49hhQ,HARAMI LIVE,2025-03-27 00:32:00+00:00,11,20,Gaming,134000,,,
RUpZzq_KFww,10277580,348973,32680,UCX8pnu3DYUnx8qy8V_c6oHg,Techno Gamerz,2024-04-23 03:30:14+00:00,2574,20,Gaming,49400000,,,
FjyHwu-7ehc,14724214,203241,994,UCM-QoqVs4QRg0dtcJdvWfiQ,Psycho Bhai,2025-03-10 17:56:57+00:00,35,20,Gaming,30400,,,
htCLVGDNdZU,9692887,247874,18178,UCX8pnu3DYUnx8qy8V_c6oHg,Techno Gamerz,2025-11-17 03:30:37+00:00,3058,20,Gaming,49400000,,,
BrR9xvFQ_B8,9557165,279848,25495,UC5c9VlYTSvBSCaoMu_GI6gQ,Total Gaming,2024-06-01 03:30:12+00:00,2158,20,Gaming,45300000,,,
8ULB1xKBUD4,17111577,300400,3328,UCwMauD7qRqr_ZXUTqRGHOjg,Kill2Head,2025-03-27 13:29:10+00:00,25,20,Gaming,4990000,,,
LbBkxPTecM4,9382171,11819,0,UCJBx6PI2A6bR41Dr9jbqEVA,Gadi Wala Gaming,2025-06-28 03:15:06+00:00,32,20,Gaming,449000,,,
ipL75_qUxjo,9294357,60888,1545,UCVIwPfHVG4A38LwPpsvRGKw,Dk Dost,2023-01-17 07:09:49+00:00,806,20,Gaming,3460000,,,
5Zh0YtXV2ZA,9185263,29593,0,UCDFuoqC25syRmZzJH51nhyA,Chill Stick,2025-10-12 17:02:54+00:00,0,20,Gaming,190000,,,
GN6EbswGrU8,9954422,816154,1308,UChXi_PlJkRMPYFQBOJ3MpxA,Gyan Gamingㅤ,2023-12-02 08:31:00+00:00,59,20,Gaming,18700000,,,
cs1dRDkYJDY,9334267,582623,4161,UCU0Kv4-V7TuMaGA6F3HkPYQ,Laka Gaming,2024-02-03 07:30:15+00:00,19,20,Gaming,11000000,,,
2NLg-ayFR6I,8755069,268296,26964,UCX8pnu3DYUnx8qy8V_c6oHg,Techno Gamerz,2025-10-17 10:58:15+00:00,1785,20,Gaming,49400000,,,
6kMu1A0X-sU,13832423,0,326,UCmU_ZMoWmPyeFVPD6MgA3TQ,VSV GAMING 2.0,2025-05-20 03:41:01+00:00,22,20,Gaming,502000,,,
T4DFKOlrXCQ,8677724,105560,4573,UC1bwliGvJogr7cWK0nT2Eag,MKIceAndFire,2024-08-22 11:48:44+00:00,66245,20,Gaming,4540000,,,
kmvLVwHq8rg,15457622,267440,5819,UCVTYHYYHeBWmdO6mxODe2Hw,AldiMods,2025-10-16 10:46:30+00:00,34,20,Gaming,211000,,,
0bXtQhO9Z-w,17516620,0,581,UCm9IOY980e2LUdDDclv67UQ,SOLO GAMER,2024-08-30 02:39:20+00:00,11,20,Gaming,69000,,,
1Pc4OmVtLms,12205607,400574,970,UCD5EC8IWhOFalXtePCkhJTA,Tonde Gamer,2024-08-09 08:30:01+00:00,12,20,Gaming,18800000,,,
LMwJLkgvMUY,14321398,269444,726,UCDN0giKb1CGDLjaHrb6CKvg,CrypticGaming,2025-08-25 06:53:38+00:00,34,20,Gaming,18200,,,
RSSISbBlLuQ,8138458,303307,26545,UCX8pnu3DYUnx8qy8V_c6oHg,Techno Gamerz,2024-12-10 03:30:15+00:00,2858,20,Gaming,49400000,,,
-0ThBN1gcCY,11729966,442275,607,UCBm4JrpZLYaH2mgvoz6VARg,Game Club,2023-05-27 20:01:31+00:00,5,20,Gaming,68200,,,
0CQtXmbncwc,14973115,95766,31,UCK-SEXWjtrZ4rrRpD38y-YQ,Asim Gaming,2025-10-27 11:13:58+00:00,45,20,Gaming,91300,,,
uACgLf9nFp8,7789042,246862,21410,UC5c9VlYTSvBSCaoMu_GI6gQ,Total Gaming,2024-06-23 03:30:22+00:00,1901,20,Gaming,45300000,,,
eenfqMZ4kuI,7719549,476980,7607,UCwVJr6R-2Hbezs5Ur4zmcLw,Fresh Spawns,2023-02-01 17:44:45+00:00,54,20,Gaming,722000,,,
mhQahZFuzAk,8568786,573581,1387,UCD5EC8IWhOFalXtePCkhJTA,Tonde Gamer,2023-11-14 08:30:10+00:00,16,20,Gaming,18800000,,,
8iZ8XOUybIc,7582090,478732,92775,UC5c9VlYTSvBSCaoMu_GI6gQ,Total Gaming,2025-05-03 04:00:09+00:00,993,20,Gaming,45300000,,,
iXZaV8HgOy4,7393303,25682,557,UCudL8o8KJGjJCJlS6Lf9bgg,Nintendo Games,2023-10-17 21:00:06+00:00,385,20,Gaming,189000,,,
jM2M-Vvmhy8,7392748,277948,17413,UCX8pnu3DYUnx8qy8V_c6oHg,Techno Gamerz,2025-06-21 03:30:37+00:00,2795,20,Gaming,49400000,,,
H_ma_BgCsCI,6764799,53704,1640,UCFQ8nti0-hKFzBN1w4dFe-Q,VedpooL2,2024-12-15 14:00:23+00:00,1152,20,Gaming,82500,,,
ttw-_8sAWOQ,7683665,437096,3775,UCwWMfAhDic8h4SYg5hhQfaA,Danu,2024-06-15 21:42:33+00:00,51,20,Gaming,31400,,,
wSrXafQhNAQ,6696300,349840,55435,UC5c9VlYTSvBSCaoMu_GI6gQ,Total Gaming,2024-05-28 03:30:11+00:00,2330,20,Gaming,45300000,,,
_i0r4-wM7mw,7581875,139799,1870,UChRC_1EovxI0_fRj4w_Zkbw,Neetu Gaming,2024-09-06 06:30:21+00:00,38,20,Gaming,1170000,,,
fHI_-Q0BtrM,16900655,0,157,UCFURIBpF9ii6Ck9FaL7l5hQ,Gaming Brother Pro,2024-10-12 12:30:34+00:00,14,20,Gaming,391000,,,
fzxpEC8kBwg,6549380,385380,997,UCV6mNrW8CrmWtcxWfQXy11g,DarkViperAU,2023-04-29 13:04:56+00:00,24,20,Gaming,2140000,,,
oNPpYskfL-Y,8591193,78891,295,UCjluHB3ZlXT3ofYmhPAVT6w,Gaming discovery,2024-09-16 04:44:22+00:00,11,20,Gaming,92100,,,
ETMdO0y7eIA,13129013,64156,139,UChRC_1EovxI0_fRj4w_Zkbw,Neetu Gaming,2025-09-23 14:30:30+00:00,21,20,Gaming,1170000,,,
yFmizY7pe7U,6137351,209494,9127,UC7_YxT-KID8kRbqZo7MyscQ,Markiplier,2025-10-08 19:59:55+00:00,3820,20,Gaming,38100000,,,
WlwDqJAfIT4,6075631,192667,9197,UCX8pnu3DYUnx8qy8V_c6oHg,Techno Gamerz,2025-07-24 03:30:20+00:00,2574,20,Gaming,49400000,,,
LH9osuLmqLc,6017195,78732,10043,UCX1sraLIy6wS2R-SMcdoakg,ENFANT TERRIBLE,2025-09-03 20:23:59+00:00,1986,20,Gaming,472000,,,
_nzsWawSv6k,5974973,267014,3039,UChXi_PlJkRMPYFQBOJ3MpxA,Gyan Gamingㅤ,2023-08-25 02:00:12+00:00,867,20,Gaming,18700000,,,
dp3DXZi5J_E,7959184,276550,5416,UCM9foSVGRXA0I9CrozZnuWg,KP Gaming,2025-10-07 13:30:39+00:00,58,20,Gaming,26100,,,
GOyl2vcuBmg,5687393,60075,3202,UC7iLnwfWTSxpw2uC_2xLHcg,Sokher Gamer,2024-02-14 04:31:00+00:00,1431,20,Gaming,2380000,,,
KlCzROTAos4,5705895,52404,1076,UCxeGDA6ryJktEsCbMSeGpIA,NoAnnoyingCommentary,2023-11-28 12:30:11+00:00,1437,20,Gaming,492000,,,
xNBtCB6NvrA,9269028,116494,376,UClCe18fwE4Gtr7vgqka1Zlg,Live Engineer,2025-06-26 07:50:01+00:00,61,20,Gaming,5890000,,,
pwZyuSiUDGg,5521114,18323,206,UC5rVMF6ZTlMBeeXBdC9xTXQ,DANGER OP,2025-02-22 10:43:36+00:00,13123,20,Gaming,464000,,,
CY4w9i1HOOs,5707692,349222,6052,UCr1kbyiJzl-x5YYDxhYJuPw,MoreCaseOh,2024-08-03 04:00:08+00:00,19,20,Gaming,2270000,,,
8kIUR-TA33Y,5493142,411382,17339,UCWBWgCD4oAqT3hUeq40SCUw,Sambucha,2023-05-06 19:15:00+00:00,49,20,Gaming,11200000,,,
3FTQg5dI6nU,5428484,48536,3914,UC7iLnwfWTSxpw2uC_2xLHcg,Sokher Gamer,2025-03-15 04:31:00+00:00,1312,20,Gaming,2380000,,,
qsqwn2ZvpL4,5438757,340537,5180,UC6dI8msF1_I9HuDSvMtk_nQ,Akshon,2023-01-11 23:23:08+00:00,60,20,Gaming,367000,,,
qygq4tr6wZ0,10258846,46414,126,UCelNjg9B34-NtTqwv44VcVA,mikan Gameplay,2025-03-19 15:01:19+00:00,13,20,Gaming,31800,,,
_hduLazjQ6Q,5303347,74554,3043,UC63anZxfVGHUEmfBAf5w7pw,CaseOh,2025-02-26 23:00:35+00:00,6057,20,Gaming,9570000,,,
YPrfNgdZ0tU,5247693,319281,67589,UC5c9VlYTSvBSCaoMu_GI6gQ,Total Gaming,2025-03-09 04:00:22+00:00,941,20,Gaming,45300000,,,
F9zosNF1WIA,5116948,47596,1673,UCAvRtPIFFbnfLHswfRS6zhQ,GameV,2024-03-05 15:43:25+00:00,2308,20,Gaming,283000,,,
Tx2bxCejhPg,5121887,10877,182,UCOPjIrHj6d-cvElE-jZXQiQ,DAR GamePlay,2023-12-31 11:00:31+00:00,1427,20,Gaming,22300,,,
jg8cVYB_wJw,4866137,28341,3814,UC7iLnwfWTSxpw2uC_2xLHcg,Sokher Gamer,2025-09-27 04:31:00+00:00,1176,20,Gaming,2380000,,,
vNyiTmtJqL4,4832444,24675,421,UCQ-_vceha5CNvQtcqopT_1g,Dieison Games,2023-10-20 16:59:42+00:00,819,20,Gaming,174000,,,
UY6iQf1vc7U,6200138,81164,290,UChRC_1EovxI0_fRj4w_Zkbw,Neetu Gaming,2024-10-29 04:35:13+00:00,35,20,Gaming,1170000,,,
J5e8MbjMZO4,4718910,96237,2108,UCD5EC8IWhOFalXtePCkhJTA,Tonde Gamer,2023-12-13 13:45:01+00:00,892,20,Gaming,18800000,,,
56C3Gx86mYU,5310857,78523,140,UCGHIKLb1sXI3pA6yS3yjcpg,True entertainer,2024-04-20 13:36:17+00:00,42,20,Gaming,1210000,,,
Dk7jhLF_WRw,9615875,312935,1459,UCfN4tO2Rmk2nuAkL9JLtXVw,RTeX,2025-09-04 19:19:10+00:00,21,20,Gaming,66200,,,
8GT6j-9KTfY,10579925,0,0,UC8rcUIIf-T_TQ1r9-F8E-EA,Hassni Gaming 10 two ,2024-08-22 15:00:08+00:00,11,20,Gaming,39900,,,
cgM6poO2JmY,4341004,191725,14931,UC-2Y8dQb0S6DtpxNgAKoJKA,PlayStation,2025-07-10 21:00:11+00:00,1153,20,Gaming,16700000,,,
mV2Rj98vpgg,6323080,50320,162,UCCli4MX2yYlCY3yXl6jcxYw,Mahin Gamerz ,2024-10-23 14:26:16+00:00,37,20,Gaming,73700,,,
nTN-9SVz958,4323738,143408,10209,UCHciekxM6H6F3OTPrHs6B5g,NotGamerFleet,2024-06-02 05:30:21+00:00,4430,20,Gaming,4210000,,,
lXHzOmOLDn0,5129097,273103,505,UCmWuTGgH0ePB33biS1OA-BQ,Modest Pelican,2024-11-10 16:22:37+00:00,18,20,Gaming,2400000,,,
H3OH8gUYTZ0,4278154,113028,7083,UCFwKgzKe-EdTz83r6wzhmOw,Live Insaan,2024-05-27 08:15:02+00:00,3924,20,Gaming,14400000,,,
a7T4pj1TLOA,4168907,24610,469,UC9VR9puv9jE_pczcAMsuFgA,AJR Gaming,2024-06-20 17:59:49+00:00,1533,20,Gaming,57000,,,
HoJaiQtVZsg,4138240,183079,10478,UC5c9VlYTSvBSCaoMu_GI6gQ,Total Gaming,2025-06-15 04:00:29+00:00,1648,20,Gaming,45300000,,,
PqvD4R73LWw,10284349,36633,86,UCysqPMuwN5fWnx_KSJAoUhg,PRAVEEN PALRIYA ,2025-05-04 15:24:24+00:00,9,20,Gaming,139000,,,
3BFV0JnKpnk,7599851,34145,22,UCFaLNkMForu6uMEMtE5hz-w,TieuPhongCuoi,2025-06-16 11:36:07+00:00,31,20,Gaming,1210000,,,
XuRniVMLgBw,5571662,156070,0,UCSZ5daJft7LuWzSyjdp_8HA,Zuuks Games,2023-06-05 06:43:29+00:00,15,20,Gaming,9570000,,,
n0VI0LHUaIY,4430776,174912,1812,UCNbo2JZ0EYt7eMffi4qpF2A,Benjamin_Winters,2024-04-11 18:07:00+00:00,37,20,Gaming,136000,,,
VUBK49mpIhg,8226652,106433,1087,UC220HoPGiYkokMPXKSYwnOA,Thai Devil Gamer,2025-04-23 11:00:51+00:00,15,20,Gaming,439000,,,
L69mrM3pscA,9869749,79972,72,UC9jI-eNP3a3zZtKH-hY2uTA,Girl Techno Gamerz,2025-02-14 09:48:26+00:00,15,20,Gaming,952000,,,
ILAedrDfmR4,10377281,40812,753,UCPSr--H6LVeyQvaD6tEYVlA,JoyStick Juniors,2025-06-17 16:25:31+00:00,11,20,Gaming,118000,,,
XurjHSPn3G8,3702654,0,405,UC2mSVmNlBvp4_l20Atfn--w,NextGenPlayz,2025-03-08 11:47:39+00:00,1777,20,Gaming,61100,,,
O3zmfntbSr8,3642053,52134,1847,UCpqXJOEqGS-TCnazcHCo0rA,theRadBrad,2025-03-23 20:00:11+00:00,6428,20,Gaming,13900000,,,
iB2vyF2Cj2I,5181580,134596,566,UC220HoPGiYkokMPXKSYwnOA,Thai Devil Gamer,2025-01-25 12:01:02+00:00,39,20,Gaming,439000,,,
RvNj83x14Nc,6002358,51771,185,UCWKagn7v9totM0BX57-d4cQ,Welcome Back Gaming,2025-03-13 08:04:16+00:00,27,20,Gaming,136000,,,
EZMYvAWbyLo,3380088,19160,503,UCFQ8nti0-hKFzBN1w4dFe-Q,VedpooL2,2025-04-28 14:33:22+00:00,1456,20,Gaming,82500,,,
r-2LCJpdiSs,3338198,60985,3703,UC7iLnwfWTSxpw2uC_2xLHcg,Sokher Gamer,2023-11-25 04:31:00+00:00,840,20,Gaming,2380000,,,
FHnHu3e8XCU,3321608,99485,1687,UCMrvxKTx9hLhZcOvJkYOnAw,AS Gaming,2023-10-15 04:31:51+00:00,1168,20,Gaming,20800000,,,
AcOpiWppO3k,3292504,37852,1802,UC1bwliGvJogr7cWK0nT2Eag,MKIceAndFire,2024-12-27 23:05:10+00:00,98068,20,Gaming,4540000,,,
fXqSeb78ZC4,3296755,372,10,UCUQw5JQgxAXcX1SvixOIH0w,APKNo1 - Gaming Channel,2024-10-22 15:00:46+00:00,4605,20,Gaming,2450000,,,
ExhUJyWfaDw,3914433,179953,1909,UC5ye-kue6W7JELu20Fu8mSw,SRIBB GAMING,2024-08-25 15:58:51+00:00,36,20,Gaming,89500,,,
hBTwN02Wjho,3222420,140770,6448,UCD5EC8IWhOFalXtePCkhJTA,Tonde Gamer,2025-01-10 04:26:19+00:00,1502,20,Gaming,18800000,,,
GRkO7IiY3mI,3220404,31109,603,UCX5uxW0ASy9so555o9p8V0w,PlayerKai Gaming,2024-08-16 13:40:00+00:00,1655,20,Gaming,78600,,,
RaMww1pd734,3222163,30482,336,UCMZml4GHAzCYLWeHkYKWo6A,Techno Recap,2024-07-21 08:30:37+00:00,2428,20,Gaming,1170000,,,
beDthUTssaQ,6376795,67626,353,UCJsVCjeuTvfZjevif6zHWYw,Gaming Engineer,2024-05-16 07:45:02+00:00,16,20,Gaming,1180000,,,
YBEAg6y-MVo,6020334,229843,2388,UCGbqHUv6MpWOzSmiHP7s-Ww,DIG: Details in Gaming,2025-08-20 15:44:05+00:00,36,20,Gaming,34800,,,
xyUfCkTicWc,6592913,61932,683,UCAWU4FSkr4b2eTk7D0T5RnQ,TYB GAMER ,2025-06-03 11:01:38+00:00,14,20,Gaming,25500,,,
8uAZQLgXtyQ,3048451,0,282,UCzrgbrdfSjkvq_gjObhUOMg,GXpro Gaming 1000,2025-02-07 17:38:53+00:00,42900,20,Gaming,1090000,,,
JnxqcitQipY,3039799,16760,733,UCxMPQxkl_-w_7qepOemWNyQ,Fire Mythx,2025-04-04 14:47:56+00:00,3717,20,Gaming,28300,,,
thRUjA2OjQM,2993019,271,8,UCUQw5JQgxAXcX1SvixOIH0w,APKNo1 - Gaming Channel,2024-11-19 08:00:39+00:00,5806,20,Gaming,2450000,,,
4uqbMqO5WKQ,2991718,21586,437,UCVdg9q21qjYjBnxp8pMGKvw,Gamer Max Channel,2023-01-24 17:09:51+00:00,29714,20,Gaming,511000,,,
d7YnCbVsmyE,2985465,31704,1891,UCiZVMOinTQGb8HQu53VbV4Q,Gamer's Little Playground,2023-03-25 00:23:47+00:00,30815,20,Gaming,3010000,,,
OcI19i9kcRY,2985706,7859,37,UCTlOOmVuLGpvW5eCCZfSpZg,YB GAMES,2025-02-11 15:01:42+00:00,481,20,Gaming,3500000,,,
e25rjhuDens,4417454,59611,1371,UC33Z7jnY-WQROHQJNjOGX2g,calmdownmatt,2025-01-19 16:08:12+00:00,11,20,Gaming,12700,,,
73GzuYwn5xk,3331979,51748,401,UCqG0-AnVGnGL5Xo_BGIyLRw,King Prowin Gaming,2023-06-01 11:16:21+00:00,11,20,Gaming,28900,,,
9dxdOvDjpsQ,4753419,116920,966,UCj31ZEKCiAzklzOujxFSL_w,YG  MUNNA GAMING,2025-02-11 15:03:02+00:00,25,20,Gaming,156000,,,
JLiV_ggdeC4,5047203,0,87,UCYZu2lXnQw-kJsIZxruRo2A,Dipak Zone,2023-04-20 08:30:05+00:00,10,20,Gaming,9220,,,
5ld_Uy8D_JQ,3095459,61973,782,UCSp51N0uo8jG00f2mDGauJQ,MT GAMES,2023-06-24 12:00:04+00:00,16,20,Gaming,16000,,,
svnL7Hx77WA,7202802,20149,71,UCqIzE5q1WpgyViZqsV6wCvw,Mikolojim,2025-06-01 08:30:26+00:00,10,20,Gaming,58700,,,
yKY1kq9jd14,3397231,111116,460,UCbkHwCeVwmcF5-GUf3lbFvA,LYFP,2024-06-20 09:45:49+00:00,60,20,Gaming,668000,,,
DRMsw_06maU,2720453,74206,3354,UCFwKgzKe-EdTz83r6wzhmOw,Live Insaan,2025-10-22 09:00:21+00:00,1899,20,Gaming,14400000,,,
hpv3nYTaowU,4448303,18889,26,UC-JwyWIKm4ps-c3O54nhc8A,Game Ads,2025-05-21 15:01:22+00:00,20,20,Gaming,782000,,,
6PAIr86WWGw,2675419,213415,21261,UC5c9VlYTSvBSCaoMu_GI6gQ,Total Gaming,2025-12-28 04:00:05+00:00,979,20,Gaming,45300000,,,
jAChlMWt45s,2643762,27672,1594,UC1bwliGvJogr7cWK0nT2Eag,MKIceAndFire,2024-10-27 01:00:23+00:00,15361,20,Gaming,4540000,,,
8Or6Gs_dz3o,2601491,411,20,UCUQw5JQgxAXcX1SvixOIH0w,APKNo1 - Gaming Channel,2025-02-11 09:00:07+00:00,10662,20,Gaming,2450000,,,
0RATbQY0cNg,4307093,0,990,UCZN2dtGM2V12A4kcqV-WJnQ,dinocornel,2024-11-10 17:15:55+00:00,9,20,Gaming,947000,,,
dP1ZtdzMbBY,2564834,14199,534,UCoQtIo6-GmQTsHU0zY9XuSQ,IT 2 GAMES,2024-02-06 12:32:42+00:00,1444,20,Gaming,18300,,,
nYv5qcqSY1s,6535915,121292,306,UChZ5bB07abQOP4CMq-kWPJg,TKINGBA GAMER ,2025-04-07 16:17:17+00:00,11,20,Gaming,9700,,,
VbDJpoLLztg,5717576,20857,57,UCLjNMY4iDigk9_p5e5qVEow,SH Gameplay,2025-07-03 02:32:51+00:00,13,20,Gaming,7790,,,
FavL3gbQ9KE,2514359,98406,2914,UC07eBeGpQlbWaj9EMpK8Gtw,Rai World,2023-04-25 04:15:00+00:00,670,20,Gaming,346000,,,
ZHYRd_iiHNQ,3809609,83396,1686,UCBgrughiR6sqygi_oqVdu2g,MadMorph,2024-09-15 23:14:21+00:00,16,20,Gaming,748000,,,
LetoCFtmveo,2477840,22731,956,UC1bwliGvJogr7cWK0nT2Eag,MKIceAndFire,2023-12-25 20:02:08+00:00,57163,20,Gaming,4540000,,,
nJKDNPs0wP8,2464868,8825,0,UCWWwXggCAv3pm7gR-i88P2Q,TG TV 24-7,2025-12-05 19:06:15+00:00,0,20,Gaming,1110000,,,
1O1fPtTr8zw,2405748,62797,3697,UCFwKgzKe-EdTz83r6wzhmOw,Live Insaan,2025-06-18 09:00:06+00:00,8497,20,Gaming,14400000,,,
bNTupouea6E,2395973,18154,1350,UChRC_1EovxI0_fRj4w_Zkbw,Neetu Gaming,2025-01-17 08:30:13+00:00,1111,20,Gaming,1170000,,,
ZjGPB63BoNo,2396280,0,104,UC2mSVmNlBvp4_l20Atfn--w,NextGenPlayz,2025-05-18 15:04:54+00:00,3967,20,Gaming,61100,,,
zWfAkZEFgko,6049493,25482,11,UCJkdyyoLKCTPOh7O2QXKv7w,Tom Fun,2025-08-11 08:20:01+00:00,18,20,Gaming,66800,,,
dSFjj_QXY4o,2350289,32326,2022,UC7iLnwfWTSxpw2uC_2xLHcg,Sokher Gamer,2023-08-25 04:31:00+00:00,815,20,Gaming,2380000,,,
27vRXOGk6ZE,58207163,872603,0,UCyhyy6m49_9V6rGFSlm7cLg,PRINITMALAYALAM,2023-06-18 14:38:54+00:00,61,27,Education,257000,,,
ft3dkXWcJJE,35380997,1786861,3034,UCcsRx8kf9OoRVSffe7XtwDA,George Sosa,2024-09-24 13:06:07+00:00,12,27,Education,489000,,,
UTbfI9cxtiQ,32531360,879988,4411,UCrh4hp8yavdgGhG_Qc0wfPQ,KSSE Structural Engineers,2023-03-05 08:58:58+00:00,61,27,Education,1550000,,,
vm5VYIznqt4,13416469,495085,28928,UCPkctgt1mTeJWTGj4tq4dPQ,LKLogic,2023-05-19 14:43:26+00:00,47,27,Education,3180000,,,
t7ecQ0CAo3M,9487415,327239,733,UCvjj7ZhR4wIsHbnxIkRBxrA,Madhumita Ghosh,2024-05-20 10:22:12+00:00,54,27,Education,844000,,,
7G7UIQStEIk,7199382,162486,2945,UC2o9Vjg9g2mS6QPFGMV8duQ,Math Vibe,2023-01-16 01:22:19+00:00,29,27,Education,56800,,,
SqcY0GlETPk,5489572,93169,1963,UCWv7vMbMWH4-V0ZXdmDpPBA,Programming with Mosh,2023-03-12 08:00:07+00:00,4804,27,Education,4940000,,,
WXsD0ZgxjRw,3909863,53583,1046,UC8butISFwT-Wl7EV0hUK0BQ,freeCodeCamp.org,2023-02-06 15:53:28+00:00,11227,27,Education,11400000,,,
BrmoNqNT-IM,4003596,100656,11176,UCPkctgt1mTeJWTGj4tq4dPQ,LKLogic,2023-06-09 15:03:44+00:00,23,27,Education,3180000,,,
1klbRCqkRj0,3709140,197733,937,UCK1e7rMWq5h3xtwKPBRFwQA,SR Academy by IITian,2023-01-15 11:00:01+00:00,54,27,Education,360000,,,
XA1GPUjPiCA,3925051,83492,252,UCqA_91t58QbsZrGFki8MNzg,ROOT CLASSES,2023-01-28 00:57:35+00:00,54,27,Education,23100,,,
YefrkQbed8o,3549530,150651,661,UC41y9e9r6RWIhihpGM48fmw,M.S SSC NOTES for all,2023-06-15 06:27:38+00:00,42,27,Education,3230000,,,
sWbUDq4S6Y8,2889488,62800,854,UC8butISFwT-Wl7EV0hUK0BQ,freeCodeCamp.org,2023-02-23 13:49:01+00:00,22052,27,Education,11400000,,,
TdDhFGQXxkY,3038063,206147,567,UCBwmMxybNva6P_5VmxjzwqA,Apna College,2023-05-11 15:31:17+00:00,57,27,Education,7380000,,,
TX-RsNGzAEU,2785806,60775,874,UC_DmCvOP5Q_eBMRDvqqRXjg,Pianote,2023-02-24 20:00:07+00:00,696,27,Education,2370000,,,
yOpZ5dz8yng,3003254,230612,390,UCwr-evhuzGZgDFrq_1pLt_A,Error Makes Clever,2023-06-21 05:27:33+00:00,42,27,Education,1180000,,,
hSTy_BInQs8,2686781,112230,3624,UCQjBsscIa_mgEnSvWpm_9vw,Odysseas,2024-04-24 10:00:43+00:00,2186,27,Education,335000,,,
6h0e9WzzhBE,2765638,163460,2392,UCYjdjvRXYmiy_EdasYU26Qg,CREATIVE LEARNING 2.0,2023-02-20 11:45:00+00:00,32,27,Education,1550000,,,
iEyA1dXZs_M,2607556,179543,427,UCBwmMxybNva6P_5VmxjzwqA,Apna College,2023-05-05 17:25:12+00:00,59,27,Education,7380000,,,
0BU_u8_blss,2341523,76544,2203,UCz4tgANd4yy8Oe0iXCdSWfA,English with Lucy,2023-03-23 12:38:33+00:00,952,27,Education,13200000,,,
ObMnw8woAog,2277293,126923,544,UCPkctgt1mTeJWTGj4tq4dPQ,LKLogic,2023-05-18 16:08:40+00:00,36,27,Education,3180000,,,
_374kRfv6hc,2840963,128479,958,UC-g0lWAIK9DPz6BM36zRu6Q,lets derive,2023-02-10 06:35:11+00:00,54,27,Education,524000,,,
l-81vwZCFCA,2211581,76304,383,UCT2OYGLtOyyui_9MGrnfyzA,Let'stute,2023-02-10 13:00:38+00:00,59,27,Education,1220000,,,
S3K5bwo4Djk,1921941,42702,471,UCVfjJYJI2vfNyG8iM8R5SSA,Toddlers Can Read,2023-04-19 01:00:14+00:00,30,27,Education,1470000,,,
cG1WzX1nSks,2117150,67607,538,UC08grsjqNoRswN1_H8iD38w,TUMI JITBE ,2023-05-26 13:00:29+00:00,60,27,Education,440000,,,
Y0RoLM48xP4,1836601,170575,317,UCwr-evhuzGZgDFrq_1pLt_A,Error Makes Clever,2023-05-04 02:58:09+00:00,23,27,Education,1180000,,,
BTf_orcP05s,2942494,41677,70,UCBPQZPk8rQmN4SX-xwap6-A,easy earning ideas,2023-04-01 03:15:00+00:00,9,27,Education,2490,,,
Ld5X3C_8OdM,1468221,40915,0,UCKyTokYo0nK2OA-az-sDijA,VOA Learning English,2023-01-11 03:56:38+00:00,499,27,Education,2880000,,,
nkNHn0VqVBA,1398138,18688,83,UCkw4JCwteGrDHIsyIIKo4tQ,edureka!,2023-01-06 17:50:54+00:00,40515,27,Education,4430000,,,
un6ZyFkqFKo,1331260,24501,541,UC8butISFwT-Wl7EV0hUK0BQ,freeCodeCamp.org,2023-05-11 13:41:01+00:00,34368,27,Education,11400000,,,
jk7q7QTFnvI,1499538,120075,394,UCwr-evhuzGZgDFrq_1pLt_A,Error Makes Clever,2023-05-01 12:30:17+00:00,50,27,Education,1180000,,,
trj7HCyehis,1405510,55020,206,UCOSIRAqA_Do42d1MuD7KOwg,Cajon Master,2023-05-12 20:50:50+00:00,60,27,Education,77400,,,
l7QbTa7BPhQ,1536413,26669,69,UCnxqF4t_F7B1dN1BmoTMbBA,DevelopersGuides,2023-02-14 17:30:06+00:00,21,27,Education,265000,,,
VDsM57OnYVM,1389959,45729,219,UCcUOqJd-eRI3iVOBnPFpNdw,Karen Foo (Britney),2023-02-21 12:00:23+00:00,22,27,Education,529000,,,
uFHg6xAlGMI,1626462,41217,0,UCGV4hvTAboP6eRixCPSPa7w,Lampofilm,2023-05-03 23:45:28+00:00,58,27,Education,155000,,,
IA3WxTTPXqQ,1131243,29777,800,UC8butISFwT-Wl7EV0hUK0BQ,freeCodeCamp.org,2023-06-06 14:04:19+00:00,134201,27,Education,11400000,,,
tZE_fQFK8EY,1131349,19019,307,UCX6b17PVsYBQ0ip5gyeme-Q,CrashCourse,2023-06-06 16:00:39+00:00,807,27,Education,16900000,,,
BpPEoZW5IiY,1076784,23314,724,UC8butISFwT-Wl7EV0hUK0BQ,freeCodeCamp.org,2023-06-08 12:43:32+00:00,50350,27,Education,11400000,,,
hiI47pVnzoQ,1105757,49569,499,UCBwmMxybNva6P_5VmxjzwqA,Apna College,2023-04-26 15:07:26+00:00,53,27,Education,7380000,,,
tK9Oc6AEnR4,977133,19325,304,UC8butISFwT-Wl7EV0hUK0BQ,freeCodeCamp.org,2023-04-11 15:59:17+00:00,2877,27,Education,11400000,,,
meMJdfytNI0,903347,30277,2122,UCoOae5nYA7VqaXzerajD0lg,Ali Abdaal,2024-10-04 13:01:00+00:00,2399,27,Education,6520000,,,
tdGUfug7YNM,1099232,24422,148,UC7wwT7PIi3SZgPJNYGVkrgQ,Jitendra Singh,2023-03-20 12:40:08+00:00,60,27,Education,17700,,,
rn_ZB2tE8l4,855836,20538,580,UCQz1Ar4M_RZE__bTrKSBfyQ,Mrs Honey - Learning Videos,2024-04-06 13:20:38+00:00,482,27,Education,156000,,,
PRZAlAScKK0,1621563,0,0,UCvajbI-USauX3wMTwKt0Paw,Mastermind School,2023-05-26 12:34:29+00:00,48,27,Education,9550,,,
ydOTMQC7np0,801734,17320,421,UC8butISFwT-Wl7EV0hUK0BQ,freeCodeCamp.org,2023-03-06 14:51:27+00:00,16124,27,Education,11400000,,,
KdpMfBf71QQ,1162584,9701,0,UCKbo_k-xBBdpVEa3j0yFwTw,ABC Tube TV,2023-04-22 14:16:48+00:00,29,27,Education,159000,,,
dFIFPv7SiFs,930339,28221,862,UCPkctgt1mTeJWTGj4tq4dPQ,LKLogic,2023-01-16 16:56:27+00:00,44,27,Education,3180000,,,
fa3sLTn0Wek,755163,14001,264,UCM4u0gp8gm99w9MXQ7ZI8Mw,Crossfader,2023-01-26 18:00:15+00:00,732,27,Education,790000,,,
w-bmfbw1slY,812330,36431,152,UC2SvDrQlk26DNSsfXyb3Fpg,Ravinder Maths Teacher,2023-02-09 07:37:57+00:00,53,27,Education,240000,,,
p5UwfEORCXU,766792,61983,149,UCv7B4-tF5Cvvk270mcBNclQ,LearnerMap,2023-03-06 14:13:14+00:00,59,27,Education,107000,,,
PTWZviTmlj0,847255,22238,79,UC0bhn4hi2QCppMUvVWvPeBQ,Arya Anjum,2023-04-26 07:41:09+00:00,43,27,Education,109000,,,
aUo8iij7xgs,770139,33251,277,UCKhmBdIPdTp2ESXZMVzguPw,Utkrisht (उत्कृष्ट) Classes,2023-06-07 02:38:00+00:00,55,27,Education,612000,,,
MZDDx67ZD8M,1084725,14751,83,UC91RZv71f8p0VV2gaFI07pg,Vedantu JEE Made Ejee,2023-06-08 07:07:06+00:00,29,27,Education,2360000,,,
zNct5-b7z6c,643475,23835,1252,UC6XmdBeqxPuTzKNRdlXV90A,Mr Green,2024-05-20 06:01:12+00:00,867,27,Education,46700,,,
6i3e-j3wSf0,618463,12346,362,UCY38RvRIxYODO4penyxUwTg,Dave Gray,2023-02-14 14:00:03+00:00,836,27,Education,432000,,,
2wHLd7S6iTc,604575,19775,204,UCYyqGqI-bpzGpo5DBtUcJQA,Practical Wisdom - Interesting Ideas,2024-02-10 15:00:10+00:00,7210,27,Education,1030000,,,
O5bYEol4Ksk,669215,36219,108,UC7UkMtr5vbaTRzS3BjRcZAg,Rahul Sharma,2023-01-20 13:43:33+00:00,59,27,Education,56500,,,
1ltyaFgMIT4,534917,23691,1038,UCYLIQda59SREWHukEgrZlUw,ColeMizeStudios,2023-12-17 23:44:00+00:00,886,27,Education,121000,,,
hG_moBiXq38,957934,11879,49,UCnxqF4t_F7B1dN1BmoTMbBA,DevelopersGuides,2023-02-13 08:30:15+00:00,28,27,Education,265000,,,
k0vhmND9rCo,546507,18064,132,UCxKc5NgEoi3009QJ6wx23dQ,Humanities lover,2023-02-21 09:30:18+00:00,41,27,Education,36300,,,
Ap_XYYQmhuw,618722,9466,0,UCVVBKkqhy3c2L26RrfRB2kw,MATH TEACHER GON,2023-03-29 04:53:55+00:00,60,27,Education,680000,,,
ferhOYx1NMo,428177,7906,521,UC7geKfz2-IH0rsgRBtHTm0g,Learn With Shopify,2023-01-03 17:00:08+00:00,3846,27,Education,844000,,,
MdsDTVysW-g,905324,4303,6,UCnxqF4t_F7B1dN1BmoTMbBA,DevelopersGuides,2023-02-20 15:30:04+00:00,13,27,Education,265000,,,
cveoXQqNh74,381963,4484,455,UCQB8J0Fl2TYMXe_jsx_T7Ag,PLR Education,2024-05-10 01:10:43+00:00,1437,27,Education,248000,,,
LE3PUf5ueS4,433030,16211,4320,UC4rZpoEdeFLF4x9walsyoSw,Exphub 9th &10th,2026-01-11 13:40:06+00:00,5542,27,Education,6930000,,,
oUl0q64gYos,549425,15329,195,UC3HS6gQ79jjn4xHxogw0HiA,Magnet Brains,2023-05-17 15:30:11+00:00,56,27,Education,14200000,,,
CUirutNiT7k,544044,35975,175,UCVOTBwF0vnSxMRIbfSE_K_g,Labour Law Advisor,2025-07-01 15:22:29+00:00,106,27,Education,5410000,,,
7IX4-TUJdLs,623483,5440,48,UCVExKgPFz_AysLqdLNUQv8A,BALASHIVI EDUCATION,2023-04-06 14:30:27+00:00,24,27,Education,110000,,,
cy5e0WlXzdM,409313,13785,59,UCko6jJyo-wUQmWhjGNAIrwg,PW English Medium ,2023-03-09 11:00:24+00:00,57,27,Education,678000,,,
G1P2IaBcXx8,271812,6945,331,UC0T6MVd3wQDB5ICAe45OxaQ,WsCube Tech,2024-04-29 13:30:07+00:00,15899,27,Education,4240000,,,
CBH5-kxZAhM,309056,13381,94,UCGNQy3YgXzfWXyJmG1arEng,Unacademy Foundation 9 and 10,2023-06-17 06:46:07+00:00,60,27,Education,91200,,,
sib9V4KT3BU,526238,3537,54,UCbXTi-Xs72FxTLK9DOUNl4w,Science with Ratika,2023-04-30 15:12:27+00:00,11,27,Education,1390,,,
Q4hoSrk_2L0,450272,4887,0,UCePathPu-TIzEbCiU6-GHDw,Blooming With Ms.B,2023-02-07 22:35:39+00:00,26,27,Education,18600,,,
fd6f8n4RGMg,333424,7555,63,UC76TbffoX3vr1XpnHacmGnQ,Online Teaching with Nidhi,2023-03-29 13:30:25+00:00,58,27,Education,263000,,,
ixD9RWpFuk4,227157,4704,254,UCF3FcY6bMfNczy_V30Xl3cA,Break Out and Speak!,2024-04-18 10:30:18+00:00,828,27,Education,4760,,,
q6DnYfLQFCI,228072,11462,523,UC2Zs9v2hL2qZZ7vsAENsg4w,Justin Sung,2025-12-13 06:15:25+00:00,6545,27,Education,1990000,,,
Pgvc0hQDrcI,292971,7456,75,UC76TbffoX3vr1XpnHacmGnQ,Online Teaching with Nidhi,2023-06-10 10:04:25+00:00,39,27,Education,263000,,,
V5IcyJViyTc,371982,0,57,UC31d2b6vtSU3sA3YziB4vRw,Telugu Learning Zone,2024-09-30 11:40:37+00:00,59,27,Education,22900,,,
ZxQ5ERe43YE,236363,11349,79,UC7btqG2Ww0_2LwuQxpvo2HQ,ProgrammingWithHarry,2023-04-11 13:30:12+00:00,49,27,Education,277000,,,
fczq-XzFrg4,211331,2993,121,UCFqN3dNl8n45k9lErabRZbA,NLF Academy | Real French Classes,2025-01-24 13:35:02+00:00,2733,27,Education,34000,,,
PoTBc-xLpNU,458414,4140,8,UC7yrlq2_0O-Zin-Z3Lbm_Hw,Gayatri Arnalkar,2025-07-15 11:30:05+00:00,11,27,Education,31000,,,
ViBLavWDayg,378982,4518,26,UCFpLExiHJzaPPUblTg1UdkQ,Old Style Learning ,2023-05-16 23:20:43+00:00,13,27,Education,12500,,,
DI2GAHmyiJo,168773,8113,258,UCC_fdR7zZ_5SU--xuOrEdKw,Grace Mandarin Chinese,2023-12-06 14:20:56+00:00,673,27,Education,336000,,,
Aa4MACKaDC0,165759,2734,83,UCjWY5hREA6FFYrthD0rZNIw,Krish Naik Hindi,2023-08-14 04:16:27+00:00,5629,27,Education,165000,,,
MFSFcPsMsuE,139792,6022,143,UCZf_9SblvM8iTTkouFEcHtA,Marina Wyss - AI & Machine Learning,2025-08-26 14:00:42+00:00,785,27,Education,120000,,,
cCzuecVv8Vk,115019,1172,106,UCQB8J0Fl2TYMXe_jsx_T7Ag,PLR Education,2025-07-31 12:14:25+00:00,2154,27,Education,248000,,,
YfiDyBk94jo,96958,2552,53,UCTvMDjmhpuYU8Wfvf54Fzvw,English Easy Practice,2026-01-17 10:00:52+00:00,841,27,Education,2520000,,,
VTGZL8IiRgw,141944,3316,36,UCLUqJ2hgl82_9hwu9tk5yeQ,MinArabic,2024-09-10 11:30:16+00:00,26,27,Education,41200,,,
6GB8ZmXf-0k,84408,3042,172,UCybxQKLfYsWr-KDc-7r4jGw,Laptop Repairs,2023-09-12 17:54:56+00:00,3541,27,Education,12000,,,
tXp4SesWMbs,68895,576,58,UCQB8J0Fl2TYMXe_jsx_T7Ag,PLR Education,2025-11-08 12:40:56+00:00,2584,27,Education,248000,,,
e1eadufA9l8,60515,1373,63,UCyYg1-IXzMqKlSxNVTmQvvQ,The L&D Academy,2023-11-13 10:52:42+00:00,883,27,Education,20300,,,
aXYtbnAp0F0,58891,906,0,UCKgTiFce59QBjeV70q8gjoA,UNIQUE LEARNING LAB,2023-07-06 13:47:08+00:00,902,27,Education,954000,,,
lx0wQb3FBQU,62027,2683,265,UC3qB4xFJkl0EYoTVbhnn0OQ,Ac Hampton,2026-01-02 13:01:32+00:00,4371,27,Education,627000,,,
-654uZOXk4A,55881,2160,49,UC76TbffoX3vr1XpnHacmGnQ,Online Teaching with Nidhi,2025-12-26 10:30:00+00:00,232,27,Education,263000,,,
znF2U_3Z210,54075,1558,47,UCKWaEZ-_VweaEx1j62do_vQ,IBM Technology,2025-10-20 11:01:58+00:00,639,27,Education,1540000,,,
GlvpDC3UHG0,52097,1283,18,UCEpXluv13ydcsWJ6bkX72cg,Mech Mechanism,2024-06-17 15:00:14+00:00,11,27,Education,532000,,,
Oh8cojceKoQ,47710,1242,77,UCBF5i6PogoMwnoAP0LFiCmQ,Karthik's Show,2023-09-02 14:30:11+00:00,673,27,Education,129000,,,
HLqH58OgCMc,47238,0,10,UCVLbzhxVTiTLiVKeGV7WEBg,TutorialsPoint,2023-12-08 10:28:59+00:00,227,27,Education,3720000,,,
1o4taMnCxPU,45169,2662,254,UCyZ6lcMSjm0ecKjkXfwpoAg,English Lovers,2026-01-16 15:57:36+00:00,1135,27,Education,5110000,,,
SW0YGA9d8y8,41083,1928,124,UCwcXQMYphMbpuw8ok9HQguw,Code with Josh,2025-01-16 14:00:34+00:00,2255,27,Education,47500,,,
oQDCAJnr1aU,42387,0,49,UCde0vB0fTwC8AT3sJofFV0w,Mikey No Code,2026-01-08 18:43:30+00:00,1388,27,Education,89200,,,
yu30DqR6RnI,39454,974,104,UCi6gVIK6FkmAYd2RwQFFM1g,Georg Volmer,2025-03-03 13:01:25+00:00,4689,27,Education,1400,,,
rWk3WM8qKtc,38634,0,16,UC1ZcOqlAvUPYWag_toIxfNw,English World Skills,2024-04-13 15:26:17+00:00,60,27,Education,15600,,,
EmwtYl3iv1w,37039,446,17,UCCktnahuRFYIBtNnKT5IYyg,Intellipaat,2023-03-25 15:07:56+00:00,8561,27,Education,12600000,,,
2bNDsKr4PSU,70506,932,3,UCYsPX3XBD-3zrPxHwe3yGgA,AL BADR ONLINE QURAN ACADEMY,2024-10-29 15:56:52+00:00,55,27,Education,722,,,
KpiSRshpIy0,33694,973,51,UCu8l4v6xqQd8LfOfd0kMPsA,MicroDegree ಕನ್ನಡ,2024-06-14 05:45:03+00:00,21133,27,Education,78100,,,
xqI_6fnNU_c,31246,2086,214,UCHIbErciyS3Hs0kjAz-at5Q,Technical Suneja,2026-01-12 13:31:14+00:00,551,27,Education,601000,,,
2DoAmKc-rps,25439,361,1,UCsvqVGtbbyHaMoevxPAq9Fg,Simplilearn,2025-07-11 22:25:47+00:00,42898,27,Education,5930000,,,
rjFJJyCwbeI,24778,1188,3,UCvjj7ZhR4wIsHbnxIkRBxrA,Madhumita Ghosh,2024-06-12 14:51:44+00:00,56,27,Education,844000,,,
reKkbFnljTU,44353,991,32,UCXhAGLH8n9IZiqpC6kecEmg,Hundred Learning's NEET Tamil ,2025-07-09 11:33:27+00:00,37,27,Education,432000,,,
Fo0-nDNv2F8,41152,0,13,UCMiWOZsPrpxmQoyFYzSSaHQ,Shreyan’s Flute,2025-08-12 11:21:31+00:00,23,27,Education,88000,,,
vs6tGCX9btU,37015,261,2,UCXaxszbVTimfWs5AMTA6Hjw,Educational Digest,2024-08-24 04:43:32+00:00,39,27,Education,2620,,,
Y6yt426FJOs,19123,184,29,UCp0u7oLjrLTkQfbPufR450w,Lalithas education,2024-07-11 15:28:00+00:00,1900,27,Education,11000,,,
z-IapDZVWso,39076,385,0,UC4no3vCSvWESkLEpaTRtjNg,Learning with Garima,2023-10-25 06:36:00+00:00,6,27,Education,471,,,
uuyM3S2UW3M,18885,976,5,UCvjj7ZhR4wIsHbnxIkRBxrA,Madhumita Ghosh,2024-07-08 14:02:05+00:00,22,27,Education,844000,,,
8i2UKHVBY3A,22845,1138,7,UCvh61zu0aiUqSAs25-kA-HA,PADMA CONSULTANCY,2024-01-05 10:12:18+00:00,57,27,Education,72900,,,
u3Uy2fkwBrA,17012,293,21,UClAPSbABFZEuwOhHVicx5LA,Learning with Panging,2025-03-29 01:43:55+00:00,5682,27,Education,3510,,,
hu3FnaDiCsU,15921,0,93,UCf3bIp32dchfn_bVAWtzLPw,Kaveesh Tech Show,2025-05-06 12:07:58+00:00,415,27,Education,4700,,,
dnOODBQjAh0,16136,1858,104,UCnRAMJhTu7s77QjkJcYpAcQ,JR Tutorials,2026-01-16 16:16:54+00:00,5460,27,Education,2270000,,,
xyfkEk1nTK8,14635,696,1,UCvjj7ZhR4wIsHbnxIkRBxrA,Madhumita Ghosh,2024-06-08 13:46:35+00:00,33,27,Education,844000,,,
NjJTJRvd3Mg,14120,646,1,UCvjj7ZhR4wIsHbnxIkRBxrA,Madhumita Ghosh,2024-05-23 07:22:23+00:00,49,27,Education,844000,,,
riO65e5JUPk,33952,1116,13,UCmM_ymxc71lqpDhmlR60r9w,world famous location ,2025-10-17 00:56:45+00:00,10,27,Education,169,,,
olaz31KWI54,14062,156,7,UCCktnahuRFYIBtNnKT5IYyg,Intellipaat,2023-08-30 19:29:40+00:00,42896,27,Education,12600000,,,
5tzM6Ey6c5I,12748,573,11,UCvjj7ZhR4wIsHbnxIkRBxrA,Madhumita Ghosh,2024-08-07 06:56:23+00:00,52,27,Education,844000,,,
SIyTpBNbKAo,12647,346,3,UCsvqVGtbbyHaMoevxPAq9Fg,Simplilearn,2025-07-31 19:44:07+00:00,29697,27,Education,5930000,,,
2SdKr_9G4Tw,26982,351,7,UCKtnRVB_VZfZTjOLWmzvUug,Chalo Seva Karen,2025-04-07 10:10:03+00:00,61,27,Education,39500,,,
wglnArg1huo,12638,0,54,UCMiWOZsPrpxmQoyFYzSSaHQ,Shreyan’s Flute,2026-01-02 11:56:43+00:00,575,27,Education,88000,,,
Pr8JGF2Lgw4,11720,203,16,UCCktnahuRFYIBtNnKT5IYyg,Intellipaat,2023-05-06 19:32:38+00:00,38941,27,Education,12600000,,,
5oDhKQ4tHbI,11651,343,1,UCkw4JCwteGrDHIsyIIKo4tQ,edureka!,2025-10-09 16:55:47+00:00,38997,27,Education,4430000,,,
hiHWz9VY1HM,18283,201,0,UCXaxszbVTimfWs5AMTA6Hjw,Educational Digest,2024-08-29 11:49:02+00:00,58,27,Education,2620,,,
sG6_oWkySKQ,10599,163,21,UCp0u7oLjrLTkQfbPufR450w,Lalithas education,2025-02-15 05:24:17+00:00,3973,27,Education,11000,,,
OG7KqqMMicU,10294,259,1,UCsvqVGtbbyHaMoevxPAq9Fg,Simplilearn,2025-06-13 23:07:20+00:00,42595,27,Education,5930000,,,
VsjhpUuOKn0,10189,265,5,UCsvqVGtbbyHaMoevxPAq9Fg,Simplilearn,2025-07-23 04:30:30+00:00,42484,27,Education,5930000,,,
PIEee-dSAwM,9888,415,91,UCAv86qev7VCb07SfF3dloxA,Kawish - Urdu,2024-07-03 02:07:41+00:00,1503,27,Education,92500,,,
hzrhieM18cA,9774,541,5,UCvjj7ZhR4wIsHbnxIkRBxrA,Madhumita Ghosh,2024-07-09 09:09:42+00:00,35,27,Education,844000,,,
rfc47UgajHM,9650,229,3,UCsvqVGtbbyHaMoevxPAq9Fg,Simplilearn,2025-02-12 04:30:32+00:00,43125,27,Education,5930000,,,
KkxZbaV4iYI,13343,267,5,UCtSM3hprUFiblCkAIAXyPzA,DC Academy,2023-05-26 16:03:27+00:00,42,27,Education,1240,,,
ONApscT5pr0,9654,484,65,UCdjDPQb6Ir5hmzlbh-OBw5g,JVL code,2025-07-21 11:11:46+00:00,2080,27,Education,109000,,,
loobjctPMAg,12897,641,4,UCvh61zu0aiUqSAs25-kA-HA,PADMA CONSULTANCY,2024-01-02 06:28:01+00:00,60,27,Education,72900,,,
Dw6Ye-7Ajs8,8238,0,29,UC1ZcOqlAvUPYWag_toIxfNw,English World Skills,2024-04-23 14:08:48+00:00,59,27,Education,15600,,,
hPi_Y5yEnzE,8754,786,58,UCyZ6lcMSjm0ecKjkXfwpoAg,English Lovers,2026-01-19 16:25:06+00:00,2091,27,Education,5110000,,,
ykYVtl7WaA4,8251,263,3,UCkw4JCwteGrDHIsyIIKo4tQ,edureka!,2025-11-13 15:49:55+00:00,38868,27,Education,4430000,,,
sYSrXZ-Rv2k,9010,532,107,UCnRAMJhTu7s77QjkJcYpAcQ,JR Tutorials,2026-01-16 08:39:02+00:00,815,27,Education,2270000,,,
1egcWgX8Md4,16052,372,28,UCDxJZ_KbL6n_hhHScI6LQQw,AR SQUAD,2026-01-18 16:30:01+00:00,44,27,Education,193000,,,
oC1iwnUyLHE,7609,268,1,UCsvqVGtbbyHaMoevxPAq9Fg,Simplilearn,2025-08-23 17:19:43+00:00,33898,27,Education,5930000,,,
_BGxMHOOU_A,7233,177,10,UCJY2eIQU7ulXQtzKuE1yjEw,English in Sindhi,2024-08-30 11:00:38+00:00,578,27,Education,39200,,,
zNgBM5IvvNM,7023,55,0,UCYlhs2Sz53Et-CL1GJxMJjQ,Easy Drawings.,2024-02-10 14:00:44+00:00,15,27,Education,4700,,,
6O2fjVvWCLQ,11012,655,140,UCkUI45drrKTWLxy3q3voJRw,ALLEN JEE,2026-01-20 15:00:17+00:00,82,27,Education,217000,,,
yLO-zlO4jIU,7032,87,6,UCdcJTbzrxhnkGztHKvtw5yA,Bhupin Sensei,2025-08-22 12:01:55+00:00,2093,27,Education,29800,,,
JfdDVTSWVSo,6492,0,19,UC1ZcOqlAvUPYWag_toIxfNw,English World Skills,2024-04-23 14:38:11+00:00,57,27,Education,15600,,,
Og30so72Ceg,9208,1158,16,UCnRAMJhTu7s77QjkJcYpAcQ,JR Tutorials,2026-01-20 15:45:30+00:00,5041,27,Education,2270000,,,
1rj3X5P6qGk,6240,123,1,UCsvqVGtbbyHaMoevxPAq9Fg,Simplilearn,2025-10-06 13:30:03+00:00,39400,27,Education,5930000,,,
ob5o8c0jyBw,5607,157,3,UCsvqVGtbbyHaMoevxPAq9Fg,Simplilearn,2025-07-11 16:00:57+00:00,42755,27,Education,5930000,,,
3lER8MLJAok,16462,94,1,UCXgZEcLCYrY4fkSCRaNo9eg,DSSSB Teaching Exams,2025-01-27 13:41:02+00:00,11,27,Education,1120,,,
PrhnsDOAWco,6410,322,0,UCvh61zu0aiUqSAs25-kA-HA,PADMA CONSULTANCY,2024-01-07 10:00:52+00:00,50,27,Education,72900,,,
o_xrZBED3zs,5067,77,14,UC3WSRSmnwQJsRLOBNY51E9g,Saamajik Guru,2024-07-26 10:31:11+00:00,1151,27,Education,52600,,,
xsR8B3K_w-0,5002,128,1,UCsvqVGtbbyHaMoevxPAq9Fg,Simplilearn,2025-08-20 16:02:51+00:00,29049,27,Education,5930000,,,
8UpMDT7jgZM,5110,129,25,UCPvDKIsrjA_h3g5yZJwCIHA,Tech Classes,2025-05-23 05:30:03+00:00,685,27,Education,95700,,,
-7zAYzSK-oc,4931,205,32,UCY8kgTLO7GitoKuxz4Cw3uQ,AI with Thiru,2025-10-03 13:59:34+00:00,1792,27,Education,23400,,,
c87VkUd-MRg,4486,59,2,UCiMQTd7QjKMUwbmwQTWHGjg,tubetravelstudyfood,2024-05-05 16:12:59+00:00,56,27,Education,1570,,,
jkAzdI3e69M,4396,141,1,UCsvqVGtbbyHaMoevxPAq9Fg,Simplilearn,2025-10-08 21:22:46+00:00,34446,27,Education,5930000,,,
kt08iu-Nx8I,4387,71,17,UCBgomYfd67CiqxjnLHNcnOw,Tejraj Sahu ODIA MU,2024-10-05 06:30:18+00:00,386,27,Education,30600,,,
eSLT-WvTrj0,4309,137,88,UCw6ziCGFOCJvNINIqBlRzWQ,UNIQ Technologies,2025-02-09 12:56:04+00:00,5605,27,Education,135000,,,
PMv1p0d2uYM,3972,109,10,UCKtE_b8bunhlFIrzZMRHlPQ,Gen AI Cafe,2025-07-05 20:15:39+00:00,12175,27,Education,1070,,,
TNWNxHYwhuk,3940,156,1,UCsvqVGtbbyHaMoevxPAq9Fg,Simplilearn,2024-12-30 13:00:36+00:00,39977,27,Education,5930000,,,
zpD09HtrcTc,3876,61,2,UCsvqVGtbbyHaMoevxPAq9Fg,Simplilearn,2026-01-20 03:57:12+00:00,42899,27,Education,5930000,,,
ecM4WeDDPH8,3730,126,1,UCsvqVGtbbyHaMoevxPAq9Fg,Simplilearn,2025-09-10 19:20:32+00:00,42093,27,Education,5930000,,,
DeECMo16aK8,3672,51,4,UCQUfwiydQHf0u4Gb6uT-hyA,Abdul Aziz Ahwan,2024-11-25 13:00:13+00:00,2981,27,Education,40400,,,
fGCfw5CjgB0,6163,49,3,UCb5RQtQS_mt_ZZgnLOqACxQ,Chanky Guidance,2025-09-25 11:50:01+00:00,41,27,Education,1310,,,
TldgXv56bJE,3351,0,0,UCEoIbHgAiOkGMfjbjsh6KQA,Engineering Services Company ESC,2024-04-17 18:25:51+00:00,8,27,Education,6250,,,
cTMiCYJhRRc,3268,39,0,UCiMQTd7QjKMUwbmwQTWHGjg,tubetravelstudyfood,2024-05-06 16:32:02+00:00,58,27,Education,1570,,,
Kr3saqfnzOE,5113,183,3,UCxvt-g7JsPNnEn8tUtZZBBg,Easy Russian,2025-07-10 22:03:18+00:00,30,27,Education,159000,,,
IJFvT2UkVKc,3049,102,7,UCOla252233E8Vvi7V0ekZzA,Al kitab Guide Official (Learn Quran & Arabic),2024-02-25 09:50:24+00:00,443,27,Education,48500,,,
OnL_Y2xrpt4,3088,80,10,UCsvqVGtbbyHaMoevxPAq9Fg,Simplilearn,2025-11-01 05:30:28+00:00,34464,27,Education,5930000,,,
4OddG3IgfNY,2821,0,29,UCGG0EhhRtgHIJcvcUZGNvyg,Vemuri Murty hindi to telugu spoken  classes,2024-12-19 13:00:06+00:00,4339,27,Education,50800,,,
927rG-myiTs,2913,74,21,UCQZ95-fDfG7TMZzwS0tBAMA,Anurag Agarwal Classes,2025-06-24 13:00:19+00:00,905,27,Education,6350,,,
Xw_z6xtbGgM,4014,55,4,UCFUyf-2-xEdN1COItaJ89gQ,LALIT TUTORIALS,2024-09-01 08:08:27+00:00,25,27,Education,974,,,
YEAZwd6T0FI,2785,42,4,UCBgomYfd67CiqxjnLHNcnOw,Tejraj Sahu ODIA MU,2024-12-23 08:41:17+00:00,680,27,Education,30600,,,
n2l2hYOyRDU,7398,80,2,UCnLnIqyZM4UsZq162CEv5pA,"Kamal verma ""Learn dholak"" ",2026-01-16 14:30:44+00:00,21,27,Education,159000,,,
e46T0FEaZTQ,3596,29,0,UCOmD113kR4zohmo7mokC9qA,Study Lovers Medicos,2024-04-18 03:30:28+00:00,61,27,Education,1420,,,
6LHEasAZs_Q,2444,39,0,UCiSthMIxcH2wwEh7Bfg9t-g,Purna Educational Guide,2025-06-14 10:11:01+00:00,178,27,Education,2540,,,
VW0bXyQtw-U,2419,0,0,UCxVt5JZfVy05WuyyYjRR4NQ,Perfect English Grammar,2025-01-14 17:05:37+00:00,16,27,Education,8770,,,
SLGMvqmmoC0,2367,25,2,UCiMQTd7QjKMUwbmwQTWHGjg,tubetravelstudyfood,2024-08-30 13:43:35+00:00,30,27,Education,1570,,,
kpM3hYU80w0,2273,479,19,UCqbTZeCOXZ7cai_kMwEq6gw,Dr.Muhammad Azam Saleem K.E.M.U,2025-01-07 14:25:59+00:00,537,27,Education,1150,,,
XoF7U66_SW0,2093,14,0,UCiMQTd7QjKMUwbmwQTWHGjg,tubetravelstudyfood,2024-09-01 14:06:24+00:00,60,27,Education,1570,,,
jc-5dy3Zi_0,2089,68,1,UCsvqVGtbbyHaMoevxPAq9Fg,Simplilearn,2025-07-30 13:30:41+00:00,29030,27,Education,5930000,,,
HU65s6maHG8,2014,46,4,UC24ELGatjbtDGivcd1pyeoA,تخاريف مبرمج,2023-11-22 18:10:06+00:00,881,27,Education,15600,,,
CaKjhHs5GXA,5115,54,4,UCmnfu1kxc4XSSSEGIFK9uQw,Fluency in Motion ,2025-05-08 18:30:12+00:00,17,27,Education,457,,,
i2eHGvT1mQw,1964,57,4,UCxRbnpleYb2AyI1sPE-BOqA,Madarsa Faizan e madina delhi,2024-10-20 09:19:11+00:00,294,27,Education,49500,,,
f870snbmpvc,1938,36,3,UCsvqVGtbbyHaMoevxPAq9Fg,Simplilearn,2025-09-17 06:28:13+00:00,32554,27,Education,5930000,,,
LYbinHsa9YE,4270,79,0,UCaoBoQGtsLQsGWtZX6eZ6SA,CareShareTec,2024-05-23 13:45:02+00:00,11,27,Education,201,,,
OhfQXhqyFb8,2252,84,1,UCgjOTi9mUB8VxSY8ivB7eMA,JSMTUTORIALS & IIT&Medical Hub Manoj Parghan,2024-11-10 04:54:57+00:00,61,27,Education,4030,,,
UJc_-di9ER8,1787,18,13,UCvBd5wuD3IAwttd47heAFEw,Lucid study,2025-08-02 11:15:02+00:00,1153,27,Education,2030,,,
Qixf8VQehsQ,1898,58,4,UCy0xgMn5DEhuxRMrdVqOJ0w,DESI ASTRO,2024-01-05 16:30:06+00:00,59,27,Education,3980,,,
tLDNpup8l-s,2763,80,1,UC_aYtHo9ynDn1sNeEA1-FCQ,Educationphile,2023-10-04 18:32:14+00:00,58,27,Education,111000,,,
sU9SFT1nAOw,69675478,2232356,4780,UCwVEhEzsjLym_u1he4XWFkg,Finance With Sharan,2023-04-26 09:55:43+00:00,48,27,Finance,3680000,,,
b5BsywkETfU,29745585,1309876,3250,UCPk2s5c4R_d-EUUNvFFODoA,Gohar Khan,2024-04-09 05:15:02+00:00,30,27,Finance,7330000,,,
0iq2fqW-eBU,24610622,959480,1581,UCxTnM9iMhQnTLUvGcwsgaEQ,Sean Pan,2023-09-04 14:47:14+00:00,53,27,Finance,1500000,,,
Er9E4TEtKMM,23088027,1161344,6055,UCRzYN32xtBf3Yxsx5BvJWJw,warikoo,2024-11-19 06:30:03+00:00,37,27,Finance,6840000,,,
wi6JAxKF0KA,22783402,833706,1594,UCxTnM9iMhQnTLUvGcwsgaEQ,Sean Pan,2024-07-04 02:26:26+00:00,60,27,Finance,1500000,,,
64KJuekj5NM,17768678,829604,2043,UCPk2s5c4R_d-EUUNvFFODoA,Gohar Khan,2024-07-18 20:52:19+00:00,31,27,Finance,7330000,,,
P2vPRrQ2Ml4,24639810,548038,6959,UCFBpVaKCC0ajGps1vf0AgBg,Humphrey Yang,2025-03-26 15:00:35+00:00,85,27,Finance,1930000,,,
W1HVKhDldkw,24230817,416338,446,UCuuW36mL3GoZfyy3zkSIjmw,Fintech Neeraj,2025-07-26 12:05:00+00:00,67,27,Finance,374000,,,
U_zy8Ibn1Y8,10604221,187688,262,UC2tHVZt2H06GJgMrrkuvdzw,Boss Wallah (Tamil),2025-01-20 13:38:44+00:00,18,27,Finance,3950000,,,
iQLLna9o_EY,13328486,352987,1819,UCRzYN32xtBf3Yxsx5BvJWJw,warikoo,2024-10-15 07:37:27+00:00,30,27,Finance,6840000,,,
eteBTw31Jzs,10422746,472344,1195,UCRzYN32xtBf3Yxsx5BvJWJw,warikoo,2024-09-03 06:30:13+00:00,18,27,Finance,6840000,,,
vIhmr8Hd-Sw,8578154,317265,4159,UCFBpVaKCC0ajGps1vf0AgBg,Humphrey Yang,2024-04-09 16:00:42+00:00,56,27,Finance,1930000,,,
XYTyO6g9GG8,8076659,359900,699,UCRzYN32xtBf3Yxsx5BvJWJw,warikoo,2024-09-18 06:30:10+00:00,35,27,Finance,6840000,,,
fhIfluJhVRI,14541945,200853,2197,UCtBp5FUvxIQV-3Dn4K_43-A,Basic Gyaan,2025-08-17 15:21:01+00:00,56,27,Finance,1470000,,,
kg3yKc3PN9c,9087205,201466,1991,UCRzYN32xtBf3Yxsx5BvJWJw,warikoo,2025-02-25 06:30:22+00:00,31,27,Finance,6840000,,,
2wJvFPykDrw,6180991,223785,306,UCm3EgGWuCD7MApLuHmWJ8XA,Rahul Malodia Podcast,2023-08-23 14:00:02+00:00,60,27,Finance,2320000,,,
KSb2ZRB8lT0,6376473,288439,839,UCRzYN32xtBf3Yxsx5BvJWJw,warikoo,2024-09-07 06:30:06+00:00,39,27,Finance,6840000,,,
iZ9tPoyezi0,4978965,284573,1075,UCtBp5FUvxIQV-3Dn4K_43-A,Basic Gyaan,2024-01-09 14:46:11+00:00,49,27,Finance,1470000,,,
RU2F1SFuIgM,5177727,93299,594,UC2tHVZt2H06GJgMrrkuvdzw,Boss Wallah (Tamil),2024-02-24 07:30:06+00:00,11,27,Finance,3950000,,,
Exjk1HdJres,9746568,262641,1205,UCxgAuX3XZROujMmGphN_scA,Mark Tilbury,2025-06-01 15:40:37+00:00,16,27,Finance,7740000,,,
45cqtAU5BvE,5426339,261038,1569,UCRzYN32xtBf3Yxsx5BvJWJw,warikoo,2024-02-22 06:30:01+00:00,42,27,Finance,6840000,,,
AbtRjPBIW2g,7543699,337984,494,UCSUwTmHIP_rlCTZeQW2oiEg,Andres Garza,2025-06-14 23:30:04+00:00,55,27,Finance,5350000,,,
gkOCWGIROGI,4421797,175328,1684,UC_eLanNOt5ZiKkZA2Fay8SA,PowerUp Money,2024-07-01 12:45:01+00:00,60,27,Finance,164000,,,
9Bv5FMHF87w,4784952,167130,1129,UCRzYN32xtBf3Yxsx5BvJWJw,warikoo,2024-02-28 06:30:04+00:00,36,27,Finance,6840000,,,
0m0-1jmfJF4,4610438,155371,3464,UCGetiqFX7l-8unkK1LyrG3A,AdviceWithErin,2023-07-03 19:43:08+00:00,49,27,Finance,1050000,,,
o8qLZOxkuA0,7167201,77308,552,UCwVEhEzsjLym_u1he4XWFkg,Finance With Sharan,2025-10-25 12:31:10+00:00,51,27,Finance,3680000,,,
k4wSZ_i5YAE,4040763,83203,1774,UCIHdDJ0tjn_3j-FS7s_X1kQ,Valuetainment,2023-05-28 13:00:35+00:00,17,27,Finance,7120000,,,
YrezhjFnC3o,4119952,230459,1589,UCRzYN32xtBf3Yxsx5BvJWJw,warikoo,2024-12-20 06:30:17+00:00,35,27,Finance,6840000,,,
lNdOtlpmH5U,3470856,97982,6850,UCoOae5nYA7VqaXzerajD0lg,Ali Abdaal,2023-02-26 15:00:26+00:00,1215,27,Finance,6520000,,,
TbBKGxgMPlA,4085375,181257,423,UCo_xHWmMxdodlIufRlZzRPw,DeepakWadhwa.Official,2024-09-06 13:01:05+00:00,61,27,Finance,898000,,,
yPlPACCTXv0,3448576,190418,1777,UCRzYN32xtBf3Yxsx5BvJWJw,warikoo,2024-07-26 08:35:01+00:00,37,27,Finance,6840000,,,
CTbpNp3ptGQ,6476349,194166,848,UCRzYN32xtBf3Yxsx5BvJWJw,warikoo,2025-05-03 06:30:04+00:00,29,27,Finance,6840000,,,
NEzqHbtGa9U,2924902,51428,1190,UCQpPo9BNwezg54N9hMFQp6Q,Nischa,2024-10-20 12:00:20+00:00,604,27,Finance,2070000,,,
u-CMWCkCtws,2882767,107014,254,UCwVEhEzsjLym_u1he4XWFkg,Finance With Sharan,2024-10-23 09:30:22+00:00,57,27,Finance,3680000,,,
C9WXr1hJnaM,5446405,137219,257,UCRzYN32xtBf3Yxsx5BvJWJw,warikoo,2025-07-17 06:30:06+00:00,43,27,Finance,6840000,,,
9MYgHLz8hO4,2862426,194166,87,UCEAAzv2OBqxsSczKJ2QZyGQ,Pushkar Raj Thakur: Stock Market Educator 📈,2024-04-23 12:45:00+00:00,60,27,Finance,14700000,,,
8zWQ9aXmeaY,2567644,50807,1713,UCRzYN32xtBf3Yxsx5BvJWJw,warikoo,2025-01-22 14:30:05+00:00,2009,27,Finance,6840000,,,
p2drlcsaFnY,2674910,144862,1313,UCRzYN32xtBf3Yxsx5BvJWJw,warikoo,2024-04-04 06:30:13+00:00,32,27,Finance,6840000,,,
2U-bBdorhh0,2706191,71598,990,UCRzYN32xtBf3Yxsx5BvJWJw,warikoo,2023-05-11 06:30:00+00:00,39,27,Finance,6840000,,,
NbTXZC-u_SI,4577886,108518,373,UCRzYN32xtBf3Yxsx5BvJWJw,warikoo,2025-10-14 06:30:10+00:00,27,27,Finance,6840000,,,
YFPguWpM_yM,2300739,151856,984,UCRzYN32xtBf3Yxsx5BvJWJw,warikoo,2025-01-16 06:30:13+00:00,34,27,Finance,6840000,,,
r0Xs-Iyz3h0,2586744,68760,931,UCV6KDgJskWaEckne5aPA0aQ,Graham Stephan,2025-02-27 21:00:48+00:00,21,27,Finance,5140000,,,
ouvbeb2wSGA,2028105,124428,3234,UC2UXDak6o7rBm23k3Vv5dww,Tina Huang,2025-01-01 19:00:26+00:00,3737,27,Finance,1090000,,,
1VvTDIx4h8U,2950645,78323,774,UCvqttS8EzhRq2YWg03qKRCQ,Sanjay Kathuria ,2025-02-22 14:30:02+00:00,89,27,Finance,1200000,,,
Da_kzhAvkRw,2000682,58203,1971,UC2DCjFH0taLx6MB4a3pbLmQ,Toby Newbatt,2023-02-01 18:00:06+00:00,888,27,Finance,174000,,,
vJabNEwZIuc,1941934,67791,1275,UCQpPo9BNwezg54N9hMFQp6Q,Nischa,2025-04-28 14:17:32+00:00,3279,27,Finance,2070000,,,
Tp01zWDUcPw,2163886,82609,297,UC2tHVZt2H06GJgMrrkuvdzw,Boss Wallah (Tamil),2024-09-06 14:30:11+00:00,60,27,Finance,3950000,,,
sJ5vvdcg7EM,3495483,56942,252,UCUe21HctLxBkaD4OOHC4cRg,BhavyaMoneyTalks,2025-09-10 13:31:02+00:00,75,27,Finance,77700,,,
FTKhI3tlm9s,1913212,62317,114,UC2tHVZt2H06GJgMrrkuvdzw,Boss Wallah (Tamil),2025-01-29 13:30:16+00:00,58,27,Finance,3950000,,,
gantMCPA_EY,2167907,84741,189,UC2tHVZt2H06GJgMrrkuvdzw,Boss Wallah (Tamil),2024-09-11 14:30:19+00:00,60,27,Finance,3950000,,,
nd1Y8XByTbc,2155032,92917,934,UCRzYN32xtBf3Yxsx5BvJWJw,warikoo,2024-09-01 06:30:15+00:00,31,27,Finance,6840000,,,
DkP7Ew86kvQ,1920962,69062,725,UCg-0FHRCR2ziLX72abJYbIA,The Money Podcast with Neeraj,2024-09-13 06:30:09+00:00,38,27,Finance,96800,,,
F3Q-1W4QEVI,1812979,38258,2092,UCQpPo9BNwezg54N9hMFQp6Q,Nischa,2024-04-21 12:00:11+00:00,458,27,Finance,2070000,,,
c7JJGGDQmEQ,1806622,46905,4157,UC_7HfgK3NI-Z0tf-Ib1d9kw,Steve | Call to Leap,2025-04-06 16:00:48+00:00,995,27,Finance,616000,,,
vlrJOK_X8VY,3536996,87190,231,UCuuW36mL3GoZfyy3zkSIjmw,Fintech Neeraj,2025-09-02 12:05:04+00:00,88,27,Finance,374000,,,
N_K96TNUcBk,3627144,75691,1043,UCdvOCtR3a9ICLAw0DD3DpXg,bekifaayati,2025-09-19 13:30:31+00:00,66,27,Finance,2100000,,,
Fr-USZhHTE8,1785228,164832,168,UCEAAzv2OBqxsSczKJ2QZyGQ,Pushkar Raj Thakur: Stock Market Educator 📈,2023-05-19 08:30:08+00:00,55,27,Finance,14700000,,,
rSVahx9ao8I,1792230,122659,642,UCRzYN32xtBf3Yxsx5BvJWJw,warikoo,2024-12-18 06:27:11+00:00,33,27,Finance,6840000,,,
Q9An1Guxhy0,1713630,29442,2795,UCFBpVaKCC0ajGps1vf0AgBg,Humphrey Yang,2024-06-20 18:00:12+00:00,770,27,Finance,1930000,,,
lp2pDXick9A,2801464,54944,1090,UCwVEhEzsjLym_u1he4XWFkg,Finance With Sharan,2025-08-17 12:31:00+00:00,81,27,Finance,3680000,,,
QjOvbnu50Gg,3226471,75948,245,UC2zVhoKml5z9cGsiptWxCgA,Casper Capital,2025-04-26 20:14:15+00:00,30,27,Finance,1680000,,,
pVboJN7YJ0o,1548937,76374,857,UCxgAuX3XZROujMmGphN_scA,Mark Tilbury,2024-05-07 13:07:07+00:00,1946,27,Finance,7740000,,,
jbGVmNdoJZU,2583033,47816,659,UCLQOtbB1COQwjcCEPB2pa8w,Udayan Adhye,2025-02-26 13:46:47+00:00,51,27,Finance,92100,,,
iCzBVWdNOeE,1519756,44197,2550,UCFBpVaKCC0ajGps1vf0AgBg,Humphrey Yang,2023-01-27 19:30:02+00:00,1360,27,Finance,1930000,,,
KNUklDd2qIA,1784122,70611,248,UCvqttS8EzhRq2YWg03qKRCQ,Sanjay Kathuria ,2024-09-12 14:30:08+00:00,60,27,Finance,1200000,,,
lmwHw9ekoTU,2756570,66125,340,UCRzYN32xtBf3Yxsx5BvJWJw,warikoo,2025-04-14 06:30:33+00:00,38,27,Finance,6840000,,,
JbDT6hV24sk,1648472,80074,476,UCwAdQUuPT6laN-AQR17fe1g,Pranjal Kamra,2023-05-12 07:28:53+00:00,55,27,Finance,6470000,,,
yFXeZApjErc,1997121,55812,963,UCFBpVaKCC0ajGps1vf0AgBg,Humphrey Yang,2025-03-21 19:45:05+00:00,62,27,Finance,1930000,,,
lI2L6DLvQGU,1391806,24241,1169,UCmfl6VteCu880D8Txl4vEag,Finance Boosan,2024-06-22 14:00:50+00:00,5494,27,Finance,594000,,,
jUNlgXnW2Zg,1731433,63847,433,UCRzYN32xtBf3Yxsx5BvJWJw,warikoo,2024-06-06 06:30:23+00:00,39,27,Finance,6840000,,,
WPVXDtdOVrk,1715794,94207,439,UCRzYN32xtBf3Yxsx5BvJWJw,warikoo,2025-02-22 06:30:10+00:00,30,27,Finance,6840000,,,
KgdrjjJsLhA,1482657,71824,265,UCRzYN32xtBf3Yxsx5BvJWJw,warikoo,2024-10-05 06:30:06+00:00,32,27,Finance,6840000,,,
vszkR6Dg9Lc,1266289,25862,1015,UCFBpVaKCC0ajGps1vf0AgBg,Humphrey Yang,2024-04-04 17:45:02+00:00,1035,27,Finance,1930000,,,
uME3j-dATGA,2203060,57387,1887,UC_7HfgK3NI-Z0tf-Ib1d9kw,Steve | Call to Leap,2025-02-13 00:00:42+00:00,58,27,Finance,616000,,,
Nut8IRBvLUM,1603790,51638,610,UCvqttS8EzhRq2YWg03qKRCQ,Sanjay Kathuria ,2024-07-06 06:30:11+00:00,58,27,Finance,1200000,,,
z6714lOiOSo,1326914,52714,141,UCtBp5FUvxIQV-3Dn4K_43-A,Basic Gyaan,2024-01-11 14:31:53+00:00,56,27,Finance,1470000,,,
qFFmKenbcwA,1277838,56238,433,UCRzYN32xtBf3Yxsx5BvJWJw,warikoo,2024-03-31 09:00:37+00:00,33,27,Finance,6840000,,,
XDV8VuCYwLQ,2043655,38070,1023,UCs60_Z83HU76uygzHRQl0kA,Brian Feroldi,2025-05-23 14:19:56+00:00,39,27,Finance,270000,,,
8JBxcKh1k0U,2166594,51420,251,UCxtC0v2kD3DmbKt6Yf5EhOg,avinashpaulfilms,2025-05-15 11:32:00+00:00,44,27,Finance,156000,,,
XD7pHhO5oSw,1107987,17922,1203,UC9C17-OMxa-7oRSaCtztObw,Rob Berger,2024-08-12 14:06:42+00:00,799,27,Finance,291000,,,
gH0iNMgFC7Q,1061033,30291,1760,UCFBpVaKCC0ajGps1vf0AgBg,Humphrey Yang,2025-03-17 18:00:35+00:00,1263,27,Finance,1930000,,,
gMyVHBhDvz4,975624,31410,1150,UCQpPo9BNwezg54N9hMFQp6Q,Nischa,2025-10-23 13:17:32+00:00,699,27,Finance,2070000,,,
Ryt3PqF1c-4,1249199,48342,442,UC_7HfgK3NI-Z0tf-Ib1d9kw,Steve | Call to Leap,2023-09-28 18:34:40+00:00,57,27,Finance,616000,,,
mow4E1UReNc,1364037,39460,221,UCRzYN32xtBf3Yxsx5BvJWJw,warikoo,2024-04-26 06:30:15+00:00,30,27,Finance,6840000,,,
EOs-5J3pEh0,957029,45967,1271,UCPk2s5c4R_d-EUUNvFFODoA,Gohar Khan,2025-01-23 02:15:35+00:00,847,27,Finance,7330000,,,
Gs4CilZfbyc,1410082,62805,855,UC_7HfgK3NI-Z0tf-Ib1d9kw,Steve | Call to Leap,2023-10-04 18:30:08+00:00,49,27,Finance,616000,,,
PXwiPi8W4P4,2100089,21876,49,UCTDd3nU_G1VGAuO5nVYXL_w,Lucky With finance,2024-11-15 02:30:09+00:00,14,27,Finance,2130,,,
MABQ3SbqOI0,1066125,40508,290,UCRzYN32xtBf3Yxsx5BvJWJw,warikoo,2024-02-24 08:12:22+00:00,43,27,Finance,6840000,,,
CHclcSAFDXc,1109927,40900,675,UC0L-sOzlsL-uNrhBysqQZXg,Ravi Wadan - Financial Education ,2023-04-03 18:30:45+00:00,51,27,Finance,30600,,,
8ZSCCZ1YHho,1007285,58782,260,UCRzYN32xtBf3Yxsx5BvJWJw,warikoo,2024-03-08 06:30:02+00:00,43,27,Finance,6840000,,,
i2PARTow-Po,1485649,26788,536,UCFBpVaKCC0ajGps1vf0AgBg,Humphrey Yang,2025-03-30 15:00:53+00:00,32,27,Finance,1930000,,,
YjkoS1mi4PY,880753,12290,826,UCFBpVaKCC0ajGps1vf0AgBg,Humphrey Yang,2024-02-05 19:00:21+00:00,884,27,Finance,1930000,,,
PEosyj13jq0,996429,54925,3114,UCvqttS8EzhRq2YWg03qKRCQ,Sanjay Kathuria ,2024-09-06 14:19:07+00:00,60,27,Finance,1200000,,,
bb6_M_srMBk,843364,20617,2125,UCFBpVaKCC0ajGps1vf0AgBg,Humphrey Yang,2025-01-31 17:30:07+00:00,3118,27,Finance,1930000,,,
g_HtRg01yzw,1355469,43278,640,UC_7HfgK3NI-Z0tf-Ib1d9kw,Steve | Call to Leap,2024-01-05 00:12:25+00:00,61,27,Finance,616000,,,
8cMTsJBmLS8,931119,38589,89,UC2tHVZt2H06GJgMrrkuvdzw,Boss Wallah (Tamil),2024-08-16 14:30:07+00:00,60,27,Finance,3950000,,,
K3EC95K1ACw,1303650,29211,663,UC3owDdLk7HL1dyQnkoBuRew,Leveling Up with Eric Siu,2024-07-19 18:30:14+00:00,59,27,Finance,191000,,,
kBlNM4FmG_Q,1007878,52929,396,UCRzYN32xtBf3Yxsx5BvJWJw,warikoo,2025-03-03 06:30:18+00:00,32,27,Finance,6840000,,,
7YItxulPbfA,897416,27996,588,UCFBpVaKCC0ajGps1vf0AgBg,Humphrey Yang,2025-01-24 16:00:14+00:00,36,27,Finance,1930000,,,
JCnNr58H1cM,1667276,30401,393,UCwVEhEzsjLym_u1he4XWFkg,Finance With Sharan,2025-10-09 12:30:31+00:00,18,27,Finance,3680000,,,
6EPTegsTCtQ,1569564,47454,105,UCRzYN32xtBf3Yxsx5BvJWJw,warikoo,2025-10-19 06:30:08+00:00,44,27,Finance,6840000,,,
GG5BuJtpVvU,846498,15069,902,UCFBpVaKCC0ajGps1vf0AgBg,Humphrey Yang,2024-06-24 16:30:02+00:00,60,27,Finance,1930000,,,
_aGOcSRa2X8,898980,28736,240,UCa8MSxsDY8kaSasMB5GW6wQ,The Mutual Fund Talk,2024-09-16 12:56:01+00:00,59,27,Finance,110000,,,
ss5RE8C8ZcI,1262668,19808,148,UCKpX3kFwKQM5lkL0arVagrw,Ashish & Shrishty: The Finance Couple,2024-06-26 07:45:02+00:00,38,27,Finance,7050,,,
vdBt0zeRRAY,727344,10999,2307,UCwVEhEzsjLym_u1he4XWFkg,Finance With Sharan,2025-05-03 15:06:33+00:00,2279,27,Finance,3680000,,,
eCWDPR8rk3c,700923,13278,1256,UC9C17-OMxa-7oRSaCtztObw,Rob Berger,2024-04-07 11:25:47+00:00,846,27,Finance,291000,,,
GNMIA9LZkb8,863220,35928,768,UC_7HfgK3NI-Z0tf-Ib1d9kw,Steve | Call to Leap,2024-04-09 23:11:36+00:00,55,27,Finance,616000,,,
1sImyYOxYPA,648741,12662,728,UCQpPo9BNwezg54N9hMFQp6Q,Nischa,2025-10-19 12:00:06+00:00,845,27,Finance,2070000,,,
dqFVwgJMUbk,801796,45633,422,UCvqttS8EzhRq2YWg03qKRCQ,Sanjay Kathuria ,2024-12-04 14:35:52+00:00,58,27,Finance,1200000,,,
Dn5tpWXLp-w,622065,32027,1177,UCwAdQUuPT6laN-AQR17fe1g,Pranjal Kamra,2025-09-06 12:57:02+00:00,560,27,Finance,6470000,,,
pwkKfBP0zwA,829837,38329,632,UC_7HfgK3NI-Z0tf-Ib1d9kw,Steve | Call to Leap,2024-08-06 23:00:51+00:00,60,27,Finance,616000,,,
Plb225Et8rw,703444,27526,58,UCmfl6VteCu880D8Txl4vEag,Finance Boosan,2024-10-25 13:55:55+00:00,59,27,Finance,594000,,,
ZZ-e9ZLaWIw,1087680,28630,31,UCtBp5FUvxIQV-3Dn4K_43-A,Basic Gyaan,2024-04-02 14:36:01+00:00,49,27,Finance,1470000,,,
M7YsB_7HC4c,698635,23614,35,UCemR7yjlbItm9FH-WOs5-bQ,Viplav Majumdar (Planyourworld.com),2024-02-01 10:34:36+00:00,58,27,Finance,451000,,,
0JxaCQBPrjI,782533,21646,74,UCRzYN32xtBf3Yxsx5BvJWJw,warikoo,2023-06-13 06:30:00+00:00,38,27,Finance,6840000,,,
cg35BPjxJnA,974494,27881,715,UCgbXT2QuTj4SYxaWCs3vuAw,Your Rich BFF,2025-07-21 14:39:59+00:00,90,27,Finance,1210000,,,
NQRtpKHAv6o,560208,27232,2336,UC_7HfgK3NI-Z0tf-Ib1d9kw,Steve | Call to Leap,2024-07-22 23:30:04+00:00,1559,27,Finance,616000,,,
XBXa8HKFyaE,560504,19209,653,UCRzYN32xtBf3Yxsx5BvJWJw,warikoo,2025-05-24 14:30:17+00:00,1369,27,Finance,6840000,,,
jPUwQqs8U5A,661076,28070,115,UCbWW7i7KnwQfqp6HFg1diFw,Mutual Funds with Groww,2024-10-20 14:30:16+00:00,60,27,Finance,503000,,,
ofO20aho304,567890,21296,103,UCwVEhEzsjLym_u1he4XWFkg,Finance With Sharan,2025-01-27 16:45:55+00:00,47,27,Finance,3680000,,,
VvW1tvzx1kg,904614,25677,48,UCYxR2UHPOQ09Od3eS4PKJkA,CuriouSandeep,2024-03-23 13:45:02+00:00,54,27,Finance,5820,,,
hg0VxBsmvIA,633028,15016,6,UCemR7yjlbItm9FH-WOs5-bQ,Viplav Majumdar (Planyourworld.com),2024-07-28 09:30:18+00:00,47,27,Finance,451000,,,
qSXSX33WNsM,824930,29183,112,UCmfl6VteCu880D8Txl4vEag,Finance Boosan,2024-04-15 09:12:13+00:00,60,27,Finance,594000,,,
Nt9AUp4ef0w,1058282,18187,63,UCWHCXSKASuSzao_pplQ7SPw,Invest Aaj For Kal,2024-10-12 10:30:09+00:00,10,27,Finance,3090000,,,
xhQzvlL5KBk,539675,9168,430,UCxdWHEhEPiYhCADMrn4PdhQ,Fin Tek,2025-10-23 22:01:20+00:00,1088,27,Finance,225000,,,
t80XKhWEmjA,793335,12274,797,UCcDliYrG4q4xc5Ke6KtyV3w,Rob The Investor - Investing In Stocks,2023-06-13 21:56:34+00:00,25,27,Finance,11000,,,
zM5lXX5cj_s,672671,22811,175,UCmfl6VteCu880D8Txl4vEag,Finance Boosan,2024-11-06 12:31:14+00:00,54,27,Finance,594000,,,
TkKhH0yjD5k,535112,12137,395,UCYKwtzEUK4mfpZpvl8u2QTg,Dhairyam Motivation,2025-02-27 16:24:18+00:00,894,27,Finance,566000,,,
IVSVR1m4EL8,519269,13849,592,UC2MU9phoTYy5sigZCkrvwiw,Rahul Jain,2025-09-10 13:30:19+00:00,1045,27,Finance,897000,,,
8i6n5z9OXzM,512137,33710,2508,UCDa21MKyIA2wRdd-g55P5Jw,Joyee Yang,2025-04-12 14:00:06+00:00,680,27,Finance,56800,,,
kUCPJRrsYO0,663839,33354,554,UC8Av1tO-ha143nNYzxmf1Fg,Pierre Dalati,2024-10-29 18:41:02+00:00,43,27,Finance,1760000,,,
tiTNheLg50Q,564547,22435,108,UCmfl6VteCu880D8Txl4vEag,Finance Boosan,2024-10-19 12:24:03+00:00,60,27,Finance,594000,,,
0U1n5xD1u3M,1038377,15023,180,UCLQOtbB1COQwjcCEPB2pa8w,Udayan Adhye,2025-04-05 14:30:00+00:00,47,27,Finance,92100,,,
r3teXG_UJxs,486622,8550,427,UCwVEhEzsjLym_u1he4XWFkg,Finance With Sharan,2025-10-08 14:04:02+00:00,3232,27,Finance,3680000,,,
3r05UGYCSpI,531049,16271,244,UC2MU9phoTYy5sigZCkrvwiw,Rahul Jain,2023-01-16 13:00:03+00:00,60,27,Finance,897000,,,
qsjAYP-ofSQ,664375,27221,673,UCgbXT2QuTj4SYxaWCs3vuAw,Your Rich BFF,2025-10-21 13:52:24+00:00,57,27,Finance,1210000,,,
M4q8c0OF0hY,1783538,10618,230,UCcTp89dkcW3XjGvzuj3EIqA,LAW LESSONS,2024-08-15 15:51:16+00:00,4,27,Finance,4600,,,
qIw-yFC-HNU,465732,11250,356,UC0cd_-e49hZpWLH3UIwoWRA,Professor Dave Explains,2023-09-18 14:00:37+00:00,446,27,Finance,4160000,,,
NrBGpHkRYe4,530790,16860,311,UCFBpVaKCC0ajGps1vf0AgBg,Humphrey Yang,2025-01-26 16:00:25+00:00,48,27,Finance,1930000,,,
XS8iY8mBs3s,877765,19532,649,UCs60_Z83HU76uygzHRQl0kA,Brian Feroldi,2025-06-05 12:19:04+00:00,31,27,Finance,270000,,,
LMyROhFV6zs,491129,13245,515,UCFBpVaKCC0ajGps1vf0AgBg,Humphrey Yang,2023-06-12 16:00:22+00:00,60,27,Finance,1930000,,,
5ne3rJ-kGhQ,633062,27401,279,UCs60_Z83HU76uygzHRQl0kA,Brian Feroldi,2024-12-19 15:04:42+00:00,60,27,Finance,270000,,,
I_G8wmKe8oo,424549,16152,76,UCmfl6VteCu880D8Txl4vEag,Finance Boosan,2024-05-20 13:08:53+00:00,54,27,Finance,594000,,,
VZS8BndES6c,505814,18885,487,UC_7HfgK3NI-Z0tf-Ib1d9kw,Steve | Call to Leap,2024-08-13 23:00:43+00:00,41,27,Finance,616000,,,
s-cfdjVyyq0,447589,8548,53,UC_eLanNOt5ZiKkZA2Fay8SA,PowerUp Money,2024-09-25 13:01:06+00:00,31,27,Finance,164000,,,
l8MZo91MrR4,442814,14900,167,UCw5TLrz3qADabwezTEcOmgQ,Groww,2024-05-26 09:46:00+00:00,57,27,Finance,2450000,,,
5InPzmdyUsk,544522,7735,24,UCKpX3kFwKQM5lkL0arVagrw,Ashish & Shrishty: The Finance Couple,2024-07-16 12:49:00+00:00,40,27,Finance,7050,,,
XqAGwp4_MJI,427500,11257,105,UCw5TLrz3qADabwezTEcOmgQ,Groww,2025-09-21 14:00:59+00:00,78,27,Finance,2450000,,,
cy25k4XiUoI,508880,9241,56,UCbEOz_jA9zc86wPZzhB59kg,Rare Finance,2024-08-24 12:40:13+00:00,19,27,Finance,1580,,,
QvrIvRRD2eI,469818,6927,164,UCg-0FHRCR2ziLX72abJYbIA,The Money Podcast with Neeraj,2024-09-07 08:30:01+00:00,35,27,Finance,96800,,,
CswaAyyTwxw,324610,15670,164,UCxTnM9iMhQnTLUvGcwsgaEQ,Sean Pan,2024-09-13 19:07:44+00:00,36,27,Finance,1500000,,,
PCWkebBVyPY,378907,15661,278,UCFBpVaKCC0ajGps1vf0AgBg,Humphrey Yang,2025-02-08 19:43:44+00:00,51,27,Finance,1930000,,,
p9_48Sa__k0,475999,11831,258,UCmfl6VteCu880D8Txl4vEag,Finance Boosan,2025-10-07 13:51:04+00:00,109,27,Finance,594000,,,
XRZXiI9IcO4,391222,13295,121,UCw5TLrz3qADabwezTEcOmgQ,Groww,2025-05-03 15:01:00+00:00,99,27,Finance,2450000,,,
P2ZdVt0Gr10,263711,19641,76,UCw5TLrz3qADabwezTEcOmgQ,Groww,2023-07-13 13:13:56+00:00,50,27,Finance,2450000,,,
c_mCMuA7VDY,404061,9416,122,UCxtC0v2kD3DmbKt6Yf5EhOg,avinashpaulfilms,2025-04-21 03:32:01+00:00,38,27,Finance,156000,,,
mCCiR1bySuE,345657,6893,213,UCqQE8M4o4WXOyDhB8uGFEmw,Muslim Founder,2024-08-30 21:33:05+00:00,22,27,Finance,40700,,,
0Flzx3reba0,341489,9396,67,UCw5TLrz3qADabwezTEcOmgQ,Groww,2025-09-14 14:03:29+00:00,78,27,Finance,2450000,,,
CPUP5WK-oLY,242364,6753,47,UCLQOtbB1COQwjcCEPB2pa8w,Udayan Adhye,2024-04-22 16:22:55+00:00,52,27,Finance,92100,,,
tjrsB2Au8IQ,399727,4669,79,UCg-0FHRCR2ziLX72abJYbIA,The Money Podcast with Neeraj,2025-08-14 14:30:49+00:00,58,27,Finance,96800,,,
TjEIIYbUrBQ,243535,10614,59,UCmfl6VteCu880D8Txl4vEag,Finance Boosan,2024-04-14 13:02:31+00:00,51,27,Finance,594000,,,
HzYmeyDd9to,335673,14812,112,UC_7HfgK3NI-Z0tf-Ib1d9kw,Steve | Call to Leap,2023-09-20 18:49:59+00:00,55,27,Finance,616000,,,
Ib3O8TO0OXU,277024,6259,121,UCm7xZ9sbqhuARuDDcckh8Jg,INDmoney,2025-06-21 06:39:23+00:00,67,27,Finance,1270000,,,
dhJ4CGVW7nQ,379945,8985,77,UC_be9esvU8RPvMZikqgW_Vg,Financewithmadhav,2026-01-19 12:01:25+00:00,42,27,Finance,117000,,,
434iTN_Vqqk,265144,6709,123,UCLy2oBu8jGx2te6Ge3MDEUw,Enrichwise ,2025-10-15 02:30:47+00:00,145,27,Finance,49400,,,
LgkTgvhglmU,352123,6342,66,UCw5TLrz3qADabwezTEcOmgQ,Groww,2025-04-06 11:00:26+00:00,102,27,Finance,2450000,,,
iWKMS4cUF_8,263352,9675,72,UCXcPmSjgThvZ5U69Z3B8tlQ,5paisa,2025-06-10 04:41:34+00:00,179,27,Finance,1150000,,,
j492dHjZ4z0,303698,8709,34,UCtBp5FUvxIQV-3Dn4K_43-A,Basic Gyaan,2024-05-06 14:37:37+00:00,54,27,Finance,1470000,,,
HN6c5gLFIC0,193012,4342,341,UC9TwYQOO9mAxoF4v8ZioySg,Tom Crosshill,2025-07-09 16:45:02+00:00,2562,27,Finance,173000,,,
unWPUqnNG4U,376514,6726,136,UCkKXEw3uDVHj3fZPmruhEjw,Lenidy,2023-01-30 22:43:51+00:00,40,27,Finance,31700,,,
I2d6Cj8yYJE,341645,10491,42,UCv70BrGTv34_SfcallFFh0w,Millionaire Making Community ,2025-07-20 13:40:01+00:00,178,27,Finance,450000,,,
GHrNR9conig,346122,4080,55,UCeBCQi4OxqRkekDAOln6N0g,WiseBull,2024-06-16 17:30:37+00:00,26,27,Finance,31800,,,
MMU-bdWjz3Y,321513,18621,111,UCfYHvYyFICHwHVO9lHwmiig,Neeraj joshi,2025-08-24 13:19:14+00:00,73,27,Finance,4770000,,,
7o5xpQaQ8zY,197803,7899,58,UCmfl6VteCu880D8Txl4vEag,Finance Boosan,2023-11-04 14:07:48+00:00,53,27,Finance,594000,,,
gPb14krQu3Y,225206,4735,23,UCmapkf4A5883lT90j86WXFg,marketfeed,2025-02-24 13:17:38+00:00,45,27,Finance,546000,,,
PuHQF74gU70,353939,8201,85,UCJbOZAqwsdna6kjBZ0UcJmw,Legacy Investing Show,2025-10-22 18:24:43+00:00,57,27,Finance,552000,,,
CXhwQUAbDLg,245136,5454,8,UCemR7yjlbItm9FH-WOs5-bQ,Viplav Majumdar (Planyourworld.com),2024-07-14 04:30:07+00:00,25,27,Finance,451000,,,
kTIitWtLybs,145944,3229,1487,UC9CKy1ai9qI8p6_Oh0Qa3Rg,Sharique Samsudheen,2025-12-25 14:31:11+00:00,1929,27,Finance,1610000,,,
F8_YVfRyTF4,142041,3238,186,UCgI26KNITusiGOFL6MLz_8Q,Readers Books Club,2025-10-16 05:30:06+00:00,6380,27,Finance,3280000,,,
T8PW5DQDiOo,245430,4151,95,UCwVEhEzsjLym_u1he4XWFkg,Finance With Sharan,2025-10-10 12:30:29+00:00,50,27,Finance,3680000,,,
FAugIucPUaE,167666,11750,68,UCwAdQUuPT6laN-AQR17fe1g,Pranjal Kamra,2025-02-03 13:49:44+00:00,85,27,Finance,6470000,,,
20T9pO42P2I,190896,2140,61,UCR3d3IIJA86Qm4LmyZNc4KQ,Business Asset,2024-06-30 00:26:14+00:00,57,27,Finance,25200,,,
k-ApJ4oSlno,176282,4502,82,UCq2emKYeHbM8rzuGVPUYvDQ,Matt Shoss,2023-09-05 19:03:38+00:00,52,27,Finance,7710,,,
Nmn39ptp2cI,168570,3262,81,UCq2emKYeHbM8rzuGVPUYvDQ,Matt Shoss,2023-09-01 16:02:42+00:00,46,27,Finance,7710,,,
37e71pDR5_U,207419,0,4,UCW-avyIZvPg2meoXk3X4nQA,Finvision by Col Sandeep,2025-08-08 14:30:03+00:00,29,27,Finance,12000,,,
HfoJyfIMvhQ,186158,2057,34,UC548yrl-xGe6xB-rj7hIuPw,Madhur Agarwal,2025-04-07 13:21:10+00:00,53,27,Finance,186000,,,
qRYIv2GXfYo,112937,2689,31,UCm7xZ9sbqhuARuDDcckh8Jg,INDmoney,2025-10-24 07:51:23+00:00,59,27,Finance,1270000,,,
rjQbkkFjBAU,110681,1521,4,UCSY6CSNKpSD0RtlrCG_0SaQ,Finance Mister,2024-07-22 14:00:48+00:00,42,27,Finance,211,,,
lyO83A9qlVU,90225,2484,38,UCFBpVaKCC0ajGps1vf0AgBg,Humphrey Yang,2023-03-04 00:00:24+00:00,43,27,Finance,1930000,,,
T3c_yANf5xs,122254,1587,101,UCMYpziNWcml3Qywk8AKm9AA,Investing with Matt,2023-07-17 21:00:22+00:00,27,27,Finance,6480,,,
XobFtehREck,61654,1702,181,UCg-0FHRCR2ziLX72abJYbIA,The Money Podcast with Neeraj,2026-01-12 14:01:49+00:00,1936,27,Finance,96800,,,
9tPgVd3r-vg,60319,2791,24,UCFBpVaKCC0ajGps1vf0AgBg,Humphrey Yang,2023-03-04 17:00:16+00:00,55,27,Finance,1930000,,,
OiGWEpnYpLE,104272,2595,35,UCw5TLrz3qADabwezTEcOmgQ,Groww,2025-09-13 15:03:11+00:00,62,27,Finance,2450000,,,
ytqCMnxTqpw,52986,2478,39,UCtBp5FUvxIQV-3Dn4K_43-A,Basic Gyaan,2024-03-12 14:43:23+00:00,55,27,Finance,1470000,,,
xP2DRVVkXjI,49272,2059,58,UC_7HfgK3NI-Z0tf-Ib1d9kw,Steve | Call to Leap,2024-02-17 00:13:56+00:00,51,27,Finance,616000,,,
pEZvqz4uSJE,40122,3227,339,UCuDcb5vezBMLWT2UeKGhXqA,Crazy Spider,2026-01-16 14:14:13+00:00,13594,27,Finance,17300,,,
lQ-2Rp5QaH8,51376,4293,292,UCQtxIl2-UXnuCRZkHw7paAQ,Financial Jennifer,2025-04-22 17:53:11+00:00,168,27,Finance,229000,,,
A33U2y9QM8s,80501782,3100802,13655,UC3NJVkGUkPwvWwWpQG-67Ag,FitFix ,2023-06-19 19:00:04+00:00,19,17,Fitness,4410000,,,
fQJ0eiKEjQ8,80072306,3313134,10748,UCsLF0qPTpkYKq81HsjgzhwQ,growingannanas,2023-11-24 18:00:30+00:00,31,17,Fitness,7920000,,,
jaHkKiaXBPE,73539786,843020,2713,UCjF0JtOoea9_eh_tcM6dG2g,senam aerobic,2023-05-03 11:14:40+00:00,12,17,Fitness,461000,,,
ufy9-ETEe1g,53157240,1701950,34860,UCyPYQTT20IgzVw92LDvtClw,Squat University,2024-05-19 14:13:37+00:00,30,17,Fitness,6640000,,,
J4XTyCdYfLE,30746711,606219,2901,UCR5oDhM18tC-xWhZo_EapOw,Kivenro,2024-10-15 17:18:58+00:00,23,17,Fitness,1760000,,,
4qS1AmEKwG0,32421269,359810,639,UCUZ2UNkLRRBE9RV2FW54SIw,Prem Fitness Club,2023-06-09 05:17:30+00:00,9,17,Fitness,621000,,,
QNK-Jkx3aXk,26484528,937538,22176,UC3NJVkGUkPwvWwWpQG-67Ag,FitFix ,2023-05-28 17:30:04+00:00,20,17,Fitness,4410000,,,
cbKkB3POqaY,26431356,413890,11208,UCsLF0qPTpkYKq81HsjgzhwQ,growingannanas,2023-03-13 02:00:07+00:00,1699,17,Fitness,7920000,,,
UmhuIbY99ZA,23472399,682085,1727,UCR5oDhM18tC-xWhZo_EapOw,Kivenro,2024-06-14 14:47:05+00:00,54,17,Fitness,1760000,,,
ffUwzhvX_1M,24550162,395388,899,UCxyBCX9wgmtounAIU8T5pwQ,COMMANDO ACADEMY PHYSICAL,2023-04-26 05:26:56+00:00,54,17,Fitness,10300000,,,
pWxTXqZNTFw,24480932,957529,597,UClrYuzsxFYhYhumQHeiJdFQ,SquatCouple,2024-04-08 05:26:05+00:00,15,17,Fitness,2430000,,,
dPIfbnfFITc,26700440,488310,2051,UCyU_1i2UB0dWa2VXZugfalA,Vitalii Sport,2023-03-04 16:00:29+00:00,6,17,Fitness,357000,,,
SUq6-D_TBVQ,21185874,261301,3619,UCeHDD9_AWF1u7RZ3q1QRRag,Get Fit Fast,2023-05-24 11:30:10+00:00,449,17,Fitness,337000,,,
EJSByUx6Dog,18606979,1152060,2486,UCSvoZtSPcju-jTBwxwh_29A,Ankit Baiyanpuria,2023-05-11 08:03:17+00:00,20,17,Fitness,4720000,,,
BywXS1X2ZcY,24756137,437458,1192,UCUZ2UNkLRRBE9RV2FW54SIw,Prem Fitness Club,2023-04-07 00:17:09+00:00,9,17,Fitness,621000,,,
3fTmWgxifxQ,19192263,290885,1782,UCyU_1i2UB0dWa2VXZugfalA,Vitalii Sport,2023-03-06 16:00:04+00:00,6,17,Fitness,357000,,,
AEBidxFQ3Js,13590911,632675,3820,UCR5oDhM18tC-xWhZo_EapOw,Kivenro,2024-09-08 11:11:42+00:00,14,17,Fitness,1760000,,,
IswoUe3G3G0,14265954,1091397,2099,UCSvoZtSPcju-jTBwxwh_29A,Ankit Baiyanpuria,2023-05-13 11:24:28+00:00,37,17,Fitness,4720000,,,
YD6lNnNvy6M,13504376,436602,1928,UCR5oDhM18tC-xWhZo_EapOw,Kivenro,2024-06-15 14:20:03+00:00,54,17,Fitness,1760000,,,
fwzrdf_ZInw,13529527,620952,4520,UC3NJVkGUkPwvWwWpQG-67Ag,FitFix ,2023-06-11 15:00:29+00:00,17,17,Fitness,4410000,,,
gdTJzQdSkgM,29879491,114007,331,UCanWDVYh2fHlJe3mF5axPDA,Inder,2025-10-25 00:29:59+00:00,12,17,Fitness,73200,,,
pZnaZjkjmtA,13979458,232807,536,UCyU_1i2UB0dWa2VXZugfalA,Vitalii Sport,2023-05-15 14:42:46+00:00,5,17,Fitness,357000,,,
MNd8qDhOOac,16304987,482785,1145,UCI0Q468ouC_dxN07geQ78gQ,ahmad_workout,2023-06-06 12:35:58+00:00,16,17,Fitness,1870000,,,
Yv0jxSsaT_s,20125608,397283,569,UCiaYoUjymXdKcdTKlONUwvQ,Dhiru Bhai 00,2023-01-26 04:30:15+00:00,6,17,Fitness,1000000,,,
KcvEhTOnE7w,5041722,41238,1898,UC9woJ7NZ6oFLphKYT9u_FvA,KrishNick,2024-12-23 13:00:31+00:00,508,17,Fitness,58300,,,
J-pI73Dw0e4,4238386,35270,806,UC_TEzhQ6V12x2HnYpi9KV_A,Aerobic Fitness South Africa,2024-10-28 15:00:21+00:00,2352,17,Fitness,1360000,,,
UIPvIYsjfpo,4570787,84288,2778,UCg8LTugCdsOLuwtd9n0d8kA,Rowan Row,2024-10-02 14:57:04+00:00,1973,17,Fitness,2240000,,,
GPbuWUktZc4,12175671,655753,3296,UCq9DI1Mv2m-bCNL3tsTYRaw,Ashton Hall,2023-01-27 18:42:14+00:00,36,17,Fitness,4880000,,,
_FPoN4fxbh8,21182633,527688,2052,UCA14JWRLRmWLH5MIFyAke4g,King damian fitness,2025-07-04 16:30:25+00:00,60,17,Fitness,201000,,,
677A-OhlpRw,10979633,1006434,5066,UCSvoZtSPcju-jTBwxwh_29A,Ankit Baiyanpuria,2023-04-24 03:27:39+00:00,53,17,Fitness,4720000,,,
sr5DqZbuT04,12509461,403746,2412,UCMp-0bU-PA7BNNR-zIvEydA,Noel Deyzel,2024-11-15 13:58:55+00:00,15,17,Fitness,7660000,,,
7ue_Oh0lBh0,13114026,363860,2558,UCV4mTzNeZvZqte_zLE_3c_g,Denali Gordon,2024-02-05 14:00:04+00:00,49,17,Fitness,86100,,,
N6796hKiF3Y,9416424,527332,3633,UCF9-EnEmbqDZGALBOaVpsbQ,MRLONDON,2023-05-17 18:06:00+00:00,55,17,Fitness,2820000,,,
kUvaXol1P0Q,8740869,207180,481,UCR5oDhM18tC-xWhZo_EapOw,Kivenro,2025-01-23 18:18:36+00:00,23,17,Fitness,1760000,,,
R8rW_xjUzOc,22042562,239658,1225,UCP0gZDnqe3HxwWrxmIzCDOA,Munzfitness,2025-06-08 22:35:29+00:00,7,17,Fitness,106000,,,
iNxlzxJqSok,9033465,371218,873,UCq9DI1Mv2m-bCNL3tsTYRaw,Ashton Hall,2023-04-20 16:55:30+00:00,18,17,Fitness,4880000,,,
X6Jj2h6TXzw,8228538,601469,3603,UCSvoZtSPcju-jTBwxwh_29A,Ankit Baiyanpuria,2023-06-29 05:17:52+00:00,61,17,Fitness,4720000,,,
L-FZZJeuTZk,20072683,245690,877,UCUZ2UNkLRRBE9RV2FW54SIw,Prem Fitness Club,2024-10-01 13:16:33+00:00,9,17,Fitness,621000,,,
uOW5VsQCfPI,6982743,54516,971,UCeHDD9_AWF1u7RZ3q1QRRag,Get Fit Fast,2024-10-09 12:30:50+00:00,934,17,Fitness,337000,,,
uYznyg1D4bc,7061615,431107,3372,UCMp-0bU-PA7BNNR-zIvEydA,Noel Deyzel,2024-05-30 11:55:47+00:00,24,17,Fitness,7660000,,,
Hm6lJe4mwXY,6826592,258893,2894,UCD5Zpc6SVLMUY_2ThHJt94A,MG Fitness media,2023-04-29 04:00:13+00:00,25,17,Fitness,43100,,,
bko8A2byH2c,7507614,251527,406,UCq9DI1Mv2m-bCNL3tsTYRaw,Ashton Hall,2023-02-28 19:02:11+00:00,15,17,Fitness,4880000,,,
f08wZkiEsZQ,6142308,300903,836,UCq9DI1Mv2m-bCNL3tsTYRaw,Ashton Hall,2023-08-10 18:25:58+00:00,35,17,Fitness,4880000,,,
yp7UKH_mBvY,7603826,235670,305,UCerweoBkwQOb_zwx3NfUD1g,Andrew Kwong (DeltaBolic),2023-04-21 19:36:59+00:00,21,17,Fitness,2550000,,,
2WPdaHiFQp8,6931973,290861,967,UCsLF0qPTpkYKq81HsjgzhwQ,growingannanas,2024-06-23 16:59:59+00:00,13,17,Fitness,7920000,,,
ge7PC7uOI8Q,11581247,343392,4649,UCMp-0bU-PA7BNNR-zIvEydA,Noel Deyzel,2025-11-09 16:37:08+00:00,24,17,Fitness,7660000,,,
3oSNRr_gKT4,9330904,245485,516,UCPP3LM7QlMJ41m7g3c44kXQ,ABHI MEHRA FITNESS ,2025-08-13 18:23:25+00:00,61,17,Fitness,38400,,,
wyX_uZ-Dnho,11469656,87292,267,UCUZ2UNkLRRBE9RV2FW54SIw,Prem Fitness Club,2024-10-28 13:49:50+00:00,11,17,Fitness,621000,,,
aqS52AbKFTE,7092942,0,1077,UCVbjTIIOBuhUCU82jGC3CLQ,Workout Akshay,2024-12-30 07:13:42+00:00,31,17,Fitness,298000,,,
BmZd2SgO94k,9114762,146199,419,UCHRIJNvN3tJ4fz3LR7IKQ7A,THE GYM SM,2025-03-25 02:30:09+00:00,22,17,Fitness,186000,,,
zJLTkp-SKhM,8136319,108986,433,UC4Po9siTkcW0Xh6Qlj-gTgQ,Chaman Verma,2025-07-26 03:40:03+00:00,37,17,Fitness,864000,,,
RKqb61-zTyY,4788488,59970,371,UC6vkKAsph6kZuAsC5Q8MVNQ,GYM BODY MOTIVATION,2023-04-06 13:15:09+00:00,233,17,Fitness,2470000,,,
KW_Imfnb-Xo,8988384,166192,250,UClrYuzsxFYhYhumQHeiJdFQ,SquatCouple,2024-05-25 06:10:00+00:00,10,17,Fitness,2430000,,,
63QJT4PZ6DY,10376363,0,296,UCVbjTIIOBuhUCU82jGC3CLQ,Workout Akshay,2025-09-11 12:55:53+00:00,34,17,Fitness,298000,,,
XxuRSjER3Qk,4529519,72764,1394,UCwrXi5ZknKThspJc-Gai04g,Juice & Toya,2023-04-11 15:00:07+00:00,2332,17,Fitness,2410000,,,
S9_stzqYZKs,4915515,381708,441,UCdY62-FmM5cKu9Yf4PY9uGA,SPORTS AND FITNESS TIPS (By Ankit),2023-01-17 13:24:57+00:00,61,17,Fitness,1560000,,,
yI5WVcJaBtI,6260507,136020,5011,UCKpAgWzUDb2UMMQK1tC78OQ,Body By Mark ,2025-10-06 15:12:20+00:00,31,17,Fitness,605000,,,
1oP7yuHwYW4,4428827,224022,1087,UCH_9z5v40C6X9oF3sWzL6BA,Lee Lem,2023-06-20 14:00:02+00:00,60,17,Fitness,727000,,,
knPztFXLdWY,4309774,362141,1076,UCSvoZtSPcju-jTBwxwh_29A,Ankit Baiyanpuria,2023-06-06 06:57:06+00:00,48,17,Fitness,4720000,,,
guA4JvuIECE,7917389,182352,3003,UCSQtZjvYKvd7iwGAc7AYhlg,oliver silva,2025-06-30 03:07:10+00:00,28,17,Fitness,860000,,,
oOjuSWoKLws,12746225,0,174,UCsT9W494rkn-7Ka4ZgA6aOw,Workoutbodyno. 1,2025-02-14 11:40:52+00:00,5,17,Fitness,30800,,,
B6BxifBDkBw,4255331,193153,716,UCtbYqEkfmBqXwOd6a5U4_7Q,MIND WITH MUSCLE,2023-01-06 05:00:07+00:00,40,17,Fitness,1460000,,,
TaBrj6ZuKys,4219792,226698,357,UCaebxrfVje2g0nRQ92D8DfA,Desi Gym Fitness,2023-05-23 01:14:39+00:00,25,17,Fitness,3220000,,,
XNf9MIcR_PM,5513071,198167,3394,UCKpAgWzUDb2UMMQK1tC78OQ,Body By Mark ,2024-03-13 23:27:50+00:00,61,17,Fitness,605000,,,
TsYL4V9kflo,4364461,196248,193,UCPyPGoySB1bXEHABvenKBbg,shivam fitness,2024-05-18 07:25:25+00:00,14,17,Fitness,819000,,,
_EldigduNbs,3806120,14276,0,UCTIwFB4ciFi5ZCIu-VlwaOg,Little Sports,2023-05-29 13:33:21+00:00,1813,17,Fitness,1370000,,,
agLBaS2Lg8I,7079847,145798,1025,UCsLF0qPTpkYKq81HsjgzhwQ,growingannanas,2025-08-13 17:21:27+00:00,18,17,Fitness,7920000,,,
B5RlZK7GzQI,6222267,208040,1279,UC-u8ini4YUZcquBhjiVfIHQ,Krish Static,2025-02-25 13:34:27+00:00,13,17,Fitness,10500,,,
lhLgvypP4BM,4218592,177698,285,UCtbYqEkfmBqXwOd6a5U4_7Q,MIND WITH MUSCLE,2023-08-05 05:11:25+00:00,46,17,Fitness,1460000,,,
ewwxbpJecx4,3549988,122994,2479,UChXRi2xTPZ8J5lznBNuMCOw,Rohit Khatri Fitness,2023-02-20 15:09:49+00:00,798,17,Fitness,5190000,,,
ynUSDCbBTg0,3494016,143653,1520,UC3NJVkGUkPwvWwWpQG-67Ag,FitFix ,2023-05-13 16:00:41+00:00,20,17,Fitness,4410000,,,
_ySroQXjBZc,3485686,110779,1768,UCyPYQTT20IgzVw92LDvtClw,Squat University,2023-05-21 23:49:16+00:00,60,17,Fitness,6640000,,,
OJ7iOAajp3o,9843527,63370,2165,UCcnxPK9ZvAZBLysFBPTpiCA,KC FITNESS,2025-09-15 09:30:13+00:00,8,17,Fitness,613000,,,
z8LFJ3qLXqE,5729483,57813,137,UCa_NRSB8AEcXmW52KvVj9UA,Sai Pooja Yoga,2025-07-26 16:49:11+00:00,25,17,Fitness,100000,,,
aTg_mTEUW78,5500607,126232,482,UCA14JWRLRmWLH5MIFyAke4g,King damian fitness,2025-07-16 16:30:00+00:00,60,17,Fitness,201000,,,
YmUTn8i9yfw,10257902,86918,600,UCfLM71bnqESJPzHqLe_4p-g,WorkoutEndomondo,2024-09-22 18:14:28+00:00,7,17,Fitness,114000,,,
fnXMvxrtS94,2962212,37991,159,UCN8ZbPs-1KR4AcL5MiyvJwA,THE GYM,2023-07-28 12:28:10+00:00,148,17,Fitness,224000,,,
aBJxjFBjrwM,3141363,202276,318,UCtbYqEkfmBqXwOd6a5U4_7Q,MIND WITH MUSCLE,2023-03-06 06:56:31+00:00,47,17,Fitness,1460000,,,
xLpbXcIwQpk,11208106,83447,488,UCkAE83o31Z5vnUMoOEX7-JQ,Fitness pro wings,2025-04-18 08:57:14+00:00,6,17,Fitness,48800,,,
eqoZ7SMfrCg,5639291,58976,223,UC_TEzhQ6V12x2HnYpi9KV_A,Aerobic Fitness South Africa,2024-09-05 04:43:29+00:00,13,17,Fitness,1360000,,,
vvAhqQnKtEM,7962595,42047,155,UCmAzC-1q0mJwGZMltSVyJGQ,Future Workout,2024-10-27 14:01:00+00:00,5,17,Fitness,58600,,,
pN01zIuks3w,3723889,56112,491,UCPB1BYskcCcu7sDysGnWEFA,Blissedhappiness Karina Blackwood,2023-02-13 13:15:02+00:00,7,17,Fitness,364000,,,
xREYhO14l3A,4180525,107228,114,UC8ucsmKDn1ykYqbjhKzIXbg,Cricket Wisdom,2025-03-13 18:00:45+00:00,28,17,Fitness,31300,,,
tkqdqE2I3fs,2694912,47206,279,UCanGaUp9luSTbqkCh9zVUIQ,Workout Health and Fitness,2023-10-04 08:13:26+00:00,359,17,Fitness,56200,,,
bNbxV1c2c1U,3237560,126912,316,UCtbYqEkfmBqXwOd6a5U4_7Q,MIND WITH MUSCLE,2023-06-11 06:48:03+00:00,21,17,Fitness,1460000,,,
K1i_paY6lIU,5142834,39263,61,UCWxjTRVC66ZuWZIl-rF7siw,SAVITA KANADE FIT AAJI 💪,2025-08-23 07:08:18+00:00,26,17,Fitness,86700,,,
2INl7o6EFo8,2788007,127001,471,UCtbYqEkfmBqXwOd6a5U4_7Q,MIND WITH MUSCLE,2023-04-29 07:49:16+00:00,42,17,Fitness,1460000,,,
PAZbLS4aeiw,3666928,71444,114,UCGkyMEtu76HoLvpP7TlabyQ,world fitness,2023-01-24 03:40:36+00:00,7,17,Fitness,15000,,,
eDv9bnz3GT8,2391071,38743,737,UCsLF0qPTpkYKq81HsjgzhwQ,growingannanas,2023-01-23 02:00:11+00:00,1594,17,Fitness,7920000,,,
g6LTM6cVHUc,7830003,61850,233,UC1HYRROrfPmHir1FTk-t9nQ,MS Health Fit,2025-07-06 19:30:08+00:00,9,17,Fitness,60600,,,
6DcZhXJ1zRs,4653947,75970,139,UCR5oDhM18tC-xWhZo_EapOw,Kivenro,2025-08-03 22:13:16+00:00,20,17,Fitness,1760000,,,
88h-BI7fPQA,2299325,41164,1097,UCanGaUp9luSTbqkCh9zVUIQ,Workout Health and Fitness,2023-10-17 09:41:28+00:00,380,17,Fitness,56200,,,
ApwMgBmRzmE,7586944,63729,118,UCDm_BMmSo4ifP50FFOU4EhA,Anupam Chaudhary,2025-06-13 12:22:19+00:00,6,17,Fitness,30100,,,
68dJxKHlhdY,2181076,125414,954,UCyPYQTT20IgzVw92LDvtClw,Squat University,2023-05-15 19:54:00+00:00,59,17,Fitness,6640000,,,
G5YExSjm1bo,2419343,125046,237,UC33GpLZkBcsd8oeG85hBcgg,Gahlot Harsh,2023-01-05 10:12:58+00:00,33,17,Fitness,707000,,,
pExytO7bVzE,5695696,47923,288,UCZy1gZnaSgiZ4zdbHX2CcCA,Fitness Happy Time,2025-07-16 21:30:08+00:00,9,17,Fitness,375000,,,
ZWIagjDMAiI,2605048,70162,1230,UCV4mTzNeZvZqte_zLE_3c_g,Denali Gordon,2023-06-19 16:15:22+00:00,17,17,Fitness,86100,,,
h15_tXek5lY,2053012,20200,534,UCsU-2pgjAOpu933uflxdR9A,Irene mutwiri,2025-08-07 03:56:36+00:00,1339,17,Fitness,468000,,,
CwKwNc4kxjA,4917856,27274,54,UCWxjTRVC66ZuWZIl-rF7siw,SAVITA KANADE FIT AAJI 💪,2025-08-20 02:52:49+00:00,13,17,Fitness,86700,,,
LI4O_tyEDbI,1993812,91798,715,UCH_9z5v40C6X9oF3sWzL6BA,Lee Lem,2023-06-14 14:00:11+00:00,60,17,Fitness,727000,,,
3Za6qiNDxEE,1905829,29657,607,UCrom-lPe2Ekby1kWLOAnL1A,Tabata Songs,2024-05-06 09:00:08+00:00,2463,17,Fitness,1350000,,,
IZrSki_R-5o,4058565,37224,194,UC6DP-Ue2yt8UiTtYGF8oBBA,Fitness Freak RCJ,2025-06-17 06:02:27+00:00,61,17,Fitness,56900,,,
d3ts7yFoavI,2118299,107920,730,UCtbYqEkfmBqXwOd6a5U4_7Q,MIND WITH MUSCLE,2023-04-20 07:36:43+00:00,38,17,Fitness,1460000,,,
cjVgE-afPlc,3525836,74761,257,UC0xtlpfoc3C5hKF_W734dAg,GymNought Fitness,2024-12-27 14:24:08+00:00,13,17,Fitness,81700,,,
XyWjB24g_qs,2223376,98234,239,UCtbYqEkfmBqXwOd6a5U4_7Q,MIND WITH MUSCLE,2023-01-07 06:13:01+00:00,31,17,Fitness,1460000,,,
BprngFvyPc0,2115399,74796,303,UCtBw4N4-EiaAqK9TvZGlGDw,Kinobody,2023-01-03 01:30:06+00:00,39,17,Fitness,771000,,,
v1io7RUEgdY,1726573,29350,374,UC6TSBn2RAx036n04GaN6McA,Eleni Fit,2023-01-04 03:00:18+00:00,505,17,Fitness,2280000,,,
dzut8EbwtMM,4449732,21309,123,UC5eSzXRFA5O8rhjkGL7Jzzw,Aman mate,2023-10-04 06:54:09+00:00,5,17,Fitness,72300,,,
nbBagzZ6sQU,4811544,46231,94,UCy5Twh1oGarUmVSpBaGXXxg,Fitonomy - Get Fit at Home ,2025-04-16 21:00:49+00:00,6,17,Fitness,688000,,,
KeNObkhENKQ,1589276,42502,471,UCZIIRX8rkNjVpP-oLMHpeDw,Calisthenicmovement,2023-01-27 12:00:20+00:00,491,17,Fitness,4280000,,,
afC6n1I1vpM,1848833,67538,144,UCNy9GPNOZaVgVNGK9QwZEoA,Muscle For All,2023-06-03 12:55:43+00:00,34,17,Fitness,174000,,,
yDdhHkAV_yw,2389358,39646,197,UCmgPEDbJDS7cFMeKeV1PB9g,Sudeha Yoga,2023-02-05 13:05:51+00:00,25,17,Fitness,51400,,,
Mb2b97LuoYY,2112524,90452,475,UCus2dbOET-RVte9iUnK62yw,Andrew Linder,2024-02-04 02:00:22+00:00,47,17,Fitness,91500,,,
whKrbsFmQYE,1637294,0,429,UCyPYQTT20IgzVw92LDvtClw,Squat University,2023-03-25 00:17:02+00:00,60,17,Fitness,6640000,,,
VI3muCQbMyo,1527166,15332,367,UCDUlDJcPPOOQK-3UrxEyhAQ,Roberta's Gym,2023-06-09 06:46:22+00:00,1073,17,Fitness,6780000,,,
mtPNNCIIwWU,1663947,43593,256,UCoa5ojNBRIMesizzinT3OBQ,Cheryl Coulombe,2023-06-03 16:00:29+00:00,26,17,Fitness,572000,,,
_oyjxRza6sY,2396476,71697,192,UCJ2wNKY--f8tSQCb6Yds9CA,Muscle Mastery,2023-06-08 01:50:00+00:00,18,17,Fitness,2540,,,
ZD6cVlyPSvg,1525357,136181,394,UCaswSQszj4JrK2d58h5y_Bw,Gymnastics Method,2023-04-01 15:09:49+00:00,56,17,Fitness,377000,,,
vbJxymW5xj0,1398579,25098,286,UCYQvOcj29vIVzouPFKlBAdw,Dan the HIIT Man,2025-02-04 13:01:18+00:00,1232,17,Fitness,98300,,,
5ph9UGM_h8Y,1503078,0,414,UCyPYQTT20IgzVw92LDvtClw,Squat University,2023-03-12 02:11:46+00:00,60,17,Fitness,6640000,,,
EX80e-u0BjM,2451447,60096,97,UC--Iy5b9dPLSit2afAZAAWA,Dhurandhar Singh,2024-08-30 11:30:15+00:00,17,17,Fitness,101000,,,
a5RDfpIW3U8,2736755,54916,164,UCvHCGRGpOI4VGz1OzmzkLaw,WomensBest,2025-01-28 19:00:00+00:00,8,17,Fitness,45500,,,
xUynPSq2abQ,1570668,54088,63,UCiXMxD_c1sYJYJjhPcolzsw,fitnessxercise,2023-06-08 15:12:10+00:00,13,17,Fitness,589000,,,
Vuun5TwFC-s,1326189,16149,75,UCN8ZbPs-1KR4AcL5MiyvJwA,THE GYM,2024-07-10 13:59:28+00:00,254,17,Fitness,224000,,,
daqUfDGVQ_Y,1343126,114967,1785,UC06QJEB1HtLHOoOAjFazwug,Young India Fitness,2023-02-02 02:30:12+00:00,60,17,Fitness,131000,,,
or_ebRUcuGQ,1242785,18832,335,UCcRsTRCvh3PeR1Yog867hqg,Midas Movement,2023-03-07 18:00:19+00:00,1666,17,Fitness,1400000,,,
oPh8OOhzc9o,2787391,57910,301,UCA14JWRLRmWLH5MIFyAke4g,King damian fitness,2025-09-01 16:30:15+00:00,60,17,Fitness,201000,,,
XKBi9fFobds,1256992,65440,995,UCtbYqEkfmBqXwOd6a5U4_7Q,MIND WITH MUSCLE,2023-09-16 07:20:51+00:00,41,17,Fitness,1460000,,,
iwkHmNiooqw,1898080,60234,274,UCcyYJo0QzH1GBIDAADjt7Vg,RaZa Fitness Fusion,2025-12-22 17:37:07+00:00,39,17,Fitness,66400,,,
WyKxq0DawN8,3022753,44023,88,UC8A_sScIu14gpM0CFmcYGBg,Exercise Universe,2025-10-11 05:16:32+00:00,12,17,Fitness,141000,,,
l2S93rMiAbA,1558607,30583,57,UCcRsTRCvh3PeR1Yog867hqg,Midas Movement,2023-06-20 16:39:27+00:00,15,17,Fitness,1400000,,,
YV02T1Vvc0w,1148629,0,36,UCVbjTIIOBuhUCU82jGC3CLQ,Workout Akshay,2023-12-28 10:19:43+00:00,7,17,Fitness,298000,,,
ObSgIMGf70w,3449117,25858,29,UCHW5KIalU67TFaB3cuyBKnw,Mr dk Body fitness,2025-03-28 13:07:12+00:00,9,17,Fitness,192000,,,
h_II9FcSgZ0,1823816,47159,24,UC56IM_-yyVPKwJ9yS__AqLA,Bravo.kfitness,2024-12-03 03:16:09+00:00,40,17,Fitness,3000,,,
JjvGqCGS79Q,1574582,40563,475,UCjA0Fy9MsykXUzuQU97A6qw,Everdance – Chair Dance Workouts for Women,2024-09-22 23:00:08+00:00,12,17,Fitness,105000,,,
mA8pwwrpNUM,2363108,61916,132,UC3Br6v7DI0iu3eA1uZB2tLw,Ishaan Thakur,2025-07-23 12:58:11+00:00,16,17,Fitness,125000,,,
U0ukf6tSen8,1194696,142622,465,UCSvoZtSPcju-jTBwxwh_29A,Ankit Baiyanpuria,2023-04-21 17:34:36+00:00,36,17,Fitness,4720000,,,
Xx45zXIN8u0,1280274,61572,384,UCan3pma_fRcB28ml2mTZPkg,Taichi Zidong,2023-06-23 05:36:35+00:00,9,17,Fitness,942000,,,
JarZJ-Wuw0g,1309833,64519,215,UCk_9MDT0_nW3jHwa5EshkDw,Joe X Fitness,2023-05-07 16:00:11+00:00,46,17,Fitness,256000,,,
8MOR8nCgwiI,1438106,36425,120,UCa_ENgTDV__Qja6ZdLRaHng,An Badminton,2024-12-22 16:13:57+00:00,20,17,Fitness,1270000,,,
OqgjZqlfCQc,1062815,18908,1892,UCiWPU83VmOXjQ6xY0gIrhIQ,fabulous50s,2024-06-18 10:45:03+00:00,1344,17,Fitness,2190000,,,
vSJ7KAvCryQ,1558859,34310,95,UCcRsTRCvh3PeR1Yog867hqg,Midas Movement,2023-03-18 15:00:42+00:00,10,17,Fitness,1400000,,,
i1QA3mEJou0,1321370,45968,122,UCuTVBTUD21DmU-mseaX7JkA,Manish Keshwani Fitness,2024-11-08 06:46:08+00:00,41,17,Fitness,188000,,,
wQdyKJ9t8lc,1126521,68406,115,UCsLF0qPTpkYKq81HsjgzhwQ,growingannanas,2025-01-11 18:04:34+00:00,22,17,Fitness,7920000,,,
ZVLDZIy7vDA,976032,6864,86,UC_TEzhQ6V12x2HnYpi9KV_A,Aerobic Fitness South Africa,2024-04-25 15:00:34+00:00,659,17,Fitness,1360000,,,
EuZpLmjDZSA,1993894,31892,80,UCKEnOMbV1TSQR2Q3CXBnDOQ,Fitness with Akanksha,2026-01-15 14:57:45+00:00,45,17,Fitness,82700,,,
WjEfcLg4ESw,1756235,23206,78,UC_3UK0K1_EsIn56xz9w6GRQ,Train2Burn,2025-04-25 16:30:20+00:00,19,17,Fitness,27300,,,
CVjWS6YlViU,1811882,31370,105,UCa_NRSB8AEcXmW52KvVj9UA,Sai Pooja Yoga,2025-08-24 15:30:00+00:00,21,17,Fitness,100000,,,
r8HftgL7kQk,1207719,40328,77,UCYd7QJfyDrkzC4OSJgIYdkw,Dickerson Ross,2024-09-29 16:00:49+00:00,34,17,Fitness,842000,,,
Li_wYU3zBUQ,1161634,18413,72,UCyU_1i2UB0dWa2VXZugfalA,Vitalii Sport,2023-05-31 14:51:58+00:00,5,17,Fitness,357000,,,
xCi2CkFHG3g,1684540,16252,86,UCRqJa1kWsYppjgGh2EYSybw,SilentCore,2023-05-25 17:14:21+00:00,11,17,Fitness,123000,,,
gmAzwbi4gMI,788973,21038,890,UCFHuc-MpAXeN3McsrgppCnw,Afroletics,2025-08-05 18:00:46+00:00,1488,17,Fitness,52600,,,
PBPB7oSRWG8,2928680,0,108,UCYRyqqZjvV8bZYDzk2b1hPQ,Fasil_fitness,2025-08-17 05:19:01+00:00,6,17,Fitness,23900,,,
kcbkEQ3A0Hs,1515752,44471,141,UCtbYqEkfmBqXwOd6a5U4_7Q,MIND WITH MUSCLE,2025-04-10 07:02:30+00:00,22,17,Fitness,1460000,,,
8x51r4C4Odc,2060955,16832,19,UCc8GAPbZnA8p1ZdmLTAFFUQ,Fitnessfreak Officials,2023-04-21 17:30:00+00:00,6,17,Fitness,1430,,,
0eUY0nTNngQ,831070,39110,454,UCmf6XOv4in6_6eyDYCpWy0Q,Mario Rios,2023-06-25 23:53:19+00:00,27,17,Fitness,439000,,,
3U8GXF4i9xQ,1139999,23608,58,UCtbYqEkfmBqXwOd6a5U4_7Q,MIND WITH MUSCLE,2023-07-25 07:49:33+00:00,23,17,Fitness,1460000,,,
uE1Ry-dR6sA,1448433,44172,63,UC08FLpUCWIBbzELpcGU1-Bw,Yogita Toora,2025-04-29 13:54:27+00:00,16,17,Fitness,78500,,,
rqrLgJADtu4,715437,8123,25,UCN8ZbPs-1KR4AcL5MiyvJwA,THE GYM,2024-07-26 12:30:02+00:00,198,17,Fitness,224000,,,
Q-lbiitmdYI,1161010,32114,178,UCID6Q2Srkdtm14Qm9D-7R1g,jackedaakash,2025-09-12 13:30:21+00:00,23,17,Fitness,139000,,,
8d6d46pGdQM,1459421,10787,49,UCckaWMcsBiZjVfvkRF2jx4w,Train with Dave ,2023-01-25 20:00:03+00:00,12,17,Fitness,9380,,,
WIzTvB5_res,1112597,24222,55,UCxihtmyltarquEFjuXFTPTQ,Gym Obsession,2023-09-09 06:38:33+00:00,22,17,Fitness,1290,,,
VuoSZGjXxX4,1129778,33438,126,UCebqrv7ANFJ8dZzJJ1cjh8Q,Serhiy Moroz ,2023-05-18 18:35:59+00:00,15,17,Fitness,126000,,,
PbtkkwIeH4s,1171912,21603,395,UCe7g99xjR4ygzppDRhOjs3A,Matt fox,2023-09-21 21:10:44+00:00,31,17,Fitness,27500,,,
y9X6dC2J5a8,654325,12466,231,UC4jbUUExSpxviNThUUbSWFQ,CARDIO DANCE WITH CLAU & PATY,2025-03-03 14:00:11+00:00,1811,17,Fitness,2990000,,,
iA-N3hr1DK8,871698,12000,97,UCA5K4IhWMxTTf7n5EhUO9MA,Amazing Fit Life,2024-04-29 10:45:30+00:00,15,17,Fitness,27500,,,
KKXlDGIydps,1187100,0,63,UCVbjTIIOBuhUCU82jGC3CLQ,Workout Akshay,2025-08-11 02:03:59+00:00,32,17,Fitness,298000,,,
K1t-FLe6szc,769078,25643,112,UCCxODoxXrgy7298HxKJ7s0A,OmarFit,2023-04-01 02:30:35+00:00,23,17,Fitness,42800,,,
9dXxp07yoaQ,2184547,12644,225,UCG3pdHMQWZRlmgtGLkBsbDw,Built for Life,2025-08-13 18:00:08+00:00,6,17,Fitness,2790,,,
QfWWaOmwuQc,2348039,16309,25,UCcnxPK9ZvAZBLysFBPTpiCA,KC FITNESS,2025-05-08 05:30:21+00:00,5,17,Fitness,613000,,,
4LYq8DRh4DU,748514,23541,81,UCOpsZxrmeDARilha1uq4slA,Heather Robertson,2023-06-28 13:00:03+00:00,20,17,Fitness,2810000,,,
FOl64Yee7lk,1984328,6086,16,UCg_JXOaN0Hcqt8yiwbZ9xHA,Aesthetic Motivation,2025-07-29 10:00:18+00:00,7,17,Fitness,116000,,,
dmcV5fpFoUo,899789,8734,394,UCr_zzRLDOUOvMwz3ieGpQIQ,The Byte Lyfe ,2023-04-06 02:02:49+00:00,9,17,Fitness,1050,,,
a9ZeF9sVlQg,557279,20412,524,UCaebxrfVje2g0nRQ92D8DfA,Desi Gym Fitness,2025-08-04 14:03:27+00:00,511,17,Fitness,3220000,,,
SAuDAHJSDag,1280140,17540,134,UCtbYqEkfmBqXwOd6a5U4_7Q,MIND WITH MUSCLE,2025-06-26 05:40:00+00:00,11,17,Fitness,1460000,,,
MkIpsTcevP8,952788,18084,164,UC_KSfDEqGwhR6BudKJHyORw,Vera Armishaw,2023-01-26 09:45:07+00:00,16,17,Fitness,51800,,,
F_5YyFfdkT4,1817970,0,33,UCYRyqqZjvV8bZYDzk2b1hPQ,Fasil_fitness,2025-08-11 05:19:01+00:00,6,17,Fitness,23900,,,
uR-ItYlq9-0,1508700,12502,18,UCdode9S3LRyN6tfweJeIvJw,Set Fit Workout,2024-10-14 17:34:42+00:00,6,17,Fitness,2050,,,
wYc_tahbqkk,1601497,13136,43,UCUZ2UNkLRRBE9RV2FW54SIw,Prem Fitness Club,2025-05-19 03:30:49+00:00,8,17,Fitness,621000,,,
C7WeUgF3Ris,493845,13120,124,UC4zFZE3k9CGoTvFHItpVm0Q,Perry Perry,2023-08-31 11:23:49+00:00,8,17,Fitness,3160,,,
bXTAcAG7xmM,1168952,18467,489,UCHQiJ3UNaDMvL8zE6nm4GdA,gainsformen,2026-01-13 14:29:41+00:00,20,17,Fitness,101000,,,
IrjuC3yaQQw,926472,12471,126,UCsPMUnyzVzK9p4bZIbxP2_A,Muscle Herd,2025-06-15 18:30:34+00:00,33,17,Fitness,22000,,,
tmOlk8N80cw,1532367,13167,10,UCFr-icYhHY65AP2mKct8vmA,yoga with yogeshwari,2025-08-25 13:44:25+00:00,7,17,Fitness,122000,,,
_Mt4ZTZHCow,917478,13099,45,UCD1g7ji_oZieKaeU3vMvoQw,FitMom Club,2024-02-06 11:30:18+00:00,13,17,Fitness,6190,,,
v5yzl2jvFkM,809501,12255,117,UCmSEdfW3LpEKyLiCDWBDdVQ,mountaindog1,2023-05-06 12:52:25+00:00,22,17,Fitness,884000,,,
x2XWEcYIrYE,572586,12598,92,UC0xtlpfoc3C5hKF_W734dAg,GymNought Fitness,2023-03-04 05:13:42+00:00,12,17,Fitness,81700,,,
ENdDJqmQcMc,473296,37408,120,UCtbYqEkfmBqXwOd6a5U4_7Q,MIND WITH MUSCLE,2023-03-04 06:44:50+00:00,47,17,Fitness,1460000,,,
fROa6sbcXns,985852,10026,26,UC6I9xtXwwo87Dik1xMPgLdw,RD Fitness Unlimited,2025-12-01 12:28:00+00:00,23,17,Fitness,1620000,,,
j4gjGCTS-O8,1102906,18199,52,UC8A_sScIu14gpM0CFmcYGBg,Exercise Universe,2025-10-03 14:31:14+00:00,15,17,Fitness,141000,,,
YNXTOwueSMg,752462,15085,25,UCAZb6V_lf6NPGBqWGoZmJJA,Dk badminton,2023-01-17 09:41:19+00:00,5,17,Fitness,152000,,,
8rwAqBoczAw,1142362,9889,21,UCg_JXOaN0Hcqt8yiwbZ9xHA,Aesthetic Motivation,2025-07-28 09:00:17+00:00,9,17,Fitness,116000,,,
7qFLWc6QkSE,973814,0,22,UC-Z5-PVcxJpePtPdl7Uyhcg,Amanfitnesswork,2024-09-14 04:24:15+00:00,7,17,Fitness,4260,,,
BkKjMr8njz8,469347,22875,74,UCtbYqEkfmBqXwOd6a5U4_7Q,MIND WITH MUSCLE,2023-07-29 07:15:00+00:00,30,17,Fitness,1460000,,,
Gh9C9pzSSV0,557461,9026,118,UCAhmzTwC-8xoxL8-czI9pgw,v7skills,2024-08-23 11:00:26+00:00,19,17,Fitness,1630000,,,
rI_ETsR6Z7I,733329,10565,58,UCQF3zrPIwc55B6uPAkITf-w,jasu_barmeri ,2025-10-09 14:00:20+00:00,16,17,Fitness,41600,,,
K3gTxqe9txQ,911921,5220,1,UCVuVzM4eEsxxpJ2yACefyxw,Sk fitness sanjay,2024-09-12 07:02:47+00:00,6,17,Fitness,4250,,,
kXTib_X_cfA,541636,12278,130,UCLj9TL6AFYmB1Y4i0GuU0Tg,Level Up 2024,2024-09-27 10:07:27+00:00,25,17,Fitness,1980,,,
08TMuvDoFlk,555431184,7098316,381,UCd-qNPS2rlpYWiRXcMp-N0g,Arina kids,2023-02-17 10:00:00+00:00,11,24,Entertainment,4470000,,,
w9Cny28IndU,338413407,7245279,6553,UCDwhsmzFDLc5hOB6SUglAjg,Neetu Bisht,2023-05-08 08:30:20+00:00,19,24,Entertainment,38700000,,,
seXbnAMreeA,273154943,595831,5328,UCkKDpnzIG29MA--Sh6oOtWg,Busy Fun Ltd,2023-03-24 03:00:24+00:00,497,24,Entertainment,27900000,,,
0gSMrJhFy6o,266275644,4968696,2848,UCeMoY_GwQ326MvedjtCL7tw,mumu Police comedy,2023-07-26 09:33:55+00:00,61,24,Entertainment,2740000,,,
Tcit_TUWHLo,534754318,3023475,0,UC44uXk6I06oQUlDGV3_TD1g,Mom and Kids Creativity,2025-07-19 02:30:21+00:00,32,24,Entertainment,5230000,,,
dCwJeJC-oOc,241652236,7004690,6323,UCPfzFWn0bM2bhEQY7sERz0A,Priyanka tyagi,2023-07-23 11:12:53+00:00,60,24,Entertainment,14600000,,,
3RcKm_2hyLc,209626884,2271893,802,UC96DsPG5v8Bx9OArDoIzA2A,Ateet k xyz,2023-03-06 12:58:25+00:00,16,24,Entertainment,5480000,,,
lRzG3phjmYo,233287213,1769939,2428,UCP15G0y9gSG12qn5CtX9X8A,Mantu Mom Magic ,2024-07-14 12:54:13+00:00,6,24,Entertainment,3450000,,,
Wn1dnpoTWRI,222372983,4036126,11106,UCB_OXHgHiu6oTtLGWNJQ4SQ,Vloger Priya Priyanshu,2023-05-19 00:43:30+00:00,22,24,Entertainment,1610000,,,
TM46aE1XD7w,335791595,0,1223,UCI9S_wY8zMJGdVUadbQyqHg,The Monish Vines,2025-08-21 00:40:00+00:00,47,24,Entertainment,4130000,,,
vrKJLYZ46o0,266546895,2843775,807,UCfIpFdLEnTfkXjcwsiO4dAA,Vijay Kumar Viner Vlogs,2025-03-10 12:55:42+00:00,58,24,Entertainment,25700000,,,
nUsKc3gOxzk,176172781,351043,4006,UCkKDpnzIG29MA--Sh6oOtWg,Busy Fun Ltd,2024-02-07 06:11:00+00:00,512,24,Entertainment,27900000,,,
wT796HgBltw,157725325,3802704,5094,UCPfzFWn0bM2bhEQY7sERz0A,Priyanka tyagi,2023-02-10 05:11:12+00:00,38,24,Entertainment,14600000,,,
qeOdI7Y8bpE,173872980,2144485,2301,UCTyNyVurbvVkHYqcwAynPsg,Director Nilesh Banjare,2023-06-21 05:30:21+00:00,18,24,Entertainment,1150000,,,
d95AqDf5RSw,148855248,3721392,6943,UCcxb3AV6qMB9Htfqyc_eIlQ,Fun with Siblings,2023-06-22 13:22:06+00:00,59,24,Entertainment,2480000,,,
DNV7fa3P2Pg,223024658,2262810,2773,UCDwhsmzFDLc5hOB6SUglAjg,Neetu Bisht,2025-03-27 12:30:10+00:00,53,24,Entertainment,38700000,,,
omVMxK9wN_I,132034709,197015,2646,UCkKDpnzIG29MA--Sh6oOtWg,Busy Fun Ltd,2023-06-28 10:54:08+00:00,512,24,Entertainment,27900000,,,
4U4kOEFNbTg,128461360,4437148,8089,UCq8K2QcYKGFZXSkgJk1AvWA,Sadiq Ahmed Vines,2023-01-15 03:41:41+00:00,60,24,Entertainment,13100000,,,
Ew7T0clzCqQ,155944829,2528941,5649,UCUdJc8_Ah8BYBp4uhP-XO-Q,Nonomen ノノメン,2023-11-03 12:10:00+00:00,23,24,Entertainment,11500000,,,
ek8AJzvMuk0,150507606,1358967,3305,UCJquRn5s6Wl79JLpFtCz7Hw,Funny Club TV,2024-03-08 09:00:03+00:00,13,24,Entertainment,11400000,,,
g7IgGzM2018,131294143,3419281,5573,UCut1Ur1MRUfw2m5d_zj6VAw,Mr Azmaik,2024-02-11 14:58:19+00:00,23,24,Entertainment,23000000,,,
tn6YIkB5DAo,114736141,4010924,1873,UCDwhsmzFDLc5hOB6SUglAjg,Neetu Bisht,2023-05-08 12:36:08+00:00,60,24,Entertainment,38700000,,,
jyr6SSI2xAU,212504807,2069332,1703,UCDwhsmzFDLc5hOB6SUglAjg,Neetu Bisht,2025-04-27 12:31:00+00:00,45,24,Entertainment,38700000,,,
F7gi1J3Tcnk,234166887,869721,0,UCt01CYW2LGF34rNt_OIgOlA,SG Funny Family,2025-05-27 05:31:51+00:00,17,24,Entertainment,687000,,,
9kVx0mK2xh8,109149334,3237495,1051,UCDwhsmzFDLc5hOB6SUglAjg,Neetu Bisht,2023-08-01 08:30:04+00:00,59,24,Entertainment,38700000,,,
PVJNrFZN5Hk,106904084,235116,2555,UCkKDpnzIG29MA--Sh6oOtWg,Busy Fun Ltd,2025-02-03 05:50:53+00:00,545,24,Entertainment,27900000,,,
IqsiXncT6jw,128110518,1704290,1304,UCDwhsmzFDLc5hOB6SUglAjg,Neetu Bisht,2024-05-17 12:30:20+00:00,60,24,Entertainment,38700000,,,
Ebebxfb-hGg,104981571,2880268,1592,UCDwhsmzFDLc5hOB6SUglAjg,Neetu Bisht,2023-08-03 04:30:08+00:00,60,24,Entertainment,38700000,,,
qEbX0d8F7O4,101082961,2833384,1247,UCDwhsmzFDLc5hOB6SUglAjg,Neetu Bisht,2023-05-02 12:30:34+00:00,60,24,Entertainment,38700000,,,
4Ebd4Aixnig,199756462,1895781,3916,UC-AsdovtapbZnNougqi6EGg,SoNeha Vlogs,2025-12-19 05:39:37+00:00,50,24,Entertainment,6320000,,,
2CVzaiZiKA0,127817364,2538361,3580,UCasqu79xEYl4i922Cg9A9JA,Aman Sharma,2025-03-02 05:16:56+00:00,90,24,Entertainment,10000000,,,
kgMEdMT_xYU,98569115,1784254,1800,UCfIpFdLEnTfkXjcwsiO4dAA,Vijay Kumar Viner Vlogs,2023-07-12 04:46:09+00:00,61,24,Entertainment,25700000,,,
4CEU6G3Jwsc,169812282,2068445,2404,UCDwhsmzFDLc5hOB6SUglAjg,Neetu Bisht,2025-05-18 04:30:06+00:00,49,24,Entertainment,38700000,,,
6sVlc_3KMDk,103332826,2148398,1633,UCDwhsmzFDLc5hOB6SUglAjg,Neetu Bisht,2023-10-07 12:30:07+00:00,60,24,Entertainment,38700000,,,
ueY-388H3q8,95844718,3429212,1012,UCDwhsmzFDLc5hOB6SUglAjg,Neetu Bisht,2023-03-01 11:16:25+00:00,60,24,Entertainment,38700000,,,
0TGiVoFRdQU,120173729,1377232,324,UCfIpFdLEnTfkXjcwsiO4dAA,Vijay Kumar Viner Vlogs,2025-03-11 13:25:58+00:00,60,24,Entertainment,25700000,,,
GR_rQKROEGE,196485121,1562672,1834,UCDwhsmzFDLc5hOB6SUglAjg,Neetu Bisht,2025-06-17 12:30:30+00:00,16,24,Entertainment,38700000,,,
1m66KocxhSw,85435619,1911372,3477,UCvWm8zBGRq4Fw-qmaUpzz3A,Ashish Bisht,2023-05-21 08:07:42+00:00,48,24,Entertainment,3550000,,,
pCHev0TM218,156499795,2489231,2023,UCdd2SV03XvhWpZFtF8wRsbQ,The Vaadirat,2025-05-14 04:11:17+00:00,62,24,Entertainment,2170000,,,
so9FlRkPXNw,147113568,0,293,UCxXfSoIarSsYNxheoRxBkSg,Kanish Gahlawat,2025-08-02 05:30:25+00:00,47,24,Entertainment,3120000,,,
Icu0D1TA97c,82266182,3597065,5540,UC6ylikHBX9_es8TIf0vmiUQ,Raj Grover,2023-06-04 11:17:54+00:00,61,24,Entertainment,15000000,,,
N2BDikfGjPQ,88624298,1870343,3038,UCcygKNYhI51f6e6MFJUAzMw,PreemanJ,2024-11-17 00:30:11+00:00,56,24,Entertainment,615000,,,
aNwePA0jUSo,74153544,3243954,1683,UCPfzFWn0bM2bhEQY7sERz0A,Priyanka tyagi,2023-02-02 10:46:45+00:00,60,24,Entertainment,14600000,,,
ZViqgguQHlY,70399842,2190258,2721,UC_cdxikvfl_ntmtW6loibKA,Jomy Production,2023-04-04 08:29:42+00:00,60,24,Entertainment,31500000,,,
Cc3Jb3tK4q8,70133845,101270,1234,UC4B6dDVB0Umrh5l4UgxUtyg,MY FAMILY,2025-06-04 07:34:19+00:00,544,24,Entertainment,19700000,,,
nY8HmPh-r_c,75513497,0,306,UCBKvC2TWrSedladWZtezK8A,Vlogger Ayaan,2023-02-05 01:15:01+00:00,13,24,Entertainment,9620000,,,
8tprnQNDD80,101152660,653468,181,UCIxmdvK-w_8d85KHTnaePAg,SNIGDHA DAILY VLOG,2023-12-22 06:20:27+00:00,14,24,Entertainment,2460000,,,
LYm_76nkVBA,63533147,1814045,807,UCDwhsmzFDLc5hOB6SUglAjg,Neetu Bisht,2023-05-15 04:30:07+00:00,61,24,Entertainment,38700000,,,
QZUNTyNURJQ,122380973,0,111,UCxXfSoIarSsYNxheoRxBkSg,Kanish Gahlawat,2025-10-09 05:30:21+00:00,48,24,Entertainment,3120000,,,
AX4LbqUFOjI,97464132,1119307,943,UCDwhsmzFDLc5hOB6SUglAjg,Neetu Bisht,2025-11-29 04:44:24+00:00,124,24,Entertainment,38700000,,,
J7QX_JeN_IY,58027107,2478261,5628,UCPXQ211d2zbLXFmFr4uy7YQ,vlogger varun,2023-04-29 07:18:03+00:00,60,24,Entertainment,30300000,,,
SzXJGrxdMSs,59830061,1809005,35091,UC2fk5V1M8ecCNZl5isxwBDg,Cole And Abbie,2023-02-06 16:00:30+00:00,10,24,Entertainment,294000,,,
umTHQNAY8k0,56821702,115153,1286,UCkKDpnzIG29MA--Sh6oOtWg,Busy Fun Ltd,2023-01-21 03:00:32+00:00,507,24,Entertainment,27900000,,,
8yY8L36unAw,93661946,786339,1311,UCDwhsmzFDLc5hOB6SUglAjg,Neetu Bisht,2025-06-25 04:30:04+00:00,52,24,Entertainment,38700000,,,
KPG579FKprY,56833782,138863,1172,UCkKDpnzIG29MA--Sh6oOtWg,Busy Fun Ltd,2025-07-30 06:16:07+00:00,458,24,Entertainment,27900000,,,
GZMJoImcMCQ,55722345,1670924,487,UCfIpFdLEnTfkXjcwsiO4dAA,Vijay Kumar Viner Vlogs,2023-03-22 03:52:40+00:00,60,24,Entertainment,25700000,,,
F9jFiCDu1pY,102551518,913842,1543,UC-AsdovtapbZnNougqi6EGg,SoNeha Vlogs,2025-12-02 05:28:35+00:00,71,24,Entertainment,6320000,,,
Bf84y4B8oy0,55276047,124210,970,UCTg4dZw9y4kEzlp2d_VPQ-w,Bidik Fun Tv,2023-08-04 03:00:05+00:00,725,24,Entertainment,2790000,,,
ZGyq8yKLiIE,57599012,1462160,1219,UC8FqLpnbxRNpNmDuxNHuHHA,PR PRESENTS,2023-03-17 13:18:12+00:00,56,24,Entertainment,10700000,,,
dkj7YuApnhc,92627240,1053727,2541,UCW-V3lJDUSz_AccP6rPRUtA,Sejal Gaba,2025-08-29 13:47:02+00:00,68,24,Entertainment,22900000,,,
hWs2-tA5_d4,53352561,1775683,493,UCDwhsmzFDLc5hOB6SUglAjg,Neetu Bisht,2023-03-31 04:30:19+00:00,60,24,Entertainment,38700000,,,
zGHKlK5Napc,52498100,293776,5779,UCl-NbJZzaIUCw2zkQenho1w,Feel Good Movies,2024-10-03 11:57:12+00:00,1301,24,Entertainment,1620000,,,
9z-nsb-JgeM,53084824,1546573,2443,UCDwhsmzFDLc5hOB6SUglAjg,Neetu Bisht,2023-05-25 04:52:53+00:00,60,24,Entertainment,38700000,,,
CbuaWkdICaY,51640554,99940,902,UCe9lO5FQR2lLNBtzU0Swgvg,Fun Tv 24,2023-01-02 11:04:00+00:00,508,24,Entertainment,2800000,,,
WmItV5E1kFQ,101079603,0,374,UCxXfSoIarSsYNxheoRxBkSg,Kanish Gahlawat,2025-08-18 05:30:15+00:00,48,24,Entertainment,3120000,,,
eRNLKO4EAzY,89586602,1054586,2195,UC-AsdovtapbZnNougqi6EGg,SoNeha Vlogs,2025-09-12 05:10:12+00:00,97,24,Entertainment,6320000,,,
gE7qcJFj5ks,48087341,1485303,1842,UCPfzFWn0bM2bhEQY7sERz0A,Priyanka tyagi,2023-03-12 13:29:54+00:00,60,24,Entertainment,14600000,,,
QGhyVqC1sWA,51168296,1225682,4349,UC6QZ_ss3i_8qLV_RczPZBkw,ISSEI / いっせい,2023-05-18 11:30:15+00:00,24,24,Entertainment,71900000,,,
22bMjZ4X-lk,46708954,769013,0,UC1gVb9-zg2cRQhR4WAHjG4A,UNBEATABLE CULTURE ,2023-06-30 13:31:46+00:00,60,24,Entertainment,8580000,,,
Ep2WP4JLgBo,45793687,1532539,1026,UCDwhsmzFDLc5hOB6SUglAjg,Neetu Bisht,2023-05-12 04:30:04+00:00,60,24,Entertainment,38700000,,,
V08QKFeP6_M,45329269,1469975,1065,UCDwhsmzFDLc5hOB6SUglAjg,Neetu Bisht,2023-07-17 12:30:23+00:00,59,24,Entertainment,38700000,,,
Y1-oF2iCXAw,79540988,0,416,UCEFUlt9iN-4mks4_cB0yAPA,Dramatic Love,2025-12-02 13:30:38+00:00,52,24,Entertainment,1910000,,,
WoT3iAYkfNc,74508423,936268,1025,UCdd2SV03XvhWpZFtF8wRsbQ,The Vaadirat,2025-04-13 06:05:52+00:00,70,24,Entertainment,2170000,,,
t5NtIZ4pslA,80005772,941515,2010,UC-AsdovtapbZnNougqi6EGg,SoNeha Vlogs,2025-11-20 10:44:24+00:00,64,24,Entertainment,6320000,,,
Wf8QWjld0F8,42639161,1752716,731,UCDwhsmzFDLc5hOB6SUglAjg,Neetu Bisht,2023-06-25 04:30:11+00:00,60,24,Entertainment,38700000,,,
MzdwoqWCyRQ,41795404,701758,354,UCxi0dzokH2oIL6NfCgqmAsw,Minku Tinku,2023-05-06 07:35:06+00:00,35,24,Entertainment,13400000,,,
x2DKbGCXQSM,41156537,910517,825,UCJfdY5l6_nanNbNR4gL5AXw,SidharthD Bablu,2023-04-23 09:14:49+00:00,15,24,Entertainment,166000,,,
8V0Rg8J4jpo,114405051,367413,143,UCAfiTVtiNYy7qUBwiwI6fIw,THÁNH ĂN TẠP,2025-08-08 11:24:32+00:00,7,24,Entertainment,6390000,,,
cnl9M__S4JI,71187589,797233,3807,UC-AsdovtapbZnNougqi6EGg,SoNeha Vlogs,2025-09-16 10:58:44+00:00,60,24,Entertainment,6320000,,,
BgECSsk3GUM,69518323,428250,0,UCZFPSESmvTf17LCeMlO7hsw,عمو صابر القناه الرسميه,2023-05-07 15:51:29+00:00,27,24,Entertainment,1640000,,,
4g79bFoTPB0,40523324,1193150,2053,UCDwhsmzFDLc5hOB6SUglAjg,Neetu Bisht,2023-07-31 12:30:02+00:00,57,24,Entertainment,38700000,,,
w7grF6OM67A,38596094,527096,71,UC9DwEbs3jffYmflkhZKdw8w,Aarti chauhan 2.0,2023-06-09 04:14:03+00:00,38,24,Entertainment,4190000,,,
Wylo3mO-DQc,38548530,1014407,554,UCfQntAstT6UKlyS9I8lke5A,Sweety pandey,2023-06-16 01:30:20+00:00,53,24,Entertainment,663000,,,
BLnNjhCjrfw,70603140,894530,3428,UC-AsdovtapbZnNougqi6EGg,SoNeha Vlogs,2025-08-08 06:16:40+00:00,57,24,Entertainment,6320000,,,
M0qO9etqIZ8,36524560,940567,4006,UC1gVb9-zg2cRQhR4WAHjG4A,UNBEATABLE CULTURE ,2023-01-08 13:40:00+00:00,60,24,Entertainment,8580000,,,
m1FIAKBMChE,35746537,2057522,2126,UCPXQ211d2zbLXFmFr4uy7YQ,vlogger varun,2023-03-30 06:33:46+00:00,58,24,Entertainment,30300000,,,
8tLEaDuWA6o,61955353,800128,1961,UC-AsdovtapbZnNougqi6EGg,SoNeha Vlogs,2025-09-30 11:00:29+00:00,66,24,Entertainment,6320000,,,
Rvkq9CwDSC8,71191132,363447,185,UCIRdfiaKwBkBXmcjKwbMwgA,MrTeju,2025-06-07 10:30:26+00:00,19,24,Entertainment,2620000,,,
ucHh0ceqlNQ,34789506,1366818,4048,UC1vwfqbzDH_SN3OL1BZjamA,That Marathi Mulga,2023-07-11 12:35:31+00:00,53,24,Entertainment,548000,,,
lwlJmwsG8Kw,45500990,388894,601,UCBKvC2TWrSedladWZtezK8A,Vlogger Ayaan,2023-04-30 01:15:02+00:00,11,24,Entertainment,9620000,,,
wixQ_NPfEYw,57689374,647006,1109,UC-AsdovtapbZnNougqi6EGg,SoNeha Vlogs,2025-10-28 05:15:20+00:00,52,24,Entertainment,6320000,,,
7WKe8zEr0pU,62488390,0,95,UCxXfSoIarSsYNxheoRxBkSg,Kanish Gahlawat,2025-10-03 05:30:07+00:00,47,24,Entertainment,3120000,,,
WHHRpgNf9fU,32057145,910447,4683,UCY-at5vWhDoMJ8y0kIPFwDA,Azhan5star,2023-05-22 14:33:13+00:00,60,24,Entertainment,32600000,,,
4_nHSOimMfo,33158315,921767,1719,UC8FqLpnbxRNpNmDuxNHuHHA,PR PRESENTS,2024-04-23 14:33:44+00:00,42,24,Entertainment,10700000,,,
W5jpJyCioz8,52814206,482183,1012,UCDwhsmzFDLc5hOB6SUglAjg,Neetu Bisht,2025-03-23 04:30:16+00:00,23,24,Entertainment,38700000,,,
p_680kZfNfk,48126757,650451,1317,UC-AsdovtapbZnNougqi6EGg,SoNeha Vlogs,2024-05-24 05:09:01+00:00,42,24,Entertainment,6320000,,,
smZsGyXfS6o,59577675,261383,353,UCx7rNJzsHPIpiBxSeC7LUnw,Rajat Lapra,2025-07-18 12:15:09+00:00,28,24,Entertainment,2010000,,,
tBGnB6i2Gus,30840987,891547,319,UCthYQycNvy1TfeTzzR4S2dA,Ajay Sharma,2023-07-21 14:29:13+00:00,60,24,Entertainment,23500000,,,
wGS5FnfAamk,63133185,390688,373,UCJVYk4hcd39g0TluBH1W-Rw,Fun With Preeti,2025-09-06 01:30:39+00:00,18,24,Entertainment,1700000,,,
nxXtf7IGUDk,36883346,0,64,UCBKvC2TWrSedladWZtezK8A,Vlogger Ayaan,2023-03-21 01:15:01+00:00,15,24,Entertainment,9620000,,,
OxpEE5txTHM,58101922,0,141,UCxXfSoIarSsYNxheoRxBkSg,Kanish Gahlawat,2025-10-20 05:30:24+00:00,47,24,Entertainment,3120000,,,
do9zL9C3F0g,29267378,67274,750,UCkKDpnzIG29MA--Sh6oOtWg,Busy Fun Ltd,2023-03-30 03:00:14+00:00,543,24,Entertainment,27900000,,,
Y1SRK4M-3Yc,63223832,1160016,9535,UCBhk5IGscWGP53VhaOs8Apg,Valuetainment Comedy,2025-08-21 20:38:27+00:00,17,24,Entertainment,954000,,,
cc8_U-a8Lmk,30029493,1496783,472,UCDwhsmzFDLc5hOB6SUglAjg,Neetu Bisht,2023-04-04 04:42:22+00:00,60,24,Entertainment,38700000,,,
O9L-Zo6QHIQ,37036856,634632,244,UCk0wP3o4Lx35mShOj2WYVoQ,Ruk Jao,2025-01-26 15:15:02+00:00,56,24,Entertainment,6110000,,,
OdK8gKEoLvc,51150194,0,159,UCxXfSoIarSsYNxheoRxBkSg,Kanish Gahlawat,2025-07-07 05:30:23+00:00,47,24,Entertainment,3120000,,,
QH5TdUlbP7U,30126815,690017,414,UC8FqLpnbxRNpNmDuxNHuHHA,PR PRESENTS,2023-03-07 13:26:09+00:00,59,24,Entertainment,10700000,,,
gZ9hwKEQMYI,58420927,448872,585,UC8FqLpnbxRNpNmDuxNHuHHA,PR PRESENTS,2026-01-06 14:54:51+00:00,43,24,Entertainment,10700000,,,
vmZxP52xBHc,28304020,873838,403,UCDwhsmzFDLc5hOB6SUglAjg,Neetu Bisht,2023-05-13 04:30:13+00:00,60,24,Entertainment,38700000,,,
9RA9Kf48JVc,46059904,422626,170,UC7IB2MLW9u-uJ0Dtm37sepg,RAZIKA ABAAN OFFICIAL,2025-08-07 05:48:12+00:00,44,24,Entertainment,10400000,,,
Oo87PclWGoQ,27213772,0,1078,UCi3MAWavUCdKqjpiqqUSqMQ,Amishaforyou,2023-05-10 07:37:10+00:00,47,24,Entertainment,13200000,,,
W8ZllC410Zg,59014496,264982,63,UCx7rNJzsHPIpiBxSeC7LUnw,Rajat Lapra,2025-07-06 06:05:00+00:00,22,24,Entertainment,2010000,,,
dLkT5JzcSXw,60256199,229477,43,UCIRdfiaKwBkBXmcjKwbMwgA,MrTeju,2025-04-17 15:30:20+00:00,10,24,Entertainment,2620000,,,
vrvItnKNS20,26005346,320322,110,UCRB2hKvWLUpti6m_n8JJbSg,Brijesh World Shorts,2023-05-03 14:18:05+00:00,16,24,Entertainment,2140000,,,
kLIY3Kx_x04,47820210,260001,430,UCEmCO-f56zrCMYT7FFRy1wQ,adarshsharma00,2025-09-22 14:30:47+00:00,31,24,Entertainment,1070000,,,
gygyLXecgG0,43133318,988040,2489,UCtAXJ4DNpshfVjLIMq9pIRw,Rohit & Kanupriya,2025-07-05 13:30:49+00:00,71,24,Entertainment,3200000,,,
liOkYeRZ-uM,25541706,777067,816,UC8FqLpnbxRNpNmDuxNHuHHA,PR PRESENTS,2023-06-26 14:08:31+00:00,48,24,Entertainment,10700000,,,
frPYoKYQOjA,24889347,465772,469,UCZsohghaolvqquHtIUJBqjg,Trishika Rimpa,2023-06-11 07:25:00+00:00,54,24,Entertainment,4840000,,,
Ir5_JexdayE,24993346,364866,450,UC-0iHnlTcSOJH5txb9C_fXA,Sachin Kalakar 🎭,2023-02-27 07:37:03+00:00,29,24,Entertainment,81600,,,
0GPqbJdE3xE,43293647,458888,501,UCHhWeT6ZXqrTM3ezVyBmBZg,Gray,2025-07-20 06:50:01+00:00,46,24,Entertainment,1450000,,,
RRDWZyZeJ3o,23704965,1738224,2201,UCPXQ211d2zbLXFmFr4uy7YQ,vlogger varun,2023-05-06 07:21:13+00:00,58,24,Entertainment,30300000,,,
A-cYwksNfbI,25340119,1199546,340,UCUEQ2_uz-3p9aEhvwlK3VdA,Madrasi,2023-05-22 07:01:50+00:00,58,24,Entertainment,4240000,,,
qHHZ59M9cGo,23413240,43123,579,UCkKDpnzIG29MA--Sh6oOtWg,Busy Fun Ltd,2025-02-21 04:26:55+00:00,496,24,Entertainment,27900000,,,
9tp42bFqzwg,35392365,519813,0,UCdgXGYXOfmsV9irGq4q0-7Q,The Couples Hub,2024-03-30 12:54:21+00:00,19,24,Entertainment,5700000,,,
6F0qXldSypg,23871361,1095665,2013,UCwV65zx2c8rCL8NhARci1Hw,Trending Theeviravadhi,2024-03-22 14:43:24+00:00,60,24,Entertainment,7070000,,,
w9nJ0cjOSpk,24026491,934968,398,UCL0pM5-vrLp3Oy9PXzpqXpA,prashu__baby,2023-01-17 06:35:17+00:00,60,24,Entertainment,11900000,,,
0rNhjjqXDhw,40263579,552756,2082,UC-AsdovtapbZnNougqi6EGg,SoNeha Vlogs,2025-09-23 05:14:33+00:00,61,24,Entertainment,6320000,,,
E4PSGR00ovM,39009119,420868,1798,UC-AsdovtapbZnNougqi6EGg,SoNeha Vlogs,2024-11-22 12:00:24+00:00,28,24,Entertainment,6320000,,,
BPnoebQ78Fk,22584512,866908,1001,UCFgt49SDtn2xXmkPy0bguzg,Troll Boy Channel,2023-08-21 09:30:04+00:00,60,24,Entertainment,8740000,,,
wGcA2kn6PrE,22200026,953605,646,UCL0pM5-vrLp3Oy9PXzpqXpA,prashu__baby,2023-03-22 13:55:32+00:00,60,24,Entertainment,11900000,,,
I4u6Ku76gVU,23050839,871756,791,UC2ViPu8EVMP8Eo1Ob7yWEkg,NRFM-VLOGS,2023-01-02 12:30:30+00:00,57,24,Entertainment,12600000,,,
26lJT6pu_jQ,25379453,789820,1474,UC2ViPu8EVMP8Eo1Ob7yWEkg,NRFM-VLOGS,2024-04-02 13:30:14+00:00,59,24,Entertainment,12600000,,,
vyB8BE8q67Q,22080801,875608,1794,UCL0pM5-vrLp3Oy9PXzpqXpA,prashu__baby,2023-01-21 05:56:53+00:00,60,24,Entertainment,11900000,,,
W6EHPFVbfSQ,26539446,685033,634,UCoY_p16GEbOQPgES1-wXpYg,ETV Dhee,2024-07-13 12:30:31+00:00,43,24,Entertainment,12700000,,,
8toxpVtCBGA,22766551,759231,844,UC1gVb9-zg2cRQhR4WAHjG4A,UNBEATABLE CULTURE ,2023-01-09 13:30:02+00:00,60,24,Entertainment,8580000,,,
8mf2Tr9x_m4,21788008,572538,753,UCgcZAqxnac2aRcPsi4p4-JQ,Maizabeen Shaikh ,2023-05-15 15:07:35+00:00,37,24,Entertainment,1630000,,,
OP-lDQqwqX8,41673037,606725,1540,UCUzvW98UhwyHcmUe5mRkjHQ,Lakhneet Vlogs,2025-04-27 13:21:24+00:00,21,24,Entertainment,11600000,,,
8iuPBdZlBTI,40049439,0,134,UCxXfSoIarSsYNxheoRxBkSg,Kanish Gahlawat,2025-09-29 05:30:08+00:00,49,24,Entertainment,3120000,,,
FC0YY6nENxE,20950016,717128,1677,UCREIHrEZ0tWPeILgizxsxgQ,Musa In SHORTS ,2023-05-05 04:40:58+00:00,60,24,Entertainment,11800000,,,
O310x2kcYk8,22126547,807678,2391,UC1gVb9-zg2cRQhR4WAHjG4A,UNBEATABLE CULTURE ,2023-07-29 13:30:08+00:00,60,24,Entertainment,8580000,,,
MR1bdFP0MXk,49820580,202021,343,UCRew7VVTjsgpztOQhbWuEpg,Canal Kimberlly e Kyann,2025-06-20 02:05:00+00:00,9,24,Entertainment,9570000,,,
GcY75mKRbdY,20360909,658988,740,UCL0pM5-vrLp3Oy9PXzpqXpA,prashu__baby,2023-05-24 12:38:06+00:00,60,24,Entertainment,11900000,,,
L64Xo3KJdaM,37145854,257732,711,UC1VFnCX_G7CCMmzCI9r3jNQ,James Libang,2025-07-05 08:11:06+00:00,39,24,Entertainment,683000,,,
IlO2vvpA1DE,19426091,25725,438,UC4B6dDVB0Umrh5l4UgxUtyg,MY FAMILY,2025-09-10 10:05:26+00:00,523,24,Entertainment,19700000,,,
lq3is3hOPiM,36053797,323064,2074,UC-AsdovtapbZnNougqi6EGg,SoNeha Vlogs,2025-05-14 09:23:19+00:00,25,24,Entertainment,6320000,,,
HPazYLThdHE,19504131,0,0,UCt-biaElzq8fq5u5pj5cOZA,Asif dance ikon,2023-05-19 13:44:50+00:00,34,24,Entertainment,261000,,,
XPx_U-Gw5II,23491618,632338,1055,UC1-BQ2oxqBVtCjMHF-Wf98w,Kapil Sharma,2024-12-12 07:12:27+00:00,14,24,Entertainment,9960000,,,
fo8_p6iKWv8,24128532,0,1392,UClyw32fdzLCsqbkfzhdrtXA,Keshav Shashi Vlogs,2023-05-17 15:30:10+00:00,37,24,Entertainment,17900000,,,
JoBs_AVR9Kc,28010664,431266,3015,UC-AsdovtapbZnNougqi6EGg,SoNeha Vlogs,2025-10-20 05:21:27+00:00,61,24,Entertainment,6320000,,,
HesD2ct0D_A,27752275,816418,1030,UC2ViPu8EVMP8Eo1Ob7yWEkg,NRFM-VLOGS,2025-07-12 13:30:14+00:00,98,24,Entertainment,12600000,,,
h0thHPOW3Hg,18105214,778196,323,UCYFPzRnPm4GuoDU1N4NkHzQ,The Thoughtful Girl,2023-03-04 04:30:19+00:00,61,24,Entertainment,11500000,,,
O4kEBPx-3SU,19179201,444262,364,UCHGax7YcKkxALK5UFPmu8cA,Thawfeeq Times,2023-08-02 11:05:06+00:00,58,24,Entertainment,3020000,,,
zWr0-UPyVVs,19345299,528188,1006,UCDwhsmzFDLc5hOB6SUglAjg,Neetu Bisht,2024-01-15 12:30:40+00:00,60,24,Entertainment,38700000,,,
YBC5OMlto6U,18339209,396322,453,UCpEhnqL0y41EpW2TvWAHD7Q,SET India,2023-04-27 13:45:04+00:00,55,24,Entertainment,188000000,,,
oJvxIwEykgQ,18320962,709290,637,UCL0pM5-vrLp3Oy9PXzpqXpA,prashu__baby,2023-03-21 13:40:47+00:00,60,24,Entertainment,11900000,,,
p2Xe1YF4Kps,33452905,0,56,UCxXfSoIarSsYNxheoRxBkSg,Kanish Gahlawat,2026-01-12 05:30:23+00:00,47,24,Entertainment,3120000,,,
4x2JQRdv7Us,22122015,602281,1171,UC2ViPu8EVMP8Eo1Ob7yWEkg,NRFM-VLOGS,2025-03-18 11:29:24+00:00,60,24,Entertainment,12600000,,,
h5axhbc8ub8,17528575,715270,749,UCL0pM5-vrLp3Oy9PXzpqXpA,prashu__baby,2023-02-01 12:49:39+00:00,60,24,Entertainment,11900000,,,
aFhsTXKfVcA,32823795,723366,327,UCbNFYkTWQVUTs_n5Hqbt8bg,Imsubu Official,2025-10-25 14:30:30+00:00,64,24,Entertainment,7110000,,,
zqWHiHKh7lA,15517104,96348,2328,UCpTILQ0MwpwiUtv9f0H8EhA,Palli Gram TV,2024-06-02 11:03:38+00:00,618,24,Entertainment,17500000,,,
CX95YzWQmx4,20787669,497710,547,UC-siiXNolEtYBQFXe6tCXnw,ismail0102,2024-07-04 13:37:39+00:00,27,24,Entertainment,4680000,,,
hTWUWx-ePqg,17797595,308503,232,UCGc_UsstlIt3E3XuyJxGH4w,Maithili_Sreetan,2024-09-04 04:57:55+00:00,60,24,Entertainment,3720000,,,
POI8BSfwAz0,16486423,871633,1114,UC2ViPu8EVMP8Eo1Ob7yWEkg,NRFM-VLOGS,2023-01-17 12:29:34+00:00,60,24,Entertainment,12600000,,,
8DOJQagwbh4,29874392,0,46,UCxXfSoIarSsYNxheoRxBkSg,Kanish Gahlawat,2026-01-10 05:30:09+00:00,48,24,Entertainment,3120000,,,
tKbMTt-yD_I,26164910,223204,0,UCHGax7YcKkxALK5UFPmu8cA,Thawfeeq Times,2025-01-07 11:26:20+00:00,39,24,Entertainment,3020000,,,
0ppNhuSPkWE,30211677,0,74,UCxXfSoIarSsYNxheoRxBkSg,Kanish Gahlawat,2026-01-09 05:30:02+00:00,47,24,Entertainment,3120000,,,
ivFGReq8eGE,19260926,0,44,UCBKvC2TWrSedladWZtezK8A,Vlogger Ayaan,2023-03-15 01:15:04+00:00,14,24,Entertainment,9620000,,,
brwtmwPwT_s,31745611,507381,534,UC43FtzoqAtvCIZ5dJKkNhmg,Zee Cinemalu,2025-05-04 11:14:20+00:00,38,24,Entertainment,6250000,,,
ZO5uXwZNKyA,14592243,657161,428,UC7U8NDlrRMeIPh1HJW6n3BA,RKR vines,2023-04-19 10:15:04+00:00,61,24,Entertainment,12500000,,,
cJQ8m5qj2sg,15207638,716424,1054,UC2ViPu8EVMP8Eo1Ob7yWEkg,NRFM-VLOGS,2023-01-08 12:30:04+00:00,60,24,Entertainment,12600000,,,
6EnMcHS3WW4,14272868,0,3152,UCw0re2gDDwxYdSk3LKRm_NA,Nonsane,2023-07-11 14:18:20+00:00,17,24,Entertainment,305000,,,
yCknooopMzI,14161189,34509,441,UCkKDpnzIG29MA--Sh6oOtWg,Busy Fun Ltd,2023-05-29 02:00:17+00:00,484,24,Entertainment,27900000,,,
IvyA5WdZZ60,18227565,530009,431,UCdgXGYXOfmsV9irGq4q0-7Q,The Couples Hub,2024-07-13 12:43:16+00:00,34,24,Entertainment,5700000,,,
Hs66_2lOiKI,24242231,0,131,UCbRyLqkxjOTyk4eCsb7UPKQ,Fool Boys 2.0,2025-09-22 02:40:51+00:00,106,24,Entertainment,2910000,,,
U9NbULjMF5Q,23865566,321940,463,UCSgVw2iWODCXSlVZA0SO86g,Allari Aarathi,2025-04-27 02:30:19+00:00,66,24,Entertainment,7370000,,,
17zu3o_vcm4,24252358,319924,533,UCSgVw2iWODCXSlVZA0SO86g,Allari Aarathi,2025-09-04 02:30:03+00:00,93,24,Entertainment,7370000,,,
DFa4cfCmRCY,13390860,577729,1254,UC1gVb9-zg2cRQhR4WAHjG4A,UNBEATABLE CULTURE ,2023-02-16 13:30:05+00:00,60,24,Entertainment,8580000,,,
6kGe6EAV1zY,13045324,340035,353,UC1qkoKXQTYTgTIuF7rl4CtA,GupShupp,2023-05-09 14:19:28+00:00,59,24,Entertainment,3520000,,,
6Xo9lcmV9uE,12685492,53706,702,UC_yOmsM3H9shTpLLiQ62FuQ,Haste Raho Bhaiya,2024-11-09 12:30:04+00:00,3238,24,Entertainment,798000,,,
p0cM_nKz_Nk,17358590,316726,473,UCSgVw2iWODCXSlVZA0SO86g,Allari Aarathi,2024-08-11 10:30:19+00:00,60,24,Entertainment,7370000,,,
JFo86xyZTTc,14201159,257247,1082,UCu0y1MGaHpIlmToWuZ-UNUw,crazy boy rajashekhar,2024-02-04 10:52:43+00:00,45,24,Entertainment,723000,,,
r32pwz3NSEc,12494017,16831,104,UCd-qNPS2rlpYWiRXcMp-N0g,Arina kids,2023-06-08 20:00:28+00:00,9,24,Entertainment,4470000,,,
9brzWGqRmXU,12294607,599618,629,UCi3MAWavUCdKqjpiqqUSqMQ,Amishaforyou,2023-05-05 07:00:02+00:00,27,24,Entertainment,13200000,,,
OtTxa5mNHxU,11975685,325972,441,UCSgVw2iWODCXSlVZA0SO86g,Allari Aarathi,2024-01-13 04:30:09+00:00,60,24,Entertainment,7370000,,,
AmTdNKcSyMY,21609332,413625,191,UCoY_p16GEbOQPgES1-wXpYg,ETV Dhee,2025-07-25 13:45:01+00:00,45,24,Entertainment,12700000,,,
5ujWT64z20g,25595010,208832,265,UCwLJ2iyouNwECeIlDIrZIPw,Son And Dad,2025-10-17 05:00:17+00:00,23,24,Entertainment,6440000,,,
jVL2eKHb4B8,11984305,489251,1385,UC1gVb9-zg2cRQhR4WAHjG4A,UNBEATABLE CULTURE ,2023-02-04 13:30:28+00:00,59,24,Entertainment,8580000,,,
W-l9PhgCZEQ,19890190,176138,475,UCt84xR0MOt4TqFyMKN1-IBg,Anjalee Rajput,2025-06-09 10:46:00+00:00,55,24,Entertainment,541000,,,
ORD4y7ugNoY,19805778,206385,411,UCSgVw2iWODCXSlVZA0SO86g,Allari Aarathi,2025-05-27 02:30:18+00:00,52,24,Entertainment,7370000,,,
QfzEiFIsorI,19966523,440705,847,UC2ViPu8EVMP8Eo1Ob7yWEkg,NRFM-VLOGS,2025-05-01 11:30:05+00:00,59,24,Entertainment,12600000,,,
Gd6ExW8cDfQ,21297484,325466,440,UCKKeYjyawCvlt3EuhfxVwmQ,Official Shobha Singh,2025-09-01 13:19:08+00:00,60,24,Entertainment,17700000,,,
gf0auCg6Us0,13451408,209697,485,UC79BpK2rFb9OfeoAPGL6K_A,Asha unni,2024-12-19 11:45:03+00:00,39,24,Entertainment,4020000,,,
1yZBsZRIBIQ,13449588,347462,395,UCSgVw2iWODCXSlVZA0SO86g,Allari Aarathi,2024-06-20 02:24:39+00:00,59,24,Entertainment,7370000,,,
WlJ5UKKzZRE,10942927,533995,1812,UCY-at5vWhDoMJ8y0kIPFwDA,Azhan5star,2023-10-23 14:01:10+00:00,55,24,Entertainment,32600000,,,
f052J3onrqU,10743712,449409,154,UCSs9H1cyB3OHdy8wkit8ZKg,etvteluguindia,2023-02-10 10:25:21+00:00,25,24,Entertainment,23300000,,,
drYKZBPmmbY,10770139,210728,191,UCtaYk8Mk0xuOHaFd9V5P0Og,Sachi sahu,2023-06-19 04:45:02+00:00,21,24,Entertainment,3880000,,,
lPiNQEZmjDE,13737676,470553,657,UCXmq1-kC7_Y6c_Rwj5jsJ_Q,Dharani world,2023-03-26 14:53:48+00:00,60,24,Entertainment,2150000,,,
WI5UDvaBJsA,10627991,256264,530,UCrm6t3PwlMGjADfk7fgLCbw,A9P SUNIL,2023-06-15 04:27:50+00:00,38,24,Entertainment,444000,,,
c9v8JCybPv4,19194688,312410,90,UCoY_p16GEbOQPgES1-wXpYg,ETV Dhee,2025-09-27 12:31:00+00:00,40,24,Entertainment,12700000,,,
fH3tez7eyIU,618124404,10039363,0,UCIYMgDtU7R_2uf3xhtoocew,Shab & Kassie,2023-05-07 19:33:09+00:00,60,26,Beauty,6080000,,,
T2ThsydNQaM,350234044,7373785,39153,UCGhXgPi0bPzyFNOzE6fkMxg,Lea Felicitas,2024-11-15 13:50:00+00:00,59,26,Beauty,2150000,,,
aYSodBBS57k,49433453,1369376,19312,UCIYMgDtU7R_2uf3xhtoocew,Shab & Kassie,2023-04-03 18:42:19+00:00,60,26,Beauty,6080000,,,
oIwvWTKbkOk,67554938,515264,315,UCJBWbu3enD-dHoU4hYdbJnA,Planet Glitter,2025-02-11 11:01:06+00:00,18,26,Beauty,490000,,,
pjx20eldHI0,41410680,0,113103,UCOQQdp7R24aOG-d6F_vUBNA,SWAGGER SHIVANI VLOGS,2023-06-14 07:28:52+00:00,59,26,Beauty,2070000,,,
vwcLCPjewuM,48771915,1220909,5084,UCoUv0zkqPOOXzn6MW2yRy5w,milky🥛,2024-12-19 17:01:02+00:00,20,26,Beauty,709000,,,
k5XP-A987HA,30365792,1347791,3382,UCOZW0cTQOlOeHKk_8kvGguQ,MissDarcei,2023-05-02 16:39:31+00:00,22,26,Beauty,4010000,,,
T-wKjMpv6SE,57982062,498780,5792,UCmgaEzWAbBVrSS1jLnOyiuA,Veezee vlogs ,2025-10-02 11:01:01+00:00,19,26,Beauty,359000,,,
29k9yNBeAP8,30766280,1097216,2084,UCsbFefxpne9aYgoQ7baNnRg,Priya and Sid,2024-03-09 13:16:42+00:00,59,26,Beauty,8250000,,,
PfQ4poKPDrw,39528322,569383,4812,UCIYMgDtU7R_2uf3xhtoocew,Shab & Kassie,2024-11-10 11:00:51+00:00,60,26,Beauty,6080000,,,
tcGulH0bjec,52928897,558394,610,UCJBWbu3enD-dHoU4hYdbJnA,Planet Glitter,2024-10-19 01:35:01+00:00,20,26,Beauty,490000,,,
B6njP--RQUM,26463104,1447394,9785,UCOZW0cTQOlOeHKk_8kvGguQ,MissDarcei,2023-05-05 19:02:00+00:00,22,26,Beauty,4010000,,,
Bhhgux3-10Y,26294856,555905,1329,UCkYTCoRI2zIfKPJAzsExNyg,Matt Randon,2023-05-24 19:44:12+00:00,11,26,Beauty,1570000,,,
F5kKzFFgaKU,25733238,902151,3791,UCXKc_pxocnSd2TQUvLeVJZQ,Ria Sehgal,2023-05-26 17:11:56+00:00,50,26,Beauty,827000,,,
WjdKq62VlZ8,24926729,603796,1684,UCfb-K75Ezpoz5g4_z2p7M7g,Head and Face Salon and Esthetic Clinic,2023-05-23 16:45:17+00:00,54,26,Beauty,430000,,,
uORos4Ai2dU,23796007,689759,1222,UCkYTCoRI2zIfKPJAzsExNyg,Matt Randon,2023-04-28 16:43:48+00:00,14,26,Beauty,1570000,,,
V9yBvhsFfEk,22089434,0,11626,UCJHx89KvCsZlRCO-8bP3QfQ,Zak Heath,2023-03-26 16:52:17+00:00,14,26,Beauty,215000,,,
EnBjCYGEpRI,24856857,537434,4800,UC4u0qaMIAgOL8L37RwLcDQA,Dr. Vanita Rattan ,2024-12-04 18:45:49+00:00,57,26,Beauty,1210000,,,
SC3BAEM8MV8,20677584,514687,52217,UCKVqnev2idvmUNKc2b91B8g,SUGAR Cosmetics,2023-04-03 12:30:11+00:00,56,26,Beauty,2130000,,,
J4IS7ugj6nU,32801129,205847,65,UCJBWbu3enD-dHoU4hYdbJnA,Planet Glitter,2025-02-17 20:00:19+00:00,18,26,Beauty,490000,,,
MZyz5Zw5Usg,17837505,267130,2106,UCyZ33UgoOdrR63re84luA6A,Maverick Maaz,2023-04-20 11:30:08+00:00,31,26,Beauty,46400,,,
hPhLfiFsI1w,33483463,381523,580,UCacFVXlPSfO0ukFHcWHHLEQ,Lavish Krish,2025-05-29 14:45:27+00:00,59,26,Beauty,811000,,,
1Iu1IH1yh5s,17644925,664086,2305,UCacFVXlPSfO0ukFHcWHHLEQ,Lavish Krish,2024-09-10 14:58:26+00:00,50,26,Beauty,811000,,,
qI2VXwr6cM4,16118557,510208,3106,UCAMmZ3EHvprYfGqsKj3bhPg,Tabbu Sabnam Official,2023-02-11 11:28:32+00:00,60,26,Beauty,2250000,,,
F-KjC7TPoI0,16276460,316880,3270,UCKVqnev2idvmUNKc2b91B8g,SUGAR Cosmetics,2024-02-09 12:30:17+00:00,51,26,Beauty,2130000,,,
V5CxvJ4Sfps,15454127,500105,1604,UC3az05-HlGF4o_S1cpBkaeQ,Sanya Puri,2024-09-03 15:53:25+00:00,40,26,Beauty,326000,,,
HuZ9VvghR0w,18370064,292491,2952,UCoUv0zkqPOOXzn6MW2yRy5w,milky🥛,2024-11-23 16:04:38+00:00,12,26,Beauty,709000,,,
lgfFmXH74Cs,14574647,317026,632,UCfGCPkRVQ96abMaDyjN-YSg,Samapti Banerjee,2024-08-28 12:01:06+00:00,11,26,Beauty,329000,,,
lja94WM8yRc,15513548,423824,1578,UCK6ESmFnbh4Nj7TjABKHEWQ,Leanne Page,2025-01-19 17:14:32+00:00,32,26,Beauty,1010000,,,
0ksxuLISgN0,15025287,499967,1201,UCVs-e0n5WrVdqavGYvBM1jg,Glam with Shama,2024-09-11 13:34:15+00:00,58,26,Beauty,1240000,,,
mI4menWw2lc,10428453,86799,5990,UCAM2fyCjEdROyELretVTiiw,HopeScope,2025-02-22 15:30:17+00:00,1569,26,Beauty,8030000,,,
zKaLBhGkSao,19303198,420657,2289,UCu7Ld2o0QnLPm4j0gCn7Agw,SHEF,2025-09-28 14:11:46+00:00,49,26,Beauty,1660000,,,
qlRBxgO4U_I,9513293,94396,4007,UCAM2fyCjEdROyELretVTiiw,HopeScope,2024-10-19 13:30:36+00:00,1240,26,Beauty,8030000,,,
ht6q-LIxkVM,10364203,397047,910,UCa_BJHuRMzcT8zAnc9Ho9QA,Suyash Fashion,2023-10-04 07:47:09+00:00,57,26,Beauty,3250000,,,
qwd-b-Qd1Cs,9404058,537354,3591,UCcSvsPQ2VBTiNSCsWJLOvIA,KALI LEDGER,2023-05-07 17:30:44+00:00,54,26,Beauty,789000,,,
cZ9CHJR1bk8,9191367,220037,1123,UCKVqnev2idvmUNKc2b91B8g,SUGAR Cosmetics,2023-06-21 12:24:45+00:00,39,26,Beauty,2130000,,,
bEKufM_im88,8928042,205441,4573,UCRXiA3h1no_PFkb1JCP0yMA,Vogue,2023-04-06 16:00:06+00:00,517,26,Beauty,16100000,,,
7D_fBg-zgrs,15523623,0,3006,UCjVycrA3ESm9EKQmCt38EyA,Bright_Shivani🪻,2025-05-26 13:33:27+00:00,52,26,Beauty,76900,,,
VbwumsdPZUE,8513490,311485,2538,UCvxMje5RgPrhiW9G81t0Rhg,Elma Zafar 🦋,2023-04-27 10:45:02+00:00,56,26,Beauty,33100,,,
Veq5YQLpasE,11991440,333300,1033,UCGhXgPi0bPzyFNOzE6fkMxg,Lea Felicitas,2025-07-03 13:00:58+00:00,29,26,Beauty,2150000,,,
BWs8FQw_6vQ,15874026,238202,1001,UCoUv0zkqPOOXzn6MW2yRy5w,milky🥛,2025-07-10 18:00:06+00:00,14,26,Beauty,709000,,,
mKyfBs22G1E,8102997,352043,547,UCXKc_pxocnSd2TQUvLeVJZQ,Ria Sehgal,2023-05-26 15:15:09+00:00,60,26,Beauty,827000,,,
9qYoYkRDD-c,7969240,210732,304,UC3az05-HlGF4o_S1cpBkaeQ,Sanya Puri,2024-02-09 17:01:55+00:00,35,26,Beauty,326000,,,
ErVvflhc-xg,11930750,428839,691,UC6vHUVCAJkZkR7PO-wVivGQ,Himadri Patel,2025-08-18 15:31:56+00:00,91,26,Beauty,1360000,,,
ni0tks2kynI,12136938,263952,3823,UCoUv0zkqPOOXzn6MW2yRy5w,milky🥛,2025-03-29 15:00:58+00:00,15,26,Beauty,709000,,,
JlG3JA0yNxA,7586321,223972,382,UC4B9WdU2U6E6GQoDBKcVeSQ,Mridul Sharma,2023-05-31 15:30:08+00:00,55,26,Beauty,1010000,,,
mJrgTxd4HOI,6882244,422458,3106,UCnl1Mzb-ta-eU7NSzFmcivA,RMS Beauty,2023-11-11 18:00:24+00:00,59,26,Beauty,174000,,,
5eDb3TcmiEw,8428734,168797,279,UC3gS3jbrDnJvA8WFxN1tzgg,Treasuredbeautyfinds,2025-02-18 03:33:40+00:00,10,26,Beauty,16500,,,
cfYXNwcuVzI,52496463,1400561,12276,UCu0V4K1jf8cISkIzpi77p9Q,DermAngelo,2024-03-21 19:06:33+00:00,60,26,Beauty,801000,,,
r9vZItoI7yI,6576029,77818,3970,UCAM2fyCjEdROyELretVTiiw,HopeScope,2024-05-11 14:30:18+00:00,1566,26,Beauty,8030000,,,
qITo58fHMy4,6768495,191292,671,UCkYTCoRI2zIfKPJAzsExNyg,Matt Randon,2023-06-17 21:26:05+00:00,24,26,Beauty,1570000,,,
huywVCJvqn4,6054387,61916,3177,UCAM2fyCjEdROyELretVTiiw,HopeScope,2025-05-03 14:30:21+00:00,1254,26,Beauty,8030000,,,
CjUM34Ifxy0,6248168,384265,595,UCa_BJHuRMzcT8zAnc9Ho9QA,Suyash Fashion,2023-04-03 08:29:16+00:00,60,26,Beauty,3250000,,,
r3XjawsU4nk,6217919,213213,1409,UC208W3XdnCTUD0k8y_M-mew,KiranTutorialz,2023-01-20 08:16:24+00:00,38,26,Beauty,706000,,,
vFGEobtQfHU,5875958,258176,7296,UCJd-bJjTp9zpDGZtTALWJmA,Akanksha Soni,2024-03-24 17:05:42+00:00,60,26,Beauty,2000000,,,
zgVzjsBIbi4,6041929,141164,362,UC_8xN9P40pxMh_vArbmUZqA,Say Swag,2024-02-06 10:30:20+00:00,52,26,Beauty,1960000,,,
1r-D49QgbNM,8568188,0,442,UCUYsoYiIy8uKBvpyOgNOuHw,Goodblush,2025-07-06 16:57:01+00:00,26,26,Beauty,104000,,,
lhkJiuBcP7E,5596831,315208,1176,UCCnngeLwoZCSSuSs9ePuDqA,Morgan Turner,2023-09-06 01:00:30+00:00,44,26,Beauty,365000,,,
NCFwKk-1g4I,5628393,67024,185,UCMBmFBWetsQnz7zhRDyBjFg,SL Basics,2023-05-19 11:08:25+00:00,18,26,Beauty,150000,,,
f1amzpNKpvc,5633618,188820,1211,UCkYTCoRI2zIfKPJAzsExNyg,Matt Randon,2023-05-26 20:15:47+00:00,11,26,Beauty,1570000,,,
dKSXRP1_fqU,9864651,168237,183,UCDFt_Gd5bGkpjdbn3Si98Aw,Simran Kaur Makeovers,2025-07-05 02:30:27+00:00,33,26,Beauty,856000,,,
DdS2wVdIYA8,5288800,361295,2388,UCOZW0cTQOlOeHKk_8kvGguQ,MissDarcei,2025-01-12 16:00:13+00:00,113,26,Beauty,4010000,,,
9pb19SLnd6w,6682849,85827,157,UCBEM8O8dQIam4Hqyq3SBwmQ,Quench Botanics,2023-12-23 13:00:13+00:00,14,26,Beauty,46400,,,
HbcxI564-9c,6189181,250405,705,UCH9aPskONv7sraQfL-UDxNQ,Swara Singh,2024-12-07 08:27:56+00:00,37,26,Beauty,9850000,,,
5FLv0wx4q0E,8851097,78760,245,UCKVqnev2idvmUNKc2b91B8g,SUGAR Cosmetics,2025-05-24 13:00:09+00:00,27,26,Beauty,2130000,,,
Z9TfLi3SwM0,4913064,102501,450,UC9a_1cE21SAH7x6Z1wVb6qQ,Super Makeup Style,2023-02-13 05:30:08+00:00,60,26,Beauty,506000,,,
5iEGaGoRA3w,4652398,217474,2687,UCJd-bJjTp9zpDGZtTALWJmA,Akanksha Soni,2024-03-28 15:55:44+00:00,60,26,Beauty,2000000,,,
yTLfvM4qkS8,4644210,234716,805,UCji7wwhcGBhI0MIlxytFp4Q,Kelly Strack,2023-06-25 18:39:14+00:00,57,26,Beauty,1090000,,,
rS1lQe7n9Pc,4262587,63426,7556,UCXoY0ZeHZBe0p-ByCiYP_XQ,Denitslava Makeup,2024-10-19 12:12:12+00:00,1702,26,Beauty,8210000,,,
roG97TzbEck,6720693,256394,7966,UCu0V4K1jf8cISkIzpi77p9Q,DermAngelo,2025-07-03 20:58:59+00:00,79,26,Beauty,801000,,,
ZHlBd8hUpIU,4815125,138696,435,UCvAwDqiTSqwCD1BiEEr_X7w,Makeup focus,2024-09-24 11:45:03+00:00,59,26,Beauty,203000,,,
ONwoPcVkFzo,6721687,0,0,UC4-ZnhbwzOn4Ln3HsU1SUlw,Aida,2024-06-12 00:26:21+00:00,13,26,Beauty,8100,,,
EZ6kOws3H_g,6502991,96295,389,UC3Mgvx2YbbAHt1n7T8H5dSA,Eveauty,2025-01-23 12:27:46+00:00,13,26,Beauty,6220,,,
f5f7RsJhgxg,6058301,123243,278,UCGhXgPi0bPzyFNOzE6fkMxg,Lea Felicitas,2025-02-25 14:05:01+00:00,17,26,Beauty,2150000,,,
MwgysBIrSJI,7777365,57470,147,UCJBWbu3enD-dHoU4hYdbJnA,Planet Glitter,2025-01-15 20:15:00+00:00,16,26,Beauty,490000,,,
QSooblErlLo,5090312,135685,1150,UCoUv0zkqPOOXzn6MW2yRy5w,milky🥛,2025-01-02 16:00:18+00:00,15,26,Beauty,709000,,,
SkYCJE9yLvM,3648442,135430,744,UCaNdWLrF2oNDpkX6NGAr8ag,raquel,2024-04-12 13:00:25+00:00,591,26,Beauty,133000,,,
grzhzh5PHX0,3632622,205916,3773,UCRXiA3h1no_PFkb1JCP0yMA,Vogue,2024-02-13 17:00:02+00:00,568,26,Beauty,16100000,,,
RuyaE0NT5Ro,3831408,136353,1867,UCWBOF1mxr6YXphO0vXAUa1Q,Swiss Beauty ,2023-11-29 09:30:08+00:00,53,26,Beauty,145000,,,
zaHqKd9A7sw,4098928,165877,219,UC1r3uo9JqBK0zFIWjHffD-A,D BeautyBlush,2024-09-08 08:35:53+00:00,60,26,Beauty,1460000,,,
egoYvh7eaCQ,4170769,51810,19,UCrYcHTAo4lCo5yPdXosWedQ,L’Oréal Paris India,2025-04-25 15:49:10+00:00,20,26,Beauty,350000,,,
z9p3V3mqx4c,3780539,134479,255,UCyw5iZvI_c15lMFf4kfjRaQ,Sarah Sarosh,2024-09-26 15:35:31+00:00,57,26,Beauty,1550000,,,
9BKUM3ItfJE,3460495,58704,3766,UCAM2fyCjEdROyELretVTiiw,HopeScope,2025-09-27 15:30:06+00:00,1281,26,Beauty,8030000,,,
x97qSga6-0g,3664107,111512,6018,UCj3eT48w7oJU0sGbxkX0FfQ,Jonathan Joly,2024-07-29 18:32:43+00:00,39,26,Beauty,2850000,,,
uqcK8xid_Y4,3645674,161457,506,UC2f3Yl5c9nRNkSR7QnjnCeA,young couture,2023-05-18 19:26:04+00:00,36,26,Beauty,1270000,,,
LElEFGAKIp0,4788537,216745,7981,UCu0V4K1jf8cISkIzpi77p9Q,DermAngelo,2025-07-23 20:22:03+00:00,122,26,Beauty,801000,,,
AEVN4bipaoA,3249656,289257,812,UCOZW0cTQOlOeHKk_8kvGguQ,MissDarcei,2024-08-13 23:33:37+00:00,61,26,Beauty,4010000,,,
nTkZOxYxmtw,3305183,142408,217,UCMDPvpD-R1_isb1o0ua15ig,BE NATURAL,2024-09-23 04:10:15+00:00,60,26,Beauty,8410000,,,
XAMxbsXhNGY,3334820,169360,584,UCVoDMXLU_UNpljm83m-Ds4w,Sananas,2024-01-28 17:49:56+00:00,58,26,Beauty,3010000,,,
sVV-gR71ra8,3128725,87835,366,UCdSRCxAFBn0vYm3xC5_mP7Q,Lataa Saberwal,2023-03-10 14:30:26+00:00,60,26,Beauty,1400000,,,
0S6PUCm9Vhw,2938667,39724,1881,UCnk1idRUmwhdpy_5Il1unfw,Hang with Hope,2025-04-17 14:30:03+00:00,1880,26,Beauty,2020000,,,
lbA2PpoT5OA,2935904,60265,2378,UCRXiA3h1no_PFkb1JCP0yMA,Vogue,2023-11-16 17:00:08+00:00,713,26,Beauty,16100000,,,
VRmTuQql9sc,3896924,40424,131,UCeOYuu2H5rIjvFuqAvooTYQ,Tanuja Choudhary,2024-07-01 06:38:02+00:00,18,26,Beauty,557000,,,
U0svrc0TDQM,2869019,64953,1010,UCli6Q1pd3DitknGEuMKnAVA,Vogue France,2023-10-18 08:00:04+00:00,282,26,Beauty,1030000,,,
JlCW0WQkDZ0,2813217,112347,422,UCyw5iZvI_c15lMFf4kfjRaQ,Sarah Sarosh,2024-02-22 14:20:07+00:00,45,26,Beauty,1550000,,,
GAu4V50Ro-s,2826251,180383,587,UCH9aPskONv7sraQfL-UDxNQ,Swara Singh,2024-07-20 12:06:52+00:00,60,26,Beauty,9850000,,,
jC_Z9HOx33U,3016982,127564,736,UCJd-bJjTp9zpDGZtTALWJmA,Akanksha Soni,2024-04-10 16:06:50+00:00,59,26,Beauty,2000000,,,
Ok641Y4idOA,2992917,79934,214,UC_8xN9P40pxMh_vArbmUZqA,Say Swag,2024-02-29 05:40:05+00:00,54,26,Beauty,1960000,,,
tMyZg133OaY,2802998,75114,341,UC4B9WdU2U6E6GQoDBKcVeSQ,Mridul Sharma,2024-04-17 15:30:13+00:00,45,26,Beauty,1010000,,,
WbBG9L6siKs,2902343,86690,305,UCu7Ld2o0QnLPm4j0gCn7Agw,SHEF,2024-10-20 12:02:31+00:00,30,26,Beauty,1660000,,,
esvdqN_PWp4,2455839,101450,724,UCa43NrBoxm_RnwLDdnh-KdA,Anaysa Shorts,2023-03-21 12:00:34+00:00,59,26,Beauty,5530000,,,
LISn9DSwZXA,2892133,66475,617,UC9a_1cE21SAH7x6Z1wVb6qQ,Super Makeup Style,2024-06-04 04:43:10+00:00,54,26,Beauty,506000,,,
0DcmqPhQldA,2319840,78149,457,UCwLrdtGgEakVnVi6rSS48Ow,Ramsha Sultan,2024-01-10 07:37:57+00:00,60,26,Beauty,3580000,,,
6xLKQ4PQFU8,2268422,95987,273,UCkYTCoRI2zIfKPJAzsExNyg,Matt Randon,2024-01-10 21:05:31+00:00,61,26,Beauty,1570000,,,
veleeO9oLcc,2465609,0,428,UCvkd8YoobJjNjT4p4dnsz9g,Ayushika Singh🪻,2023-03-18 14:30:16+00:00,32,26,Beauty,65300,,,
8XWyTCBGgj4,2304605,88144,195,UCMDPvpD-R1_isb1o0ua15ig,BE NATURAL,2024-06-08 02:54:32+00:00,60,26,Beauty,8410000,,,
g4v0Wg5sthE,2497135,43098,247,UCrhJi4SmPgUkNGQM20_aVyA,Shalini Kutti,2023-04-27 15:30:17+00:00,19,26,Beauty,184000,,,
kaa1HsZz8mQ,3723645,29195,178,UC84sz0PG_2knZri_yYg7xBA,G&B Cosmatics,2026-01-10 20:59:39+00:00,45,26,Beauty,286000,,,
G3-4m1Q29Sc,4107603,0,367,UCUYsoYiIy8uKBvpyOgNOuHw,Goodblush,2025-05-25 15:26:49+00:00,13,26,Beauty,104000,,,
5xpcSHUyvIw,3933047,122335,136,UCYq6izkvpXCYFiArPGV3cjg,Lavisha arora,2025-06-30 14:24:16+00:00,43,26,Beauty,76900,,,
Lt5khPWcTTI,1925580,108458,1652,UCJd-bJjTp9zpDGZtTALWJmA,Akanksha Soni,2024-03-30 15:57:09+00:00,59,26,Beauty,2000000,,,
4gUoNbIq6QY,3524010,32647,133,UCOLNmtlVTdIJgzM58F23Itw,Chandni Sharma,2024-10-16 17:20:22+00:00,12,26,Beauty,33300,,,
JvDi6C6yvJU,1959656,65766,186,UCXFRIXunsSkK_5cMOVK3M6A,Jhanvi Bhatia,2023-06-13 12:00:27+00:00,60,26,Beauty,929000,,,
WoPzLFMfEmc,2060545,45669,123,UC_8xN9P40pxMh_vArbmUZqA,Say Swag,2024-04-18 07:30:06+00:00,57,26,Beauty,1960000,,,
VCL-VfDQ7nk,3633370,25256,122,UCjiBUVdw4rWcll2ayTL-6uw,RARA ,2025-11-27 12:24:50+00:00,164,26,Beauty,1240000,,,
YTbH-sjxwCg,3088375,36831,442,UCoUv0zkqPOOXzn6MW2yRy5w,milky🥛,2026-01-01 16:00:53+00:00,27,26,Beauty,709000,,,
QkJs-BfM4to,2066145,36893,337,UCUITKhflrJnU5NJGLD3Rdhg,SIMRAN KAUR,2024-04-29 09:35:19+00:00,36,26,Beauty,298000,,,
IMWLhLmH1Gw,2097861,45588,224,UCicwq1EAuUnic2Yxj3yiKgA,Urmila Nimbalkar,2024-05-17 06:52:35+00:00,60,26,Beauty,1680000,,,
4Azp2_rNUlQ,1796397,0,795,UCBceqXlCtDz-vQAdfrxHpdA,With Love Anta,2024-05-09 15:03:49+00:00,29,26,Beauty,79400,,,
G9Ck9Scq-iU,1965259,54181,340,UClhp9r6NXY_OecSPL_AOJcQ,Caitlin Thexton,2024-09-08 03:09:56+00:00,24,26,Beauty,224000,,,
m8_t4iUoEoA,2989591,68405,332,UCGhXgPi0bPzyFNOzE6fkMxg,Lea Felicitas,2025-08-14 12:01:26+00:00,46,26,Beauty,2150000,,,
ecdxXgZx3Ic,1565678,17295,398,UCy86PBL33L5kgSV0hmn1mPg,So Chic Style,2024-02-01 05:06:55+00:00,52,26,Beauty,40500,,,
ojBnq2nQ1W4,2694623,58321,302,UCGhXgPi0bPzyFNOzE6fkMxg,Lea Felicitas,2025-04-23 12:30:57+00:00,43,26,Beauty,2150000,,,
76XRZ075AVw,1610851,62083,145,UCHCo1FLbrMCasi1L8m4mHXw,Anushka Hazra,2024-09-27 14:50:07+00:00,49,26,Beauty,700000,,,
xBS9DgQbFrw,1778463,29962,157,UCfGCPkRVQ96abMaDyjN-YSg,Samapti Banerjee,2024-05-19 13:43:15+00:00,9,26,Beauty,329000,,,
MRcbiL_3z7E,1563798,18295,284,UCoBcK6gNaqfPpRLlLhDhNZw,Sweeti Verma ,2024-08-17 07:01:01+00:00,31,26,Beauty,160000,,,
clHoqSjelSI,1903227,104601,730,UCH9aPskONv7sraQfL-UDxNQ,Swara Singh,2025-05-29 07:38:12+00:00,78,26,Beauty,9850000,,,
vhayKcUQZHU,1577712,16592,161,UCjiBUVdw4rWcll2ayTL-6uw,RARA ,2024-01-03 20:48:08+00:00,35,26,Beauty,1240000,,,
EWDktdzvhlw,1265633,19434,71,UCj4nEnx8t_HJ5wpL1YPxHaw,Chetali Chadha,2023-06-30 11:30:05+00:00,15,26,Beauty,605000,,,
1Ij1AsqL8rU,1364290,55536,217,UCyG6l3f9SUSstH2PwprN1uQ,Pretty She is,2024-04-22 06:31:52+00:00,52,26,Beauty,1220000,,,
ywb6TMl8Em8,1921778,59395,679,UCFz70EW5Q7s2JofZZPP65og,rachel louise,2025-12-20 19:00:58+00:00,34,26,Beauty,183000,,,
ZHoSk2w6YEo,2266600,26371,197,UCYsQlOOeOCQVdMDqBQE_fAQ,Better Health,2025-07-23 17:33:19+00:00,14,26,Beauty,57000,,,
FQTP5XxbXFI,1094408,35830,582,UCRXiA3h1no_PFkb1JCP0yMA,Vogue,2025-05-16 16:00:02+00:00,634,26,Beauty,16100000,,,
s6HdyZZljCI,1092203,30555,612,UCGoiclUrJhOA14waY85_D5w,Zhirelle,2025-10-20 16:05:00+00:00,1545,26,Beauty,1140000,,,
vI2GIqVC4wE,1735934,59578,128,UC4B9WdU2U6E6GQoDBKcVeSQ,Mridul Sharma,2025-06-05 13:53:20+00:00,48,26,Beauty,1010000,,,
UyBMKPlEw0U,2164727,26563,155,UCCdRHTOSx50HFbA4NQLe1yg,krystallee,2025-05-07 07:25:28+00:00,11,26,Beauty,327000,,,
8lC1yB7dnDk,1193504,62147,185,UCCLCK8NeNXF8SHulVDXicMw,AVA LEE,2024-01-28 14:45:00+00:00,51,26,Beauty,552000,,,
aJXlbqzjR5I,1207358,41343,71,UC4B9WdU2U6E6GQoDBKcVeSQ,Mridul Sharma,2025-02-19 18:17:36+00:00,34,26,Beauty,1010000,,,
H2R2AQFEBTg,930857,34376,1602,UCDFt_Gd5bGkpjdbn3Si98Aw,Simran Kaur Makeovers,2023-10-20 13:30:06+00:00,684,26,Beauty,856000,,,
PINiYGpB9ic,1790468,42113,322,UCu7Ld2o0QnLPm4j0gCn7Agw,SHEF,2025-07-20 11:41:27+00:00,26,26,Beauty,1660000,,,
pSzhCuMKnXM,1105982,36622,54,UC3az05-HlGF4o_S1cpBkaeQ,Sanya Puri,2024-03-05 16:10:17+00:00,37,26,Beauty,326000,,,
p2zPm7zkdPo,896881,39154,452,UCBe3AJEV4vXAH5xs7eVyTTA,Jessica Vu,2025-01-01 23:38:53+00:00,543,26,Beauty,2130000,,,
EM01HEo8lNQ,1226204,43518,162,UC-LrkTq7pfBJR6sZGHOcRBA,Prakriti Singh,2025-02-16 11:30:12+00:00,54,26,Beauty,450000,,,
_ZPsRO-M-uo,1589900,21759,388,UClhp9r6NXY_OecSPL_AOJcQ,Caitlin Thexton,2024-12-26 00:03:59+00:00,8,26,Beauty,224000,,,
wuAkrOJnl7k,1059543,64080,165,UCsfYvsdpjzTZyglmse0eolw,Sarah Palmyra,2024-07-29 23:15:58+00:00,57,26,Beauty,464000,,,
oA40lk33ikw,1907238,14478,66,UCoaH2UtB1PsV7av17woV1BA,Nykaa,2024-10-17 06:28:42+00:00,13,26,Beauty,1590000,,,
oOUjPd4hBGc,1771092,32577,765,UClNfJOmFquI5bRqGm9H3QiA,LANEIGE US,2025-04-09 13:01:17+00:00,11,26,Beauty,939000,,,
eTYpQZFPbws,804611,28775,1255,UC-wJYSF_65IhGwbMgFrukIA,Imani LeeMarie,2025-01-05 19:00:31+00:00,1873,26,Beauty,114000,,,
BR3kUH8befc,1194466,35655,1353,UCm0R3iCvpFpq7yQZRGn2jcw,Brenda Kay Burnett Beauty,2023-07-11 13:41:14+00:00,49,26,Beauty,4910,,,
FJmz9dQTv9Y,1049615,35446,376,UCCdRHTOSx50HFbA4NQLe1yg,krystallee,2024-07-01 13:07:38+00:00,21,26,Beauty,327000,,,
cRdCo35fy_Q,896167,44331,481,UCRdmfomhBcd-3S8RXAKE4HA,Beatrizbena_,2024-06-25 12:55:27+00:00,52,26,Beauty,588000,,,
lxpQAjidWKc,746957,14287,364,UC9m3H8GjKrhu7098exLYc7w,Elena Rachitskaya,2025-10-07 07:00:17+00:00,817,26,Beauty,442000,,,
Fqwc3HIwzr8,978223,13510,102,UC9Q0dAjbhv0FbwvoHRSmjxA,MyFroggyStuff,2024-10-09 02:15:27+00:00,22,26,Beauty,3420000,,,
vBihL8n4IhY,1113867,28179,87,UCDlDwexWaLPGO5SEfsOI5yg,Sarah Chey,2025-06-09 02:25:23+00:00,39,26,Beauty,46000,,,
lZUia6ESPxU,1797881,9585,16,UCQUboxC3jyPVr8-CWSyl7YQ,Unique Beauty parlour1,2023-05-29 15:17:46+00:00,13,26,Beauty,233000,,,
CwYyEyEzfkA,1065745,53057,216,UCCdRHTOSx50HFbA4NQLe1yg,krystallee,2025-09-18 05:26:08+00:00,70,26,Beauty,327000,,,
mYfaOTIXOUQ,1379486,17991,55,UCGW5jbepwSnf_gTQBZo2ooA,essence cosmetics,2024-11-26 11:01:00+00:00,9,26,Beauty,146000,,,
JAoVS-Izvh8,699717,15950,305,UCRXiA3h1no_PFkb1JCP0yMA,Vogue,2025-07-25 16:00:06+00:00,930,26,Beauty,16100000,,,
vBgqEn4jnnE,691445,20997,450,UC0ng0jJflTuJBBH5DGvr1Pw,Tina Yong,2025-07-18 08:58:10+00:00,1082,26,Beauty,3860000,,,
-3i7rlumzFo,680061,17983,483,UCGoiclUrJhOA14waY85_D5w,Zhirelle,2024-03-05 14:00:00+00:00,1361,26,Beauty,1140000,,,
xdMti-K6Ds8,676208,26145,865,UCWrIczmOFMmQ2wxWZpvKrPQ,Smitha Deepak,2025-04-22 13:30:53+00:00,476,26,Beauty,3750000,,,
iE65o_jiLfE,1089483,29041,227,UCkt8OOsji2f5blyE5u2jEFw,Yuri Lee,2024-08-09 21:38:53+00:00,16,26,Beauty,285000,,,
_uZmZEbIgT4,1135411,30868,142,UCNST6jMLmuzpwh3trpb7tUA,Neelima,2025-02-04 15:13:35+00:00,49,26,Beauty,41100,,,
EziLoMUjieM,811143,25927,294,UCH2jT_DmFdGSSajOu40gXOA,Saba Ki Suno,2024-01-01 16:15:55+00:00,59,26,Beauty,223000,,,
e33Ux3_HHV0,798394,28797,639,UCDFt_Gd5bGkpjdbn3Si98Aw,Simran Kaur Makeovers,2023-12-10 05:12:27+00:00,56,26,Beauty,856000,,,
m1wR8N9b5as,841559,10941,187,UC_AjfupqF4G1FErN-mZU8PQ,Makeup Talks With Sharmistha,2024-08-18 08:30:27+00:00,60,26,Beauty,4220,,,
267GQOF8MP4,1175853,9112,27,UCWBOF1mxr6YXphO0vXAUa1Q,Swiss Beauty ,2024-08-03 12:30:02+00:00,20,26,Beauty,145000,,,
PgCkJvdJvUE,1451595,23900,104,UCGhXgPi0bPzyFNOzE6fkMxg,Lea Felicitas,2025-05-27 12:30:35+00:00,12,26,Beauty,2150000,,,
fAVEuC0oFKQ,1149916,21770,49,UCDFt_Gd5bGkpjdbn3Si98Aw,Simran Kaur Makeovers,2024-05-23 07:52:05+00:00,16,26,Beauty,856000,,,
QmavtkEAeKw,952232,29606,110,UCYh931jrUVrrISOGV1qyVtw,Lisi Shops,2025-03-03 21:38:16+00:00,13,26,Beauty,936000,,,
CgpyXNapK8I,1028133,13903,47,UCicwq1EAuUnic2Yxj3yiKgA,Urmila Nimbalkar,2025-05-06 06:48:35+00:00,44,26,Beauty,1680000,,,
zIN-Cs3bcLw,790257,14315,48,UCa3DxpiUs6sNHAtouxoT2vQ,Srishti Arora MUA,2023-02-06 05:30:19+00:00,31,26,Beauty,6310,,,
d_ooJKUbDpE,1142126,4564,176,UCARKIE7hRMfUuIxCjvXsz2g,Aysha Begum,2025-05-22 14:51:02+00:00,11,26,Beauty,60300,,,
6aeqqcG5ACw,519551,12756,243,UC0ng0jJflTuJBBH5DGvr1Pw,Tina Yong,2024-12-11 02:00:09+00:00,662,26,Beauty,3860000,,,
a_pLfGVSNcM,1009869,0,82,UC9Les86LJYe1yH8Qva41yQA,Shivani thakur vlogs ,2025-02-13 06:58:07+00:00,14,26,Beauty,16300,,,
Cu3izjJiKwE,506013,26128,2164,UCzViyYYoAyeH0O1zySGdJTg,Erin Parsons Makeup ,2025-05-18 16:13:04+00:00,2289,26,Beauty,2050000,,,
kRSwLts2o4s,691980,3806,44,UCfza4-7VUF_4FJxkfEngRyg,Subhashree Rout,2023-03-22 16:14:35+00:00,13,26,Beauty,2460,,,
Q6ou9F_dEso,503618,10663,274,UCHUJ5ydbxEDm0uZ27sw3R9g,Nina Ubhi,2025-08-11 14:00:42+00:00,1275,26,Beauty,690000,,,
LHvg4gNwVas,560676,16878,25,UCOzVEwcVSu_2xDQFyMReDRA,Haley Kim,2024-04-21 03:00:16+00:00,33,26,Beauty,1340000,,,
4dhWWXRT2fo,629416,8989,72,UCBVruK_heFMX1biFWZEjq2w,Shanzeh tips & tricks,2023-01-23 03:48:51+00:00,26,26,Beauty,4410,,,
bhz9tFMzSSg,970200,7206,64,UCvQN0_xeP2JqYwx1P6ZZGaw,KRYSTAL,2025-05-27 11:01:09+00:00,11,26,Beauty,78500,,,
qDNGVXJih0M,656938,6422,30,UCjiBUVdw4rWcll2ayTL-6uw,RARA ,2024-02-13 14:16:12+00:00,61,26,Beauty,1240000,,,
0Ibz1p1-r_U,797177,4294,15,UC3GSPgOOkRNcxTt2ew4nGkg,HBT,2023-03-30 13:21:54+00:00,10,26,Beauty,1820,,,
OJNj-jRfDis,448112,0,145,UC5VpGrdiDN5Z6RBr6DGZQRw,Kiana Davis,2024-09-01 16:00:31+00:00,1973,26,Beauty,377000,,,
5WbOn6ht3JU,432305,8440,149,UC8f2CDyLibpGYSN3O2LfDwg,Beauty Within,2025-02-13 15:15:06+00:00,1447,26,Beauty,2710000,,,
9d_P_vbKG_s,659156,5508,49,UClVOq27XNy7DnXU7Dc0pJhw,IPSY,2023-06-27 01:00:04+00:00,9,26,Beauty,1490000,,,
jpWRKyWvFpU,584316,0,127,UC4HlZ9D5agwKmjWuYmDL4KA,ZolieSkinClinic,2024-04-17 14:09:37+00:00,33,26,Beauty,1130000,,,
nyX_X7hzwZM,526350,15720,192,UC8qcFoQOOpwSer5qZQen1Fg,Sanuthasam,2023-11-24 13:37:41+00:00,46,26,Beauty,186000,,,
BZqyMKN0yEA,831253,13310,287,UClNfJOmFquI5bRqGm9H3QiA,LANEIGE US,2025-12-30 22:39:15+00:00,12,26,Beauty,939000,,,
F1SfeUJvcXQ,875581,11913,87,UCGhXgPi0bPzyFNOzE6fkMxg,Lea Felicitas,2025-05-20 13:00:33+00:00,20,26,Beauty,2150000,,,
8WbolZ2LNjA,502748,23071,144,UCPWYxg8SMNUC5R6huNjzYfg,SarahSaleen,2024-08-01 16:39:32+00:00,53,26,Beauty,221000,,,
CjQYc7vzS20,685344,14796,36,UCyKYvZzVUnabf1F7RunRtoQ,Made By Mona,2025-03-17 10:30:10+00:00,19,26,Beauty,522000,,,
Vbb90A5KJjs,582201,15549,100,UCrhJi4SmPgUkNGQM20_aVyA,Shalini Kutti,2023-05-06 15:30:12+00:00,27,26,Beauty,184000,,,
CwiuEbBDjYU,386335,13583,528,UCRi13TUqA_SawPlPOG6jz1Q,Dr. Sam Ellis,2025-08-22 16:00:19+00:00,1259,26,Beauty,771000,,,
CwlMOUXwODk,332258575,2271330,3166,UCgAq9LRKx0NUSZ0ZtB3DWIg,Loveneet Valecha,2025-07-29 07:51:35+00:00,23,22,Vlogs,4910000,,,
LBPpjzwmIbw,137841891,1322497,8151,UCI_OvtzK82eTL8KIRQ8G_EA,Candy Superstar,2024-11-21 09:51:24+00:00,33,22,Vlogs,15900000,,,
XQ3P4KYCXzM,135698503,1781496,1652,UC28haopD28ljl7lVEKkw1PA,Sirf Shreyansh,2025-02-12 14:38:00+00:00,50,22,Vlogs,13700000,,,
vt_trYMPe98,176195360,1822654,2429,UCgAq9LRKx0NUSZ0ZtB3DWIg,Loveneet Valecha,2025-10-08 07:28:37+00:00,26,22,Vlogs,4910000,,,
ZlKqxCwH-xw,179707319,1363359,1845,UCgAq9LRKx0NUSZ0ZtB3DWIg,Loveneet Valecha,2025-07-21 07:12:38+00:00,27,22,Vlogs,4910000,,,
XKEKsgYnQZk,100095225,0,2226,UC28haopD28ljl7lVEKkw1PA,Sirf Shreyansh,2025-01-03 09:17:00+00:00,46,22,Vlogs,13700000,,,
3_q4ltsZdXw,131847508,936915,2169,UC28haopD28ljl7lVEKkw1PA,Sirf Shreyansh,2025-09-24 13:50:00+00:00,39,22,Vlogs,13700000,,,
SYVsx_XeI0Y,149317468,698888,0,UCJJ53lDxejaLLdAL0iRBNCQ,Cute Baby Yangyang's Daily Life,2025-07-26 11:11:49+00:00,18,22,Vlogs,899000,,,
fzNmBTYKo44,102341572,1057209,2068,UCgAq9LRKx0NUSZ0ZtB3DWIg,Loveneet Valecha,2025-06-30 06:41:48+00:00,31,22,Vlogs,4910000,,,
sUeI-MIKi-E,92642933,981689,1537,UCgAq9LRKx0NUSZ0ZtB3DWIg,Loveneet Valecha,2025-10-13 07:06:26+00:00,28,22,Vlogs,4910000,,,
XHLs8aYhgdw,86206941,0,1565,UC28haopD28ljl7lVEKkw1PA,Sirf Shreyansh,2025-09-22 13:50:02+00:00,49,22,Vlogs,13700000,,,
4Xvttd1RfjE,61649770,1238188,900,UCkn7QWNmJftBg-yHla3EJjw,Life with Priya Rao,2024-12-06 12:48:26+00:00,38,22,Vlogs,9060000,,,
Ms9EIbjo5zw,72156567,1028906,7843,UCgAq9LRKx0NUSZ0ZtB3DWIg,Loveneet Valecha,2025-10-17 07:34:24+00:00,25,22,Vlogs,4910000,,,
oM69wmG521Y,51173581,688219,4964,UCIvkyLelNLPGO5GIYCcrTxQ,Sejal Gaba Vlogs,2025-03-22 12:45:38+00:00,53,22,Vlogs,3810000,,,
azptpim3QZc,33197200,1549149,4639,UCH9aPskONv7sraQfL-UDxNQ,Swara Singh,2023-04-19 07:24:33+00:00,60,22,Vlogs,9850000,,,
VzQw8oDbGT0,48440233,0,402,UC3rityiGtq36AeyoxGzRN7Q,Anju Vlogs Vaishali ,2024-12-09 01:00:30+00:00,20,22,Vlogs,325000,,,
1elU6BaL05k,35099127,1314477,12820,UCLWNKb7pjIS_ff4zaoneJWQ,Kaitlyn Johnson,2024-10-14 17:14:45+00:00,60,22,Vlogs,1540000,,,
wzQhfSlkdlY,34436204,0,6323,UC28haopD28ljl7lVEKkw1PA,Sirf Shreyansh,2024-10-23 12:29:02+00:00,49,22,Vlogs,13700000,,,
_e4zUjVCQA4,27532378,445273,541,UCrWc5vUgSM4MvZWI3_2iQ8Q,Sanjhalika Vlog,2024-08-25 08:00:24+00:00,60,22,Vlogs,10500000,,,
rxd-NBSX35o,26259246,1008651,3798,UCbmdRsHCOcCiY8sEVJbJj5g,Shrihitt,2023-05-20 06:11:29+00:00,60,22,Vlogs,1710000,,,
s2DuazkdXSY,23562885,790025,931,UCV9AJGw4AlbrmIdPqYQndCA,Neha Bisht,2024-06-26 05:38:38+00:00,59,22,Vlogs,2090000,,,
BQJywSBfSeY,28257342,1392324,5128,UCbK2Dc_JBauzczySLBg_1Ig,Alice Wu,2025-02-04 02:35:39+00:00,60,22,Vlogs,1330000,,,
Mfp4J5E_IjM,22440407,1377006,4730,UCQgwF5Od06EKCvhEh1tmQDw,Elise Pham,2023-12-15 00:25:30+00:00,60,22,Vlogs,692000,,,
TScRfB2zrHs,21422828,687653,742,UCOpdlJDsxqzq9rxZUyigUWQ,Kaamini Shorts,2024-04-03 14:32:12+00:00,46,22,Vlogs,5230000,,,
mkq1jMEzmpk,38233565,726571,5098,UCgAq9LRKx0NUSZ0ZtB3DWIg,Loveneet Valecha,2025-08-13 08:27:22+00:00,21,22,Vlogs,4910000,,,
SUYDmPr4ArA,29010358,0,1290,UCSqeNZKWBRecHMJ_G5OZq5Q,Incredible Vlogs 01,2025-06-07 01:00:24+00:00,52,22,Vlogs,172000,,,
oJam96xOED0,28318452,973427,1336,UC_cecSRU92J2m-BrgbEyfSQ,The Roamer Amit,2024-02-14 08:35:47+00:00,60,22,Vlogs,6140000,,,
3jcxLcWMSmI,17155504,987892,1724,UCH9aPskONv7sraQfL-UDxNQ,Swara Singh,2023-07-29 08:32:03+00:00,60,22,Vlogs,9850000,,,
48Slxw8qn-w,16602638,113894,728,UCgH0QUtopMp62p9ekmpSPxw,cocoa,2024-08-27 05:00:06+00:00,26,22,Vlogs,95800,,,
HeVJDdC2o-Q,17500125,731419,1098,UCPXLAruFusYx0ZI_WA8T34w,Miss.Hosiyar,2024-04-28 13:25:00+00:00,60,22,Vlogs,6840000,,,
wnUc_E2cP2Q,17349513,845364,1489,UCLEvg5517iXvw2h5dt--4uA,NL01 kundan ,2025-02-07 13:15:26+00:00,87,22,Vlogs,1410000,,,
i2lTCiSS9ss,26939494,0,19531,UC28haopD28ljl7lVEKkw1PA,Sirf Shreyansh,2025-08-17 14:01:02+00:00,53,22,Vlogs,13700000,,,
weun3y387mM,27877339,628684,620,UCkn7QWNmJftBg-yHla3EJjw,Life with Priya Rao,2025-08-10 12:14:05+00:00,54,22,Vlogs,9060000,,,
oj4iLVA87-8,28607664,696389,2512,UCiyLsTsGwf0FB_P9rQZmJeA,Daizy Aizy Vlogs,2025-04-08 10:23:46+00:00,28,22,Vlogs,5080000,,,
Asc9jbJHmUk,18561985,389608,161976,UCIvkyLelNLPGO5GIYCcrTxQ,Sejal Gaba Vlogs,2025-02-05 14:09:44+00:00,65,22,Vlogs,3810000,,,
PV6EsDrOQhY,17836858,949943,7409,UCcmQxZBJ2qTXWpOQCAODyNA,Dheeraj ke Vlogs,2025-01-19 05:19:38+00:00,39,22,Vlogs,13900000,,,
i4PPg6n3frI,24254432,429667,1292,UC3YCsXJjxUY-nTbmQVQ3nSg,Pink Coconut,2025-04-05 14:45:07+00:00,30,22,Vlogs,346000,,,
Vmk-RsKu784,13582533,223978,1872,UCHhFJtydvr4rbRT7_Xuckxg,MANGO FAMILY,2023-10-24 14:01:52+00:00,58,22,Vlogs,2080000,,,
A0AqZll0p-g,12695415,811286,4388,UCS1NS9CfgYaDJT4J93Wb9zQ,princessgenix,2023-03-21 21:00:03+00:00,34,22,Vlogs,65600,,,
1-Os-fJDP9s,12391753,439104,526,UCKnTHKj6QoNBVMJ1Rkhw2pA,Ruhi sharma ,2024-08-30 02:36:07+00:00,59,22,Vlogs,746000,,,
oh8fH7TK2Ag,13228374,718151,2029,UCYwVCNmKmLuh2tnAxg4U6uw,Life of Purab,2024-07-15 09:46:03+00:00,61,22,Vlogs,262000,,,
faSeeB4KOTo,21441975,525481,876,UC19x8yVdc96ogGHQyb4gfwg,wittySpace,2025-08-25 14:43:33+00:00,62,22,Vlogs,4270000,,,
nz2xWqSkOuA,11073574,351262,680,UCtVSyE01487a3VIKoqlK15Q,Nila Kutty Channel,2023-08-11 06:00:17+00:00,60,22,Vlogs,1050000,,,
t1LJOxFxhfs,10998398,458286,1340,UCebsG4YuWIK7NJ9VYLepciw,Di_aesthetic,2024-02-05 15:30:27+00:00,31,22,Vlogs,168000,,,
gvTTAgam5pM,19736861,284201,618,UC8jYfKslfrOgRTT76qop12g,Chinese beauty care,2025-07-15 11:01:14+00:00,51,22,Vlogs,418000,,,
mdlpawOVk8s,11223750,412098,2328,UCvUUwqiYkPV1tBATWi45JAA,Erica From America,2023-06-02 09:12:13+00:00,61,22,Vlogs,70300,,,
imHx7HAXuHE,11121068,431155,569,UCGbdpXT0waDfg330LsyzDEg,Ahana Biswas,2024-04-30 11:30:17+00:00,47,22,Vlogs,450000,,,
lBleXIvyJjA,10027691,58674,2762,UCHhFJtydvr4rbRT7_Xuckxg,MANGO FAMILY,2023-07-09 05:38:45+00:00,842,22,Vlogs,2080000,,,
3YdiVjWEHYI,14798693,389311,1488,UCZedz0qGsC5atm-77Y8ts4g,Tayyaba kiran,2025-05-06 12:55:29+00:00,158,22,Vlogs,868000,,,
9MpQO7FA90w,13333881,581005,2902,UCbK2Dc_JBauzczySLBg_1Ig,Alice Wu,2025-02-11 00:00:20+00:00,55,22,Vlogs,1330000,,,
gbDR39yIs3Y,9664448,148559,1332,UCn7DhCaSofxl9dVC985Tp-g,Thehella,2023-01-15 12:15:56+00:00,1826,22,Vlogs,957000,,,
pqb7H5jTAT0,9849714,0,1283,UC8shfFhkDOoIBq1i6l0nQcA,The Fluellen Fam,2023-02-27 23:03:41+00:00,60,22,Vlogs,6600000,,,
T2OMDWuZP90,10794172,431602,607,UCkn7QWNmJftBg-yHla3EJjw,Life with Priya Rao,2025-01-14 13:28:11+00:00,42,22,Vlogs,9060000,,,
w0pwA05OloA,11289439,547011,2255,UC8jYfKslfrOgRTT76qop12g,Chinese beauty care,2025-02-01 17:44:32+00:00,43,22,Vlogs,418000,,,
XPpsEw3-ZyU,14379943,437083,1200,UCiyLsTsGwf0FB_P9rQZmJeA,Daizy Aizy Vlogs,2025-05-10 08:20:14+00:00,34,22,Vlogs,5080000,,,
ZyJnfJVdT3s,14026876,539229,827,UC_cecSRU92J2m-BrgbEyfSQ,The Roamer Amit,2024-11-17 10:07:01+00:00,60,22,Vlogs,6140000,,,
su1JvvqX564,8957034,362540,3848,UCD5dQXr1QJxcaZr1y8cMxGA,Taniya Sharma,2023-06-14 15:14:41+00:00,40,22,Vlogs,730000,,,
fy8ZBEkdJFI,8735900,301137,0,UCLWNKb7pjIS_ff4zaoneJWQ,Kaitlyn Johnson,2023-07-29 19:07:29+00:00,60,22,Vlogs,1540000,,,
DyB9105ru1w,8708092,562986,975,UCOJiGi_P98ESKvG0uEFkGuQ,Sylvia Geng,2024-05-10 21:22:16+00:00,26,22,Vlogs,831000,,,
Q4pPeODHlt8,8514097,350101,830,UCG76c3DxD90wSsx43AmbBFA,Arth Shukla,2024-01-24 04:00:11+00:00,45,22,Vlogs,92100,,,
7lJacJRBa0k,8288981,409735,4140,UCUjsa9oURTPbpkwj2RCIMFQ,i am partner ,2024-02-25 07:30:51+00:00,53,22,Vlogs,8940000,,,
P4hnJyXvDcg,12590384,406059,9783,UCmt6ANTxFIZL8XhLprxgJmQ,Maria Khan,2025-08-11 04:30:16+00:00,60,22,Vlogs,6620000,,,
bZWxBmtPLlk,7647135,8094,0,UCzBFYpJXrS9bdcjP_zzrcGw,puja lifestyle vlogs,2025-08-19 13:30:01+00:00,71,22,Vlogs,327000,,,
Hf0hbqjxX9w,9641089,229346,4127,UCADQo478H9KjhL1xxEkKwoA,Riya's Amazing World,2025-01-17 07:30:10+00:00,60,22,Vlogs,3840000,,,
l7TjrJV4LlQ,8396664,361804,873,UCLEvg5517iXvw2h5dt--4uA,NL01 kundan ,2024-06-11 12:23:01+00:00,61,22,Vlogs,1410000,,,
U9bsSJ4iBT8,7256561,11424,0,UCp_UeykTS9tKJoL88FHbhRg,SP star Family,2025-08-07 08:29:20+00:00,608,22,Vlogs,111000,,,
n-fdDT07hGs,7264704,0,135,UCcv8Gl2kld-TLbaQdDhyUGA,Life with shy girl Shorts,2024-08-23 02:49:00+00:00,56,22,Vlogs,27200,,,
tRKEfTTk5Q4,7540112,297469,488,UCSTpKjJh6ggZSSWSNj20JOw,Monika Kholiya,2024-05-07 07:12:26+00:00,35,22,Vlogs,501000,,,
4UIDpbHj7hU,7750438,355118,641,UChL_g9wFFy0SbHqxSW-rzuA,Tejasvi Rajput,2024-09-01 07:09:53+00:00,50,22,Vlogs,1110000,,,
aDNyKzQFyGg,13010084,313409,330,UCkn7QWNmJftBg-yHla3EJjw,Life with Priya Rao,2025-10-07 13:07:39+00:00,50,22,Vlogs,9060000,,,
IxjI97u75IU,6829279,136953,3364,UChUJbP5pivwW9wuJecKAADg,Alanna & Ivor,2025-07-20 07:28:41+00:00,708,22,Vlogs,1940000,,,
twWI3rsc8A4,7292076,261536,781,UCUjsa9oURTPbpkwj2RCIMFQ,i am partner ,2024-06-18 09:06:17+00:00,50,22,Vlogs,8940000,,,
UDwDet6TvKU,7284076,309163,1705,UCFQsQDWo8busJTFV69a9X1A,Ramesh Shah Vlogs,2024-04-29 02:30:22+00:00,15,22,Vlogs,29600,,,
LwhF-GcByt8,10815422,271347,1185,UCdQgkA195GHjNr3b0eW5aHg,Little Anushka Vlogs,2025-03-06 13:43:05+00:00,59,22,Vlogs,754000,,,
f8sKeeBsEM0,7220291,494059,2638,UCLWNKb7pjIS_ff4zaoneJWQ,Kaitlyn Johnson,2023-11-09 18:23:38+00:00,60,22,Vlogs,1540000,,,
qqD50l6uMoI,6927654,0,0,UC8shfFhkDOoIBq1i6l0nQcA,The Fluellen Fam,2023-03-25 19:15:23+00:00,60,22,Vlogs,6600000,,,
pCtEfriWFWs,12118936,362037,708,UCiyLsTsGwf0FB_P9rQZmJeA,Daizy Aizy Vlogs,2025-04-22 13:15:55+00:00,35,22,Vlogs,5080000,,,
jnd4Qmuw1Xk,11100470,315575,622,UCkn7QWNmJftBg-yHla3EJjw,Life with Priya Rao,2025-08-30 13:01:05+00:00,50,22,Vlogs,9060000,,,
pGfLJOgR6L8,11394034,324855,307,UCkn7QWNmJftBg-yHla3EJjw,Life with Priya Rao,2025-10-16 13:03:01+00:00,53,22,Vlogs,9060000,,,
TzEQcToWTTk,6530577,292681,1832,UC_MMI4dT3uRJZ1p1i0vEZtg,Bhavani vlogs ,2024-06-28 10:03:45+00:00,60,22,Vlogs,1640000,,,
NUKtar2JAbQ,9237992,221235,1152,UCqhXNInhddWWL6dDHGVQl-w,Life With Kanha Ji,2025-07-26 11:16:49+00:00,60,22,Vlogs,872000,,,
jH6R2ei839I,8729693,301096,415,UCPXLAruFusYx0ZI_WA8T34w,Miss.Hosiyar,2025-04-13 15:50:00+00:00,59,22,Vlogs,6840000,,,
8LswxD-ckeU,6020568,386412,974,UCQgwF5Od06EKCvhEh1tmQDw,Elise Pham,2023-11-10 03:53:21+00:00,48,22,Vlogs,692000,,,
FicocWaSHI0,5465196,119055,5058,UCcC0Vg-luhmJErWbFmAtudQ,Pooh in Korea,2024-09-24 09:02:04+00:00,892,22,Vlogs,5920000,,,
x86PFmyPQGg,9955270,161740,933,UCw1gxv3RxQqjFbAyI3JAtxg,Puja Bisht,2025-06-02 11:30:46+00:00,58,22,Vlogs,155000,,,
KfQkJTnBTf0,9775368,125713,4238,UC22auqj_OjSJk4cBXduHJcA,Niqabi Aisha,2025-05-24 15:20:00+00:00,37,22,Vlogs,126000,,,
8o3P4sVBz4c,9102031,157854,1613,UCIvkyLelNLPGO5GIYCcrTxQ,Sejal Gaba Vlogs,2025-06-27 12:51:54+00:00,49,22,Vlogs,3810000,,,
iRHDDXMsn24,5254959,222101,10034,UC1oyQebO-njIE1mOlSav4iA,Haru is Japanese,2024-10-23 08:40:54+00:00,979,22,Vlogs,231000,,,
PtEOU1J_yfo,5659029,276810,906,UCebsG4YuWIK7NJ9VYLepciw,Di_aesthetic,2024-03-17 23:40:01+00:00,24,22,Vlogs,168000,,,
H24piQ1G1rg,5112846,30824,1220,UCbnbANjBfR4Ab6Z03SuS1kQ,Daily Dolly Vlogs,2025-12-23 03:30:09+00:00,1171,22,Vlogs,6370000,,,
xfpMiwIDzzM,11276884,49008,27,UCJJ53lDxejaLLdAL0iRBNCQ,Cute Baby Yangyang's Daily Life,2026-01-15 12:01:52+00:00,19,22,Vlogs,899000,,,
5X5d-wMtvXA,9605697,253844,321,UCkn7QWNmJftBg-yHla3EJjw,Life with Priya Rao,2026-01-16 12:22:04+00:00,46,22,Vlogs,9060000,,,
-12gzhvBEjc,5646640,230833,349,UC-CtpiNC2cnKmXXPtxNVZzw,Shivani Gupta,2024-06-16 14:20:11+00:00,61,22,Vlogs,291000,,,
XAOEDQjbpN4,4845074,196312,1063,UCwFKGw-tGF8hcf2DYN4ZFrg,Birangana,2024-06-02 07:30:11+00:00,59,22,Vlogs,168000,,,
lc_wBkCan5s,4499511,81227,1962,UCxEyrf1Ud59fvH9A5mNGwIg,Her 86m2,2023-09-14 12:00:38+00:00,1083,22,Vlogs,2340000,,,
w8BngH1g3OE,4613148,215498,696,UC5rHti2iIMkXL12pxhMLvTg,Akancha Sharma,2023-05-16 06:58:12+00:00,54,22,Vlogs,1580000,,,
Z5WPzBxvvJc,4415420,273009,444,UChZmanwgarvXZWH12LmqOtw,Aditya Rawat Vlogs,2023-08-18 12:57:36+00:00,60,22,Vlogs,726000,,,
lumimB_aa7M,4333754,118494,1231,UCbm8FxO0gBbZ19iydL9g3ZQ,JustMerk,2023-02-17 00:03:48+00:00,431,22,Vlogs,779000,,,
GbbQGWyuEnY,7596979,0,34481,UC28haopD28ljl7lVEKkw1PA,Sirf Shreyansh,2026-01-14 13:24:01+00:00,33,22,Vlogs,13700000,,,
SFTI27WebSI,4292768,72150,4208,UCBElRVEL-H0eDYdL2mb1Sng,Travel with AK,2023-06-17 08:15:02+00:00,1686,22,Vlogs,1590000,,,
T5VIuU1wmEQ,8515788,188199,483,UCkn7QWNmJftBg-yHla3EJjw,Life with Priya Rao,2025-11-13 13:01:56+00:00,52,22,Vlogs,9060000,,,
rjCl3F1Uyvo,4558941,211491,555,UCOpdlJDsxqzq9rxZUyigUWQ,Kaamini Shorts,2024-03-10 13:32:26+00:00,39,22,Vlogs,5230000,,,
CUDTkZN5Zbc,4169613,53510,809,UCn7DhCaSofxl9dVC985Tp-g,Thehella,2025-02-05 19:00:10+00:00,976,22,Vlogs,957000,,,
meVlWADd3xY,6777731,116695,117,UCJdDMO_NXRgYjRU2li9HX5Q,Flying Kaur ,2025-06-09 12:45:44+00:00,61,22,Vlogs,193000,,,
YS3d2U3LuzY,7229822,225498,614,UCJv08YINp_tv_ZO3Qssus6w,Swati Monga,2025-08-18 05:06:44+00:00,74,22,Vlogs,3400000,,,
SqNWbqW2Jjw,4997571,290162,754,UCbK2Dc_JBauzczySLBg_1Ig,Alice Wu,2024-07-18 21:00:15+00:00,39,22,Vlogs,1330000,,,
F8-kJasjQYw,4522170,130342,599,UCLNecTq6AEV7vNpGbzfBkMQ,Farah Mehnaz,2023-12-20 17:39:30+00:00,58,22,Vlogs,625000,,,
h0FzoGEbMQA,7633473,173727,805,UC6RdPBLc_1DTx4W1u3UxmJA,Charlene Hao,2025-09-25 15:02:52+00:00,17,22,Vlogs,48400,,,
es6lmjzpK4w,4348548,234222,1341,UC2aE9o5CPNK5MaXipSOiBUg,Real Payal,2024-07-31 16:30:11+00:00,49,22,Vlogs,1510000,,,
LO0bcB9QJko,3849069,130570,286,UC3MwMZzsHNs9Pvxe3s0PPbw,Roo Paul,2024-07-04 16:26:14+00:00,61,22,Vlogs,384000,,,
U55wxJxjbQ0,8007673,217443,386,UCkn7QWNmJftBg-yHla3EJjw,Life with Priya Rao,2025-12-20 12:28:38+00:00,48,22,Vlogs,9060000,,,
9eTm_HMxZUg,6958378,145950,617,UCw-beSvrBJVHF4fXC_v6hLQ,Bindass Kavya Shorts,2025-08-07 12:55:13+00:00,60,22,Vlogs,5790000,,,
Ebit4uP02hQ,7896592,89548,214,UCIEwCxewZXHylmTrQSAeiPA,Tejaswi Sarath,2025-10-04 12:30:14+00:00,59,22,Vlogs,20100,,,
sRRXGF2l8hI,4175934,144316,494,UCXFZvm0_pzPmWUWAJJ5rDYA,VANGA PAZHAGALAM,2023-12-09 02:10:38+00:00,60,22,Vlogs,756000,,,
CHQGuHYsjkQ,4934842,155417,280,UCnCUxhewskitmPEl4PgrlFA,Krishna Priyadarshini Rout,2023-12-21 09:58:30+00:00,48,22,Vlogs,506000,,,
_5rCytpd0a0,6337794,197726,2814,UCqhXNInhddWWL6dDHGVQl-w,Life With Kanha Ji,2025-07-04 06:13:32+00:00,60,22,Vlogs,872000,,,
QHj8BZ_xWms,3551147,136946,26402,UCyWxjLVNaYG2f0rFi9MDngQ,Gumi – daily life in Japan,2025-08-23 09:30:13+00:00,1005,22,Vlogs,204000,,,
36Q82YBBM_k,5171482,193093,934,UCw-beSvrBJVHF4fXC_v6hLQ,Bindass Kavya Shorts,2025-03-26 07:37:18+00:00,51,22,Vlogs,5790000,,,
KObyc70Y7bI,3416154,75501,1278,UCBrT_NBOM8yEEeKXQ-Fse1Q,SunnyVlog 산니,2024-06-09 12:42:02+00:00,502,22,Vlogs,575000,,,
TAz7pUjZMew,5833352,90530,274,UCNVqpeJMKKJ0gkFlOkFv3fQ,Life With Niranjana,2025-07-15 12:59:00+00:00,54,22,Vlogs,487000,,,
x66nGrDBwvY,3532690,259624,406,UCH9aPskONv7sraQfL-UDxNQ,Swara Singh,2023-11-15 09:03:58+00:00,60,22,Vlogs,9850000,,,
HLTGnRyqF8c,4344732,78499,624,UCaCP-jm8RbEaUXz2T-o5Taw,Poulomi Mukherjee,2024-06-01 12:39:05+00:00,61,22,Vlogs,28700,,,
jzLm8EYkveM,3286367,0,2202,UCbnbANjBfR4Ab6Z03SuS1kQ,Daily Dolly Vlogs,2025-10-08 09:30:22+00:00,1719,22,Vlogs,6370000,,,
Y2YfuIjrlsE,4414537,178106,1084,UC4soI3xH56l4pP7yByWQyQw,Himani Sharma,2025-04-01 10:45:03+00:00,54,22,Vlogs,413000,,,
2359mAG3jsU,3205278,3298,0,UCfUoif9Pj1fA-Yy2yqFRQpQ,Pari Vlog,2025-08-23 06:29:27+00:00,55,22,Vlogs,178000,,,
H7gWCJNPpzk,3140606,54963,1352,UCxEyrf1Ud59fvH9A5mNGwIg,Her 86m2,2024-09-26 12:00:16+00:00,937,22,Vlogs,2340000,,,
xuCZGyF4_OI,3305299,190667,347,UCcD-DpQztF3fymfagC73fYg,Korina Bao,2024-02-26 10:05:58+00:00,60,22,Vlogs,495000,,,
blZOzIj17vg,5159597,203573,216,UC9-zGIwgl36EtbzuT7pmLSw,Payal Panchal Vlogs,2025-07-27 06:09:55+00:00,76,22,Vlogs,5050000,,,
HD2dXv27DMc,3299417,139528,351,UCADQo478H9KjhL1xxEkKwoA,Riya's Amazing World,2024-06-18 08:20:24+00:00,56,22,Vlogs,3840000,,,
vQnS-LTL_LI,3722097,267365,618,UCLEvg5517iXvw2h5dt--4uA,NL01 kundan ,2024-11-26 14:12:52+00:00,59,22,Vlogs,1410000,,,
9WSKCasxzfA,3635847,149261,397,UCqtcff-ZcwKimkBtiLPJyPA,ARSHI SAIFI,2024-12-31 07:37:52+00:00,60,22,Vlogs,1440000,,,
tgTXD1mTudo,3031166,45708,2904,UCihOzHXbGSyYTuT-R9SE9Ww,ANVI,2025-07-27 09:02:52+00:00,1115,22,Vlogs,291000,,,
lfIgTbcaaSk,4621969,96380,129,UCktyoo_lp7Sg5Lp31PSRsNQ,shubham shelke vlogs,2025-04-24 13:01:30+00:00,45,22,Vlogs,961000,,,
34sjyonAEac,3604658,137731,248,UC5EvzDf-0V3YY7Ey6VTYLbQ,RithanyaRithu,2024-10-29 12:38:00+00:00,60,22,Vlogs,92300,,,
i8mfOlXamAI,3617056,136348,1833,UCFH4LTyzM9n1joovrJ-Mg1g,S ROY's Lifestyle,2023-08-17 05:11:32+00:00,60,22,Vlogs,1460000,,,
jnPDeoCK4WU,2963422,52137,920,UC14-B_3C30cxZGuFJR0I-Ug,Sol Life,2024-03-05 11:00:39+00:00,1327,22,Vlogs,545000,,,
qJKQkkPLSYk,3177833,145433,205,UCkn7QWNmJftBg-yHla3EJjw,Life with Priya Rao,2023-05-03 15:30:10+00:00,56,22,Vlogs,9060000,,,
pOuNXoLO3MU,4846558,206537,1737,UC7o6VyFSbumdFp3R9TZV78Q,salaryman lenn,2025-04-25 17:06:47+00:00,59,22,Vlogs,81200,,,
wTw_IwRfhKw,2805411,71073,704,UCbK2Dc_JBauzczySLBg_1Ig,Alice Wu,2025-02-13 23:00:51+00:00,684,22,Vlogs,1330000,,,
lv4CEE4FiPY,4873923,134103,1901,UCw1gxv3RxQqjFbAyI3JAtxg,Puja Bisht,2025-04-15 11:40:58+00:00,55,22,Vlogs,155000,,,
vUkrqPgV2lw,4914039,96392,513,UCPP9dk70Prm4KPMH8Zz2oFw,arinademayast,2025-07-13 08:00:40+00:00,54,22,Vlogs,37600,,,
3X2hQ9eQez4,4327530,103440,1147,UCP68CMoZIwSsOeqr-eHJOnw,Monu Mine ,2023-10-29 13:30:01+00:00,44,22,Vlogs,36300,,,
JTQQsPuWYLE,5731905,25903,0,UCJJ53lDxejaLLdAL0iRBNCQ,Cute Baby Yangyang's Daily Life,2026-01-14 12:00:28+00:00,18,22,Vlogs,899000,,,
pnU7Xajo2Fg,4785621,117464,357,UC8jYfKslfrOgRTT76qop12g,Chinese beauty care,2025-05-02 10:39:52+00:00,60,22,Vlogs,418000,,,
-6AKL_oUY34,2658119,64507,1287,UCBrT_NBOM8yEEeKXQ-Fse1Q,SunnyVlog 산니,2024-05-20 14:03:03+00:00,604,22,Vlogs,575000,,,
Cqg8tQH4U8M,2589795,72647,2793,UCP0f9FXZ4g-MxAqSUreHpCw,Taylor Bell,2024-03-22 15:51:19+00:00,818,22,Vlogs,810000,,,
hSRxXLTE76s,5108544,0,144,UCGlfcvTnyz2lx__TNmsBCWg,Make Facts Of,2025-05-17 15:30:24+00:00,19,22,Vlogs,10500000,,,
w91k2Leo1Zs,3563959,121510,477,UCEUvsEfdROKsBH_nSNozTTw,ChanRav's Story,2025-06-18 17:41:20+00:00,84,22,Vlogs,1510000,,,
VV5wTxj2cXI,3555985,106488,826,UCWn5S20zUWmXRlXyw7K1zwg,Dewansh Soni Official,2025-01-11 13:30:19+00:00,60,22,Vlogs,374000,,,
MntTE2JKRJI,2362718,12755,1038,UCcak53_EpkxVCD8GcHGWEyg,Dubai Mommy Vlogs - Fouziya,2024-10-24 10:25:12+00:00,766,22,Vlogs,50100,,,
rkm_YBu8bQI,4658047,130928,220,UCbK2Dc_JBauzczySLBg_1Ig,Alice Wu,2025-09-02 22:04:59+00:00,20,22,Vlogs,1330000,,,
2Zetfvk_3Kc,2472163,123820,868,UCvZuDoJdiXQNEosJfqDiO_A,Niamh Mackinnon,2024-08-14 18:00:01+00:00,57,22,Vlogs,162000,,,
TcjVv4AXLng,2264833,77275,0,UCEhR1QSpvj91KnIjWMVP5qw,alaina,2025-01-19 15:00:37+00:00,606,22,Vlogs,233000,,,
ZQA_Z1gH_kI,4745848,44984,183,UCuxCUEvrTbrQPWN9sDiOcyA, Safar ,2025-05-03 06:30:15+00:00,15,22,Vlogs,8550,,,
iXlO0g2ENQA,3775095,123165,527,UCiyLsTsGwf0FB_P9rQZmJeA,Daizy Aizy Vlogs,2025-05-12 07:30:19+00:00,36,22,Vlogs,5080000,,,
KIdVw5qEdQg,2601067,58001,123,UCtn2Frw8a1m6QWzAluK7Vaw,Priyanka DS,2025-01-02 14:09:06+00:00,41,22,Vlogs,143000,,,
ohEp4nhPrq0,2498404,176084,731,UCCBF_JMuJ2gHCNhcBpRq1Dw,Life With Cina,2024-08-21 00:51:39+00:00,60,22,Vlogs,737000,,,
-27ksijg5bo,3011609,93137,466,UCEUvsEfdROKsBH_nSNozTTw,ChanRav's Story,2025-03-17 05:00:00+00:00,60,22,Vlogs,1510000,,,
HwWlcccRseQ,2205622,70933,1999,UClstjKOVQ1V-BhFP8arH2XQ,Leana Deeb,2024-10-20 22:00:16+00:00,500,22,Vlogs,1720000,,,
g8LHVekvXgQ,3073863,150155,546,UCiuxifau4ESit4TrpBDzJZw,bmhlifestyle,2025-01-15 17:13:42+00:00,19,22,Vlogs,27500,,,
02LAx-CZ-0Q,2234947,100854,1677,UCm_rkVN3wpsKMzOtEpJb8RQ,Andrew James,2024-02-11 14:41:01+00:00,717,22,Vlogs,290000,,,
bLukDL5CE0Y,2168442,68995,5240,UCytKJrAI_PsPfoi04D1E2oQ,Kai Trump,2025-09-27 16:01:09+00:00,2129,22,Vlogs,1430000,,,
01ZZPFDQFDE,3729654,91250,289,UCpKDg5aOsMYn5kWxe7YGdSA,Hansika Krishna,2025-06-21 13:39:13+00:00,34,22,Vlogs,901000,,,
yDFlooZ3uDU,2727579,101566,282,UCh0cuoW0CKcNTKvmGOBke8Q,Lucia Andreoli,2024-12-26 16:28:49+00:00,20,22,Vlogs,28200,,,
cz6EnE7_otM,4550738,49330,3167,UCRKHnsF1BqhzWXeYfnukZCw,Anushka Singh,2025-04-07 06:29:43+00:00,17,22,Vlogs,302000,,,
QJQa2NGK9UY,2085665,49222,591,UCR6kW-duXzcxhBs_SmEN-uw,kokohome,2023-09-15 10:45:01+00:00,1058,22,Vlogs,581000,,,
njCiV6THBnc,3662335,104874,341,UC3zZX4ttC52HlqVis7eQ-Hg,Matt & Abby,2025-04-08 00:05:52+00:00,76,22,Vlogs,8120000,,,
iShM3hZVEYM,2048982,12953,486,UCaUzEHgOFAqb2F_cMCI_ZpA,Nageen Lifestyle In America 🇺🇸,2024-07-12 17:51:38+00:00,1315,22,Vlogs,168000,,,
4bWyuts4XTg,4117270,68440,759,UCmZnWpeUeSEm-LHgfCeYj8A,Angelina Jacob,2025-07-08 20:05:29+00:00,21,22,Vlogs,733000,,,
ufWndny-hiM,2310568,157273,328,UC387lnFUWUnt83_ok9B3PCg,Olivia Yang,2023-08-29 16:37:09+00:00,16,22,Vlogs,722000,,,
sVZ_vTmUNhA,2524229,150275,405,UCYwVCNmKmLuh2tnAxg4U6uw,Life of Purab,2024-05-13 17:25:51+00:00,61,22,Vlogs,262000,,,
GpqYIzXmIDg,4107586,78407,159,UCQ7mb34cEl7wbnEwJPi9pew,alice,2025-08-22 02:03:45+00:00,27,22,Vlogs,105000,,,
wdOP-EF1Ls0,1932223,70648,1445,UCo8Pn9wIgqWgsgw35h2HKdA,Nicolas Berndt,2023-06-28 11:00:45+00:00,556,22,Vlogs,504000,,,
0yG29a8Ghrs,1934470,61109,6753,UCyWxjLVNaYG2f0rFi9MDngQ,Gumi – daily life in Japan,2025-08-30 10:00:03+00:00,1431,22,Vlogs,204000,,,
qJWFrJhRupc,2259124,126549,336,UCbK2Dc_JBauzczySLBg_1Ig,Alice Wu,2024-09-02 22:07:33+00:00,23,22,Vlogs,1330000,,,
mlAI47IrrLA,3819440,66179,1023,UCXCNMGhymR0yy9x9u7NMQag,Future Doctors,2023-12-29 08:27:03+00:00,17,22,Vlogs,111000,,,
no1OeD8txZQ,3210897,0,454,UCH0br79eZk80FGjKujXAYDQ,Devlok,2025-05-03 14:27:50+00:00,49,22,Vlogs,555000,,,
V_7hB_fk6sk,1830085,42384,1386,UCkH5vbh5k4NMDkcnztb45ow,Ratu Julia,2024-06-10 15:31:22+00:00,972,22,Vlogs,133000,,,
JDDh7cQmFZM,2709517,0,0,UCneGwKAtzkPhfzSMSsdYyHA,Shabana vlogs,2025-09-30 12:30:23+00:00,145,22,Vlogs,288000,,,
PsJJxI03AyE,2021374,71338,472,UCAUT6w_cx_unIpMu4fw4N2Q,The Law Says What?!,2023-01-22 20:55:33+00:00,47,22,Vlogs,96900,,,
QVa9EtflmCk,2815106,113524,218,UCC_JdeMcJsKJvf7gWjpqYUw,It's Abhishek Ranjan,2025-07-20 01:30:13+00:00,54,22,Vlogs,11800,,,
mPIEMvlwDW8,2979896,0,70,UCEpJ2gR0iFwIZ8fg5DL_Gig,Yashiyana 2.0,2026-01-07 06:29:04+00:00,41,22,Vlogs,109000,,,
11UYZhBtIHU,1898078,104551,289,UCGbdpXT0waDfg330LsyzDEg,Ahana Biswas,2024-07-29 11:30:00+00:00,58,22,Vlogs,450000,,,
l4PP-6hWdsw,3864755,85899,342,UCYVFeFY_4-755hqdPfB2qpw,Mia Yilin,2025-06-28 00:26:00+00:00,27,22,Vlogs,398000,,,
amHVGaHPQmw,1751156,46739,592,UChT0bE5RPVIrjqN1Qn_N7bw,lin💤,2024-09-27 16:00:22+00:00,761,22,Vlogs,92800,,,
SMwfrGRrQ8w,3715598,49988,506,UCIvkyLelNLPGO5GIYCcrTxQ,Sejal Gaba Vlogs,2025-05-12 12:15:08+00:00,18,22,Vlogs,3810000,,,
yWw1TfXhACM,1742587,17781,888,UCbU5to-ORvA-bC48j-hHEHw,sophia 🩵,2025-03-01 11:01:21+00:00,1094,22,Vlogs,22700,,,
HHGldqB5XnU,1986900,58776,139,UCtn2Frw8a1m6QWzAluK7Vaw,Priyanka DS,2025-01-05 08:07:46+00:00,59,22,Vlogs,143000,,,
1xgjjIC7hd8,2103943,99297,177,UC8aO651JFOPyLi_E5UOlXkA,Aparna Chaithanya,2024-11-27 09:21:55+00:00,59,22,Vlogs,291000,,,
kyYAujZRK_Y,1811943,36656,1069,UCQum8Y-lcBYAN62aGdKtaVg,Homedesignista,2024-11-15 07:09:39+00:00,1158,22,Vlogs,67300,,,
NTcPKT010n8,2552895,101543,591,UC4soI3xH56l4pP7yByWQyQw,Himani Sharma,2025-04-07 10:45:03+00:00,59,22,Vlogs,413000,,,
MdxH1x1u0tk,1667890,46468,1149,UCbK2Dc_JBauzczySLBg_1Ig,Alice Wu,2024-11-01 23:43:14+00:00,1013,22,Vlogs,1330000,,,
arwBiOMimLo,2221105,76628,277,UCEUvsEfdROKsBH_nSNozTTw,ChanRav's Story,2025-02-17 05:46:34+00:00,60,22,Vlogs,1510000,,,
lSD8GG8Goxw,2153586,92128,662,UCQObbMyA4UbSt2bQLFzsKmg,Harsh Katkade Fitness,2024-03-06 05:43:56+00:00,60,22,Vlogs,474000,,,
DCgCKe8ZE-s,1614669,52116,2562,UCcH_0UxhcQYOjj668lHzzXA,Samurai's daily life,2024-05-16 21:00:07+00:00,599,22,Vlogs,180000,,,
lCYMFOlAFVA,1747679,89144,885,UCwXicok1yKCwDWJRkRbJ4KQ,Mackenzie William,2024-09-26 11:00:53+00:00,29,22,Vlogs,3500000,,,
1Nef8LPO-jo,82538432,4171339,6379,UCMiJRAwDNSNzuYeN2uWa0pA,Mrwhosetheboss,2022-11-01 11:00:06+00:00,47,28,Technology,22200000,,,
iOzrpFTRXSo,47155147,2741369,1868,UCglXlpWjIi95auM3umWWLdw,Tech Master Shorts,2022-12-24 12:00:33+00:00,55,28,Technology,26500000,,,
NCDQJuZaRIU,39982901,2792618,8661,UCZSlfzadjnw7G419c_OJ9eg,Mrwhosetheboss Plus,2022-01-08 12:29:34+00:00,46,28,Technology,6960000,,,
653lN9zARjc,37707954,2342484,4756,UCZSlfzadjnw7G419c_OJ9eg,Mrwhosetheboss Plus,2022-09-09 15:07:05+00:00,45,28,Technology,6960000,,,
Iot6JCD8Gcs,37694700,1393239,10015,UCMiJRAwDNSNzuYeN2uWa0pA,Mrwhosetheboss,2023-03-25 12:26:59+00:00,33,28,Technology,22200000,,,
axUIqvZAhd0,27692691,2063799,17295,UCZSlfzadjnw7G419c_OJ9eg,Mrwhosetheboss Plus,2022-04-30 10:11:53+00:00,53,28,Technology,6960000,,,
NLFB4u_fJK0,27659667,1894678,5432,UCMiJRAwDNSNzuYeN2uWa0pA,Mrwhosetheboss,2022-12-29 09:09:59+00:00,56,28,Technology,22200000,,,
4fSLrhuqlr4,26278533,475633,325,UC85MIJMcZNnhxx84BZMlJgg,SimpleGhar Telugu,2024-04-03 12:37:51+00:00,41,28,Technology,5800000,,,
RwUklVuppG0,2099129,53093,2176,UCs6EmLAT4lTWwCSJRgbbchQ,TechShot,2025-08-27 05:45:04+00:00,2226,28,Technology,2140000,,,
9S7miJPY4j8,1633851,39201,714,UCXUJJNoP1QupwsYIWFXmsZg,Tech Burner,2025-06-08 12:18:26+00:00,1393,28,Technology,12500000,,,
LmJSBb881LM,23074842,1429139,940,UCBbeXVY55K5estTHrKWJ5Yg,Tech FC Shorts,2022-09-21 06:01:31+00:00,36,28,Technology,8360000,,,
EMLWUnblh0c,35694026,797235,703,UC8SFy66JbVwPcYhvplWPm1g,Mahadev Tyagi,2025-03-30 07:24:51+00:00,58,28,Technology,609000,,,
_NRrwx0neic,19339497,1436481,779,UCBbeXVY55K5estTHrKWJ5Yg,Tech FC Shorts,2022-10-06 16:33:35+00:00,46,28,Technology,8360000,,,
nOjQO86jy7g,19225495,1789199,4820,UCZSlfzadjnw7G419c_OJ9eg,Mrwhosetheboss Plus,2022-05-01 09:51:28+00:00,60,28,Technology,6960000,,,
j0hymrQ9WJQ,17200296,268652,254,UCcEemKX91VohoKl6uRBAPyQ,SimpleGhar Hindi,2024-07-17 13:40:24+00:00,31,28,Technology,6670000,,,
kP5wK3XtMd0,19477206,717226,739,UCdp6GUwjKscp5ST4M4WgIpw,TechWiser,2022-11-03 12:35:48+00:00,60,28,Technology,2470000,,,
Ca8LMfZXKqU,14056998,270880,195,UCJoYs6q1R7KE3MWlNqebIqw,Tech way,2022-08-15 16:10:34+00:00,16,28,Technology,2160000,,,
I1sCfk_IbEI,11788182,841255,1141,UCglXlpWjIi95auM3umWWLdw,Tech Master Shorts,2023-01-27 05:35:00+00:00,47,28,Technology,26500000,,,
9mwXltguBWY,11107939,572461,1998,UCdBK94H6oZT2Q7l0-b0xmMg,ShortCircuit,2022-11-29 21:15:18+00:00,53,28,Technology,2530000,,,
bi1XS6s1rBY,10491850,462869,3850,UCBJycsmduvYEL83R_U4JriQ,Marques Brownlee,2023-03-05 16:20:33+00:00,60,28,Technology,20700000,,,
UXNgMDTvgZ0,7627544,559622,664,UCdoDYkupTElV62K7ttA_E4w,TechBar,2022-11-28 11:38:22+00:00,58,28,Technology,5660000,,,
khfU-V43Dgo,8180146,193474,1842,UCsTcErHg8oDvUnTzoqsYeNw,Unbox Therapy,2024-03-14 19:20:32+00:00,47,28,Technology,24600000,,,
0pHOD__Ow2w,7572307,441054,598,UCvo2tOQ0yDJLFRi7QAt58yA,MostTechy Shorts,2022-12-21 14:59:27+00:00,39,28,Technology,6410000,,,
emfZtoflA20,7034756,210968,196,UCmFg8MMCkiar0ysTCje-pag,Gadget Tak,2024-12-31 00:53:07+00:00,27,28,Technology,66700,,,
LeR6bfZaRzY,5759119,378668,972,UCOTGVctbHD4UJK3R6Evfx9Q,TECH-iELA Shorts,2022-09-16 14:09:17+00:00,60,28,Technology,9950000,,,
oi8bo03tnFU,6914193,0,390,UC8SFy66JbVwPcYhvplWPm1g,Mahadev Tyagi,2024-12-02 10:43:46+00:00,55,28,Technology,609000,,,
41EY7ZjMTAo,5321692,405995,784,UCglXlpWjIi95auM3umWWLdw,Tech Master Shorts,2023-09-05 13:03:00+00:00,50,28,Technology,26500000,,,
ZiXg6H_FycI,3143245,110285,8609,UCy0tKL1T7wFoYcxCe0xjN6Q,Technology Connections,2022-11-09 17:31:13+00:00,1467,28,Technology,3030000,,,
aWmW1aZu-mo,3374867,0,1156,UC7yRIGjCGQtayPeQoCZQPSA,TechNewz Shorts,2023-03-17 09:30:00+00:00,28,28,Technology,34600,,,
Ms3a1hbZlaU,3315466,179957,211,UCdhyGLBRk_oHt3zrlYyn8-w,TECH WITH AR,2024-09-20 09:23:46+00:00,27,28,Technology,3130000,,,
RzhBEUY_KKw,2938209,178029,146,UCvo2tOQ0yDJLFRi7QAt58yA,MostTechy Shorts,2023-05-18 15:31:34+00:00,35,28,Technology,6410000,,,
hsBssSEcM2I,2842499,145033,694,UCdp6GUwjKscp5ST4M4WgIpw,TechWiser,2023-03-02 07:33:39+00:00,59,28,Technology,2470000,,,
_Pv51E77ZTk,2980236,129935,931,UCvpfclapgcuJo0M_x65pfRw,Beebom,2023-10-24 07:30:13+00:00,41,28,Technology,3490000,,,
CTcojLPrY4o,2435430,94572,453,UCvpfclapgcuJo0M_x65pfRw,Beebom,2023-08-26 05:44:00+00:00,44,28,Technology,3490000,,,
SJZEA5fUzUY,3343921,105129,379,UCdoDYkupTElV62K7ttA_E4w,TechBar,2025-11-20 14:30:32+00:00,56,28,Technology,5660000,,,
xxbNlH5beP0,2331856,96277,371,UCvpfclapgcuJo0M_x65pfRw,Beebom,2023-05-12 11:38:00+00:00,43,28,Technology,3490000,,,
x0tgdtpjnpc,2187619,46952,1424,UCG7J20LhUeLl6y_Emi7OJrA,The Studio,2025-05-14 21:25:13+00:00,1747,28,Technology,1040000,,,
aq07_H7-wAM,3255331,135251,459,UCdoDYkupTElV62K7ttA_E4w,TechBar,2025-10-23 14:30:02+00:00,47,28,Technology,5660000,,,
qP0zM0bq3eo,2027483,73086,13423,UCuVQmkiETvqmLviDcBtQw4A,Nothing,2025-07-15 16:33:29+00:00,891,28,Technology,1220000,,,
sDHUrmOGLXg,2376387,65302,561,UCqOLFDSLrYKJUuSS0tQqvcw,Gupta Information Systems,2023-12-19 11:03:08+00:00,60,28,Technology,1820000,,,
IVMfGsGHZRk,2230761,108705,409,UCdp6GUwjKscp5ST4M4WgIpw,TechWiser,2025-02-02 11:00:31+00:00,59,28,Technology,2470000,,,
yL7Wpndp9iE,2328373,58656,420,UCKk9JCBLDy6bOp5cUAQYrUQ,Sillycorns,2024-10-13 07:37:00+00:00,17,28,Technology,641000,,,
X00O8kqaqY8,2060234,52049,321,UCGn-E8HRBYXbOl5ihhxovow,BUILD MY TECH,2022-09-25 12:35:43+00:00,37,28,Technology,2850,,,
sOc0S6VTjac,3380214,59008,321,UCKk9JCBLDy6bOp5cUAQYrUQ,Sillycorns,2025-08-25 13:02:56+00:00,19,28,Technology,641000,,,
MAGBC2LWTes,2245116,100188,466,UCdp6GUwjKscp5ST4M4WgIpw,TechWiser,2025-02-22 12:00:25+00:00,55,28,Technology,2470000,,,
GxPuhoscMdo,2191599,56561,190,UCgGVpfIKCrsV5vivVyXhVhA,Daniel Sin,2023-01-25 18:01:16+00:00,21,28,Technology,557000,,,
GJtyNtw6zPY,3023390,58626,425,UCLtC4opeWUPSiLvCAEe4okQ,Daantalks,2025-11-17 11:17:32+00:00,35,28,Technology,48500,,,
d7eRP3xuCSw,2483063,64005,639,UC9Tib0IsWBst6tlQ-p3L4Pw,Will Bowers,2025-03-31 21:08:14+00:00,46,28,Technology,337000,,,
J0md-P3Zq7g,2248886,95359,968,UC6mIxFTvXkWQVEHPsEdflzQ,GreatScott!,2025-03-02 16:00:28+00:00,51,28,Technology,2130000,,,
c0nCZL7WxWI,1604375,47667,2281,UCs6EmLAT4lTWwCSJRgbbchQ,TechShot,2025-12-16 03:32:28+00:00,1031,28,Technology,2140000,,,
HXmczdiS8m4,1827443,133736,218,UCnKhQkCUS1oCEvjuTfU4xIw,Tech Boss,2024-06-03 05:20:31+00:00,42,28,Technology,5030000,,,
hGP1hnL4l0k,1574365,41832,2067,UCltuKUCkE82ojAtPJy9rFQA,Venom's Tech,2025-02-26 15:14:30+00:00,1301,28,Technology,1410000,,,
CfWjbl3SvZs,1547572,57125,2679,UCS261lQDXjMvc8Jck-2CQEg,Gyan Therapy,2025-01-11 15:00:13+00:00,935,28,Technology,4050000,,,
ndNiw-_JhHc,1622640,92588,224,UC_s7AF8p_VB0JpBSocuS13Q,Akhil Ds Tech,2023-08-31 02:30:18+00:00,58,28,Technology,289000,,,
4X2DQdViMvs,1631694,70269,1422,UC_T06_S9CtIU7fsaBVmqpsw,TheHopelessGeek,2024-08-31 14:20:52+00:00,50,28,Technology,62100,,,
P4ouKUthznY,1976244,82579,278,UCdp6GUwjKscp5ST4M4WgIpw,TechWiser,2025-06-24 11:00:46+00:00,122,28,Technology,2470000,,,
EiQ3-rxAZ8w,1354363,40679,3698,UCs6EmLAT4lTWwCSJRgbbchQ,TechShot,2025-09-27 11:30:24+00:00,1861,28,Technology,2140000,,,
yW5dHdJqo68,1324416,64599,91,UCkpgytHFxc69qJzxkukYyOw,Loud Oli Tech,2024-11-07 13:02:43+00:00,27,28,Technology,2100000,,,
ft4pjzUwUyY,1464424,45883,409,UCKk9JCBLDy6bOp5cUAQYrUQ,Sillycorns,2024-08-11 06:38:00+00:00,38,28,Technology,641000,,,
SNhj6JbI66o,1180819,31147,1390,UCS261lQDXjMvc8Jck-2CQEg,Gyan Therapy,2025-06-30 17:12:06+00:00,1016,28,Technology,4050000,,,
2-rHmh2DPIU,1175405,34712,1046,UCS261lQDXjMvc8Jck-2CQEg,Gyan Therapy,2025-05-08 15:23:26+00:00,965,28,Technology,4050000,,,
T-F-vVNVQ50,1162614,7066,633,UCSWZxpzUTkriCZRe0Nl0UqA,YouFact Tech,2025-01-20 14:00:28+00:00,976,28,Technology,960000,,,
q10VEaYd59U,1136223,26596,662,UCXUJJNoP1QupwsYIWFXmsZg,Tech Burner,2025-09-03 14:26:11+00:00,2044,28,Technology,12500000,,,
mucJq7GVHuQ,1182795,21984,1245,UCsTcErHg8oDvUnTzoqsYeNw,Unbox Therapy,2025-09-05 18:23:16+00:00,615,28,Technology,24600000,,,
2iTCxBosFlw,1173376,44185,294,UCOTGVctbHD4UJK3R6Evfx9Q,TECH-iELA Shorts,2024-08-27 07:55:53+00:00,30,28,Technology,9950000,,,
dLn5zvue70c,1120007,23979,722,UCgUCgVN39J_9tYiBynbVqfg,Halka Tech,2024-01-20 08:45:01+00:00,1481,28,Technology,1800000,,,
_qcdsElAXD8,1532199,54254,1124,UCvpfclapgcuJo0M_x65pfRw,Beebom,2025-09-30 15:44:51+00:00,82,28,Technology,3490000,,,
dVRDfk-_caY,1236656,40013,274,UCUuh2FAXecgF2cxXvgENqVw,Gadget Gig,2023-12-13 11:43:57+00:00,57,28,Technology,391000,,,
ilHeFP-xC8Q,1077590,19259,521,UCq30pSBD9tX6d5_xT5aNPoA,Tech Master,2025-11-06 13:09:37+00:00,949,28,Technology,5070000,,,
2iMWcfaOxUw,1916345,16435,151,UCdhyGLBRk_oHt3zrlYyn8-w,TECH WITH AR,2024-03-20 10:15:06+00:00,17,28,Technology,3130000,,,
JujBxRh7QE4,1003257,90768,1000,UC20sXo8ReewkzNKBFgzVCPA,Tamil Tech - MrTT,2023-03-27 08:45:52+00:00,53,28,Technology,4360000,,,
hdEriRfX_fQ,1455342,64542,216,UCdoDYkupTElV62K7ttA_E4w,TechBar,2026-01-12 15:23:06+00:00,64,28,Technology,5660000,,,
CXNbEjCG_q0,926185,18369,310,UCcCYTCDxsMl84_btikjY40Q,Work From Hype,2025-06-02 17:00:19+00:00,412,28,Technology,108000,,,
_L5RLaWw8ko,849493,15443,356,UCB-2gWweMUJK_8L5j_4YA0A,The Video Nerd,2024-03-23 18:55:54+00:00,1864,28,Technology,315000,,,
iwKyCeYKt0I,817187,10157,480,UCB-2gWweMUJK_8L5j_4YA0A,The Video Nerd,2024-08-17 14:40:19+00:00,1609,28,Technology,315000,,,
hub3VypXV70,1599304,13514,116,UC1dl1HAf6ZbtCHPsz--qsjA,Home Gizmos Daily,2024-08-12 14:30:30+00:00,12,28,Technology,5660,,,
mhLSNkpyi9M,1051052,49004,132,UCdoDYkupTElV62K7ttA_E4w,TechBar,2025-12-16 14:27:04+00:00,81,28,Technology,5660000,,,
3SvBO0Dxxjk,746375,21751,780,UCltuKUCkE82ojAtPJy9rFQA,Venom's Tech,2025-11-11 10:40:36+00:00,1248,28,Technology,1410000,,,
tT_9q7utGjw,906767,49534,234,UCdp6GUwjKscp5ST4M4WgIpw,TechWiser,2025-08-06 11:01:45+00:00,119,28,Technology,2470000,,,
qhgbJjqpadg,666283,17274,373,UCdp6GUwjKscp5ST4M4WgIpw,TechWiser,2025-09-27 06:01:00+00:00,482,28,Technology,2470000,,,
GOACB3RvoLk,663284,15819,1123,UCq30pSBD9tX6d5_xT5aNPoA,Tech Master,2026-01-08 13:00:29+00:00,903,28,Technology,5070000,,,
XtYACOe1tFg,738191,46835,191,UC8IPcF4sxZt1TCs7la4EYtw,Domingo Gomes,2024-07-03 14:45:02+00:00,37,28,Technology,1260000,,,
CUSUrZ9aIwM,604704,17124,347,UCdoDYkupTElV62K7ttA_E4w,TechBar,2025-12-24 15:53:34+00:00,835,28,Technology,5660000,,,
DZ36sIEdShQ,599338,14529,1054,UCltuKUCkE82ojAtPJy9rFQA,Venom's Tech,2025-09-26 14:48:51+00:00,1241,28,Technology,1410000,,,
ZCOsbQkUdkc,937304,34037,197,UCdoDYkupTElV62K7ttA_E4w,TechBar,2025-11-05 14:30:27+00:00,58,28,Technology,5660000,,,
gTzzJiM1RZc,539893,18634,1856,UCuVQmkiETvqmLviDcBtQw4A,Nothing,2025-07-28 15:04:03+00:00,656,28,Technology,1220000,,,
f13kRdjpJMg,795148,25791,170,UCOTGVctbHD4UJK3R6Evfx9Q,TECH-iELA Shorts,2025-08-29 10:26:51+00:00,44,28,Technology,9950000,,,
56dE2ldfNyY,522856,14058,436,UCO2x-p9gg9TLKneXlibGR7w,Snazzy Labs,2025-07-09 00:19:15+00:00,1477,28,Technology,1230000,,,
9bD14eV0meA,516063,4363,108,UCxdIhjg5Dv3hMRCnYkz6-Ew,Gadget Zone,2025-03-05 13:00:53+00:00,495,28,Technology,1760000,,,
XBn435b9wpo,817625,19227,177,UCKk9JCBLDy6bOp5cUAQYrUQ,Sillycorns,2025-11-09 06:38:00+00:00,34,28,Technology,641000,,,
fM0oTtE4sFA,608905,12521,80,UCllsYhYKA2xhlLPDhmOGcyA,Tarun Decipher,2024-01-28 01:30:27+00:00,41,28,Technology,89000,,,
hRp4sC-j6YY,684605,9454,163,UCnz_QO6orkMnxxjvoEW3E1w,Tech-Eela,2024-03-26 04:30:28+00:00,30,28,Technology,52000,,,
ghwgqER2blw,555424,22676,423,UCZ1ZWBjWz-Z8F-nf_p9rC1g,Ryan | ByteSized_Techie,2024-03-29 18:18:35+00:00,51,28,Technology,39300,,,
hE8R6TtTrEw,716843,23292,271,UC6mIxFTvXkWQVEHPsEdflzQ,GreatScott!,2025-11-09 16:01:05+00:00,60,28,Technology,2130000,,,
EirNFEYdSy8,666818,20626,236,UCKk9JCBLDy6bOp5cUAQYrUQ,Sillycorns,2025-10-19 06:32:20+00:00,50,28,Technology,641000,,,
o-iUE6se7uw,449648,4773,43,UCq5fpn9Vtwd0YhNvgsozXCQ,Unismart Gadgets,2025-10-09 15:04:23+00:00,387,28,Technology,205000,,,
ATZMWL8O4ds,561868,32137,110,UCdoDYkupTElV62K7ttA_E4w,TechBar,2025-11-30 14:30:08+00:00,89,28,Technology,5660000,,,
KFsddFc-sI4,421877,4679,270,UC17Uwo5BkSTtGVbOkywJ7_Q,Future Tech,2025-04-06 20:02:00+00:00,1099,28,Technology,696000,,,
LERx1AzqQ0c,687390,6993,43,UCOM7M4FxgLLQQlK7GgfvV8A,Technical Adda,2025-06-28 07:31:09+00:00,20,28,Technology,38900,,,
61kiXRZfnTY,877226,4126,40,UChhYUjvA-4vH4ixRko4RZRw,Just For You,2025-01-28 12:51:52+00:00,10,28,Technology,104000,,,
bIxjUGs-8Lg,801254,0,53,UC_v-A2e4R7Vwq4A6GR7rykg,FaceByte,2025-06-17 06:30:29+00:00,18,28,Technology,252000,,,
41OBFjVemjM,595323,15931,283,UCtu_QzoqdLjRt3Nmqe7aeqg,TechSci Guy,2025-10-16 16:19:54+00:00,84,28,Technology,1790000,,,
iTHkdzRelzY,431893,8878,340,UC8wXC0ZCfGt3HaVLy_fdTQw,Digital Trends,2023-04-27 15:41:57+00:00,51,28,Technology,1360000,,,
lgtTBp52aeo,623305,13323,75,UCKk9JCBLDy6bOp5cUAQYrUQ,Sillycorns,2025-09-20 13:08:00+00:00,28,28,Technology,641000,,,
Wy5x_CGSYiQ,312248,3401,142,UCSWZxpzUTkriCZRe0Nl0UqA,YouFact Tech,2025-10-29 13:01:21+00:00,871,28,Technology,960000,,,
igtV9ijjgG0,547958,18882,105,UCvpfclapgcuJo0M_x65pfRw,Beebom,2025-12-21 06:31:01+00:00,37,28,Technology,3490000,,,
KeTzsJKqqNw,438301,7800,204,UCvpfclapgcuJo0M_x65pfRw,Beebom,2025-12-19 13:59:14+00:00,80,28,Technology,3490000,,,
uQ-w8DqieRw,484991,19278,115,UCdoDYkupTElV62K7ttA_E4w,TechBar,2025-12-22 14:49:30+00:00,55,28,Technology,5660000,,,
Xm5beHlFbVs,281816,4087,28,UC66ysWRFWfg-V5RhnQN4wFg,Gadget Evolution,2025-12-18 15:45:03+00:00,503,28,Technology,57100,,,
08jc_J8Hv4M,471816,8738,170,UCOM7M4FxgLLQQlK7GgfvV8A,Technical Adda,2025-07-19 04:53:30+00:00,32,28,Technology,38900,,,
1MCzcMLk_Qw,509975,10613,48,UCvpfclapgcuJo0M_x65pfRw,Beebom,2025-08-10 06:44:00+00:00,26,28,Technology,3490000,,,
omruAOxvn8E,244502,2164,23,UCV4WtfNTDcT4fyZ2kmrgZbA,Invention Tech,2025-11-17 10:51:33+00:00,767,28,Technology,607000,,,
PFVvCs9iQco,235220,3681,48,UC66ysWRFWfg-V5RhnQN4wFg,Gadget Evolution,2026-01-01 16:00:38+00:00,879,28,Technology,57100,,,
TwvtUKzc5Q4,309557,15560,70,UCOOH_aWeRE4m9PzUtemiRkg,DEV MASTER FACTS,2024-08-08 15:40:45+00:00,42,28,Technology,2910,,,
CBt2NnOAp6Y,302977,7133,142,UCPMIXPIhGp2WJzocPRQiM1w,JMTech,2024-07-11 19:50:14+00:00,35,28,Technology,257000,,,
dVuF9oFxQvI,227761,2221,79,UC1u7EDUCNHkMPtktFkuCraw,Fox Gadget,2025-09-30 16:14:05+00:00,1511,28,Technology,27300,,,
et5lC7V2SnY,343127,7189,391,UCg_vCUNRzKCOLxrrZqrQ0Yw,Bestindotech,2025-10-09 11:20:46+00:00,54,28,Technology,763000,,,
IG7V_k4Dfhs,267471,3401,11,UC-eCJpAZa0kS84pVJd9WEpw,ALL TECH VIDEOS,2024-08-18 07:07:26+00:00,15,28,Technology,1280,,,
9OXMj6it7ko,201147,7132,233,UCdoDYkupTElV62K7ttA_E4w,TechBar,2026-01-04 15:30:05+00:00,761,28,Technology,5660000,,,
ZNFjYTEBLao,232669,8442,146,UCwOhznpjl2LEOAEclFxipjQ,Rafsaan Riyad,2024-04-16 06:37:27+00:00,58,28,Technology,167000,,,
hVLBqfNEul0,190289,5688,0,UCZ4vG8128B3UT07_vxIz7uA,pray mobile vrl,2025-01-15 00:31:00+00:00,24,28,Technology,17200,,,
hWony2IF3YU,379681,2948,224,UCOM7M4FxgLLQQlK7GgfvV8A,Technical Adda,2025-06-22 11:05:02+00:00,14,28,Technology,38900,,,
HBdkBGK7q0U,184772,2721,44,UCIzFYGAPkHURyo92D9ihs_g,TechTriangle,2025-12-14 19:52:18+00:00,1155,28,Technology,15600,,,
nkiJOVPfdV4,182209,6814,74,UCwOhznpjl2LEOAEclFxipjQ,Rafsaan Riyad,2024-11-06 09:26:42+00:00,57,28,Technology,167000,,,
EI7gxC_iI5A,126579,2182,97,UCZZ4ivUawsXRktLKej8d6Xw,Mike O'Brien,2025-11-30 14:52:29+00:00,1695,28,Technology,633000,,,
fUh63vxbWn8,294835,1846,31,UCajSybY35jK3HjI97GQ5o0w,Zero Tech,2022-08-30 13:09:37+00:00,13,28,Technology,29000,,,
nq07MYgkBzA,208585,8635,94,UCdoDYkupTElV62K7ttA_E4w,TechBar,2026-01-04 14:30:46+00:00,53,28,Technology,5660000,,,
_F_VvtqbjLE,204591,2389,16,UCOM7M4FxgLLQQlK7GgfvV8A,Technical Adda,2025-08-18 13:58:44+00:00,20,28,Technology,38900,,,
vFAT0xrLVKo,111226,988,155,UC17Uwo5BkSTtGVbOkywJ7_Q,Future Tech,2025-07-20 20:03:00+00:00,1090,28,Technology,696000,,,
KJqZreNgwjY,124103,4284,40,UCwOhznpjl2LEOAEclFxipjQ,Rafsaan Riyad,2024-01-07 05:53:09+00:00,42,28,Technology,167000,,,
O2yHkdIyii8,159177,6253,113,UCJAWXtmA7f0azO1_uvO-HlA,Perfect Gadget,2026-01-06 13:28:21+00:00,64,28,Technology,672000,,,
W_9s9tEc1rY,125428,1273,129,UCaP1PNnr055fOt89JPry51w,Justin Tse,2025-12-21 19:57:47+00:00,1005,28,Technology,926000,,,
ztXNPtD0GNM,214441,1562,178,UCls3U2H_LoATxIRWRPT7p3g,Techy Ash,2024-10-28 13:27:25+00:00,12,28,Technology,936,,,
wIrZjNB7pTU,149190,2361,30,UCOM7M4FxgLLQQlK7GgfvV8A,Technical Adda,2025-07-20 06:14:05+00:00,28,28,Technology,38900,,,
hlQqEb3YHkI,96402,4797,79,UCRQuH2Ge5sS8UyM5gDf934g,Aman Dhingra,2025-12-24 12:51:16+00:00,58,28,Technology,499000,,,
F-EQnzC5h84,104220,7678,113,UC9Tib0IsWBst6tlQ-p3L4Pw,Will Bowers,2025-12-19 19:14:06+00:00,65,28,Technology,337000,,,
j1szDMtoDYI,123464,2542,25,UCMx1buKzKAMZhA0QjuBJMsg,WildZilla Tech,2026-01-13 12:56:13+00:00,42,28,Technology,1030000,,,
eEqWJQEfUH8,126126,2033,18,UCOM7M4FxgLLQQlK7GgfvV8A,Technical Adda,2025-07-23 09:18:32+00:00,26,28,Technology,38900,,,
Elw6uRF88zs,129336,970,2,UCOM7M4FxgLLQQlK7GgfvV8A,Technical Adda,2025-09-05 07:28:30+00:00,26,28,Technology,38900,,,
OMSibbFcsNs,108210,1712,21,UCOM7M4FxgLLQQlK7GgfvV8A,Technical Adda,2025-07-24 03:23:25+00:00,19,28,Technology,38900,,,
FmKx9qbrd2A,107421,5309,180,UCJAWXtmA7f0azO1_uvO-HlA,Perfect Gadget,2026-01-20 11:29:07+00:00,66,28,Technology,672000,,,
TuRrA3TXj6M,125508,2129,2,UCOM7M4FxgLLQQlK7GgfvV8A,Technical Adda,2025-08-16 05:48:53+00:00,14,28,Technology,38900,,,
FHGJ4CBbj4o,80869,1053,18,UCOM7M4FxgLLQQlK7GgfvV8A,Technical Adda,2025-07-27 11:52:07+00:00,20,28,Technology,38900,,,
4pohtFAVnKE,49858,0,27,UCmXDoK2-BSoUkniFc7zB1jA,Tech Arya ,2025-12-30 12:01:50+00:00,149,28,Technology,233000,,,
GIx7oO_4iTI,45514,403,83,UCmeUuOcw8szgptZwo7MuuqA,Techful Gadgets,2025-09-25 17:42:47+00:00,1002,28,Technology,54200,,,
1beu1o9ZxgA,43436,440,8,UC1u7EDUCNHkMPtktFkuCraw,Fox Gadget,2025-10-27 20:04:15+00:00,2557,28,Technology,27300,,,
go126yX25vA,71023,1733,19,UCEtGvhBrFJAmJyMAYjBlsrw,8BitToast,2025-08-26 12:31:01+00:00,27,28,Technology,3990,,,
_d4WEORkYjk,63575,918,6,UCOM7M4FxgLLQQlK7GgfvV8A,Technical Adda,2025-07-05 06:23:20+00:00,21,28,Technology,38900,,,
pScKFnx2HkE,69359,545,1,UCOM7M4FxgLLQQlK7GgfvV8A,Technical Adda,2025-08-15 05:42:02+00:00,13,28,Technology,38900,,,
sdmBsb6aYkw,37699,445,2,UCV4WtfNTDcT4fyZ2kmrgZbA,Invention Tech,2025-12-25 10:48:52+00:00,656,28,Technology,607000,,,
AUCongbd7AU,46575,1548,12,UCtZxw36pSnZYffC_XhQdhew,Renz Sadiwa,2026-01-03 01:04:14+00:00,72,28,Technology,75700,,,
hHVxT7NTS9E,29410,958,1,UC9p4dhCBmP5g8bojFZcLY2w,Unbox Mob,2024-11-14 13:30:42+00:00,37,28,Technology,4900,,,
hZp5cRAdMb0,45792,863,26,UCOM7M4FxgLLQQlK7GgfvV8A,Technical Adda,2025-07-20 11:25:22+00:00,31,28,Technology,38900,,,
Tgi5_ytaIWk,46106,0,207,UCF1ESBBVJpv_xtilXepmQPw,Tech with Monir,2026-01-20 13:00:56+00:00,70,28,Technology,58000,,,
oth-jv2-lro,45321,304,25,UCesxW1qkw7GRY-T7ni8KnGw,Tech world,2025-06-28 10:58:22+00:00,14,28,Technology,576,,,
8Lv6cZ1SUow,37095,500,20,UCOM7M4FxgLLQQlK7GgfvV8A,Technical Adda,2025-07-14 13:31:03+00:00,25,28,Technology,38900,,,
xwcxjvtlf1o,40114,465,0,UCOM7M4FxgLLQQlK7GgfvV8A,Technical Adda,2025-07-10 13:49:22+00:00,20,28,Technology,38900,,,
50v85-reWc0,20617,0,11,UCE1My7ImsF9CLqA6_i1fDWg,mobile king ff,2024-10-18 14:00:04+00:00,58,28,Technology,97500,,,
LbbHhGRG5lU,28316,354,10,UCOM7M4FxgLLQQlK7GgfvV8A,Technical Adda,2025-07-29 07:22:02+00:00,25,28,Technology,38900,,,
5yup5NVuYMo,24750,780,18,UChpms81A8ItnbXTHgJzx5pg,GizBot,2026-01-21 10:52:08+00:00,60,28,Technology,319000,,,
k5wIz0k2GzY,19513,206,2,UCIwDtUGlxhQcQ38ihxtGD3Q,Tech Guru Kaka,2025-02-27 14:33:44+00:00,21,28,Technology,720000,,,
5dvwB2XC7oU,28652,0,7,UCCT02ZhFF2lHm8TK4sob7Eg,𝘛𝘌𝘊𝘏.𝘚𝘏𝘖𝘙𝘛𝘠𝘛,2026-01-16 03:30:08+00:00,35,28,Technology,398,,,
frCFBHL2_2I,26448,239,3,UCOM7M4FxgLLQQlK7GgfvV8A,Technical Adda,2025-04-02 10:09:58+00:00,18,28,Technology,38900,,,
FbNfwHfcKRg,20724,236,1,UCOM7M4FxgLLQQlK7GgfvV8A,Technical Adda,2025-07-30 08:32:50+00:00,20,28,Technology,38900,,,
J-XEZfGRF-U,25543,1560,33,UCEjOSTwjqNVxVKPnmi8BNyQ,Zoytec,2026-01-16 23:36:00+00:00,152,28,Technology,74800,,,
lQ6PLsxERig,11280,324,21,UCOmcA3f_RrH6b9NmcNa4tdg,CNET,2025-12-18 16:01:19+00:00,870,28,Technology,4060000,,,
AlQaOm3lGuY,18645,236,7,UCOM7M4FxgLLQQlK7GgfvV8A,Technical Adda,2025-07-30 14:14:11+00:00,25,28,Technology,38900,,,
f0Kxj1f4ibw,16470,237,0,UCOM7M4FxgLLQQlK7GgfvV8A,Technical Adda,2025-07-26 13:49:47+00:00,34,28,Technology,38900,,,
OV2MVUUiSp0,17710,978,33,UCEjOSTwjqNVxVKPnmi8BNyQ,Zoytec,2026-01-17 16:40:10+00:00,132,28,Technology,74800,,,
ClZ9y7xvD3E,16418,883,26,UCww1Rq4GImRPkjSbiAZXkQw,Tech by Akram,2026-01-17 12:48:57+00:00,89,28,Technology,148000,,,
L43q_dsGpnI,13108,972,30,UCtu_QzoqdLjRt3Nmqe7aeqg,TechSci Guy,2026-01-21 16:41:16+00:00,115,28,Technology,1790000,,,
4vZHfWPA2s0,7077,83,6,UCx5e1u7BX0aKwEj3sdYXdXg,Gadgets 360,2025-04-24 13:54:33+00:00,433,28,Technology,826000,,,
CpBU_NvhmJ4,11091,133,9,UCOM7M4FxgLLQQlK7GgfvV8A,Technical Adda,2025-08-10 05:52:17+00:00,39,28,Technology,38900,,,
hsCuH4aNHFs,11308,168,4,UCOM7M4FxgLLQQlK7GgfvV8A,Technical Adda,2025-08-09 05:09:44+00:00,17,28,Technology,38900,,,
aI9CVEi0j-g,12458,2082,7,UCAIrd9GAPOMnn1PGCElqQRA,Skv gadgets ,2026-01-19 00:29:00+00:00,116,28,Technology,373,,,
xuqrGboZAnY,5443,173,28,UC-v54XQalOcx5yco3aTixrg,Chigz Tech Reviews,2025-11-08 15:50:50+00:00,1486,28,Technology,607000,,,
baAnQRxRe_E,11629,0,1,UCKasfU0aBotSmS5EWnLMWew,Mr. Sam Tech Tamil,2026-01-16 15:23:05+00:00,28,28,Technology,1220,,,
NbR45ztpDiM,12299,0,0,UCyc6geIZ7ecHjpWaHJe2ghQ,PSJ TECH,2026-01-18 02:00:19+00:00,45,28,Technology,485,,,
lQ0fsNMH7dk,4495,117,0,UCtlzcD3TlXQbucsYkYlEs0A,Tech Happy Knowledge,2023-01-21 13:18:39+00:00,20,28,Technology,331,,,
EEWZMq52tsg,5212,422,24,UCEjOSTwjqNVxVKPnmi8BNyQ,Zoytec,2026-01-20 18:58:48+00:00,105,28,Technology,74800,,,
C6HpN9jx_HQ,5842,0,0,UCi4hf6ru-LLhRBI_7X0Z_zw,Titu Tech,2026-01-21 14:12:46+00:00,24,28,Technology,3260,,,
pHrIwmpfNEo,2995,833,28,UCh0BT7CxioD0o7l0i0BOC4g,QSolve,2022-06-09 04:42:35+00:00,1425,28,Technology,3730,,,
SBunWgpEbBQ,6132,0,0,UCkCHAYYuABGCP89h0iaA3Tw,SurajTechTalks,2026-01-18 05:05:02+00:00,48,28,Technology,2240,,,
P8c3_K10_EI,9504,0,0,UCMCmoliyN4cm1me10Av4C4A,The Hardware Hacker Ak,2026-01-16 13:25:39+00:00,32,28,Technology,3830,,,
K0PiNjabfb4,6115,747,4,UCSq_XPBApqeH4MJ--ULctNw,SMBros Tech,2026-01-20 14:12:26+00:00,58,28,Technology,49600,,,
imFSOv3br-4,1888,41,6,UCOM7M4FxgLLQQlK7GgfvV8A,Technical Adda,2025-07-06 13:09:08+00:00,441,28,Technology,38900,,,
M_AeJc-OctY,4849,198,3,UCyac0VUHSuQRi00C4MBMDNA,clipsetplus,2026-01-18 17:54:06+00:00,59,28,Technology,9380,,,
a7rV1BiPals,5013,0,1,UCi4hf6ru-LLhRBI_7X0Z_zw,Titu Tech,2026-01-20 10:29:31+00:00,23,28,Technology,3260,,,
oiMx26LSFl8,5380,182,4,UCYkoAtIMi6oFG_8SO5YrauQ,clipset,2026-01-17 17:40:51+00:00,60,28,Technology,2520000,,,
SVNNxp_Sy7Q,2874,70,1,UCRp-xmAwBR3GzIEu9L2RlNQ,mobile Wali sarkar,2026-01-21 07:04:13+00:00,39,28,Technology,7450,,,
4RA4DwayXHg,2299,0,0,UCkCHAYYuABGCP89h0iaA3Tw,SurajTechTalks,2026-01-15 05:05:00+00:00,24,28,Technology,2240,,,
hQr1IPtZYy4,2501,63,3,UC-m9zVoBhLBo_YDhAceuMSg,AP Tech world,2025-08-25 13:41:16+00:00,46,28,Technology,129,,,
LzLNDuGZmHc,2852,12,0,UCAU2hKUi80OlStIL_1xqzzA,Positive Energy,2025-10-22 15:54:52+00:00,11,28,Technology,16500,,,
R1mlKGUvuJg,2436,50,2,UCOM7M4FxgLLQQlK7GgfvV8A,Technical Adda,2025-08-19 07:33:05+00:00,48,28,Technology,38900,,,
4uxSBPnIMC0,1766,16,2,UCkXv_5LiIctSItbfAbS32HA,SAMNOVA,2026-01-13 02:01:03+00:00,23,28,Technology,874,,,
HdTVgp-yjc4,1077,0,2,UCZZ64VJI0XZXmGVyGhOKVKA,Dip Ghosh,2026-01-21 13:37:00+00:00,61,28,Technology,2340,,,
UGwM1T8WN6I,3306,74,3,UCDueTmENxPZwiIhdzyuO-RQ,ID Tech,2026-01-20 17:40:02+00:00,54,28,Technology,26800,,,
MNbmUu0Axes,1212,0,0,UC1q4s4ChoWq50InQHjDpwsg,techno spreading,2026-01-12 10:32:54+00:00,26,28,Technology,304,,,
QRcrQRhLSHY,2151,261,18,UCEjOSTwjqNVxVKPnmi8BNyQ,Zoytec,2026-01-21 23:47:18+00:00,101,28,Technology,74800,,,
b_PitLwHjQE,495,1,0,UCj7gA_y0EvlwRTFAAA2Utkw,Elite Tech Reviews,2025-11-02 01:35:50+00:00,524,28,Technology,224,,,
lqqGTKFpNI8,1105,0,1,UC6Hettvd9T86Itgqth5889w,Technicalyt,2026-01-20 16:35:09+00:00,40,28,Technology,158,,,
R0KPnF9FkQ0,1734,27,0,UCOM7M4FxgLLQQlK7GgfvV8A,Technical Adda,2026-01-21 07:48:23+00:00,27,28,Technology,38900,,,
xfxRFGm2VeU,3152,53,1,UC2wVCFDA9oVu1XqHa4ImODQ,K&D SMARTPHONE,2026-01-20 13:01:35+00:00,49,28,Technology,2770,,,
6pe2O0UJn94,4810,0,2,UCKasfU0aBotSmS5EWnLMWew,Mr. Sam Tech Tamil,2026-01-19 14:07:35+00:00,24,28,Technology,1220,,,
Vy5bP-JqL0o,1345,0,6,UCU7NbEf8t9YEScscVEnvNmQ,Folax Tech ,2026-01-19 06:35:00+00:00,46,28,Technology,9320,,,
yGueLEv6VeM,5277,0,1,UCjnQm5hhiyXP_achjK5rkKA,Mr Kepo,2026-01-20 02:09:00+00:00,7,28,Technology,55600,,,
NE4t2Q3P118,1870,4,0,UC2bmZGuqNBLOUzj_XBniJxg,Tech X5,2026-01-20 06:48:31+00:00,6,28,Technology,158,,,
O4qzy_zHa34,1318,12,0,UCfKqO0b2aRkqtJAosDYr3Hw,MIB Tech & Review,2026-01-19 06:03:35+00:00,15,28,Technology,15,,,
PTkzq1sJpio,1017,0,0,UCUc2M05Nv_WNWoS2H7zSAgQ,Tech With Mool,2026-01-21 13:36:01+00:00,37,28,Technology,1050,,,
_9U7TWnWdPM,1285,0,3,UC6pU8Zyykj4JuoVo2Q6UAnA,Mobile Overview Shorts,2026-01-20 01:19:32+00:00,49,28,Technology,39,,,
q75KF_KGuX8,855,13,0,UCS6r4GeTstlxII1XdPxIUaw,Asad Tech & Review - ATR,2026-01-20 12:01:34+00:00,100,28,Technology,48500,,,
NRkdLTRXSwo,972,20,0,UCITCDWlHLqZW8NoL8VC2Zsg,FomoTech,2026-01-20 10:20:50+00:00,30,28,Technology,2450,,,
obQ5fLpMPfM,805,21,0,UC1Xd8PZYnxdEQG9M7QkpXlQ,tecmaster ,2026-01-18 16:19:14+00:00,50,28,Technology,264,,,
BKxwxhhqXtY,920,0,0,UCXXO0A-99MweFvFaXDo0pBQ,TechZYC,2026-01-19 04:36:30+00:00,27,28,Technology,17,,,
qHlBdUvqmgE,986,0,0,UC8q1mO2pbnMviPi_t_6n9Lg,Tech For Technology ,2026-01-21 16:04:12+00:00,138,28,Technology,637,,,
zOtWTooJzNk,528,13,0,UCr8CCMHTQg9qnXgYuEbAZeA,Loaded With Technology ,2026-01-21 16:44:36+00:00,42,28,Technology,34,,,
j39jVwQTYcI,664,13,3,UCa4e-XGRhNitHdxNNStMsww,Pagi,2026-01-19 17:59:51+00:00,35,28,Technology,45,,,
3S4HF5KJEWo,864,18,0,UCDueTmENxPZwiIhdzyuO-RQ,ID Tech,2026-01-21 16:41:50+00:00,85,28,Technology,26800,,,
tnMFEmYaJs8,561,0,0,UCOoh7ePAqTxiSeMdaHaN0WQ,TECH AJ,2026-01-21 11:19:25+00:00,32,28,Technology,36,,,
LiE3DZcvSbM,577,14,0,UCLTR2EJ2PVH2HrQc2Y0Fk0Q,Krishna Tech.k,2026-01-21 11:06:17+00:00,60,28,Technology,1340,,,
33pPMLXSvY0,1001,36,8,UC7Zhf7ojEu4Nv2GXxT5Smeg,Allround-PC,2026-01-19 08:57:51+00:00,108,28,Technology,70400,,,
l7t5LucXRa8,784,24,5,UC7Zhf7ojEu4Nv2GXxT5Smeg,Allround-PC,2026-01-21 10:15:06+00:00,86,28,Technology,70400,,,
5D_IoK0ZoVs,763,8,0,UCM7GfIqRd6Llm2hlfASt9rg,Tech With Jalbani,2026-01-19 04:47:15+00:00,42,28,Technology,1780,,,
CYqsf-AEzrc,3330,162,5,UCYkoAtIMi6oFG_8SO5YrauQ,clipset,2026-01-20 17:17:12+00:00,59,28,Technology,2520000,,,
Rx9-WJ6n_vs,493,0,0,UCyBrP6UHmcTAFBjwYZrawoQ,TECHNICAL BRO JI ,2026-01-19 03:26:21+00:00,33,28,Technology,169,,,
44pWP-v1IW8,1151,0,13,UC-6BtZ8zkIHyXij5emHpSZg,technical review,2026-01-20 12:52:09+00:00,79,28,Technology,582,,,
GZjJwNRbdVw,4,1,0,UCtmhM3p8Cmt8Obuhpl4HKYA,AiVideo,2026-01-13 09:22:41+00:00,61,28,Technology,14,,,
qNpNekdA5mQ,631,4,0,UCPYoLplTIUwpkkF_WhWV0KA,UniqueBox,2026-01-19 11:47:47+00:00,82,28,Technology,19,,,
HdmZJp1a474,739,37,0,UCyac0VUHSuQRi00C4MBMDNA,clipsetplus,2026-01-20 17:12:42+00:00,59,28,Technology,9380,,,
q-mCThCVk3I,107,1,0,UCnCeKH40CBk84NtUfOLrkCg,tech shailendra09,2026-01-20 04:32:10+00:00,13,28,Technology,21,,,
OzAT6y3ZPkE,71,0,0,UCwTpD9hx3HiB3x46Gz5fqkg,Tech my Promotion,2026-01-20 13:51:24+00:00,55,28,Technology,31,,,
9EljnTz4lFk,0,0,0,UCMI_1KRVacgteBmRRogH1Rw,TechTGShorts,2026-01-22 03:30:19+00:00,42,28,Technology,0,,,
jk6thMe6Vq8,163651399,2075768,83124,UCIPPMRA040LQr5QPyJEbmXA,MrBeast Gaming,2021-07-22 19:46:51+00:00,937,20,Gaming,53700000,,,
_WwoSEKV9lU,147663330,2600332,1882,UCzWKI2OWMknyV-zdQuQqDRw,WheelGaming,2023-10-19 15:21:54+00:00,48,20,Gaming,4200000,,,
z-NWT3MwYew,94980543,4766409,2049,UClCe18fwE4Gtr7vgqka1Zlg,Live Engineer,2022-01-08 02:30:13+00:00,60,20,Gaming,5890000,,,
s73AsGCH9i0,86591332,3076102,1012,UCSf0s2ogUVYpJPuzW1zpAOg,LankyBox,2021-10-19 18:00:30+00:00,28,20,Gaming,42100000,,,
MQFZM8OC7kQ,57193662,1811309,65805,UCX8pnu3DYUnx8qy8V_c6oHg,Techno Gamerz,2022-06-14 03:30:04+00:00,3967,20,Gaming,49400000,,,
IIAq4rrV7hE,52708451,1941342,143659,UCX8pnu3DYUnx8qy8V_c6oHg,Techno Gamerz,2021-12-31 04:34:18+00:00,4110,20,Gaming,49400000,,,
pC_OryX48PU,49218018,2524769,12340,UCUA81A-VZAZXYALpOScwFOQ,Ujjwal Shorts,2022-03-16 03:30:17+00:00,42,20,Gaming,7100000,,,
rZM4k93pqvU,45663558,1405441,56276,UCX8pnu3DYUnx8qy8V_c6oHg,Techno Gamerz,2022-11-13 03:30:14+00:00,2967,20,Gaming,49400000,,,
SI33Za-CiE4,43165988,1638496,55209,UCX8pnu3DYUnx8qy8V_c6oHg,Techno Gamerz,2022-05-16 03:30:04+00:00,3394,20,Gaming,49400000,,,
1mZAg1nMQrY,39123650,745229,34009,UCX8pnu3DYUnx8qy8V_c6oHg,Techno Gamerz,2022-12-24 03:30:00+00:00,2216,20,Gaming,49400000,,,
X_4rcQeiKDk,38039271,1559446,61242,UCX8pnu3DYUnx8qy8V_c6oHg,Techno Gamerz,2021-12-02 10:21:44+00:00,3349,20,Gaming,49400000,,,
SoZ-xpvthLc,35610340,649922,17787,UCX8pnu3DYUnx8qy8V_c6oHg,Techno Gamerz,2020-03-22 18:00:50+00:00,1274,20,Gaming,49400000,,,
UpnaG24OhVc,35079340,1685327,4674,UCQSEAbOs6vsJfy7WN7iYaGQ,EazySpeezy,2023-02-24 19:51:16+00:00,42,20,Gaming,3280000,,,
kb3o5hBCrxs,33322406,522201,16560,UCX8pnu3DYUnx8qy8V_c6oHg,Techno Gamerz,2022-12-16 05:08:15+00:00,1993,20,Gaming,49400000,,,
6QW_zHpMRd0,30664840,1402814,57704,UCX8pnu3DYUnx8qy8V_c6oHg,Techno Gamerz,2021-02-23 12:38:13+00:00,4185,20,Gaming,49400000,,,
9e9FQCA01dI,30564073,179753,2743,UCJQ6UjqvhNoJM7DLDdx45Jw,DroidCheat,2020-09-29 14:19:08+00:00,1089,20,Gaming,4810000,,,
bgWxURqPUiY,28541701,895478,70402,UCX8pnu3DYUnx8qy8V_c6oHg,Techno Gamerz,2022-01-04 05:23:59+00:00,3410,20,Gaming,49400000,,,
vmMNCJBlIFc,28330576,1350505,31096,UC5c9VlYTSvBSCaoMu_GI6gQ,Total Gaming,2020-08-26 04:15:03+00:00,861,20,Gaming,45300000,,,
CB73SkC5iwQ,27469302,810310,39496,UCX8pnu3DYUnx8qy8V_c6oHg,Techno Gamerz,2023-06-18 08:07:09+00:00,2546,20,Gaming,49400000,,,
74pmZ6_R5F4,26345150,686901,25351,UCX8pnu3DYUnx8qy8V_c6oHg,Techno Gamerz,2022-06-28 04:28:10+00:00,4166,20,Gaming,49400000,,,
d_oMtBob1OI,25998857,41177,530,UCY5m31VNt7Em_rldwmZAkQA,night gaming,2022-01-14 16:20:18+00:00,687,20,Gaming,966000,,,
XsoRV5p_H20,23176910,790405,53529,UCX8pnu3DYUnx8qy8V_c6oHg,Techno Gamerz,2021-07-15 06:25:47+00:00,2865,20,Gaming,49400000,,,
hV8KQbtiBDY,22617073,925579,47001,UCX8pnu3DYUnx8qy8V_c6oHg,Techno Gamerz,2022-01-14 09:02:49+00:00,3641,20,Gaming,49400000,,,
G9TE1D_Jlqw,22609835,360383,11776,UCX8pnu3DYUnx8qy8V_c6oHg,Techno Gamerz,2020-03-18 15:35:18+00:00,1170,20,Gaming,49400000,,,
cTcSPR3WkzE,22214285,639402,28038,UCX8pnu3DYUnx8qy8V_c6oHg,Techno Gamerz,2021-01-16 03:30:01+00:00,2587,20,Gaming,49400000,,,
yy-Xx02wt1k,22600235,870574,1933,UCdImtrRS4UewEbPdnF8R4qw,ChippyGaming,2022-10-12 17:47:08+00:00,37,20,Gaming,1330000,,,
lQm4N-u_RsQ,20186534,496806,17245,UCX8pnu3DYUnx8qy8V_c6oHg,Techno Gamerz,2022-11-04 03:30:17+00:00,2291,20,Gaming,49400000,,,
rYhhJ7J0qEA,19646169,440026,1243,UClCe18fwE4Gtr7vgqka1Zlg,Live Engineer,2024-04-20 01:30:31+00:00,60,20,Gaming,5890000,,,
NcHyE_N1QDI,17092800,93354,2528,UCcGFs4XJyQkkyJRGgWadh0Q,GTX 1050 Ti,2023-07-21 13:30:17+00:00,5912,20,Gaming,421000,,,
IC_xwAJzNKc,16529829,129832,1431,UCeAuroC4A2Z3ik5j5DWRYNg,GT Experiments,2022-02-13 13:00:09+00:00,705,20,Gaming,564000,,,
NEI-aQkk3OQ,16245111,788071,10261,UCV3k6E9YoUz8cGuyfSiRmLA,Infinite Bits,2023-04-01 16:00:16+00:00,49,20,Gaming,682000,,,
hoSiapnZJPA,15573207,542563,17488,UCX8pnu3DYUnx8qy8V_c6oHg,Techno Gamerz,2020-01-08 15:26:00+00:00,947,20,Gaming,49400000,,,
Vgg8OL0DfwA,15444894,872583,15493,UCWBWgCD4oAqT3hUeq40SCUw,Sambucha,2021-10-31 19:15:01+00:00,60,20,Gaming,11200000,,,
z4xAwyOYIdM,21628447,242641,1113,UCHRgGoDEDXppl8j0BvhFuGg,Rohit Gaming,2024-08-30 02:26:34+00:00,20,20,Gaming,577000,,,
bPhjrlnj1jQ,13513261,37709,91,UCL8G0hCliTXq9iaPKmhKQJw,Barten Play,2025-01-03 19:17:44+00:00,496,20,Gaming,88000,,,
yXtcXyaEx_E,12734368,496609,19164,UCX8pnu3DYUnx8qy8V_c6oHg,Techno Gamerz,2024-12-01 03:30:30+00:00,3354,20,Gaming,49400000,,,
92aEBCaQLiU,12952398,322097,7456,UCqg3BHb31w2h77vFuTFmp2w,CouRage Gaming,2023-05-02 21:00:03+00:00,29,20,Gaming,2840000,,,
N1EFYaX-wzg,23276743,464893,7306,UCJYPvaZdczw3Q71y7iuUf2A,Exeshuu,2025-01-11 02:15:07+00:00,14,20,Gaming,504000,,,
x_DPADCfcbQ,12971347,1179658,3691,UCGRSkWlYCubzVBRb0Iew98A,Laka s1,2022-09-13 12:15:06+00:00,60,20,Gaming,1180000,,,
woX7GLSKsHU,11805250,864609,14875,UC5c9VlYTSvBSCaoMu_GI6gQ,Total Gaming,2021-01-03 13:00:30+00:00,982,20,Gaming,45300000,,,
dsNQabHfTf0,10970345,69011,1089,UCwV-2zV0843TeNAEs2FI0lw,Horror Gameplay,2020-11-30 11:30:11+00:00,2549,20,Gaming,777000,,,
g1q9ynZ7cJ4,9884055,609912,14113,UC5c9VlYTSvBSCaoMu_GI6gQ,Total Gaming,2021-12-05 04:00:19+00:00,1047,20,Gaming,45300000,,,
Iat0CwdP28Y,10080667,277622,1267,UCUXJMCabMwqfN93PCz6a5Og,Gamer4Fun,2021-12-03 09:25:19+00:00,16,20,Gaming,69800,,,
6LRR-sDHlyY,9645695,352931,64,UCmNDjRxVPmISL32WBcfwCyw,MY TALKING TOM ,2024-10-18 11:25:32+00:00,9,20,Gaming,58800,,,
I8wmaD9PWU8,8197340,489470,3209,UCz08JaM2ANYJd-X908J55Bg,RDX GAMING 79,2022-03-30 10:22:52+00:00,24,20,Gaming,144000,,,
Sv3-Aevei7g,7391215,104650,4261,UCv3inKKH6xNNoan-L2T6S9w,Dk Dost 2.0,2022-01-12 06:09:19+00:00,927,20,Gaming,2980000,,,
KFXHtubsCRg,7561472,462230,7090,UCkhYXfMuER6AyF1XPl9kXow,Casperr,2022-05-24 17:00:17+00:00,59,20,Gaming,204000,,,
eNEQLsxF4ic,10061722,424450,2258,UCX_8N2qSNfIFGpccX28hqMQ,Hammbone Gaming,2024-11-12 01:11:37+00:00,19,20,Gaming,15600,,,
jLzQ_8K5TPQ,7047341,78880,3028,UC1bwliGvJogr7cWK0nT2Eag,MKIceAndFire,2020-04-21 17:00:21+00:00,13096,20,Gaming,4540000,,,
HJpBQYT7jnY,13188316,76337,2789,UCsVxJXBHtwWAMhmuApR0R-g,Bittu Tv Gaming,2024-06-29 02:19:10+00:00,15,20,Gaming,15900,,,
_XY5jHJYYxE,7237440,313182,2356,UCT_dB4i0Jz971GVTA-D2Tbg,TetraBitGaming,2023-05-27 19:05:46+00:00,56,20,Gaming,877000,,,
qqlCkF2GWN0,6024139,268853,4162,UC5c9VlYTSvBSCaoMu_GI6gQ,Total Gaming,2022-07-12 04:15:02+00:00,995,20,Gaming,45300000,,,
OHj3VqTQgPU,7808296,169395,547,UC6X4REecQPGefhdGfOVg-oQ,SonarFN,2024-09-24 23:47:29+00:00,11,20,Gaming,38800,,,
b5V-isYWxao,6033419,117529,457,UCTNxQQ4KkTNhAOIZd4E69Iw,Topia Gameplay,2022-02-06 23:00:12+00:00,38,20,Gaming,889000,,,
knmQCiK-mno,6233429,0,0,UC8GOuhF_bDzPzv8968q8a4A,Nintendo Official Channel (Southeast Asia),2022-08-02 02:46:47+00:00,30,20,Gaming,69700,,,
2YeUJJ4xAC4,5534917,62893,2790,UC1bwliGvJogr7cWK0nT2Eag,MKIceAndFire,2022-07-20 00:15:38+00:00,13046,20,Gaming,4540000,,,
9WJvF188CuQ,5521091,76106,4547,UC7iLnwfWTSxpw2uC_2xLHcg,Sokher Gamer,2021-01-25 03:30:00+00:00,861,20,Gaming,2380000,,,
YljfTjWxTHE,5927484,133244,1886,UC7FBciVUepHh0jPSSNkbmcQ,Old School Game Snob,2021-03-20 04:00:32+00:00,39,20,Gaming,48800,,,
UEIqHfLggaA,5314597,25787,286,UCRU9vwwARx8jEACqNpi_KFA,Champs Network,2022-11-14 14:30:06+00:00,1067,20,Gaming,656000,,,
i8F8smUqCNM,5064188,45646,826,UCh7gme0kfhUZXG3NDqpeL_g,Fudgy,2021-11-14 19:00:10+00:00,802,20,Gaming,4290000,,,
n5rYxrur8CY,5040125,286337,1907,UCivhJ2xAGHOPWivBIivy5lw,Reader Gaming,2023-06-22 11:21:50+00:00,45,20,Gaming,124000,,,
lcAhleJvHxM,4888543,69557,2676,UC7iLnwfWTSxpw2uC_2xLHcg,Sokher Gamer,2021-06-07 03:30:06+00:00,1172,20,Gaming,2380000,,,
vEVmxZbdbH8,4718792,40745,1683,UCBsFVR5thlCoBfeMNe6QeMw,Asur Gaming,2025-01-05 12:30:54+00:00,12201,20,Gaming,42200,,,
agRco0vLkwk,8505971,182716,7737,UCj4hfQEWcGtF08SLEZCZc5Q,Vindooly,2025-04-22 16:30:00+00:00,41,20,Gaming,9100000,,,
lcM56_xGmVI,4923638,361709,1128,UCV6mNrW8CrmWtcxWfQXy11g,DarkViperAU,2022-07-17 12:29:34+00:00,60,20,Gaming,2140000,,,
ViMm6ttWkDU,4345228,4897,0,UCHVecW1x2EgEpuC01dHmpnQ,GTA Idol,2025-08-28 16:03:28+00:00,0,20,Gaming,103000,,,
aNub95OAKYQ,4075319,39233,599,UCLCaYspguLCPjk56a_GF4Yg,RGR29,2020-10-07 18:17:24+00:00,2596,20,Gaming,415000,,,
rmva9rljcek,3843263,35757,2266,UC7iLnwfWTSxpw2uC_2xLHcg,Sokher Gamer,2021-02-14 03:30:07+00:00,944,20,Gaming,2380000,,,
hvUiQLC9XQM,3547879,44961,3221,UC7iLnwfWTSxpw2uC_2xLHcg,Sokher Gamer,2020-12-10 03:30:02+00:00,1348,20,Gaming,2380000,,,
8OQZoR34hzg,3534977,19678,382,UC7eAfUjR9gdIjoaoQaS0W-A,Shirrako,2024-11-07 01:48:04+00:00,1325,20,Gaming,2510000,,,
6lB5uzJkMbY,3667202,192796,2049,UCcwBGWxYfSPumx1WWj5oZEw,EvanTetro,2021-10-21 21:31:36+00:00,43,20,Gaming,52500,,,
YC6A8820u1c,3362583,79907,2706,UC7iLnwfWTSxpw2uC_2xLHcg,Sokher Gamer,2022-04-06 03:30:10+00:00,1242,20,Gaming,2380000,,,
yHHKnSEe0mg,3268278,38585,2470,UC7iLnwfWTSxpw2uC_2xLHcg,Sokher Gamer,2021-10-24 03:30:07+00:00,588,20,Gaming,2380000,,,
oFMR79PT8PU,3265968,28182,2336,UC7iLnwfWTSxpw2uC_2xLHcg,Sokher Gamer,2022-03-29 03:30:09+00:00,988,20,Gaming,2380000,,,
UnESa9wXBDo,3194171,38185,1739,UC7iLnwfWTSxpw2uC_2xLHcg,Sokher Gamer,2021-12-20 03:30:08+00:00,1010,20,Gaming,2380000,,,
Ytv41Ksl5hI,3184407,11716,98,UCSmvrwf-nPzw3q1ASM4z79A,Stylish Gamer,2022-04-17 03:15:02+00:00,716,20,Gaming,48000,,,
CUOsc9qP2LI,4818093,128066,395,UC5rTdLyTvXuSfDcKLtN6ROA,Bithi Plays,2025-04-28 12:29:01+00:00,51,20,Gaming,135000,,,
pS10wrOMT8c,2967473,58687,2191,UCJQ6UjqvhNoJM7DLDdx45Jw,DroidCheat,2020-07-05 19:38:29+00:00,1492,20,Gaming,4810000,,,
cfsHh8APd9g,2809784,41198,2492,UC7iLnwfWTSxpw2uC_2xLHcg,Sokher Gamer,2021-02-12 03:30:02+00:00,968,20,Gaming,2380000,,,
Qwp3OWYkftc,2820967,110825,534,UCaoW8eKXVifyuVAD_5BgYoA,HorrorScoped,2021-01-20 21:30:05+00:00,52,20,Gaming,1490000,,,
Jdl2KDNRweA,2738557,23930,621,UCRu4Stv2mLoUaLw2kWsowSA,TapGameplay,2021-01-04 18:00:04+00:00,3364,20,Gaming,5630000,,,
NJmObKIlxQI,2735546,9389,0,UCldoSXCOuWTUpqcCGB1WsZA,David Games,2024-11-04 14:10:03+00:00,802,20,Gaming,758000,,,
jkkc-kQTuNM,2653302,78097,5254,UCKy1dAqELo0zrOtPkf0eTMw,IGN,2025-06-09 15:01:10+00:00,152,20,Gaming,19700000,,,
Darf-fAmKrQ,2735432,118226,1075,UCzvgzPSVxBNWtGjTtvxdmuw,Anton Retro,2022-03-07 01:45:25+00:00,30,20,Gaming,77700,,,
SRdbf1O1TyQ,4550041,50573,223,UC7TdRShwNTfTYwFO7vi8SLQ,Adventure Gaming,2025-04-19 13:30:23+00:00,24,20,Gaming,249000,,,
zchcCnLTZg4,2534135,8573,39,UCjL8v2oxU3xTQalGzejC5Yw,iGameplay1224,2022-07-02 14:00:24+00:00,662,20,Gaming,1730000,,,
FijmUKHYGu8,2436195,15861,308,UCAvRtPIFFbnfLHswfRS6zhQ,GameV,2025-01-09 15:53:39+00:00,3785,20,Gaming,283000,,,
P42Zb3ZvHk0,2360811,13352,317,UCajOnsqcyU0_xgb2j2svQ5A,Enjoy Games,2025-09-24 14:00:54+00:00,1381,20,Gaming,40900,,,
I-78OKwVWVQ,4269632,57288,269,UCnpIjpnz9oorvnKQkIww2JA,4K Testing,2025-01-22 22:37:46+00:00,24,20,Gaming,3020,,,
tk-MmNepxG4,5901422,15802,7,UCn1Ocim1_ZKRCI94SUV21cg,OMINGKY,2026-01-17 11:21:47+00:00,8,20,Gaming,1400000,,,
H3xPdAiGl9Y,5702270,23293,64,UCT4GEKWmt2hNX85g440er7A, BUNNYBENZ GAMING,2025-09-15 08:44:52+00:00,9,20,Gaming,172000,,,
pnBPbiKf2j4,2953145,111881,273,UCjvNWB4Zw5AeOxDKP7WM9Ng,Sharp Tamil Gaming,2024-06-11 10:14:01+00:00,19,20,Gaming,1640000,,,
evtCz1wunXQ,2079074,35884,1845,UC7iLnwfWTSxpw2uC_2xLHcg,Sokher Gamer,2021-05-05 03:30:04+00:00,1238,20,Gaming,2380000,,,
j7PuStga0XU,2057696,25214,1815,UC7iLnwfWTSxpw2uC_2xLHcg,Sokher Gamer,2022-08-19 06:30:07+00:00,1256,20,Gaming,2380000,,,
HIT8vct6pCw,3363625,62418,664,UCkjwKtKR3N1zikQSVo_YtnA,CragzoVerse,2025-07-15 15:33:57+00:00,23,20,Gaming,4760,,,
vtZd03sM9Fk,2051834,92783,4131,UCD5EC8IWhOFalXtePCkhJTA,Tonde Gamer,2025-08-03 01:48:17+00:00,924,20,Gaming,18800000,,,
UBqq1l_fHvM,2032608,29587,2075,UC1bwliGvJogr7cWK0nT2Eag,MKIceAndFire,2025-10-10 15:00:10+00:00,16889,20,Gaming,4540000,,,
ZumpQNbTpeQ,2033613,12128,198,UCajOnsqcyU0_xgb2j2svQ5A,Enjoy Games,2025-07-06 14:00:53+00:00,813,20,Gaming,40900,,,
f9L6S0sGskE,2027523,8788,159,UCXD-RNTGAqmVUBHeRhNH6DA,Amazing Gamingz,2024-01-15 05:00:21+00:00,2456,20,Gaming,367000,,,
pyS909TVyQY,2015026,75165,5063,UC-2Y8dQb0S6DtpxNgAKoJKA,PlayStation,2025-12-04 14:01:35+00:00,459,20,Gaming,16700000,,,
1Q0xIUZGewM,1963801,29614,1649,UC7iLnwfWTSxpw2uC_2xLHcg,Sokher Gamer,2020-11-22 03:30:00+00:00,685,20,Gaming,2380000,,,
KwHrS4P2yLw,1944964,55068,2558,UCpqXJOEqGS-TCnazcHCo0rA,theRadBrad,2025-08-07 12:00:41+00:00,6205,20,Gaming,13900000,,,
0gKOqhR6-XY,1929913,21431,1663,UC7iLnwfWTSxpw2uC_2xLHcg,Sokher Gamer,2022-01-20 03:30:17+00:00,704,20,Gaming,2380000,,,
_gAcgGdoulE,2088586,55880,440,UC7FBciVUepHh0jPSSNkbmcQ,Old School Game Snob,2021-03-19 15:38:25+00:00,16,20,Gaming,48800,,,
m9g7WoQytjI,2808504,83495,313,UCe4bubvNWxeD_Tjj6PpVBDA,THE LEGIT GAMING,2024-12-29 12:31:16+00:00,16,20,Gaming,346000,,,
qJffVRSFtIM,1862869,68696,8546,UC7iLnwfWTSxpw2uC_2xLHcg,Sokher Gamer,2021-03-16 03:30:07+00:00,751,20,Gaming,2380000,,,
qQiuU1jgXR4,2769772,61755,5292,UCqygaV0tqBVDBBverQrv74g,The Respawn,2025-07-30 16:03:08+00:00,50,20,Gaming,81000,,,
HKQzdxMb51A,1864489,13018,492,UCGGF6J6IUgB_K2_y2Rwh2Cw,Skvala Gaming,2022-07-29 08:50:49+00:00,574,20,Gaming,259000,,,
hpDMfkk8DY0,2048017,80062,447,UCqwb69jPwmkvJ7Ti7Vmn-4w,JENI GAMING,2024-05-01 06:00:17+00:00,36,20,Gaming,1400000,,,
Zs266R9yiek,3183992,25883,96,UCoXC9MWZmFZoaSWrwoblgyw,Game Definition,2025-08-19 07:01:07+00:00,64,20,Gaming,3900000,,,
mm6w2ufD6ME,1811339,56318,3518,UC-2Y8dQb0S6DtpxNgAKoJKA,PlayStation,2025-10-23 15:01:33+00:00,123,20,Gaming,16700000,,,
08_LsSXoy1w,3384883,0,486,UCwgAvHZeprY-nDJcCLOl5tw,ALL ACCESS GAME,2025-10-11 06:48:00+00:00,17,20,Gaming,38200,,,
nDZAO-zQRas,1806990,15028,611,UCRU9vwwARx8jEACqNpi_KFA,Champs Network,2025-03-26 11:58:33+00:00,2460,20,Gaming,656000,,,
VqqtmX-qSjM,1796390,49880,2715,UCpqXJOEqGS-TCnazcHCo0rA,theRadBrad,2025-09-18 16:00:53+00:00,7989,20,Gaming,13900000,,,
-9SZUoMzXPg,1764520,45343,2672,UCFwKgzKe-EdTz83r6wzhmOw,Live Insaan,2025-09-02 09:33:26+00:00,8259,20,Gaming,14400000,,,
NybbWazytak,4039044,17534,33,UC2A_ArHeUEUkoZkQQDW-XVQ,Abhra Playing,2025-08-03 03:58:00+00:00,11,20,Gaming,30900,,,
erRqdtKZ91k,2469723,57550,318,UC_XZFnHmcvXhheQapPa_WAQ,Chocler,2024-03-06 12:00:40+00:00,13,20,Gaming,162000,,,
v0lT8_mMzzI,1836655,46079,468,UCasP4ULpPrDOd4mByIKFRhw,Ayush More,2021-12-02 11:07:42+00:00,56,20,Gaming,6010000,,,
JGMnv2DU7DA,1844772,32802,730,UCUEBwthcpWBTQXscn8bpS6Q,Boomstick Gaming,2021-10-29 17:00:23+00:00,10,20,Gaming,401000,,,
FLmi8sYDjC0,2008063,28160,25,UC89yoeAAc-ZPq_CTmjJJlTg,Nijer Gaming,2024-11-29 02:00:13+00:00,33,20,Gaming,101000,,,
us1p8fWYInA,1613526,22610,2696,UC7iLnwfWTSxpw2uC_2xLHcg,Sokher Gamer,2021-03-22 03:30:02+00:00,1055,20,Gaming,2380000,,,
fMjY06X-wgc,1608316,22234,1988,UC1bwliGvJogr7cWK0nT2Eag,MKIceAndFire,2025-08-08 05:08:04+00:00,34156,20,Gaming,4540000,,,
ZZYuIgDB32o,1608445,12299,369,UCAOc_FRC8dmhGDAwSCiX2mg,FrameRate Elite,2025-10-12 06:55:06+00:00,1728,20,Gaming,16000,,,
0MxzJzg-u2A,3353728,49940,268,UCoDf26KIC32o4QRajkxDEEw,Sonu. Tv,2023-03-06 23:30:00+00:00,9,20,Gaming,5330,,,
FqoPSaoXaMU,1513047,16959,1417,UC1bwliGvJogr7cWK0nT2Eag,MKIceAndFire,2025-10-03 12:22:35+00:00,85740,20,Gaming,4540000,,,
lbRt2H01RZA,2079131,0,880,UCJYPvaZdczw3Q71y7iuUf2A,Exeshuu,2025-03-07 10:55:34+00:00,17,20,Gaming,504000,,,
EHqZOk48v7c,1458234,21341,1158,UC-wXkB3v0N9MB2Y9rR2Pbkg,PartiallyRoyal,2025-10-25 14:00:30+00:00,5650,20,Gaming,1070000,,,
FOCNbaam90Q,2758613,16890,69,UC5Z4aBxsBP_1c-TgLy-u7Dw,Sonia x Gaming ,2024-04-27 07:48:26+00:00,10,20,Gaming,155000,,,
iMcv5mqcSpw,2670462,126776,1478,UCD5EC8IWhOFalXtePCkhJTA,Tonde Gamer,2025-10-27 05:52:45+00:00,13,20,Gaming,18800000,,,
YOiDtHRM6XU,1442693,59092,446,UCAF_yy-Y4yl4VMiQ7RV3STw,PotatoMcWhiskey,2021-11-08 21:00:11+00:00,54,20,Gaming,536000,,,
a1EwIVNoOnc,25439143,306242,198,UCbOXUbTgVQL6-v2n6pKxMqQ,simulatorgaming,2024-10-22 07:22:42+00:00,11,20,Gaming,8800,,,
M2pyqnypx50,1382013,11620,889,UCEe2aqK4fgDYTOjkZvTvang,KingJoe83,2025-06-07 23:50:01+00:00,2414,20,Gaming,539000,,,
jNpRLOdZ8ug,1343981,15605,502,UC7jMeMP56G8jbTeEtgU_h-g,Nad Noddy,2023-02-24 12:16:32+00:00,1266,20,Gaming,341000,,,
L5SYv4lCUVs,2046320,19217,57,UCMhSuKOce9nbYr6H_dRnSjQ,Pradeep Gaming,2024-09-08 16:36:20+00:00,14,20,Gaming,215000,,,
h3EiJwqzFZY,3547595,0,33,UCgj9mMbhLSjihbt_4I01y9Q,Eenshiv Gaming Studio ,2025-07-30 10:32:35+00:00,8,20,Gaming,3150,,,
e5YLN0-tqWk,1261994,18191,6248,UC1bwliGvJogr7cWK0nT2Eag,MKIceAndFire,2025-11-13 17:42:36+00:00,16089,20,Gaming,4540000,,,
4RvpHYsZ8FU,2042237,35098,584,UCQKSon6J50Vxb6LiuRy1cPg,F&M GAMES,2024-06-10 08:47:54+00:00,13,20,Gaming,7950,,,
FjQkZ7EElxk,2212365,0,200,UCgI8dlp1YbMs_hmcgUMx33A,SJ Edition,2025-09-23 14:41:00+00:00,27,20,Gaming,17400,,,
1eV3UHqc6nI,1216145,34649,2744,UCpqXJOEqGS-TCnazcHCo0rA,theRadBrad,2025-09-22 07:00:02+00:00,8059,20,Gaming,13900000,,,
XWVFXq7VWUM,1201266,52628,4893,UC5c9VlYTSvBSCaoMu_GI6gQ,Total Gaming,2025-10-13 04:00:41+00:00,2554,20,Gaming,45300000,,,
oPeE-5WDEdU,1349766,37682,474,UChqXRquQhtswoAqlt3ayyXA,Chisgule Gaming,2022-10-10 01:47:22+00:00,59,20,Gaming,258000,,,
3suNbVmvjN0,2039830,37421,4095,UCKy1dAqELo0zrOtPkf0eTMw,IGN,2025-08-26 01:37:55+00:00,26,20,Gaming,19700000,,,
m9rdYOEOZvs,1434461,25284,674,UCM9qpSdsW8e203r3FHz3AZw,HYCARUS Gaming,2022-07-14 09:43:41+00:00,18,20,Gaming,132000,,,
EVveQo-rzDk,2929313,17890,80,UCzdokXRooOm8SKyEYsRfltw,THE HIYAA GAMING ,2025-06-21 00:30:11+00:00,11,20,Gaming,35500,,,
4QC5TelBBZU,1985629,0,126,UC0-AvlWKDF8EhCcksAXK-Rg,Akshat Pareek,2024-06-04 07:42:20+00:00,34,20,Gaming,1640000,,,
00I2O7Wrrbs,1115922,30565,1759,UCJD5R47XWLmJ7nn18T2ZW4w,Dattrax Gaming,2025-07-06 03:00:01+00:00,2793,20,Gaming,2920000,,,
6u5VMnGRIrY,1100973,8956,185,UCRU9vwwARx8jEACqNpi_KFA,Champs Network,2024-11-15 14:09:45+00:00,1935,20,Gaming,656000,,,
Utbd6I13hVo,2742127,32761,147,UCbzNtC5Cf90PLARWx6oK_CQ,RTX WAR,2024-01-06 12:35:01+00:00,11,20,Gaming,2360,,,
HPCU58Va3x8,2297845,25724,159,UC4vVOqEP1djeFjkebh1K8Zg,Gaming review Top,2025-03-09 12:30:26+00:00,13,20,Gaming,97900,,,
6OB0Ouaeebs,1068204,21304,1100,UC7iLnwfWTSxpw2uC_2xLHcg,Sokher Gamer,2022-11-30 06:31:00+00:00,616,20,Gaming,2380000,,,
7pdzEUiejog,2454915,27949,214,UCPIOSkVJug1bG51Fz4O4kzg,Sameer Gaming,2024-10-24 13:10:15+00:00,11,20,Gaming,1280000,,,
3pGgPrbdKaU,1061979,9798,222,UCYepRn82-Dk7I4mME2dYL3Q,RamX Extra,2025-03-03 22:34:40+00:00,852,20,Gaming,8760,,,
kO9Ez7_mk0g,1148907,52791,428,UCoJzXOukwqP96D0Uczqf74Q,Wulzy,2023-02-09 18:00:30+00:00,22,20,Gaming,221000,,,
okCxZrdNq3o,1028687,14893,949,UC1bwliGvJogr7cWK0nT2Eag,MKIceAndFire,2025-09-24 19:21:17+00:00,78285,20,Gaming,4540000,,,
XtCS5tuvCKs,999855,32342,2228,UC-2Y8dQb0S6DtpxNgAKoJKA,PlayStation,2025-09-24 21:06:52+00:00,306,20,Gaming,16700000,,,
b2cGqnKuIWc,995438,8844,118,UCJSDthIbKG55FRcZpJWm40Q,Gaming Point,2022-06-28 06:49:58+00:00,1025,20,Gaming,213000,,,
wE0CNUXlftg,1446486,15128,393,UCNIHGdrsX76sCK9ssE5DYoA,Sokher Gamer Pro,2025-07-13 04:01:10+00:00,57,20,Gaming,223000,,,
6qEw-NnsB7E,1127095,74573,1878,UCR6byVIT4_QoWMlgfO4t27Q,Gaming With Talha Is Back,2024-04-01 04:00:07+00:00,29,20,Gaming,2930000,,,
3nYlzEcCwI0,958458,48780,3551,UC5c9VlYTSvBSCaoMu_GI6gQ,Total Gaming,2025-11-28 04:00:04+00:00,903,20,Gaming,45300000,,,
ZliL58Fi1t4,1003858,56948,703,UChWTjJDu743PSfbUebQPBeg,Sonic Central,2023-04-25 18:00:22+00:00,41,20,Gaming,627000,,,
dB-tjpSetds,2166865,0,176,UCuwX9HYsUP6r-ko066k7Tbg,POCO CX ,2025-07-03 12:30:35+00:00,12,20,Gaming,32700,,,
PtK5b38JkBQ,1856744,40873,322,UCLQJkseoOWkevsA0RKZOetQ,Jill Zone,2025-08-24 03:30:27+00:00,43,20,Gaming,1110000,,,
D0d2KCkxmo8,926317,6408,100,UC6JY6Pxiai46HRDoaRpE1ZA,cureclutch,2025-08-22 15:00:19+00:00,1933,20,Gaming,55100,,,
E7NUkrmSU3w,1696114,17103,475,UC2rbTG7OIhIxR8mGWP2S7ew,TheRenZo Gaming,2023-05-19 00:00:07+00:00,13,20,Gaming,2190,,,
18X7dsyFnPk,1682156,10018,34,UCdyCd8MZz_fn9YKblktT8iA,JP-USA Gamer3D,2025-11-23 10:30:01+00:00,33,20,Gaming,150000,,,
8sek5J4zO7o,1939673,15021,514,UC2_GAPE4vb9J66mUH-4eDkw,JAM MAKES CONTENT,2025-03-07 05:33:36+00:00,10,20,Gaming,530000,,,
3JemQRPKeJM,892671,18418,905,UCmp5y07YIV6i2jPX4x82hVQ,Hollow,2025-04-07 00:20:16+00:00,17160,20,Gaming,5130000,,,
7JfFGX0cnCQ,1034369,51879,2705,UCqwb69jPwmkvJ7Ti7Vmn-4w,JENI GAMING,2023-08-28 11:00:03+00:00,37,20,Gaming,1400000,,,
eW4PdRgECmU,1468898,19895,190,UC2A_ArHeUEUkoZkQQDW-XVQ,Abhra Playing,2023-06-14 08:58:00+00:00,17,20,Gaming,30900,,,
pUPJdWe-zVU,871485,6085,126,UCRU9vwwARx8jEACqNpi_KFA,Champs Network,2025-05-29 10:30:38+00:00,792,20,Gaming,656000,,,
Q89X4nOzxGw,879148,37886,1692,UC-2Y8dQb0S6DtpxNgAKoJKA,PlayStation,2025-12-12 03:43:46+00:00,250,20,Gaming,16700000,,,
zIuprwPj_NA,1429405,31791,328,UCSCfEJIK24MnXT6WIXXyYvA,Parking Gamer,2025-02-04 02:14:17+00:00,10,20,Gaming,232000,,,
ooj-JNxuE9Y,2287975,4269,32,UCJIBwWDKiv1ABPZ3NLAtgsg,Car Game TV,2021-06-03 10:00:14+00:00,37,20,Gaming,21400,,,
uvOu_2-EMtM,931131,42200,613,UCCCOyUvlbt1YagerVgbwopQ,Tewbre,2023-03-12 21:00:31+00:00,56,20,Gaming,970000,,,
Fy45wAOTzgU,826691,7454,259,UCNYL6v5weylcPKGUSBgbTKA,NextGenGamers,2025-09-23 14:36:00+00:00,1570,20,Gaming,28000,,,
ofqx30Tb5aw,810465,6957,277,UCRU9vwwARx8jEACqNpi_KFA,Champs Network,2025-05-01 20:11:37+00:00,1448,20,Gaming,656000,,,
j6D-YRGrEOk,1631385,33963,552,UCD1Em4q90ZUK2R5HKesszJg,Clash of Clans,2025-03-19 14:34:30+00:00,11,20,Gaming,21800000,,,
yiMi11Gwxlw,1817058,4957,18,UCqIzE5q1WpgyViZqsV6wCvw,Mikolojim,2025-08-02 21:00:52+00:00,10,20,Gaming,58700,,,
k2AgMwnXm9E,1433659,0,457,UCpU1oookzSBqFU03qesmKog,Ming Goodluck,2025-12-30 13:35:15+00:00,16,20,Gaming,120000,,,
pzg5yE0nDbc,1162795,21884,1031,UC2-aop85lqOalGXV4FgFJaw,Destructoid,2023-09-05 17:27:33+00:00,14,20,Gaming,226000,,,
lbQtGfa321U,1181006,9275,11,UCj3Nay25ETcavDq_x9kMSsg,Gamesturday,2025-07-15 03:36:51+00:00,45,20,Gaming,399000,,,
VrLeXV3rXWI,881388,30288,240,UCqwb69jPwmkvJ7Ti7Vmn-4w,JENI GAMING,2024-01-10 11:00:22+00:00,35,20,Gaming,1400000,,,
vdR0c4vk3yY,793475,22885,593,UCuGiOq4iPo2rLF8dGkvm9HQ,That Other Gamer,2021-11-22 12:16:34+00:00,60,20,Gaming,22200,,,
41O0kynnjEA,1484401,21536,379,UCrg2w70duH-IoWGon-df8PQ,BIKI  GAMER 100K ,2025-03-29 05:02:34+00:00,15,20,Gaming,6920,,,
OSePBUakRKs,722046,15515,898,UCJD5R47XWLmJ7nn18T2ZW4w,Dattrax Gaming,2025-08-29 05:30:11+00:00,1248,20,Gaming,2920000,,,
3X4NrkJus9U,827388,18858,132,UCxa1v9wVMmjYUhUfQOJxbzw,SwoleBenji,2023-02-16 10:00:05+00:00,30,20,Gaming,168000,,,
xFqQcgQNT1c,1178345,33496,506,UCQ5rj33Q-QhIpPE2KmoEs2A,TGLTN,2025-02-13 11:01:16+00:00,19,20,Gaming,370000,,,
7vbHAJ_RzMs,693910,15387,623,UCpqXJOEqGS-TCnazcHCo0rA,theRadBrad,2025-12-26 15:00:31+00:00,5769,20,Gaming,13900000,,,
p00R8VgorB8,865469,34539,232,UC_5NT4DY883oVUlXNEQ7jIA,Morse,2021-01-07 17:03:59+00:00,60,20,Gaming,137000,,,
MjsEyxYeLyQ,666637,6419,463,UC4KQ5PiGAvRg3xU4i5Og0NA,BrosClanYt,2025-09-21 19:56:52+00:00,2205,20,Gaming,387000,,,
9Ok8bNCRj0A,935935,17144,458,UCex124pZ3osjaHYFUwJoueg,Coolkiller Gaming,2023-05-11 05:00:03+00:00,14,20,Gaming,1660,,,
VtEM8S9CqVU,664653,15463,580,UCELAIy1E8A-7IrUlAaGr_vA,Dattrax Plays,2025-10-18 07:30:16+00:00,3801,20,Gaming,856000,,,
GK9wQ8lmCDQ,655413,8121,563,UCJsVCjeuTvfZjevif6zHWYw,Gaming Engineer,2025-10-07 03:55:00+00:00,1326,20,Gaming,1180000,,,
BZlTu9yUoGo,1392580,4648,17,UCqIzE5q1WpgyViZqsV6wCvw,Mikolojim,2025-08-03 15:30:10+00:00,14,20,Gaming,58700,,,
jdn6yqX8fWs,730932,28777,121,UCNjti3n8j4PvYYTXvzhpUJA,Dan Toppy,2021-06-10 17:16:36+00:00,24,20,Gaming,25900,,,
aZ412IU48M0,688689,40469,516,UCZeKXaDbtL2GbfoB8hldseQ,EmSwizzle,2022-12-26 17:51:00+00:00,52,20,Gaming,2080000,,,
pN2o_-tQfOU,663134,37488,599,UCYyyaFiIqyIkye9JwYGJYGA,FGS,2023-06-12 19:02:09+00:00,43,20,Gaming,300000,,,
kRtIVBygm7k,625333,19796,165,UCFXUSG_393wZJaRTErU6Pjw,KhrazeGaming,2023-04-21 23:19:11+00:00,37,20,Gaming,618000,,,
jQ7Nn-ZQzyI,583097,12927,1013,UCJD5R47XWLmJ7nn18T2ZW4w,Dattrax Gaming,2025-10-11 06:03:08+00:00,1338,20,Gaming,2920000,,,
75D7yzSgTpU,581094,10275,874,UC-wXkB3v0N9MB2Y9rR2Pbkg,PartiallyRoyal,2025-08-29 16:00:13+00:00,3121,20,Gaming,1070000,,,
kNZc7c1meTU,573573,4319,108,UCFQ8nti0-hKFzBN1w4dFe-Q,VedpooL2,2025-04-27 14:01:03+00:00,3147,20,Gaming,82500,,,
eEQDr0fdkZ0,570065,7445,332,UC-wXkB3v0N9MB2Y9rR2Pbkg,PartiallyRoyal,2025-07-26 17:35:14+00:00,4744,20,Gaming,1070000,,,
5HHVOsOuNKE,1029356,17010,152,UC3bg_FHsGeU91ULG-zVs52w,lonelyshark,2025-01-21 01:00:02+00:00,21,20,Gaming,257000,,,
0FQsaHw6Whg,550280,10108,750,UC7iLnwfWTSxpw2uC_2xLHcg,Sokher Gamer,2022-06-20 03:31:21+00:00,631,20,Gaming,2380000,,,
t2XqiFeMps8,538693,12433,868,UCJsVCjeuTvfZjevif6zHWYw,Gaming Engineer,2025-07-23 17:31:00+00:00,2370,20,Gaming,1180000,,,
AKJltPZ0cwU,525060,11154,1134,UCJsVCjeuTvfZjevif6zHWYw,Gaming Engineer,2026-01-03 16:31:00+00:00,2865,20,Gaming,1180000,,,
HWZbrtMUJ1E,794213,12267,475,UCLEAHLTn96QWTHI9qutztKg,theGamingSky,2024-03-05 11:30:13+00:00,22,20,Gaming,12800,,,
nSj4NqgTjjM,1215387,4089,405,UCUySt9WkpEoBU73wOfmNWUw,AMABSH,2025-05-30 17:18:34+00:00,6,20,Gaming,20600,,,
qKqjLbbbcnc,499663,7568,302,UC7eAfUjR9gdIjoaoQaS0W-A,Shirrako,2025-11-27 23:01:13+00:00,62463,20,Gaming,2510000,,,
5AEgaLJSTt8,1059979,13988,514,UClmwUwPrmtNoW3zc9yfPjDQ,EFI_GAMES,2023-10-29 13:53:40+00:00,16,20,Gaming,26700,,,
yXD9uMLGwh0,545941,6388,73,UC2CAYseJlsa9Y6lGCQQOx4w,Kiloo Games,2021-10-21 13:30:11+00:00,30,20,Gaming,3120000,,,
akkTBZ9ou0o,481682,4936,450,UC1bwliGvJogr7cWK0nT2Eag,MKIceAndFire,2025-09-01 12:10:27+00:00,48973,20,Gaming,4540000,,,
glvYjRyLx-o,481617,15877,695,UCELAIy1E8A-7IrUlAaGr_vA,Dattrax Plays,2025-07-05 08:30:21+00:00,4885,20,Gaming,856000,,,
nUcLmvF9iNY,6128204,105431,132,UCOGobVk_2dUa_ldUdiea-0w,A4 Games,2024-10-01 21:00:26+00:00,11,20,Gaming,16400,,,
9_4RXR2-vXs,745776,31718,307,UCU0Kv4-V7TuMaGA6F3HkPYQ,Laka Gaming,2024-02-13 07:30:05+00:00,9,20,Gaming,11000000,,,
71BnoLFF_0A,702585,3673,4,UC-JwyWIKm4ps-c3O54nhc8A,Game Ads,2025-09-27 08:00:16+00:00,36,20,Gaming,782000,,,
C4kSv7GBH-U,420185,3912,357,UCAvRtPIFFbnfLHswfRS6zhQ,GameV,2025-09-13 14:11:19+00:00,2880,20,Gaming,283000,,,
XciRhZ3T7zQ,891340,6435,185,UCnse5tqZzi3v_rjgXJe98TA,Chief Shifter,2021-12-23 07:50:25+00:00,9,20,Gaming,352000,,,
EToGG_YXrrg,809584,0,397,UCLQuKLJXQ2LvZIPpV7SD4LQ,Stranger Gaming,2024-09-07 14:03:36+00:00,15,20,Gaming,41900,,,
hkcUWXEFKSE,813028,8990,183,UCQCmi0boTxb5s3ApFs6HeLQ,TeMor GAMEPLAY ,2024-09-08 20:57:57+00:00,12,20,Gaming,21400,,,
XqazeqLEc4c,942520,5573,30,UC5Jd9xwXu1WQO22oS2USMVA,games library ,2024-06-04 04:23:54+00:00,9,20,Gaming,1030,,,
KD0iDMn6vpo,402419,2917,65,UCFQ8nti0-hKFzBN1w4dFe-Q,VedpooL2,2025-05-12 14:00:34+00:00,1514,20,Gaming,82500,,,
czpMj_cgUB8,630821,7392,31,UCSgX0LbiJ7ESGqMvbpS1Gww,@Game Player,2024-09-15 12:32:18+00:00,20,20,Gaming,58100,,,
k5D6igH-REk,397492,6032,262,UC1bwliGvJogr7cWK0nT2Eag,MKIceAndFire,2025-12-23 21:19:54+00:00,89705,20,Gaming,4540000,,,
pZ44UYdMshI,801970,3061,16,UCI9AruqRPB2KfLJifv8aguQ,PRIT GAMING ,2024-12-28 08:31:37+00:00,15,20,Gaming,1320,,,
8Up6vhk2Gqk,386872,13373,893,UCELAIy1E8A-7IrUlAaGr_vA,Dattrax Plays,2025-10-11 07:30:04+00:00,2939,20,Gaming,856000,,,
a4SEa-4eKKg,636029,4328,6,UCh4zhQTTHmHWMoSCeYG_ZwA,Rajplayz,2025-10-21 16:31:59+00:00,47,20,Gaming,33900,,,
FhoDphy1aE0,650969,26386,284,UCVlzBl2DBXZDSfKaEFW8dsQ,Geometry Dash BrainRot,2026-01-20 19:22:12+00:00,59,20,Gaming,68500,,,
iO02P1-bNhU,355227,3284,162,UCnbRKDqX3rnIcKEUnrjJyVw,gamewise,2025-07-03 11:26:36+00:00,1796,20,Gaming,79000,,,
vtsuNhluUR4,658096,4181,103,UCHUfs49iV-Wunj0IC7nBq-g,HellGhost,2025-10-18 21:59:07+00:00,14,20,Gaming,5290,,,
8zdQFX0Li8Q,353812,6725,480,UC-2Y8dQb0S6DtpxNgAKoJKA,PlayStation,2025-12-11 15:30:06+00:00,87,20,Gaming,16700000,,,
QxGYVye86F0,883257,2671,3,UCn1Ocim1_ZKRCI94SUV21cg,OMINGKY,2026-01-20 02:00:28+00:00,7,20,Gaming,1400000,,,
izYfrjlOvY4,323589,4313,219,UC1bwliGvJogr7cWK0nT2Eag,MKIceAndFire,2025-07-08 20:11:15+00:00,69636,20,Gaming,4540000,,,
7W4TO5QjJTw,473854,14876,164,UCqwb69jPwmkvJ7Ti7Vmn-4w,JENI GAMING,2024-01-01 11:00:04+00:00,35,20,Gaming,1400000,,,
X9QXRfsNQYs,303994,5927,135,UC2JIdBq8ctbneEZgpckj-AA,Android Tools,2025-07-26 12:00:53+00:00,629,20,Gaming,489000,,,
3wjTPx-vIpU,297808,3403,333,UC1bwliGvJogr7cWK0nT2Eag,MKIceAndFire,2025-08-26 17:02:26+00:00,15841,20,Gaming,4540000,,,
jVzxCxtsAis,610120,5657,64,UCF5i_5bdnnukskeerxo1jWA,Radio op gaming ,2025-03-28 16:42:30+00:00,13,20,Gaming,7000,,,
8nrG66-1IHc,275246,15128,821,UCQ3TV3Z4UHlNiiPSCsgvTsw,Doro44,2025-11-08 14:00:13+00:00,1234,20,Gaming,978000,,,
5B5djcPDz0Y,540514,21719,286,UCqd20iiUJd7Qqf5mrqlXnzQ,Magmuh,2026-01-19 22:47:36+00:00,28,20,Gaming,195000,,,
P-4b4qQZpWM,573460,4403,56,UCQTSYlKdQkiQdR0w5Bhgfuw,Temple Run,2024-10-22 22:48:23+00:00,10,20,Gaming,2470000,,,
fl5JhyyzfXY,518907,3994,31,UCJQYSaOamjf647skpDe-wNA,OG_PDCthe2nd,2024-11-28 03:02:17+00:00,13,20,Gaming,181,,,
y194THdjYjU,390296,17930,276,UCJEW7luxXj7XhzUGwpxW5OQ,Kubold,2026-01-15 16:01:37+00:00,68,20,Gaming,41100,,,
MLIdc4qAXDQ,364810,2664,5,UCCNvU7LlyUiwHL0yQSejVBQ,Mr Pin Gameplay,2025-08-20 05:00:20+00:00,51,20,Gaming,307000,,,
sYYqdF36Klo,223717,2057,47,UCjSfqI6nCcZ5V4TNr4sio9Q,EspacioNX,2025-10-05 18:06:05+00:00,1236,20,Gaming,816000,,,
2QiAEsHTnRQ,356617,7347,32,UCGBSxD1nKvvzFlDgNSfVGJQ,1emil,2022-05-02 17:31:44+00:00,18,20,Gaming,35200,,,
F__KntP4bFA,224616,1171,26,UCRU9vwwARx8jEACqNpi_KFA,Champs Network,2025-09-15 13:00:25+00:00,41385,20,Gaming,656000,,,
6rLfm-Z_Sk4,221722,3128,214,UC1bwliGvJogr7cWK0nT2Eag,MKIceAndFire,2025-12-08 05:30:20+00:00,39087,20,Gaming,4540000,,,
0ROfnIWGmQ8,340447,7086,57,UCGD1h4fNOfr62Ap_BWxBFpg,FUN2OSH,2021-11-11 12:40:22+00:00,24,20,Gaming,24000,,,
UtywwJKl1Tg,432971,3790,66,UChcER2wbo430HS7CZ0qaDpQ,KendoGunSop Survival Horror,2025-09-24 04:48:34+00:00,18,20,Gaming,111000,,,
QDNsL9A2G5I,204367,7842,671,UCNvzD7Z-g64bPXxGzaQaa4g,gameranx,2026-01-21 16:31:59+00:00,911,20,Gaming,8530000,,,
N-igFZVww5M,295210,6780,39,UCrW7C8_TJipjAvJOLw4kWtg,Vivid Discord,2021-11-29 19:28:10+00:00,29,20,Gaming,13600,,,
T8YQ92S1bjw,179020,2988,156,UC1bwliGvJogr7cWK0nT2Eag,MKIceAndFire,2025-12-15 23:00:13+00:00,37193,20,Gaming,4540000,,,
BRGuQBXMOPQ,134999,4920,390,UC-2Y8dQb0S6DtpxNgAKoJKA,PlayStation,2026-01-08 21:15:00+00:00,68,20,Gaming,16700000,,,
dfwqM9NyK2w,289825,2234,184,UC-_q48QlHJU-BITr0dRjiNw,kolbeawsome,2025-06-03 13:19:40+00:00,10,20,Gaming,8400,,,
YdyuAJv-S1I,253817,0,18,UCvqrKfbWUTMFOVJZDt-2F9A,Game Market,2025-07-16 03:05:13+00:00,21,20,Gaming,47200,,,
0VTxfV4JlcI,279815,3179,0,UCRQVfViXyUm24tQWw5Oj1xQ,SouzaYT Game,2026-01-19 14:30:00+00:00,15,20,Gaming,29500,,,
rx8QUHWhXNk,175722,2046,9,UCEQzJ-DwwddeNKBc0iWpXGw,Kartik Gaming ,2025-08-18 10:30:37+00:00,60,20,Gaming,94200,,,
cCmgJ_4a_gw,118682,2225,141,UCRnTaShzupujX46gLPWf5Mw,HGH Horror Games House,2025-12-25 15:47:47+00:00,5675,20,Gaming,89700,,,
VzF0UDN4NKw,106161,1230,22,UCRU9vwwARx8jEACqNpi_KFA,Champs Network,2026-01-10 14:29:20+00:00,50402,20,Gaming,656000,,,
wvIJ6sJLKcM,97665,1558,62,UCZOW4EOIU_jwHhybPh6q0LQ,Fatih GAMING,2026-01-09 06:01:01+00:00,1458,20,Gaming,2090000,,,
Af4m1X7xpnk,150384,1958,11,UCEQzJ-DwwddeNKBc0iWpXGw,Kartik Gaming ,2025-09-04 10:30:08+00:00,61,20,Gaming,94200,,,
S2goih1nQww,87953,725,20,UCRU9vwwARx8jEACqNpi_KFA,Champs Network,2025-11-08 20:18:36+00:00,68911,20,Gaming,656000,,,
Lccta3Enz-U,156679,3940,154,UClmwUwPrmtNoW3zc9yfPjDQ,EFI_GAMES,2025-04-25 20:47:34+00:00,28,20,Gaming,26700,,,
SHWjGe7v-As,144298,0,433,UCXgqEr5PHxD0zydHMtirhnw,DERIDIUM,2026-01-18 22:01:02+00:00,36,20,Gaming,11500,,,
YOot2QMoHRQ,144883,1437,42,UCKSoGL7eQ6SddA28wQgu1Xw,Battle X Warrior,2023-10-08 00:45:03+00:00,23,20,Gaming,4280,,,
4Kcu99egGwE,122553,0,48,UCFGMb_63yUf3iAgEZwHjjrw,Gubbara Lion,2024-12-30 07:45:08+00:00,22,20,Gaming,2320,,,
XhdWxsRTVm8,68535,0,20,UCBSN8895uBdts3vjCR_RqBA,Techno Gamerz Recape,2026-01-15 02:00:39+00:00,2024,20,Gaming,36300,,,
5fOa9gFRMIQ,154457,4571,3,UCZDWRoktsUTnqCHThl89lfg,LUTU GAMING ,2025-12-04 12:29:03+00:00,40,20,Gaming,614000,,,
FbGkyk4-Lzo,105969,1274,4,UCX7AB2hPIIcZWPEYyEQU9Ow,Co-op Club,2026-01-18 11:46:23+00:00,24,20,Gaming,2220,,,
MmZ1R2rL37U,92981,1042,5,UCEQzJ-DwwddeNKBc0iWpXGw,Kartik Gaming ,2025-12-15 10:55:00+00:00,53,20,Gaming,94200,,,
J2EH9zFKgAc,95692,3576,207,UC-CviHK4ZtwyrhRgM05Jh9g,LuceIsHere_,2026-01-15 15:45:15+00:00,80,20,Gaming,46600,,,
K2Qeud_1zzk,98313,633,0,UCiyLDSUJzeHg1cqEV9YZxVg,Lalaly Blox,2026-01-18 02:00:32+00:00,24,20,Gaming,1240000,,,
sSLZXQjehZw,45073,580,12,UCRU9vwwARx8jEACqNpi_KFA,Champs Network,2025-12-07 10:01:33+00:00,22532,20,Gaming,656000,,,
OoJACyYXBWs,42150,4156,404,UCN74s7N4DW1jVF62JrC2_-g,SK SABIR GAMING,2026-01-14 13:05:29+00:00,489,20,Gaming,6590000,,,
KSexdcis3YI,37756,664,180,UCihsdJ45HMDoGVKAORyHwfw,Gaming With Shinchan,2026-01-18 03:45:01+00:00,1536,20,Gaming,61600,,,
BX7b4cAkK8g,70568,441,1,UCK-SEXWjtrZ4rrRpD38y-YQ,Asim Gaming,2026-01-20 01:00:21+00:00,33,20,Gaming,91300,,,
6q3m9Bwxs0Y,29659,632,77,UCpC84msUFwq0lbNrEkKzB9Q,Pyare Gamer,2025-11-06 11:18:01+00:00,784,20,Gaming,1790000,,,
8Ob8FCFW5WQ,62195,1416,0,UC4ii0V_N3uFZhKy-XtPa8NA,Maddy Gaming kkdi,2026-01-16 08:35:10+00:00,47,20,Gaming,54900,,,
R0cDFN3FgL8,62832,256,0,UC-_1tmvqgTm-InYNLq1L0GA,Tech Gaming wansh,2026-01-21 02:30:33+00:00,15,20,Gaming,85100,,,
S_G9d-JiA-A,69456,0,0,UCqdcDbKEs0eYyr5WTLW-_-w,PappuGamerz,2026-01-18 00:30:24+00:00,27,20,Gaming,84500,,,
5mXUjqk5T7Q,74569,4349,472,UC-2Y8dQb0S6DtpxNgAKoJKA,PlayStation,2026-01-21 23:00:00+00:00,181,20,Gaming,16700000,,,
NIkidoHiDtI,55551,495,2,UCOAwHneKC4EtQZHXc8z2X9A,Bilal khan gaming,2026-01-21 10:42:52+00:00,50,20,Gaming,7470,,,
pry2V3OX9Jc,65095,180,1,UCkejg2t_xwMtbxycV7bxU0A,HeyGD Gaming,2026-01-20 04:53:57+00:00,7,20,Gaming,68100,,,
wzAUc7zM-kE,46753,247,0,UCe4H1zokEXtJcX1xzog8xLg,Cubic Gaming ,2026-01-21 15:25:00+00:00,20,20,Gaming,74100,,,
VPn-fPtDDB8,34676,146,0,UCtJIi_a4mbWXA_q1GM8ry8Q,Gaming Queen ,2025-10-09 01:00:37+00:00,19,20,Gaming,52700,,,
ZftB6SLjQ-E,31431,125,2,UCKY7azg-Z0t8C8MVEYAp2ww,S.I.T Gaming,2026-01-20 13:03:44+00:00,31,20,Gaming,65200,,,
htm8cXUL2rg,32730,118,0,UCr2RSCf6G_WXDUyVN2272Ng,SR Gaming ,2026-01-21 03:30:00+00:00,17,20,Gaming,43200,,,
IZQ32k9Rimo,31304,138,0,UCpg3d4S5ieHaJN8eZYA_uVQ,Crossbow Psk 2.0,2026-01-20 07:30:17+00:00,30,20,Gaming,635000,,,
fMZfqt18uSs,36077,1001,0,UCdafVNNZ7oh5af95Y_tkvyA,Shy Official ,2026-01-21 11:27:04+00:00,11,20,Gaming,890000,,,
64gRyyQeWOI,38013,87,0,UCT52yMSo8iILgk0LzJR3Hsg,Fijak JRB Gaming,2026-01-16 03:30:11+00:00,38,20,Gaming,38000,,,
rQZG6p_NkJU,28615,0,0,UCxlT28kEulZJImsz4aARu7Q,Bihargaming1,2026-01-19 03:40:59+00:00,40,20,Gaming,16600,,,
HMKVedsr49M,25720,161,0,UCK-SEXWjtrZ4rrRpD38y-YQ,Asim Gaming,2025-11-04 01:00:32+00:00,32,20,Gaming,91300,,,
xybOCl321q4,31047,149,0,UCa6YIHOZRn7jGTeYHWvIXJA,Fy Facts,2026-01-20 15:14:17+00:00,30,20,Gaming,2530000,,,
abcvpsnclc0,33567,0,0,UChKE6VKyQdOnk5eBRDND6vg,ItsLiveBroYT ,2026-01-21 03:51:20+00:00,19,20,Gaming,139,,,
6HHdEMLBzRg,26487,762,0,UCdafVNNZ7oh5af95Y_tkvyA,Shy Official ,2026-01-21 09:45:39+00:00,11,20,Gaming,890000,,,
sog5wFEVIVs,33953,87,0,UCkejg2t_xwMtbxycV7bxU0A,HeyGD Gaming,2026-01-21 04:18:45+00:00,8,20,Gaming,68100,,,
UGDmH8CtyM0,27320,0,0,UC1QEgSabYnjCVNEQ7lEdIBw,Rishu Fact 03,2026-01-21 13:09:10+00:00,16,20,Gaming,1080,,,
ruosvNGJiz4,16493,109,0,UCyIGQkmDJXWT6H8DjK0jPHg,Syafrola Al'aziiz,2026-01-21 12:31:13+00:00,58,20,Gaming,8550,,,
sDL1WW1nHqE,10273,0,19,UCQIKQ8-Mcb00c4AEsJEzctw,Ankit Bhai ,2026-01-15 12:23:20+00:00,1214,20,Gaming,2700,,,
a3MZh78xPp8,20119,174,0,UCBJD_UHOZA9FYrT8JUPWCcw,Danish Gamerz,2026-01-20 01:00:00+00:00,35,20,Gaming,216000,,,
gKcbtNTvDPg,18076,0,0,UCef4-bmQaA3Am2CZVYu-n2g,KGod Gaming,2026-01-19 13:33:23+00:00,32,20,Gaming,1610,,,
b2InNCawE8o,19878,76,1,UCY5PFyeVsYt04upBzMZsnAw,Ashish Saharan Gamer,2026-01-19 15:02:01+00:00,21,20,Gaming,164000,,,
KN8MAIUacog,33450,84,1,UCkejg2t_xwMtbxycV7bxU0A,HeyGD Gaming,2026-01-19 05:50:12+00:00,7,20,Gaming,68100,,,
aHs_rh2emvI,17702,90,0,UCr2RSCf6G_WXDUyVN2272Ng,SR Gaming ,2026-01-21 06:43:07+00:00,15,20,Gaming,43200,,,
NjcI1m1QyYk,7454,195,38,UCevDP_UIaoh8Cpd9GQm4qQg,Pinzo,2026-01-19 16:00:37+00:00,2645,20,Gaming,26300,,,
Xok_IKJUzzE,18014,78,0,UCr2RSCf6G_WXDUyVN2272Ng,SR Gaming ,2026-01-20 13:06:46+00:00,21,20,Gaming,43200,,,
DCDi0M08gjs,14330,811,29,UCNaNawahyb0AFdTWEqw6jyw,gritoboy,2026-01-19 21:20:23+00:00,29,20,Gaming,75700,,,
K05K9ojGvrs,21326,66,0,UCH7LLJ-hTRLwEjYILqBfDAw,PG 11 Game,2026-01-21 08:00:31+00:00,8,20,Gaming,4410,,,
QYjs4vn4z-8,19306,1086,5,UCdafVNNZ7oh5af95Y_tkvyA,Shy Official ,2026-01-20 01:08:09+00:00,11,20,Gaming,890000,,,
QuvxPyhJ5VI,10952,83,0,UCBJD_UHOZA9FYrT8JUPWCcw,Danish Gamerz,2026-01-19 22:45:02+00:00,36,20,Gaming,216000,,,
BbzNySt0_Ts,16955,0,0,UC1QEgSabYnjCVNEQ7lEdIBw,Rishu Fact 03,2026-01-21 11:31:24+00:00,14,20,Gaming,1080,,,
c47K0zRYeBE,34450,92,0,UCkejg2t_xwMtbxycV7bxU0A,HeyGD Gaming,2026-01-20 04:53:41+00:00,6,20,Gaming,68100,,,
3IWaeOeYL1I,15261,0,0,UCiDWKm2WHWkPfOW1SAhcOPA,SURYA SHORTS 1M,2026-01-21 03:51:00+00:00,18,20,Gaming,136,,,
wb9iuR51YCo,21684,75,0,UCFO1RxS-D9qLfR3JfvnpthA,RA GAMING FUL,2026-01-21 15:07:12+00:00,17,20,Gaming,50700,,,
QkPiKCkkwwM,13699,48,0,UCr2RSCf6G_WXDUyVN2272Ng,SR Gaming ,2026-01-20 00:30:00+00:00,21,20,Gaming,43200,,,
fBoyevUUIR4,16027,0,0,UCdHe8cTOKVqndaCBOV95ruQ,SRK GAMER 2.0,2026-01-19 03:00:48+00:00,23,20,Gaming,116000,,,
IUlqm890j3I,13046,0,0,UCGEMmANUMTYSyZTto8b3TGQ,The real vipin ,2026-01-21 00:30:00+00:00,27,20,Gaming,10200,,,
HG7Rsaijb4o,12925,77,1,UCe4H1zokEXtJcX1xzog8xLg,Cubic Gaming ,2026-01-21 03:00:31+00:00,21,20,Gaming,74100,,,
mgEm9WgGrME,8265,57,0,UCxXVubR1rDzpFcwxSsFIk4Q,Panda Caramelo,2025-07-17 11:01:31+00:00,29,20,Gaming,32200,,,
A3fvPhRzcRE,9736,75,0,UChFZxkfT67aBQWIbvrsk3PQ,SpidyGms,2026-01-21 11:56:57+00:00,35,20,Gaming,397,,,
B7RbwkXfuhk,9238,32,2,UCbGZa1xrh18Dn-Pn7eBurvw,Игровая комната,2026-01-21 07:00:08+00:00,11,20,Gaming,9170,,,
ph5L5TvYKXk,6931,0,0,UCyvfRVzQ1tGTonWTmKk3v0w,SUBHADRA YT,2026-01-21 12:27:22+00:00,56,20,Gaming,1980,,,
UDbna_ViZKc,10911,32,0,UCT52yMSo8iILgk0LzJR3Hsg,Fijak JRB Gaming,2026-01-18 15:30:56+00:00,35,20,Gaming,38000,,,
n7CvmzDKFBk,6798,0,0,UCRxHib8OFcj_metqb_s5jFA,Anit Gamerz,2026-01-21 14:01:26+00:00,33,20,Gaming,191000,,,
hzdeAI7RIcw,6057,23,0,UCHgfrt7H7Rm8jRJAA__rsDA,Dimplegaming0631,2026-01-18 10:59:20+00:00,18,20,Gaming,192,,,
3m20kpqkx1w,2905,328,0,UCuPgn8RkPxVMzjnifJICZSg,Dream channel,2026-01-22 05:24:48+00:00,0,20,Gaming,23900,,,
oFl9sZW9n2c,10618,0,0,UC2PzfOWVCMmOSbWpDKqDoJw,RKG GAMES ,2026-01-21 12:26:58+00:00,56,20,Gaming,1190,,,
Qz5pgxfL3xo,3177,161,0,UCxnTTQtc1qZjGmeDhX3PNZg,WhoAmI Jr. Gaming,2026-01-22 05:22:15+00:00,0,20,Gaming,259000,,,
FKdZdz1qDZc,9859,0,0,UCqdcDbKEs0eYyr5WTLW-_-w,PappuGamerz,2026-01-22 00:30:14+00:00,29,20,Gaming,84500,,,
iNjUBMC6cGs,6805,20,0,UC1YHhUkwsXnsLmozKgrBIpg,Aman R. K,2026-01-21 05:10:59+00:00,21,20,Gaming,47600,,,
gGtqUbKejFg,6257,16,0,UCvWE5fg3YAoM-ZmqB19F-xg,KS GAMER 2.0,2026-01-21 07:42:04+00:00,31,20,Gaming,89700,,,
Fq9PDuv6ECM,7831,23,0,UCRWoAk5_1sCpDuwH9vMp2_w,AK GAMING WR,2026-01-17 11:35:24+00:00,36,20,Gaming,1600000,,,
z2XS_RryJGk,19650375,161265,2724,UC7eAfUjR9gdIjoaoQaS0W-A,Shirrako,2021-05-20 05:46:31+00:00,1293,20,Gaming,2510000,,,
e8LsE7O4BGw,2395,5,0,UCZEjoEK6CIUSsp3mHKMio5w,16 Beads Game,2026-01-20 11:01:17+00:00,1392,20,Gaming,7830,,,
0en7Kf_zRQk,100769,234,0,UCkejg2t_xwMtbxycV7bxU0A,HeyGD Gaming,2026-01-20 04:54:15+00:00,5,20,Gaming,68100,,,
FrkiOHXJwB8,4167,14,0,UCgTOhoSEeDd76LR0aWgUrPg,Powerstar Gameshow ,2026-01-20 07:33:01+00:00,44,20,Gaming,2430,,,
jD3dwRSpF8A,3362,94,0,UCVUBlYx4m1DhnMTum7z98xA,MattyJay,2026-01-19 23:54:50+00:00,53,20,Gaming,1690,,,
HmfpFOC22UE,4682,0,0,UC45-45Ru-NRSE88Fxo4IPEw,IRK GAMING SEARCH ,2026-01-21 03:30:49+00:00,19,20,Gaming,17100,,,
Hcs6gXCVDRo,4408,14,1,UCE0bsti8VOeols_8NXeipsg,Khan Gaming.7M,2026-01-19 13:12:50+00:00,19,20,Gaming,2610,,,
6vddfturg8c,4623,9,0,UCWNk7EAznIWG-oINpuKKugA,R1c5ar0 Gaming,2026-01-21 07:10:32+00:00,166,20,Gaming,273,,,
qWOZ8P4GhnA,3848,0,0,UCA2oJcTmuPyyWB5xFya-qIA,Asit Gaming ,2026-01-19 13:41:53+00:00,25,20,Gaming,239,,,
A5N6bNiKil4,5024,0,0,UCpDz0YQcbUccQQMY3B2qUcQ,SuryaFireYT ,2026-01-19 05:30:09+00:00,12,20,Gaming,1770,,,
zXxiEBj11Zo,2421,8,0,UC26JFIN7ioozERtZ37Zp3Ug,MR. SUDIP GAMES ,2026-01-21 10:42:02+00:00,10,20,Gaming,4230,,,
uWh1ClXLUvk,2824,14,0,UCUHHIW4POFLfEQh_643jS8Q,Street Pro Gamer,2026-01-19 02:28:50+00:00,15,20,Gaming,7270,,,
KmLr3JIvnqQ,2811,11,0,UCNgAluPhkjIDEuIUAeJPZtA,Jazzy Gamerz,2026-01-18 05:25:27+00:00,58,20,Gaming,34700,,,
PX8VuHAb2Bk,1276,0,0,UCEMDvwAW8etIisLLs_Zoy4Q,New Gaming YT,2026-01-06 16:30:43+00:00,15,20,Gaming,389,,,
5oMTIk_Vs6k,2416,8,0,UCr2RSCf6G_WXDUyVN2272Ng,SR Gaming ,2026-01-19 12:31:00+00:00,20,20,Gaming,43200,,,
VtOUlOrOGuQ,2994,26,0,UCiyLDSUJzeHg1cqEV9YZxVg,Lalaly Blox,2026-01-21 22:43:37+00:00,30,20,Gaming,1240000,,,
dcuhRIMUCaE,2486,12,0,UCSacFkZe-lZe3WlVLdCQ_aA,Samiur Rahman gaming video,2026-01-20 01:30:42+00:00,46,20,Gaming,64,,,
ud6tu9kD7bI,1271,10,0,UCa-2Syg8WoaR7I1FnW71TXQ,Ash_Gamer2212,2026-01-20 05:49:12+00:00,43,20,Gaming,194,,,
6UP-wJtBj6s,3498528,64999,2376,UC63anZxfVGHUEmfBAf5w7pw,CaseOh,2025-07-17 22:00:15+00:00,7162,20,Gaming,9570000,,,
RgeA5tfLobE,3174,9,0,UCA2oJcTmuPyyWB5xFya-qIA,Asit Gaming ,2026-01-19 20:00:13+00:00,23,20,Gaming,239,,,
2XR49NvnR4Y,1386,10,0,UCCAYYFhkN0aUcPWwnfUlHiw,cricket play,2026-01-21 00:48:42+00:00,22,20,Gaming,15,,,
0o_n9lVfHSc,1369,7,0,UClQCAU4u8ObVIbLfMu-wfPQ,Chhoto Bong,2026-01-21 07:28:12+00:00,11,20,Gaming,46,,,
nuo356XUiD8,1130,10,0,UClD2YjvkPmL43bHk4TAk-Fg,Drago Maverick ,2026-01-21 10:57:34+00:00,8,20,Gaming,41,,,
4gpAyPXrKh0,1596,14,0,UC95Uo6QVzIzb0OD5mCGPiTQ,S B Gaming,2026-01-21 00:30:04+00:00,31,20,Gaming,413,,,
K_lFQo0bCcE,2415,17,0,UCT52yMSo8iILgk0LzJR3Hsg,Fijak JRB Gaming,2026-01-21 12:50:00+00:00,29,20,Gaming,38000,,,
OV-5if3L0Gs,1584,0,0,UCIHc-vRQelaoShX6bX35NUQ,Pro gaming xyt,2026-01-20 04:12:52+00:00,24,20,Gaming,498,,,
c02rHlvR7rQ,15398,269,10,UC1dGHGJTXU_dkiR8tW3qQgg,MPL Indonesia,2026-01-21 08:57:38+00:00,46,20,Gaming,7340000,,,
VDpGhTsf1KU,8944,368,44,UCR6IPqnP4BHvK2vSsuWeNig,Bu GM,2026-01-21 22:30:42+00:00,60,20,Gaming,1130000,,,
QqqO2I0f3Gw,1053,8,1,UCeXF5QJPIPu7Psc9sBDTbLw,Pas Tutmaz Oyuncu,2026-01-21 17:45:52+00:00,29,20,Gaming,7500,,,
bQdpquOqAqo,1450,7,0,UCAFiEiBPbMsZFZ6O_0zd8GA,Factbabuxx,2026-01-21 02:50:52+00:00,36,20,Gaming,287000,,,
PKkv6w-NDPc,8351,551,23,UCG7rWhHrMF1xDm9d3skJ3Xw,Tru4Smash,2026-01-21 18:07:45+00:00,109,20,Gaming,26900,,,
_NoifbuniNM,1086572,22974,471,UCQCmi0boTxb5s3ApFs6HeLQ,TeMor GAMEPLAY ,2024-10-02 20:15:00+00:00,19,20,Gaming,21400,,,
_Di5CxsooZ8,200,2,0,UCPolUZWgpQDdAn0lP2azruA,PU CHEN GAMING ,2026-01-22 04:30:33+00:00,58,20,Gaming,45900,,,
qSWzyp0Z_AY,731,0,0,UChKE6VKyQdOnk5eBRDND6vg,ItsLiveBroYT ,2026-01-22 04:29:04+00:00,21,20,Gaming,139,,,
d4oBeqGAmFc,652,0,0,UCiDWKm2WHWkPfOW1SAhcOPA,SURYA SHORTS 1M,2026-01-22 04:29:35+00:00,21,20,Gaming,136,,,
-1DYsiKC7b4,269112884,329071,0,UCG2CL6EUjG8TVT1Tpl9nJdg,Ms Rachel - Toddler Learning Videos,2021-07-28 17:24:32+00:00,3655,27,Education,18600000,,,
gApSk5F-oPQ,27594328,1397914,5639,UCPk2s5c4R_d-EUUNvFFODoA,Gohar Khan,2022-08-25 23:03:49+00:00,27,27,Education,7330000,,,
38XyBuC6KuM,24002656,78682,0,UCZ8KDGk3POvKTHDnz3FonvQ,The Soft Roots,2020-03-21 14:39:01+00:00,5347,27,Education,445000,,,
phXu9kQE7zg,22882533,1240596,3594,UCPk2s5c4R_d-EUUNvFFODoA,Gohar Khan,2021-09-10 05:44:37+00:00,26,27,Education,7330000,,,
hKOQJKhBl6w,18134441,893533,2505,UCIQD6GdYGmx6N-65Y8iz1MA,Fun in Pathshala,2022-01-28 15:09:52+00:00,55,27,Education,3430000,,,
utXyHKcb9GM,17919841,664538,6053,UCPk2s5c4R_d-EUUNvFFODoA,Gohar Khan,2021-10-25 06:50:07+00:00,28,27,Education,7330000,,,
ynSJvVIedTw,17601481,724645,1216,UCsUBoYj2kqgj72g6kgzGPMg,English Connection,2022-07-12 03:30:24+00:00,60,27,Education,16600000,,,
NDOizzYVxL8,17137611,939054,2525,UCPk2s5c4R_d-EUUNvFFODoA,Gohar Khan,2022-09-12 23:17:11+00:00,30,27,Education,7330000,,,
4_b9ClAO-Bs,17020628,611448,274010,UCZvlUoz1ajwES9Bhxz6hFRg,CBSE Class 7,2022-04-14 09:30:01+00:00,59,27,Education,135000,,,
FaIfTN8JZ18,15548397,992212,3732,UCPk2s5c4R_d-EUUNvFFODoA,Gohar Khan,2021-12-06 20:53:21+00:00,27,27,Education,7330000,,,
u49MZH-FFa4,15277663,1358847,1964,UCBwmMxybNva6P_5VmxjzwqA,Apna College,2021-11-18 14:55:03+00:00,60,27,Education,7380000,,,
lvakMWCiR-U,15133684,840155,6403,UCPk2s5c4R_d-EUUNvFFODoA,Gohar Khan,2021-09-21 05:58:44+00:00,26,27,Education,7330000,,,
ezkxJpcmOqs,12845931,779921,1789,UCPk2s5c4R_d-EUUNvFFODoA,Gohar Khan,2022-08-19 23:38:08+00:00,29,27,Education,7330000,,,
hzdc6NIMdTY,11787980,760504,2210,UCBwmMxybNva6P_5VmxjzwqA,Apna College,2022-02-22 16:59:41+00:00,56,27,Education,7380000,,,
NpWiXh_oUfE,15515386,204313,0,UCgZxYvRje_AIzw0YNc76SOw,Poonam study centre,2021-08-20 02:52:54+00:00,23,27,Education,62200,,,
FqhBRA8kq8M,9034125,266036,9935,UCKU3N68Fo2B0RBL8LrqGeUA,Learn AI with Skill Course,2020-02-01 10:30:01+00:00,9709,27,Education,630000,,,
EJMB3jXrCrc,9125611,531588,3559,UCPk2s5c4R_d-EUUNvFFODoA,Gohar Khan,2021-09-18 05:28:21+00:00,25,27,Education,7330000,,,
bOhQzgD2oK4,8802910,499788,2876,UCPk2s5c4R_d-EUUNvFFODoA,Gohar Khan,2022-05-06 22:11:26+00:00,25,27,Education,7330000,,,
O9S70oJAivI,7527840,184974,5372,UCJtBaL1PPmTc1ff0nsihR0g,Learn English with Rebecca · engVid,2022-06-17 14:58:29+00:00,38281,27,Education,3970000,,,
bzNKQ2FkEJI,7137426,198346,0,UC_DmCvOP5Q_eBMRDvqqRXjg,Pianote,2021-01-29 12:45:01+00:00,1601,27,Education,2370000,,,
ol-I01Jhb4o,6550543,413654,1514,UCPk2s5c4R_d-EUUNvFFODoA,Gohar Khan,2022-08-27 23:30:49+00:00,28,27,Education,7330000,,,
n2N7SuPDDmw,6068741,95812,2346,UCPkctgt1mTeJWTGj4tq4dPQ,LKLogic,2022-05-28 20:51:06+00:00,19,27,Education,3180000,,,
GjntuBerNF0,5707123,303320,1816,UCPk2s5c4R_d-EUUNvFFODoA,Gohar Khan,2021-09-25 04:31:32+00:00,23,27,Education,7330000,,,
RGOj5yH7evk,4927137,105355,3085,UC8butISFwT-Wl7EV0hUK0BQ,freeCodeCamp.org,2020-05-28 14:58:15+00:00,4110,27,Education,11400000,,,
oyjvuc_48-Y,4555205,289280,805,UCPk2s5c4R_d-EUUNvFFODoA,Gohar Khan,2022-01-20 23:10:47+00:00,26,27,Education,7330000,,,
VllRFWc8jl8,4913143,50666,2867,UCPkctgt1mTeJWTGj4tq4dPQ,LKLogic,2022-06-02 14:07:02+00:00,26,27,Education,3180000,,,
7eh4d6sabA0,3467755,76704,1995,UCWv7vMbMWH4-V0ZXdmDpPBA,Programming with Mosh,2020-09-17 13:00:03+00:00,2983,27,Education,4940000,,,
5Sqld0UXnSM,3823804,152635,585,UCHF88ovEEPETzNtEUbgGBuw,Bernadette Teaches Music,2023-05-11 22:05:55+00:00,61,27,Education,684000,,,
1dWCqjhvF58,3390874,56973,1901,UCObs0kLIrDjX2LLSybqNaEA,Great Learning,2020-05-08 12:32:13+00:00,10695,27,Education,983000,,,
J8CwlpEwHoA,4369720,92732,1274,UCeVMnSShP_Iviwkknt83cww,CodeWithHarry,2022-05-11 17:00:09+00:00,15,27,Education,9390000,,,
EG9x0eevbV4,3006059,85332,9695,UCXGt7134NOG1mgS6Ox7edtw,Italy Made Easy,2022-09-08 14:00:12+00:00,1383,27,Education,481000,,,
DZjrmtFUsrE,3321451,307263,1751,UCBwmMxybNva6P_5VmxjzwqA,Apna College,2022-11-03 15:05:20+00:00,51,27,Education,7380000,,,
ROjZy1WbCIA,2748722,41245,1046,UC8butISFwT-Wl7EV0hUK0BQ,freeCodeCamp.org,2022-02-23 13:43:25+00:00,10076,27,Education,11400000,,,
ZbElL1rO_AY,2631229,73822,2751,UCilczE-ts_KYD6b5gSocAhQ,LAS VEGAS MODERN KUNG FU SCHOOL,2020-08-12 09:54:48+00:00,394,27,Education,219000,,,
mi7oRyDhBF0,2431230,151336,8373,UCJZrgdE18ZCUKRBNEqeoOjA,Anna Lenkovska,2020-08-16 15:01:34+00:00,1141,27,Education,410000,,,
uRVlHYK2UuI,2294836,41592,461,UCZhsAU2BvmRe11K2N2_CENg,markiedoesmath,2022-05-16 17:00:26+00:00,46,27,Education,162000,,,
fusH-QshVkE,2168151,63868,167,UCxaJUqRwYpcdx_LWZcOmhRQ,Visuals by Varsha,2021-04-15 06:14:39+00:00,35,27,Education,117000,,,
yZvFH7B6gKI,2001993,47275,924,UCzAF54cHk1ZO82af-8E3qOQ,CareerFoundry,2021-03-25 13:13:45+00:00,544,27,Education,305000,,,
pZMXqaY-bYc,2228026,149087,707,UCPk2s5c4R_d-EUUNvFFODoA,Gohar Khan,2022-08-07 22:51:36+00:00,27,27,Education,7330000,,,
YSgHAan56gQ,2150076,46519,1358,UCRAm64T4xfeEPCaajMGdOkg,Eureka,2022-06-13 03:30:35+00:00,59,27,Education,17600,,,
Osdtx75uB_4,2317723,50637,0,UC1ttvZfaiikLKsci6hj8IKA,Priyanka dadhich,2021-07-30 06:42:53+00:00,59,27,Education,36500,,,
KYAa_jaMge4,1658148,8900,0,UCEc7koXK6HY4aOhw7u3N9Xg,Teacher Aya Online Tutor,2022-04-01 01:00:25+00:00,763,27,Education,1480000,,,
sSRUVFr_gEk,2103629,50529,167,UC08grsjqNoRswN1_H8iD38w,TUMI JITBE ,2022-02-28 13:20:00+00:00,42,27,Education,440000,,,
N5KA1cZ5wLM,1613270,53323,1006,UCnpz3eMa1IJcgsSU15W0H3Q,Bharat in Germany!,2022-09-03 13:25:22+00:00,30,27,Education,428000,,,
hItfXoxt3GM,1576897,50039,104,UCMjf6P1rYTP2S_WX-9rqACg,Learn4Exam,2022-07-27 12:50:27+00:00,45,27,Education,306000,,,
RnFGwxJwx-0,1390260,34247,916,UCObs0kLIrDjX2LLSybqNaEA,Great Learning,2020-02-13 12:34:49+00:00,38191,27,Education,983000,,,
QyGmqmJ1x8s,1528150,23220,569,UCPkctgt1mTeJWTGj4tq4dPQ,LKLogic,2022-03-10 21:29:26+00:00,29,27,Education,3180000,,,
hvFXim-cIdo,1535588,36479,316,UCOH6cWFJxTS1-Rjp-wd3ttQ,Techno Tutorials ( e-Learning),2021-06-06 11:36:47+00:00,58,27,Education,69500,,,
zfiSAzpy9NM,1322055,27874,821,UCh9nVJoWXmFb7sLApWGcLPQ,codebasics,2020-10-14 12:30:09+00:00,1434,27,Education,1460000,,,
ObbNGhcxXJA,1272176,18540,472,UCObs0kLIrDjX2LLSybqNaEA,Great Learning,2021-08-28 13:30:54+00:00,12509,27,Education,983000,,,
3XFODda6YXo,1264645,19216,402,UCsvqVGtbbyHaMoevxPAq9Fg,Simplilearn,2020-07-08 14:30:00+00:00,330,27,Education,5930000,,,
8uF0CIaqszM,1204111,95901,515,UC9CohF5QlJr3md4h9iTLzOg,POC English,2022-01-17 13:00:09+00:00,60,27,Education,3830000,,,
a4Vohi4B7-E,1369989,39193,324,UCEAXQi1NM73KyCNNozI6jEA,Mondly by Pearson,2022-08-01 15:24:08+00:00,23,27,Education,529000,,,
NNl1Wbyvj10,1366426,29203,190,UCEAXQi1NM73KyCNNozI6jEA,Mondly by Pearson,2022-07-20 11:00:59+00:00,22,27,Education,529000,,,
JsYtOy3qQkU,1450927,27635,645,UC4UdwOtQsRxmhwkfTQXF5Qg,Justice Shepard,2022-01-18 18:17:36+00:00,16,27,Education,543000,,,
nxThhTE1fVg,1172748,32400,830,UCPkctgt1mTeJWTGj4tq4dPQ,LKLogic,2023-01-21 13:28:51+00:00,51,27,Education,3180000,,,
Mubj_fqiAv8,1020722,12212,227,UCh9nVJoWXmFb7sLApWGcLPQ,codebasics,2020-07-11 13:00:10+00:00,219,27,Education,1460000,,,
4XZIv4__sQA,974834,31167,1182,UCeN2aBJE97-3FtRjbVc46FA,Charlee Wayne,2020-11-19 15:00:02+00:00,1071,27,Education,49800,,,
ZMRPonbHDIc,1139911,23049,334,UCPkctgt1mTeJWTGj4tq4dPQ,LKLogic,2022-11-17 05:26:02+00:00,33,27,Education,3180000,,,
ag3DLKsl2vk,872683,18028,323,UCh9nVJoWXmFb7sLApWGcLPQ,codebasics,2020-12-25 13:30:09+00:00,965,27,Education,1460000,,,
GIsg-ZUy0MY,872353,18301,394,UC8butISFwT-Wl7EV0hUK0BQ,freeCodeCamp.org,2020-04-30 13:30:00+00:00,34900,27,Education,11400000,,,
1aXaWJ8Xmjk,1643141,23971,0,UCSzM1uo1K1MbhZtv8JTE9zg,Homeschooling with Hira,2021-04-06 06:24:31+00:00,55,27,Education,90900,,,
8DlrqgOo1qc,953329,27635,278,UCZhsAU2BvmRe11K2N2_CENg,markiedoesmath,2022-04-26 04:45:54+00:00,18,27,Education,162000,,,
sQD7kaZ5h0s,844505,11978,194,UCsvqVGtbbyHaMoevxPAq9Fg,Simplilearn,2022-08-02 14:30:11+00:00,403,27,Education,5930000,,,
r_O76jNOEUs,926490,36755,201,UCiO5QVCba_fW_GURw7ZG3qw,3D Printer Academy Tutorials,2022-09-26 23:58:33+00:00,58,27,Education,73000,,,
VrwPgtQ9Hjc,867462,17980,149,UC7fWYOOeGEhoUBwEA2ICVRQ,samk class,2022-07-23 02:48:09+00:00,50,27,Education,2120,,,
MkhEnOVnuLo,1132009,12419,64,UCZhsAU2BvmRe11K2N2_CENg,markiedoesmath,2022-05-31 08:43:29+00:00,16,27,Education,162000,,,
nXLg6B5iWhA,867859,74022,390,UCVNaVjaM2ioiJPCLjFNjsuA,Zephyer,2022-02-21 20:39:23+00:00,37,27,Education,37800,,,
Kye_heYF6bs,746728,12541,96,UCq4xOlJ4xz6Fw7WcbFkrsUQ,Invensis Learning,2021-02-21 16:31:14+00:00,3681,27,Education,122000,,,
2612mn7xGAQ,811585,23350,507,UCVVBKkqhy3c2L26RrfRB2kw,MATH TEACHER GON,2022-11-29 12:24:44+00:00,57,27,Education,680000,,,
ZXiruGOCn9s,686646,12448,209,UCKWaEZ-_VweaEx1j62do_vQ,IBM Technology,2022-03-11 10:00:37+00:00,351,27,Education,1540000,,,
U-C_XW8sZl4,782812,30074,425,UC4UdwOtQsRxmhwkfTQXF5Qg,Justice Shepard,2022-10-25 17:50:00+00:00,61,27,Education,543000,,,
d2kxUVwWWwU,662012,12837,611,UCNU_lfiiWBdtULKOw6X0Dig,Krish Naik,2022-05-22 04:32:59+00:00,20541,27,Education,1350000,,,
i3RxLgPX-pE,810194,0,134,UC9k0nM9OyOwAWkx3bPoDsmw,Learn Maths,2022-05-18 09:08:10+00:00,33,27,Education,84700,,,
rTKg3P5BGbE,816133,0,313,UCQv3dpUXUWvDFQarHrS5P9A,Brian McLogan,2021-04-24 01:03:44+00:00,59,27,Education,1620000,,,
ER2It2mIagI,607386,21102,1281,UCh9nVJoWXmFb7sLApWGcLPQ,codebasics,2020-07-14 12:30:09+00:00,661,27,Education,1460000,,,
HKwzV_wnCug,569739,15202,341,UCTlLUAxydZihl_TY499W-fA,Saila Bhai,2022-05-24 10:00:19+00:00,832,27,Education,70500,,,
BK2P2p1yhpA,683514,11316,199,UCPkctgt1mTeJWTGj4tq4dPQ,LKLogic,2022-04-30 00:38:41+00:00,45,27,Education,3180000,,,
9LuA4Wt4RQE,678519,19726,295,UC4UdwOtQsRxmhwkfTQXF5Qg,Justice Shepard,2022-06-25 17:41:35+00:00,38,27,Education,543000,,,
_i4gadh-Yx8,591991,31352,285,UCt22CG7b9crZ0HDk1eTiJjA,Neeraj Arora,2022-06-23 05:19:40+00:00,60,27,Education,885000,,,
pqNCD_5r0IU,520230,9106,200,UC8butISFwT-Wl7EV0hUK0BQ,freeCodeCamp.org,2020-06-23 15:56:49+00:00,10465,27,Education,11400000,,,
8SF_h3xF3cE,516748,10626,199,UCX7Y2qWriXpqocG97SFW2OQ,Jeremy Howard,2022-07-21 22:47:59+00:00,4976,27,Education,144000,,,
po063AK7xL8,559698,13487,93,UC6-mnIu61zpi79PaWTHS-IA,physics manibalan,2022-01-05 14:37:59+00:00,58,27,Education,35600,,,
mQ_PWibhJbs,508626,6751,0,UCcGRgupcck3BseIYrBlgvug,Master Mantra,2020-04-25 08:02:26+00:00,599,27,Education,166000,,,
7PNIqEXTPWA,907280,10228,136,UCZhsAU2BvmRe11K2N2_CENg,markiedoesmath,2022-04-03 21:00:02+00:00,14,27,Education,162000,,,
lG8g6pNPgfs,710509,8248,0,UCrcX4FORMLImeKyD9Z01vvw,The Learning Juunctiion,2021-09-30 06:13:24+00:00,57,27,Education,14900,,,
LOZXE2qUF7E,820277,27838,123,UCuDto9TosMmRIIX2-t1x4uQ,Ajay Creation,2022-01-09 14:12:35+00:00,9,27,Education,284000,,,
2MgUGNMY-8E,574620,19677,120,UC3rY5HOgbBvGmq7RnDfwF7A,Rishabh Mishra,2022-11-20 12:48:37+00:00,41,27,Education,515000,,,
_jNujdByS9E,580055,14753,0,UCF7yooS3ACc57ynnzS1E1GA,"PW Little Champs 6th, 7th & 8th",2022-09-14 06:30:05+00:00,58,27,Education,1090000,,,
h5NOh0PsoL4,375216,1294,0,UCEc7koXK6HY4aOhw7u3N9Xg,Teacher Aya Online Tutor,2023-11-05 00:00:21+00:00,602,27,Education,1480000,,,
QdXwvZEwM9k,371847,10785,952,UCvW3QSpZZ3JoPi4WuAy46tw,IGBOTIC GIRL,2020-05-04 19:52:02+00:00,540,27,Education,29700,,,
4VmZEfPf0QM,357888,4715,754,UCQB8J0Fl2TYMXe_jsx_T7Ag,PLR Education,2023-01-08 14:04:11+00:00,1214,27,Education,248000,,,
zm8ayXoXBKU,799289,9413,198,UCPkctgt1mTeJWTGj4tq4dPQ,LKLogic,2021-10-29 21:46:25+00:00,16,27,Education,3180000,,,
xlrUvSUunrY,522616,9247,176,UC4UdwOtQsRxmhwkfTQXF5Qg,Justice Shepard,2022-06-24 16:55:44+00:00,24,27,Education,543000,,,
3n71lbXJyWs,527224,4290,268,UCNDJ2HjcrvGZnGW72mOE0VQ,Vidya Connection,2022-03-05 02:00:00+00:00,16,27,Education,3840000,,,
-1hhKxfUjuA,337705,10056,28,UCZhsAU2BvmRe11K2N2_CENg,markiedoesmath,2022-04-20 15:00:00+00:00,23,27,Education,162000,,,
pBYJFC3Xk9w,494698,9155,15,UCf80jZI8FHiblldsdfwuxhQ,Artist Deepkaran,2021-10-05 03:38:03+00:00,16,27,Education,21700,,,
9KZbADc2I8g,254236,4797,186,UCtrtCvRBjJgqZaD17FDg64Q,Sarah Jeffery / Team Recorder,2022-02-17 14:00:04+00:00,432,27,Education,222000,,,
EMbS6t38pHI,436183,5821,72,UCZhsAU2BvmRe11K2N2_CENg,markiedoesmath,2022-03-27 23:30:01+00:00,11,27,Education,162000,,,
LsdxvjLWkIY,224705,4618,196,UCh9nVJoWXmFb7sLApWGcLPQ,codebasics,2020-11-23 13:30:02+00:00,1555,27,Education,1460000,,,
JnlM4yLFNuo,223182,4712,238,UCh9nVJoWXmFb7sLApWGcLPQ,codebasics,2020-09-24 13:00:04+00:00,2306,27,Education,1460000,,,
bsbSmkAlwI4,211596,4757,144,UCTvMDjmhpuYU8Wfvf54Fzvw,English Easy Practice,2025-09-28 10:45:09+00:00,810,27,Education,2520000,,,
eq7KF7JTinU,186688,3655,210,UCsvqVGtbbyHaMoevxPAq9Fg,Simplilearn,2020-12-24 13:30:03+00:00,29598,27,Education,5930000,,,
taC5pMCm70U,180501,3404,46,UCh9nVJoWXmFb7sLApWGcLPQ,codebasics,2020-11-30 13:30:04+00:00,152,27,Education,1460000,,,
7z8-QWlbmoo,163741,1936,36,UCCktnahuRFYIBtNnKT5IYyg,Intellipaat,2022-10-04 12:14:32+00:00,781,27,Education,12600000,,,
OdW-t_xNew8,413422,2323,0,UCu6GIulY5HgxB3cfAAS0iBQ,Tiny Tinkles Preschool Piano & More,2022-07-10 07:00:06+00:00,24,27,Education,3470,,,
vswCm9PQ_jk,258735,6326,46,UCQOM1Gd0xcmigDNVimz-oug,Engineering Math Shorts,2021-05-16 19:00:11+00:00,42,27,Education,13700,,,
RtrBtAKwcxQ,129292,2844,116,UCh9nVJoWXmFb7sLApWGcLPQ,codebasics,2021-10-22 13:30:08+00:00,1417,27,Education,1460000,,,
OS9xRGKfx4E,128351,2071,58,UCNU_lfiiWBdtULKOw6X0Dig,Krish Naik,2023-06-06 06:21:27+00:00,2219,27,Education,1350000,,,
n_MVWkuQnrU,177001,6919,169,UCYxAOG6Kz3t_haF45jYPFPQ,Tambuwal Maths Class,2021-01-31 07:09:48+00:00,59,27,Education,329000,,,
_Va4TOVWsMA,131792,5744,79,UCDTgB2FbUGOamYfYGlNUPUg,Being - Class 10,2022-01-15 16:17:36+00:00,23,27,Education,1580,,,
Sn27u9zrQ-k,125362,1509,89,UC2e2yhQRJPtEcEDBTXiP8wQ,James Davies Art,2020-04-01 15:24:00+00:00,579,27,Education,3430,,,
KBskAbqu3Ic,102837,4712,501,UCREEPZf1-O4OHu84Cy72OaA,Parida,2025-08-06 05:52:12+00:00,2707,27,Education,36700,,,
6dEUTmoXz0w,96372,1634,71,UCsvqVGtbbyHaMoevxPAq9Fg,Simplilearn,2020-11-14 13:30:01+00:00,35956,27,Education,5930000,,,
YyFuIubbqpo,81549,2394,125,UCCWi3hpnq_Pe03nGxuS7isg,CampusX,2024-02-13 13:06:20+00:00,7001,27,Education,476000,,,
xG-E--Ak5jg,79027,1032,14,UCsvqVGtbbyHaMoevxPAq9Fg,Simplilearn,2020-11-10 14:06:07+00:00,3826,27,Education,5930000,,,
i9jihDhPwVQ,78553,837,57,UCj0gGZDtWUqP6y14k6KztTw,social studies suhas,2021-10-18 02:30:16+00:00,594,27,Education,14600,,,
pkwAH0dyA_s,76911,2069,179,UC9Wq1_eFlTE9XBdvxb3lVFg,Learn-with-Singam,2021-01-22 12:30:10+00:00,17052,27,Education,7250,,,
D6gtZrsYi6c,74519,866,23,UCsvqVGtbbyHaMoevxPAq9Fg,Simplilearn,2020-05-22 04:30:04+00:00,1716,27,Education,5930000,,,
vRcW5LDB7ng,72473,1313,28,UCNU_lfiiWBdtULKOw6X0Dig,Krish Naik,2020-10-09 14:00:12+00:00,1090,27,Education,1350000,,,
ScnJk7h2BIY,69207,631,16,UCsvqVGtbbyHaMoevxPAq9Fg,Simplilearn,2020-09-30 06:30:01+00:00,727,27,Education,5930000,,,
2NEu9dbM4A8,59509,832,32,UCsvqVGtbbyHaMoevxPAq9Fg,Simplilearn,2020-10-06 13:30:01+00:00,1870,27,Education,5930000,,,
8LhfRmSKzfk,52372,794,36,UCcr_MveMfEnT_iGxv9yFlCA,Arvind smart Academy,2022-08-10 13:30:08+00:00,272,27,Education,16600,,,
FUzM6Fy1oIw,47922,884,45,UCG04dVOTmbRYPY1wvshBVDQ,Siddhardhan,2021-03-19 12:00:34+00:00,2156,27,Education,173000,,,
dtsZBfDoJGI,43944,0,46,UCZEzIgOjun9AyePSZuRbIXg,Skylar Rohit,2022-11-25 13:10:00+00:00,326,27,Education,6760,,,
SrZ6vifbmdc,44219,0,19,UCVLbzhxVTiTLiVKeGV7WEBg,TutorialsPoint,2024-01-17 10:30:14+00:00,298,27,Education,3720000,,,
3GAunHmofok,41520,761,15,UCCktnahuRFYIBtNnKT5IYyg,Intellipaat,2021-11-07 12:11:44+00:00,15995,27,Education,12600000,,,
TRiS1iO0mQ4,41831,687,0,UCIJ_q2-8depM3ayoh20801w,Odia Education Point,2022-05-12 05:14:00+00:00,783,27,Education,467000,,,
Liws4MShq1A,40804,866,15,UCsvqVGtbbyHaMoevxPAq9Fg,Simplilearn,2022-03-06 02:38:15+00:00,40981,27,Education,5930000,,,
0hazAz-Ac-U,39887,386,26,UCTAO8FQ3b3Mwu3hKzBWU7kw,Topic Touch,2022-09-26 07:07:33+00:00,500,27,Education,17400,,,
MsK8PDrPpMk,36571,617,17,UCikzJG7RbnNZhKLqqaXRM6A,LinkedIn Learning,2021-08-26 16:00:18+00:00,261,27,Education,830000,,,
fCHYgZZ5DX8,32396,849,94,UCCktnahuRFYIBtNnKT5IYyg,Intellipaat,2020-06-20 05:40:05+00:00,17383,27,Education,12600000,,,
f8bnkro3yXY,30663,529,22,UCObs0kLIrDjX2LLSybqNaEA,Great Learning,2020-02-17 11:31:06+00:00,15951,27,Education,983000,,,
20ji51Lp0Ic,29374,330,4,UCsvqVGtbbyHaMoevxPAq9Fg,Simplilearn,2024-11-08 12:30:05+00:00,64665,27,Education,5930000,,,
CDewPfLV4Tc,28744,374,10,UCkw4JCwteGrDHIsyIIKo4tQ,edureka!,2021-05-03 14:57:06+00:00,2374,27,Education,4430000,,,
I9VFnAA2i1o,28256,476,24,UCNzs7V6xG5GO0i_i6Grojyw,Indian AI Production,2020-04-11 12:30:21+00:00,467,27,Education,62500,,,
9FTgYvj3ucU,25500,737,19,UC9ESQKs98jVWjjUEWkvTMvA,WsCube Cyber Security,2024-10-25 16:00:07+00:00,126,27,Education,408000,,,
xLdvMG5qAmo,25309,481,19,UCCktnahuRFYIBtNnKT5IYyg,Intellipaat,2025-02-25 15:00:07+00:00,11780,27,Education,12600000,,,
bsl9d2nzP_c,22895,947,5,UCvjj7ZhR4wIsHbnxIkRBxrA,Madhumita Ghosh,2024-06-08 05:52:55+00:00,39,27,Education,844000,,,
vfT_M9BoIs8,22395,1506,261,UCnRAMJhTu7s77QjkJcYpAcQ,JR Tutorials,2025-03-15 09:00:06+00:00,1883,27,Education,2270000,,,
w_t6vHz2bqI,22179,222,0,UCl34x_g-zDPY2uytjz8fDAg,Creative Life,2022-09-13 12:15:28+00:00,237,27,Education,63600,,,
CfC4qBN3Vn4,22111,1288,4,UCvjj7ZhR4wIsHbnxIkRBxrA,Madhumita Ghosh,2024-07-07 12:30:04+00:00,25,27,Education,844000,,,
LfabDPFhegc,19465,420,23,UCWiC79M4FJ-Ylvk7lkk3n5A,Fullstack School,2021-08-17 23:00:06+00:00,4218,27,Education,13100,,,
zuxAfVtvJms,19156,935,3,UCvjj7ZhR4wIsHbnxIkRBxrA,Madhumita Ghosh,2024-06-11 14:41:19+00:00,44,27,Education,844000,,,
9p5SLyStRks,18453,324,0,UCIJ_q2-8depM3ayoh20801w,Odia Education Point,2022-05-19 14:00:08+00:00,780,27,Education,467000,,,
DPzURss-zfg,15539,462,2,UCkw4JCwteGrDHIsyIIKo4tQ,edureka!,2025-07-02 17:03:22+00:00,38523,27,Education,4430000,,,
J1cpZOYBi8A,13712,0,4,UCVLbzhxVTiTLiVKeGV7WEBg,TutorialsPoint,2024-06-05 10:30:10+00:00,254,27,Education,3720000,,,
jsQ2mBJqPPM,11703,308,1,UCsvqVGtbbyHaMoevxPAq9Fg,Simplilearn,2025-01-22 03:00:26+00:00,42900,27,Education,5930000,,,
YodwaQD1wnQ,11730,788,2,UCvjj7ZhR4wIsHbnxIkRBxrA,Madhumita Ghosh,2024-11-28 18:13:05+00:00,52,27,Education,844000,,,
DRbhTPEDRbA,11041,165,5,UChRa77Mszouuq4bsR_Mv8HQ,Professional Courses,2020-05-02 14:13:22+00:00,229,27,Education,1810,,,
29F-fXvowoI,10912,157,3,UCCktnahuRFYIBtNnKT5IYyg,Intellipaat,2025-03-05 15:30:07+00:00,8276,27,Education,12600000,,,
ucan4eUgbfs,9696,0,0,UC_i2nI_PuUsrGXHtwUX3YBQ,Juan Pablo Zúñiga,2022-05-19 14:25:39+00:00,2046,27,Education,490,,,
JmAVQ5fDikk,9564,159,4,UCCktnahuRFYIBtNnKT5IYyg,Intellipaat,2025-03-11 15:30:11+00:00,4971,27,Education,12600000,,,
yLv8kud-iAE,8984,169,0,UCsvqVGtbbyHaMoevxPAq9Fg,Simplilearn,2024-12-16 23:34:41+00:00,39931,27,Education,5930000,,,
ZU2gvEYIf7Y,7363,191,1,UCsvqVGtbbyHaMoevxPAq9Fg,Simplilearn,2025-05-27 19:34:25+00:00,42894,27,Education,5930000,,,
0Qq7nfWdtV4,7299,399,7,UCsvqVGtbbyHaMoevxPAq9Fg,Simplilearn,2021-12-24 13:21:47+00:00,29,27,Education,5930000,,,
GY-v0lTdXRM,7237,128,0,UC1jW9SaRMb-i6TjtOjZlkAw,Manorama Education,2022-01-23 06:31:02+00:00,1068,27,Education,608000,,,
pCfbJ9CpYMY,6896,270,5,UCCktnahuRFYIBtNnKT5IYyg,Intellipaat,2022-01-16 15:10:25+00:00,20850,27,Education,12600000,,,
21G7f8XFV8Y,14812,54,1,UCJQLDmzWyc9MhnebeOfd6dQ,Hartron Advance Skill Centre Sonipat,2025-09-21 07:19:17+00:00,8,27,Education,284,,,
QZqwY70LiuE,6115,40,5,UCXsvHP3g_lPrvCtKaWd8E0Q,DS Education - Birmingham,2024-07-17 15:15:20+00:00,337,27,Education,71,,,
Al-o4eQyFYc,45169,56,17,UCuDfiQK9CGFc4Tiz6MrdZ_A,Sanket Singh,2026-01-17 14:30:14+00:00,4586,27,Education,84800,,,
1th4UeAW5ks,4735,101,7,UCSOOn0XZnD2waXvTROtFoZA,Guru Shishya ,2024-09-27 07:34:42+00:00,1090,27,Education,1880,,,
KhfEU05q1is,9213,235,17,UCvOO7V3mde8hMLCBGt28Y8w,English with Alina,2025-04-18 02:41:42+00:00,117,27,Education,49200,,,
kUwx9H05VRg,3875,54,4,UCIsI5fbfBd86KwTNn5YhOuA,SDT Dance Tutorial,2024-09-24 12:15:22+00:00,171,27,Education,304,,,
aCejev699_E,3834,109,5,UCH6gDteHtH4hg3o2343iObA,Analytics Vidhya,2022-12-21 08:11:34+00:00,6866,27,Education,137000,,,
XOBOnkWpLd0,3545,87,1,UCsvqVGtbbyHaMoevxPAq9Fg,Simplilearn,2025-01-22 12:31:20+00:00,43125,27,Education,5930000,,,
UU50v6HDYnQ,14746,131,9,UCH912uDFX3sIaPXMrJa9X_w,Questpond,2026-01-07 02:52:26+00:00,148,27,Education,236000,,,
qeJc2Q-60sA,3313,154,53,UCmNXJXWONLNF6bdftGY0Otw,Codanics,2025-07-27 13:30:35+00:00,1280,27,Education,223000,,,
sTTLL0q9Yh0,3440,79,15,UCPvDKIsrjA_h3g5yZJwCIHA,Tech Classes,2025-05-24 04:30:37+00:00,349,27,Education,95700,,,
vzcoMbsiyII,3109,8,0,UC6FfCjmNuffKQ9JRBPNRUEA,SJK Tutorial,2020-09-09 14:21:38+00:00,43,27,Education,46,,,
vuLDZMWqmCI,3168,68,25,UCgHDngFV50KmbqF_6-K8XhA,Code With Aarohi,2025-05-02 11:31:01+00:00,2335,27,Education,59600,,,
jN-z1Jt5Ab0,2955,49,3,UCm8sraukzDEOm1ubjZIX9ow,The Data Enthusiast,2024-01-08 15:00:41+00:00,863,27,Education,2590,,,
ZjWjapnmbiA,2866,146,34,UCGG0EhhRtgHIJcvcUZGNvyg,Vemuri Murty hindi to telugu spoken  classes,2024-02-12 13:32:51+00:00,715,27,Education,50800,,,
SQkaBIP2JoA,2665,93,3,UCsvqVGtbbyHaMoevxPAq9Fg,Simplilearn,2025-10-16 09:00:44+00:00,32554,27,Education,5930000,,,
miQozDOUGUM,2368,55,40,UCfFLsREwiqw-TBue4QcGDeA,VU khanpur,2025-09-21 12:22:12+00:00,491,27,Education,40700,,,
oQJIMInU6b0,2328,61,14,UC2MYZHG8a56u4REI2RedtRA,KaaShiv InfoTech,2024-07-26 14:29:57+00:00,314,27,Education,255000,,,
5kzSY0iO4NM,2198,66,9,UCxFqu5ogfORHnip6r9oC1eA,Islamic Learning Center,2021-01-19 15:00:10+00:00,253,27,Education,509000,,,
pcXVoyM5yM0,2054,33,10,UC2T1Mrk9cbFx3-Dk6mLI1Hw,Oracle DBA Online Training,2022-06-19 15:34:23+00:00,16,27,Education,18000,,,
wBvEU4emqf4,1792,41,1,UCsvqVGtbbyHaMoevxPAq9Fg,Simplilearn,2025-02-21 15:30:26+00:00,42798,27,Education,5930000,,,
pUN16yLJqUk,1797,18,0,UCPMS8H1GJNqk06BHau8vRVg,SFK-KIDS,2024-11-17 00:10:07+00:00,492,27,Education,1620,,,
NE-wEtlFxV4,1811,32,5,UCq6Nkc_m6z_0LcXetbZlzxA,With Munaf,2026-01-09 13:30:23+00:00,179,27,Education,12200,,,
N6BCEOlC7y4,1643,40,3,UCNoS3n_se5lcn1WZ2_tNb1g,𝐑.𝐌.𝐒𝐭𝐮𝐝𝐲 𝐭𝐢𝐦𝐞,2020-08-12 08:42:18+00:00,239,27,Education,27600,,,
aQF6DBSScP0,2445,43,0,UCXaxszbVTimfWs5AMTA6Hjw,Educational Digest,2024-11-30 05:57:34+00:00,61,27,Education,2620,,,
cHr96d4suIs,1292,15,0,UCb6_4LpSJaggH3o3A1X_suQ,Wee Unstopable,2025-06-20 14:43:30+00:00,216,27,Education,15300,,,
Q7a_Q36JEaU,1808,34,0,UCXaxszbVTimfWs5AMTA6Hjw,Educational Digest,2024-09-08 05:37:59+00:00,54,27,Education,2620,,,
WQTaM7tBlvc,1385,65,1,UCsvqVGtbbyHaMoevxPAq9Fg,Simplilearn,2026-01-20 15:30:16+00:00,2544,27,Education,5930000,,,
_p1YTqWVHgA,1157,52,18,UCoHEwVMRGcGphojMNn92JvQ,infofit software,2024-07-11 05:10:45+00:00,33,27,Education,2180,,,
FXQYm0Ng-Uk,1172,14,2,UClAPSbABFZEuwOhHVicx5LA,Learning with Panging,2024-07-30 05:46:54+00:00,3545,27,Education,3510,,,
YR8FLKOCJT8,1685,18,0,UCXaxszbVTimfWs5AMTA6Hjw,Educational Digest,2024-09-06 11:39:21+00:00,51,27,Education,2620,,,
f55GicziomU,1002,44,10,UCWJVrPP3PLln8TW7oRpjixw,RUDRA TV,2025-05-27 10:35:53+00:00,753,27,Education,4760,,,
VfQ9Z7OGqO8,966,28,0,UC-83md8cXabNqO_kKeidwow,Easy English with Sridevi,2023-05-24 11:01:48+00:00,19,27,Education,160,,,
dy2BQdKUgPU,1066,33,2,UCbMg6d1U_ExAc9iwNGTeBzw,ArchYard,2022-07-19 07:38:18+00:00,59,27,Education,2510,,,
GdcX2oLFWGs,922,28,0,UC-83md8cXabNqO_kKeidwow,Easy English with Sridevi,2023-05-14 09:48:21+00:00,23,27,Education,160,,,
56ElzSRF9J0,905,47,0,UCt0y_tTKadvTh0qzIOOUXiw,CRACK ALL EXAMS,2023-04-03 22:11:00+00:00,27,27,Education,95300,,,
m1q0dv_ZseI,962,17,1,UC6JhT4bRSFmuhNMwXmi9F2w,elearning,2026-01-09 15:52:37+00:00,465,27,Education,694,,,
gp3AW23DwMc,874,35,3,UCJr1Nrv1A622KmEmRLTuUhA,CIM Design Solution,2025-12-23 15:15:06+00:00,1056,27,Education,35200,,,
8-JmfvCJL9M,797,16,5,UCh-DLX-6n1jz-0lc77ljGng,DucatIndia,2022-11-12 11:39:04+00:00,712,27,Education,68400,,,
8P1LEOJtMt0,772,8,0,UCOhqYf8097V3Wk3exiJGxcw,Henry Harvin,2021-06-30 23:00:03+00:00,406,27,Education,31600,,,
7uJrqC4IHEI,756,13,6,UCiLD3cRVqDHOPRWepQeQ_Tg,Early School with Deepika - Learn German Language,2024-04-22 05:00:07+00:00,1565,27,Education,762,,,
vyaqP8oeEN4,715,24,0,UC98DoPEPGOF18JcmNDd3QZA,Xylem Class 2,2025-10-24 02:49:43+00:00,2001,27,Education,83700,,,
rkZDj3rDuEA,1101,12,0,UChXCYmKiBN4WtM9bYtSYO_w,GurukuL OF LAW,2023-04-08 12:10:35+00:00,6,27,Education,55,,,
p3oRPydNOmo,662,14,8,UCiLD3cRVqDHOPRWepQeQ_Tg,Early School with Deepika - Learn German Language,2024-04-28 06:28:00+00:00,1487,27,Education,762,,,
C6zX4n_8cyw,618,9,0,UClAPbUwnU50dUb0oDcLSVrQ,elearningspread,2023-02-16 10:31:04+00:00,289,27,Education,32,,,
bN9SIwyMMRM,662,24,0,UCA9FvCmrJhrsNaLpIBFOHoA,StitchFix by Kshama,2023-03-05 16:13:18+00:00,23,27,Education,488,,,
oQq6phFIBEg,714,0,1,UCQegQcmrTI2gePdcilNwmKw,FINz Eduction Center,2023-01-13 09:45:01+00:00,15,27,Education,2830,,,
CDjtxy-Wd14,564,88,11,UC3209jXUF8lNHMRZ9-2W18Q,Online Learning School,2022-06-24 06:35:15+00:00,154,27,Education,224,,,
1ORYPMTP2l0,526,25,0,UCUnpPMrk4JLqZuIGYU-9hyw,Tutor Help 1,2023-05-09 09:35:34+00:00,61,27,Education,384,,,
pvVI6pylfGU,465,28,0,UC-83md8cXabNqO_kKeidwow,Easy English with Sridevi,2023-05-20 07:43:14+00:00,13,27,Education,160,,,
uLcMchYvQS0,398,24,0,UCwAfoeBtcLQsBTJCWmahXMw,Larnin Tutorial,2023-05-03 05:30:14+00:00,41,27,Education,149,,,
z9yVomMMJ7A,405,25,1,UC7whxRwJAVNnsEfi__sHoHw,Algorithm Avenue,2025-09-13 03:45:03+00:00,1801,27,Education,1410,,,
JZnL-rrLO-4,395,15,0,UChzpUzwe_EvKV8aYorCQMIw,Saksham Skills Development Academy,2022-08-05 14:58:56+00:00,43,27,Education,373000,,,
KG8XTPTsdnE,384,21,8,UC_ZaZ5pA9jW46bWG9P60Wfw,Amruta Tutorial,2022-10-07 17:59:40+00:00,1203,27,Education,3480,,,
FNou5ZwOLS8,386,22,0,UCwAfoeBtcLQsBTJCWmahXMw,Larnin Tutorial,2023-05-14 00:30:10+00:00,32,27,Education,149,,,
9zlyzYWw0Jg,371,24,1,UCwAfoeBtcLQsBTJCWmahXMw,Larnin Tutorial,2023-05-02 10:49:46+00:00,60,27,Education,149,,,
FHmicL3cwTY,348,25,3,UCBg5GLbzAZmV-9OLjzzWSfA,Mr. Amresh_7,2023-02-08 02:37:57+00:00,6,27,Education,444,,,
wt1PbAK_5-A,349,0,0,UCUnpPMrk4JLqZuIGYU-9hyw,Tutor Help 1,2023-05-11 04:25:03+00:00,46,27,Education,384,,,
EPXUQoMxSaA,382,33,0,UCbW2488CjMxU_0dmouZiypw,Gyan Tutorial,2023-05-18 10:19:35+00:00,59,27,Education,8090,,,
uftxKyOSsCQ,330,28,0,UCd7wgZCdnf12CHk2PdHYZFQ,OXFORD - THE ABODE OF LEARNING,2020-07-18 09:15:20+00:00,291,27,Education,166,,,
3v_Ki2tB0xw,332,12,0,UCna1pbUOrLiJnuP7bp3kQHw,HINDI CLUB,2023-05-30 19:33:40+00:00,61,27,Education,237,,,
J5C5O2XFA6w,328,16,4,UCd7LtAsI3neqA2OQvPqcuiA,Buster,2026-01-08 20:02:23+00:00,11513,27,Education,1110,,,
IYhRzt60log,270,20,10,UCyU1CDYl_NX8nsxCCkKfk3A,FUN WITH DATA SCIENCE,2022-05-02 04:26:48+00:00,634,27,Education,26200,,,
8elyfNEXdd0,235,11,4,UC45mDkV7Fy34uuVmh-qvZ3A,Top Gurus,2020-03-25 14:18:28+00:00,566,27,Education,16700,,,
eRZFEvAyqdQ,214,12,0,UC04dGZKTVxFwjcb_FapP3og,Rajshree Classroom,2021-09-22 03:59:53+00:00,461,27,Education,635,,,
2eU4UZ2OuT8,338,4,0,UChXCYmKiBN4WtM9bYtSYO_w,GurukuL OF LAW,2023-04-05 15:23:54+00:00,4,27,Education,55,,,
hHcZIkmh-Po,183,19,8,UC0DrEp59BqtdIbAxXbdfFTQ,Dr Afroze eqbal (Career Guide),2022-03-19 15:39:10+00:00,348,27,Education,117000,,,
_vVScceXr5c,178,10,0,UCtSYLjB5TSp2M5Vmy3h4fHA,Maths Raasta by ankita bhatee,2023-05-10 15:18:24+00:00,15,27,Education,2030,,,
eobv_Jrn8Q4,132,1,2,UCkKemMaRnFPlNLHZ0zOYfpA,MindMajix,2020-10-16 10:32:49+00:00,3333,27,Education,52000,,,
uKnoyOTa238,108,9,1,UCM1rlsugTn8SVJqOKAaRrwQ,The Scienskrit,2023-02-14 00:30:19+00:00,1052,27,Education,851,,,
A9ZIZ3VvccE,90,27,0,UCmyQXvdF2araItqkVF8HFrA,SKVista,2023-02-15 05:55:11+00:00,25,27,Education,898,,,
pFh5rPiJSX4,83,19,0,UC0z44Rxtc6IvtPI9xeK2Y2Q,SS Learning,2022-01-30 03:30:12+00:00,2632,27,Education,88,,,
in_vW_6XQ8s,487,2,0,UCtsWKyPoFtXKAaEm22CkYvQ,Mr kuh atlarge,2025-12-20 17:01:16+00:00,117,27,Education,839,,,
eN3Hfo_f8vw,358,4,0,UCpG5MJSCY1djm0K2AUy0_8Q,Manoj,2026-01-03 14:30:42+00:00,96,27,Education,1320,,,
zuhFm8TUKA8,515,3,0,UCNjpeVAnWEUjfMNmQ8TB6Ug,Smart Brave Learning ,2026-01-06 16:43:12+00:00,163,27,Education,11,,,
hLBEhCvmbNg,48,3,0,UCEVU6upSqcA45dYpALuVclw,Open Maths Academy,2025-12-23 09:43:22+00:00,242,27,Education,281,,,
a4bh-9lSon8,34,0,0,UCkeal2L3tRPj6uzX63hjHwQ,Learn_English,2026-01-09 16:50:42+00:00,159,27,Education,27700,,,
IXpRjmBIYo0,141,0,0,UCsnKyqATFVF7-ryK2WtLaTQ,HM Zaman saqbi official ,2025-12-28 20:29:08+00:00,148,27,Education,186,,,
p1JnRF7voZ0,9,0,0,UCHbH5alZI8A0bvTTvhOW5HA,Movie HiFi,2026-01-12 13:31:04+00:00,152,27,Education,35900,,,
YCvyV0xkANc,4,0,0,UCdsfIiTgQhYY8SxP4X4JpyA,Farhan saeed (Iqra online quran academy),2026-01-05 19:30:19+00:00,128,27,Education,3110,,,
Atw5Dykqoz0,0,0,0,UCW7DWw4F3vgbIqpiK-N1wDg,Which Wins? – Software Comparisons & Tutorials,2026-01-20 16:56:46+00:00,164,27,Education,442,,,
dyqJPxHGj5c,1,0,0,UC4vN_iXfrms4uvDkpQ4rw7Q,Skillvion,2026-01-18 12:45:31+00:00,412,27,Education,89,,,
9AhxD0jGI7s,21,1,0,UCC0LC0GXUROMSKByMh6QsNg,Shimanto Rahman,2026-01-20 11:01:11+00:00,309,27,Education,1,,,
r5wb6WyX2FI,3,0,0,UC62D2dEUyH1QUZnLXNF0sTA,Gyan Ka Adda,2026-01-21 14:30:50+00:00,183,27,Education,13200,,,
2s9m8wVWo-U,64330041,2513813,9276,UCxTnM9iMhQnTLUvGcwsgaEQ,Sean Pan,2022-12-21 16:08:54+00:00,60,27,Finance,1500000,,,
gm3ITLOJkFc,20180673,747839,1347,UCwVEhEzsjLym_u1he4XWFkg,Finance With Sharan,2024-02-22 08:34:39+00:00,35,27,Finance,3680000,,,
F31kkDoGAdg,8926990,464570,1248,UCXl0djQ2IljcG-shgv-hIEA,Daniel Iles Shorts,2022-08-14 17:00:08+00:00,36,27,Finance,819000,,,
RtX_Bf8LJNY,7795728,496161,1284,UCRzYN32xtBf3Yxsx5BvJWJw,warikoo,2024-09-28 07:00:15+00:00,34,27,Finance,6840000,,,
RDFIbNqSdns,6261397,291163,734,UCRzYN32xtBf3Yxsx5BvJWJw,warikoo,2023-12-06 06:30:10+00:00,42,27,Finance,6840000,,,
TJDcGv9OH4Q,5533925,117172,2033,UCAeAB8ABXGoGMbXuYPmiu2A,The Swedish Investor,2021-02-26 07:49:02+00:00,935,27,Finance,1010000,,,
V9jWzbsQCuk,4783138,279235,837,UCRzYN32xtBf3Yxsx5BvJWJw,warikoo,2022-10-15 06:45:02+00:00,49,27,Finance,6840000,,,
oNcs95JtUUM,4445015,91194,1960,UCRzYN32xtBf3Yxsx5BvJWJw,warikoo,2022-09-27 14:30:12+00:00,1036,27,Finance,6840000,,,
rBMwZP2XpkA,4830282,253376,1677,UCRzYN32xtBf3Yxsx5BvJWJw,warikoo,2022-03-28 06:30:14+00:00,32,27,Finance,6840000,,,
32X3Ne7EezQ,4497036,112327,5540,UCxTnM9iMhQnTLUvGcwsgaEQ,Sean Pan,2022-08-15 13:54:42+00:00,61,27,Finance,1500000,,,
jbL7Bysfee0,5255610,202250,1524,UCRzYN32xtBf3Yxsx5BvJWJw,warikoo,2025-01-08 06:30:24+00:00,27,27,Finance,6840000,,,
BTOHpoC-XsE,3392671,230942,5893,UCneQdPbDLwZ__ZXP0YVwiag,Honestly by Tanmay Bhat,2021-03-26 16:00:09+00:00,410,27,Finance,960000,,,
2aJW7Xqe0wI,3204202,142865,750,UCwAdQUuPT6laN-AQR17fe1g,Pranjal Kamra,2022-11-25 10:52:16+00:00,58,27,Finance,6470000,,,
VhZ-evbKcqg,2861271,152886,1936,UCRzYN32xtBf3Yxsx5BvJWJw,warikoo,2021-12-08 16:00:12+00:00,49,27,Finance,6840000,,,
GSDLdZUusSI,2966508,227023,413,UCRzYN32xtBf3Yxsx5BvJWJw,warikoo,2022-11-19 06:30:02+00:00,40,27,Finance,6840000,,,
CSxznPhodTk,2382552,157350,1828,UCe072WU1CTmEZhkPS4bM6cQ,Brandon Carter,2023-04-10 02:11:06+00:00,60,27,Finance,1250000,,,
Oj-UpJ2STC0,2174423,100770,1083,UCXl0djQ2IljcG-shgv-hIEA,Daniel Iles Shorts,2022-10-26 19:41:22+00:00,41,27,Finance,819000,,,
R4psUPXzLSs,2067388,60122,307,UCe3qdG0A_gr-sEdat5y2twQ,CA Rachana Phadke Ranade,2022-08-08 15:30:10+00:00,60,27,Finance,5350000,,,
fIrRUfnzMa8,2007045,140757,1145,UCRzYN32xtBf3Yxsx5BvJWJw,warikoo,2025-01-05 06:30:14+00:00,36,27,Finance,6840000,,,
VDM41zkQtn4,2004996,89037,254,UCVOTBwF0vnSxMRIbfSE_K_g,Labour Law Advisor,2021-11-16 04:30:05+00:00,60,27,Finance,5410000,,,
PSeseEnRRhI,1887449,93085,935,UCXl0djQ2IljcG-shgv-hIEA,Daniel Iles Shorts,2022-02-13 19:15:00+00:00,19,27,Finance,819000,,,
WjCoZUqLCGo,3030406,84817,204,UCuuW36mL3GoZfyy3zkSIjmw,Fintech Neeraj,2025-06-04 06:15:04+00:00,72,27,Finance,374000,,,
HNPbY6fSeo8,1631980,58544,1415,UCRzYN32xtBf3Yxsx5BvJWJw,warikoo,2022-07-26 16:00:20+00:00,1201,27,Finance,6840000,,,
i6pMzm__Nuw,1586014,51664,228,UCw5TLrz3qADabwezTEcOmgQ,Groww,2022-12-06 09:30:10+00:00,56,27,Finance,2450000,,,
v9Va136MHtg,1355651,31347,850,UCFBpVaKCC0ajGps1vf0AgBg,Humphrey Yang,2022-06-21 22:45:01+00:00,978,27,Finance,1930000,,,
fzbRzpHqj3I,1768424,72291,3664,UC_7HfgK3NI-Z0tf-Ib1d9kw,Steve | Call to Leap,2025-01-24 00:01:59+00:00,55,27,Finance,616000,,,
3WN2T-tvsao,1345173,30797,376,UCFBpVaKCC0ajGps1vf0AgBg,Humphrey Yang,2025-07-06 17:30:01+00:00,65,27,Finance,1930000,,,
pANBr9KJVIA,692128,14524,173,UC2MU9phoTYy5sigZCkrvwiw,Rahul Jain,2023-04-25 14:43:47+00:00,48,27,Finance,897000,,,
UGGaFkIsDBc,870028,38000,1103,UC_7HfgK3NI-Z0tf-Ib1d9kw,Steve | Call to Leap,2025-02-15 00:00:36+00:00,56,27,Finance,616000,,,
0iRbD5rM5qc,544290,4639,0,UCKCsVSA5THlkHbnkZTPm6-g,Learn Bright,2023-05-02 15:00:00+00:00,374,27,Finance,870000,,,
cfe-IPqlReQ,583405,48691,570,UCgbXT2QuTj4SYxaWCs3vuAw,Your Rich BFF,2022-10-19 14:01:55+00:00,60,27,Finance,1210000,,,
j0pMxjyNTUI,534687,16832,374,UC0L-sOzlsL-uNrhBysqQZXg,Ravi Wadan - Financial Education ,2022-10-17 18:33:49+00:00,50,27,Finance,30600,,,
NjIqnlHA-ks,573745,22498,366,UCJbOZAqwsdna6kjBZ0UcJmw,Legacy Investing Show,2022-03-11 01:28:55+00:00,29,27,Finance,552000,,,
ea6qNsLbxNA,448462,14819,1147,UCFBpVaKCC0ajGps1vf0AgBg,Humphrey Yang,2022-10-16 15:45:02+00:00,792,27,Finance,1930000,,,
MMf9tpYoS7o,336804,25832,211,UCnHwry_kfr6oJ3W3nMpV6Nw,Angel investments,2023-08-23 14:17:35+00:00,60,27,Finance,533000,,,
9Yc-koz3lWg,351761,7627,11,UCemR7yjlbItm9FH-WOs5-bQ,Viplav Majumdar (Planyourworld.com),2024-07-05 13:30:05+00:00,27,27,Finance,451000,,,
g8srSs20FgE,405254,4699,281,UC62C8xnjBJzUdH4-kftzIvg,The Investor Show,2021-11-20 09:24:36+00:00,16,27,Finance,58800,,,
7-9j0VpjJH8,260968,4823,53,UCmapkf4A5883lT90j86WXFg,marketfeed,2024-11-15 14:25:43+00:00,38,27,Finance,546000,,,
H0QXiNGvpIY,238785,5398,114,UCVOTBwF0vnSxMRIbfSE_K_g,Labour Law Advisor,2021-08-18 04:52:40+00:00,59,27,Finance,5410000,,,
0EgZSGa9yTs,152216,12485,113,UCgbXT2QuTj4SYxaWCs3vuAw,Your Rich BFF,2022-10-31 17:26:29+00:00,57,27,Finance,1210000,,,
sIeD8Z_nUTE,217136,6782,17,UCtBp5FUvxIQV-3Dn4K_43-A,Basic Gyaan,2024-08-15 14:30:53+00:00,49,27,Finance,1470000,,,
JJLmAqjJM8I,219057,2732,21,UCeBCQi4OxqRkekDAOln6N0g,WiseBull,2024-06-14 16:33:20+00:00,25,27,Finance,31800,,,
RtTD7kfqFlw,125799,3668,47,UCWo-yoYBKbWx71aTRNEakJw,VP Motion,2024-09-11 17:00:22+00:00,53,27,Finance,268000,,,
qsEtF5bqUHY,90203,1568,11,UCeBCQi4OxqRkekDAOln6N0g,WiseBull,2024-06-08 15:49:08+00:00,33,27,Finance,31800,,,
JQ8KcuffsG0,86028,1559,16,UCPxdX7t1HifqiO7aW9SwzVA,Lokesh Tiwari,2026-01-15 10:34:05+00:00,75,27,Finance,15200,,,
zhiWxGoWXA8,51424,648,0,UCZl9ry5ew_2YeCQ6ECk8sxA,Easy Peasy Finance,2022-11-25 00:00:34+00:00,35,27,Finance,40200,,,
cwOk_KZuOuQ,61170,1271,6,UCMrolDAmhpzObRbciogWOew,KUCH BHI INDIA,2026-01-14 15:44:07+00:00,39,27,Finance,167000,,,
79O7SrMBNpQ,32877,1125,144,UCdc6ObxhdQ8eZIFquU2xolA,Sahil Bhadviya,2026-01-21 14:30:09+00:00,852,27,Finance,578000,,,
TFdLEsQ2iRo,41167,824,6,UCbEOz_jA9zc86wPZzhB59kg,Rare Finance,2024-06-23 13:53:27+00:00,38,27,Finance,1580,,,
cu9Y75Hrg_Y,34561,3182,362,UCuDcb5vezBMLWT2UeKGhXqA,Crazy Spider,2026-01-18 14:03:36+00:00,13453,27,Finance,17300,,,
I-ASt6pqz3Q,38530,215,11,UCzHDKR4zchL8NbFWMKgR0BQ,Sarthak Ahuja,2021-06-11 05:18:06+00:00,23,27,Finance,254000,,,
NFdk2Nv-j4s,23642,1119,20,UCL8w_A8p8P1HWI3k6PR5Z6w,Two Cents,2023-09-20 14:27:38+00:00,51,27,Finance,817000,,,
kBX2NSIi97o,25327,782,0,UCvo1XFsMgErLHDBI0NmPezw,theincomet,2023-03-27 12:10:30+00:00,54,27,Finance,53000,,,
HSxLeLVRl_Y,34228,2590,383,UCuDcb5vezBMLWT2UeKGhXqA,Crazy Spider,2026-01-20 12:00:55+00:00,14031,27,Finance,17300,,,
tfrR3AHcA2Q,30367,683,7,UCLQOtbB1COQwjcCEPB2pa8w,Udayan Adhye,2025-12-13 06:00:50+00:00,100,27,Finance,92100,,,
gDZv21dUj5E,12942,3148,362,UCJD_Ia6e4l_fPmZZ-vsi5sA,McQueen Cars,2026-01-18 13:02:33+00:00,7792,27,Finance,148000,,,
S-J4bsmjGOQ,12760,392,1,UC5Sc9SvKcv1YO3UMFatTzjA,Warren Buffet Knowledge,2026-01-18 17:15:48+00:00,1041,27,Finance,7040,,,
7K0BNDrdvzg,10096,363,5,UCLQOtbB1COQwjcCEPB2pa8w,Udayan Adhye,2024-04-07 15:13:27+00:00,60,27,Finance,92100,,,
GcEqGuAEegk,10296,248,10,UCRjdqx5vLPFX0Neh6PyA59A,The Money Podcast Clips,2026-01-21 12:30:32+00:00,462,27,Finance,415000,,,
IWRc47zDcno,7351,183,2,UCAnDHIfe1QSfb4ETM7ACnVg,Step,2023-03-09 00:19:53+00:00,14,27,Finance,135000,,,
7mNe8TStcIM,11800,301,2,UC4NTUgBMmv6qzu45-khyFag,ManvergeYT,2026-01-18 04:55:07+00:00,58,27,Finance,21100,,,
JpltcxqwHak,5855,80,1,UCAnDHIfe1QSfb4ETM7ACnVg,Step,2023-04-12 07:00:08+00:00,14,27,Finance,135000,,,
tR9FEbyS1p8,5421,180,2,UCVudFVC7NQXqk5oBlfuiAnw,Jessica Spangler,2024-04-14 00:51:44+00:00,40,27,Finance,38900,,,
Xrw-e0xxBM8,5614,274,11,UC_7HfgK3NI-Z0tf-Ib1d9kw,Steve | Call to Leap,2023-08-01 19:02:57+00:00,35,27,Finance,616000,,,
QoA6Y-0_niQ,4810,40,0,UCsFWmJ09B_g5xrc5J3DJyXw,Kalyan Biswal,2024-04-21 10:48:02+00:00,15,27,Finance,3150,,,
NSjWKtaC_44,6742,146,2,UCXpjAsYykOT93ERvqRS30Wg,Millionaire Mind ,2025-09-09 18:07:43+00:00,39,27,Finance,3930,,,
sC9HBiPU5Ng,4963,70,1,UCvuaiKjN1jokIi-cuxTKvew,Money Manral,2024-06-20 13:03:29+00:00,58,27,Finance,6090,,,
Cjcx4Vekkuw,3351,168,2,UCLQOtbB1COQwjcCEPB2pa8w,Udayan Adhye,2024-07-18 15:52:48+00:00,53,27,Finance,92100,,,
Xr8Dj5SO8Kw,10062,166,10,UC2BzRUiwX9UcYPwtjA1py1w,MONEY MENTOR MINDSET (M-M-M),2026-01-20 08:50:01+00:00,12,27,Finance,20300,,,
165cGxN9OOo,3158,153,4,UCAnDHIfe1QSfb4ETM7ACnVg,Step,2022-11-03 19:00:00+00:00,35,27,Finance,135000,,,
w7DAfl2_gPg,3014,109,0,UCnSTOPYjPItBbyyvXRTh1Dw,Arjun Rana,2023-08-13 15:32:10+00:00,44,27,Finance,4750,,,
u_SqolVZinQ,2965,47,0,UCJmNEH_xsRXemE66J5huKeA,Finance Folks,2024-01-27 12:29:06+00:00,49,27,Finance,17,,,
X7mqHuUF_rg,4023,70,7,UCDBEN3uGZ_BFYRwM_wx9q6g,Focused Spender ®,2025-02-26 21:20:09+00:00,35,27,Finance,45200,,,
JwP6kLLLo6s,5241,76,6,UC3SO_S8WsXjUPQYGCe2qW8w,"Kevin Pira, CFP®",2026-01-13 00:56:23+00:00,56,27,Finance,1350,,,
WoLsn-UoLDQ,2489,28,0,UCS4-Hlp9fzDzmVzzAWR-BYQ,Gainy,2023-04-04 04:30:56+00:00,10,27,Finance,411,,,
2zcqmaKhp90,2870,110,2,UCVudFVC7NQXqk5oBlfuiAnw,Jessica Spangler,2024-05-08 23:09:52+00:00,61,27,Finance,38900,,,
Xk6TFXGZAoI,2354,80,34,UCZ1RAOqboXUQAqs-yZsI-hA,Your Money Mate,2025-12-23 12:48:22+00:00,1102,27,Finance,3160,,,
rnbeGtI8Qbg,2327,77,2,UCiwpYdf1rrHhV8CbWcughxA,Yashwant Bhojwani,2023-06-26 08:24:19+00:00,54,27,Finance,1100,,,
qEWvw7zqc3E,2503,40,0,UCAnDHIfe1QSfb4ETM7ACnVg,Step,2023-03-04 05:00:31+00:00,19,27,Finance,135000,,,
sb5aymcbflc,2221,37,7,UCHXf38_oLI31-ZABVUapOHQ,SumanTV Money Purse,2026-01-21 05:18:40+00:00,585,27,Finance,40800,,,
hMDhzPXgYsw,10118,283,8,UCPohbSYq4IXhv0yxiy-sT4g,Yadnya Investment Academy,2026-01-20 14:01:17+00:00,130,27,Finance,930000,,,
lTewr0vi9qM,1992,124,33,UCZ1RAOqboXUQAqs-yZsI-hA,Your Money Mate,2025-12-30 16:30:32+00:00,800,27,Finance,3160,,,
t9mvbljgBhY,1906,33,8,UCq2emKYeHbM8rzuGVPUYvDQ,Matt Shoss,2023-04-24 13:30:47+00:00,57,27,Finance,7710,,,
OxOmP1esYrA,3745,0,2,UCW-avyIZvPg2meoXk3X4nQA,Finvision by Col Sandeep,2026-01-15 13:30:24+00:00,42,27,Finance,12000,,,
uaUW_AaNeyY,1632,81,16,UCZ1RAOqboXUQAqs-yZsI-hA,Your Money Mate,2026-01-07 14:08:34+00:00,713,27,Finance,3160,,,
It7Ww80cyZ8,1493,30,12,UCq2emKYeHbM8rzuGVPUYvDQ,Matt Shoss,2023-06-13 21:32:00+00:00,28,27,Finance,7710,,,
Q2IoDdsP4tA,1455,69,0,UCv2WSL8sZRyLx5vKv3evPWQ,CA SANKALP KANSTIYA,2023-12-14 11:56:32+00:00,60,27,Finance,95200,,,
qK9wVIFO_7c,1342,32,0,UCKpX3kFwKQM5lkL0arVagrw,Ashish & Shrishty: The Finance Couple,2024-09-14 10:30:20+00:00,49,27,Finance,7050,,,
W5bcYYmNiuI,1289,9,0,UCM5387hREKqLDcgRUSzQbtg,Julius Finance,2023-05-02 16:09:09+00:00,6,27,Finance,16,,,
K3B06xEGFLw,8641,108,2,UC2BzRUiwX9UcYPwtjA1py1w,MONEY MENTOR MINDSET (M-M-M),2026-01-18 12:45:01+00:00,25,27,Finance,20300,,,
utPeUr-Bf4k,1217,68,3,UC7oWzRp8E8ahv-HCxY5qppQ,Financent ,2022-02-16 06:30:15+00:00,46,27,Finance,1160,,,
DgpkkmN4KJ0,1165,0,0,UC14v0cERT_sdW0Q9I_JWNag,Investing Fomo,2024-04-27 15:30:06+00:00,43,27,Finance,3910,,,
eVr1Yx-52dg,2347,26,0,UCYXZu0-OJBihQWxHki7x8Mw,stockwell consultancy ,2025-07-01 12:30:54+00:00,17,27,Finance,11,,,
CHeS1jleTbw,2583,33,0,UC7yCkhA3l4XF-KofeKGq3vw,GMD ThriveX,2025-07-21 16:09:35+00:00,39,27,Finance,1170,,,
Gi-ZF40H6ng,1048,16,4,UCq2emKYeHbM8rzuGVPUYvDQ,Matt Shoss,2023-04-27 18:03:04+00:00,47,27,Finance,7710,,,
8Bu4yUaDKhw,1006,54,2,UCv2WSL8sZRyLx5vKv3evPWQ,CA SANKALP KANSTIYA,2023-12-12 12:52:23+00:00,60,27,Finance,95200,,,
--9gWYntigY,1025,0,0,UCaAxAVLtlklWtmqed46X5jA,Consult Gurpreet,2024-10-25 14:04:04+00:00,49,27,Finance,55600,,,
9i5Dri-4YiA,2040,28,0,UCduZPUS_1dlLUmctYjt-mbg,Art Academy,2025-07-05 03:15:01+00:00,29,27,Finance,2340,,,
XfiqQzUai4M,1348,21,3,UCJ2a79_5QImam9mrYh0l_pw,CMG Venture,2023-04-06 14:02:46+00:00,8,27,Finance,2070,,,
u3t6XDB8hJs,1142,23,0,UCMIoppaGII02zFMSW7aqiaw,EDUHOMETAX,2024-08-05 17:02:07+00:00,59,27,Finance,7130,,,
kdFSNjFFJYM,903,11,0,UCq2emKYeHbM8rzuGVPUYvDQ,Matt Shoss,2023-04-24 21:26:08+00:00,22,27,Finance,7710,,,
wi41RCUSkXY,2216,0,1,UC_be9esvU8RPvMZikqgW_Vg,Financewithmadhav,2025-08-30 12:01:48+00:00,42,27,Finance,117000,,,
eNupS6EZP_c,3113,18,1,UCdH34Jkbz0fwvn9bACQm2fA,Finance Fix,2025-08-23 11:40:05+00:00,7,27,Finance,96,,,
I0JJKspAzZU,815,12,4,UC1SqENsItP_JuWr5xBa92ZA,Personal Finance & Investing,2023-02-04 06:56:53+00:00,48,27,Finance,1900,,,
Dh_HXKLSl7w,769,24,7,UCpaECCB8ogq9CsZK7bPpzuw,Ricky Charpentier,2022-08-18 19:06:54+00:00,61,27,Finance,64,,,
70unHbrWVRU,763,11,0,UC5x5YMbwzvuc2_nTcGvRb9A,Mechie in US,2024-07-10 02:14:13+00:00,59,27,Finance,92,,,
YZRuj8_I1kw,1444,0,3,UCW-avyIZvPg2meoXk3X4nQA,Finvision by Col Sandeep,2025-09-25 14:30:23+00:00,59,27,Finance,12000,,,
fmXST-la9Fc,1522,38,1,UC3RxjLYDcfdrspbSJ3Lvb3Q,Ujjwal A. Mishra,2025-10-12 14:18:36+00:00,56,27,Finance,564,,,
sIYgruhzFA8,734,9,1,UC1SqENsItP_JuWr5xBa92ZA,Personal Finance & Investing,2023-02-02 05:40:50+00:00,36,27,Finance,1900,,,
aPTTYg713e8,1942,28,0,UCMP9NCopojdf55h6dhgyQOg,Prof Karan Shetty,2025-11-20 20:53:54+00:00,103,27,Finance,90500,,,
L0H1-mMVExc,715,0,0,UCaAxAVLtlklWtmqed46X5jA,Consult Gurpreet,2024-10-21 12:30:16+00:00,59,27,Finance,55600,,,
TasWNQOuaUw,710,19,0,UCkmatIAP88o56uB0mnIhL-Q,Bassem - Canadian Finance Pro,2023-08-24 16:00:31+00:00,39,27,Finance,38400,,,
2pAdxbhmL8U,688,13,1,UC1SqENsItP_JuWr5xBa92ZA,Personal Finance & Investing,2023-02-02 05:42:17+00:00,31,27,Finance,1900,,,
muBJWCfhmKU,2353,12,0,UCsC9TBjbXRGvr1E5ljihdiA,The explorer ,2025-10-15 11:03:34+00:00,7,27,Finance,43,,,
awyQXa1xFvs,672,27,8,UCq2emKYeHbM8rzuGVPUYvDQ,Matt Shoss,2023-06-03 17:32:06+00:00,39,27,Finance,7710,,,
kGcM2oITHho,1536,28,0,UC3RxjLYDcfdrspbSJ3Lvb3Q,Ujjwal A. Mishra,2025-10-22 13:06:11+00:00,44,27,Finance,564,,,
ZZXetrTGQ4Y,1302,86,9,UC8vAK0tpxhV-xMF6s_FGjHQ,Satish Kumar,2025-09-20 12:33:49+00:00,128,27,Finance,64000,,,
9rNR5BMlV2U,2006,0,1,UCW-avyIZvPg2meoXk3X4nQA,Finvision by Col Sandeep,2025-08-28 14:30:11+00:00,37,27,Finance,12000,,,
jVUpkHGNXUo,1396,8,0,UCLUiimfMEN--MLDfmV4y3Dw,Deepak Gupta,2025-06-30 04:05:24+00:00,43,27,Finance,1040,,,
61SBWZxJE70,1062,38,0,UC3RxjLYDcfdrspbSJ3Lvb3Q,Ujjwal A. Mishra,2025-10-20 13:00:23+00:00,50,27,Finance,564,,,
A7cTT9YQPP0,611,7,15,UCq2emKYeHbM8rzuGVPUYvDQ,Matt Shoss,2023-05-21 12:47:02+00:00,24,27,Finance,7710,,,
oXkw-1_hIYI,606,21,1,UCYofkShJ8QdjVcsnM8pPk5g,CFP Puneet Nagpal,2023-11-10 13:32:51+00:00,48,27,Finance,36200,,,
YC3oDXfuEHA,721,11,4,UCMt15YQ_Zg3gbDrR4tT9sOQ,RupeeMonk,2024-11-02 02:45:02+00:00,14,27,Finance,82900,,,
Uxbao-XoruI,596,13,2,UCYofkShJ8QdjVcsnM8pPk5g,CFP Puneet Nagpal,2023-05-18 11:38:46+00:00,61,27,Finance,36200,,,
MwGR4Or0chE,584,8,0,UCt-d_jmiOag-Ilsqkr31RoA,Vision Retirement ,2024-08-19 12:47:00+00:00,59,27,Finance,96,,,
_FnxXqqUpbY,1274,0,1,UChr6JbfR9WwFA5F54Cg4Z-w,InvestWith_Shaurya,2026-01-11 16:40:37+00:00,32,27,Finance,201,,,
WnInxOUOkf4,1146,51,2,UCrTIV8bVaRyClsMXnjvVAGQ,Business tycoon,2026-01-20 06:55:59+00:00,87,27,Finance,74,,,
cdd1FBi8CGY,1155,24,0,UCMP9NCopojdf55h6dhgyQOg,Prof Karan Shetty,2025-09-30 05:30:20+00:00,60,27,Finance,90500,,,
xutt0LB7xkY,1159,14,0,UC3RxjLYDcfdrspbSJ3Lvb3Q,Ujjwal A. Mishra,2025-11-08 13:06:49+00:00,57,27,Finance,564,,,
NeDeb6dvs1w,557,8,0,UC49tNscAfhUvrmuHXWFR7Tg,how to invest,2024-07-24 01:15:00+00:00,57,27,Finance,3,,,
fTx_kgvlyT0,1386,35,0,UC3RxjLYDcfdrspbSJ3Lvb3Q,Ujjwal A. Mishra,2025-10-21 12:58:09+00:00,46,27,Finance,564,,,
i3mRRlVEW4o,1294,24,0,UCn7hVmQG0LY2y80Sa0o0xgw,Money Vs ME,2025-12-18 13:54:23+00:00,77,27,Finance,4000,,,
dKD1yF4qUx0,1092,11,1,UCUQ8F7VyC7YT7FwcSokVfFw,your_finance_girl,2026-01-08 11:27:03+00:00,90,27,Finance,245,,,
es7UQConrX0,542,23,0,UCepo7euCSraS47jdO9XsFMA,shubham mehra,2025-01-01 12:30:27+00:00,53,27,Finance,86,,,
iqAfnJIwUBw,527,5,0,UCN2KLPUCplrNHdu_WMc-1NQ,Simple Crypto Investing ,2023-01-23 14:01:59+00:00,47,27,Finance,1990,,,
IbC8XqtlPh4,541,23,6,UC548yrl-xGe6xB-rj7hIuPw,Madhur Agarwal,2025-03-03 13:00:25+00:00,34,27,Finance,186000,,,
43AeA10bICU,1231,15,0,UCAJksHZe4BhpUZ7WskltfXQ,singh piyush,2025-07-13 13:30:05+00:00,14,27,Finance,8,,,
PWKtgIJHlq0,596,7,0,UCkX2MxNrlC2F6l2hxKxCO-A,James Alberts,2023-11-21 16:00:24+00:00,32,27,Finance,11100,,,
ETZawo_eDWU,1079,18,0,UC3RxjLYDcfdrspbSJ3Lvb3Q,Ujjwal A. Mishra,2025-11-01 13:09:31+00:00,60,27,Finance,564,,,
5xsNaBQ97QQ,1207,21,0,UCQd8oSjVDEYNKP_kU0h0kyA,Mr Pengo Money,2026-01-03 15:14:00+00:00,91,27,Finance,17,,,
mBBzGWFxd8I,514,7,0,UCJ2-R0L5eVHLT8wqnwohI_Q,Catching Up to FI,2024-11-07 12:01:02+00:00,51,27,Finance,5550,,,
OXCi9TtTMC4,514,16,0,UCRfusXCuZ86e4Zsitx04o9g,Rohan Sinha YT,2024-10-07 11:56:35+00:00,24,27,Finance,68,,,
vhX1lgAmEvI,1455,17,0,UC9qtC3T6ktl7UASAIp5cfGg,Ducatz FinServ,2025-09-04 15:46:13+00:00,61,27,Finance,30,,,
wUuhfZCwsgo,1115,12,0,UCbzcsuSIsEzJwg7CzLTiGOg,Kotak Cherry,2025-07-15 05:51:41+00:00,41,27,Finance,12400,,,
UaA28lY-M74,478,16,0,UCr6CsmiamQMAqEiFpKfYR_g,Thakkar financial services,2024-08-06 13:53:10+00:00,53,27,Finance,280,,,
lj-h9jMRyTg,489,9,2,UCu9pRtG1ijsAyJE59i2IShQ,Optimize Your Life,2024-03-07 04:49:42+00:00,21,27,Finance,917,,,
tJyBbSgwDK4,464,3,0,UCISnv5-7g4wOunFotQXEtVA,Sanket Ambi,2025-03-26 15:34:01+00:00,39,27,Finance,173,,,
l7dArnWBKWA,471,11,0,UCa4ISIZEWAcOypA8__4QYlg,PlainTalkMoney,2023-06-30 17:00:36+00:00,35,27,Finance,583,,,
vfQAxggAmMM,453,10,0,UCfTEh8T3FaoUOSo5AMQ3IPg,BNS CLASSES,2024-09-28 01:38:44+00:00,30,27,Finance,3170,,,
nEs7DCxJFp4,993,44,0,UCDeLBS1iE-sRWgYzXH3kOrw,Findas Marathi,2026-01-09 06:50:33+00:00,85,27,Finance,19400,,,
4W3atIemSFI,570,19,0,UCCPExJ6rN1cSd8G1JkVJ6wg,Zahir Capital ,2026-01-08 11:19:13+00:00,140,27,Finance,163,,,
bEGAz51wLyY,428,5,2,UCWUpuLN-dkyM5qkJlriWkKA,The Unexpected Investor,2024-05-06 21:36:17+00:00,57,27,Finance,164,,,
QPZrwldJyRQ,426,8,0,UC5x5YMbwzvuc2_nTcGvRb9A,Mechie in US,2024-07-03 05:32:54+00:00,40,27,Finance,92,,,
FuNvpJctNcE,417,7,0,UCISnv5-7g4wOunFotQXEtVA,Sanket Ambi,2025-01-03 05:32:16+00:00,34,27,Finance,173,,,
kGlT-CMkMx4,1981,12,4,UCeXMvEUZDBrqm7MQwoOnoow,AbhionMoney,2025-12-21 13:56:05+00:00,77,27,Finance,5040,,,
r9tDshOBxq4,1095,19,0,UCduZPUS_1dlLUmctYjt-mbg,Art Academy,2025-07-11 03:16:00+00:00,14,27,Finance,2340,,,
TtSk8V2lhNQ,1142,4,0,UC-lU9W3_9bBZ2-o87Bi6H5g,Finance with Joe,2026-01-05 19:33:39+00:00,124,27,Finance,3120,,,
KaNi1z3Mb_s,335,21,0,UCUvXZUf1PtNrVBnhRt5Tm-Q,Finance with Kriti  ,2024-06-27 08:04:47+00:00,57,27,Finance,1280,,,
Ovx_ToZnPe8,331,8,6,UC1SqENsItP_JuWr5xBa92ZA,Personal Finance & Investing,2023-02-08 03:57:34+00:00,47,27,Finance,1900,,,
K-heSTx5x7Q,978,4,0,UCkfCDqMqsKP3uTroI5Bd8xg,Finance FlowX,2025-11-11 07:30:15+00:00,9,27,Finance,16,,,
QncXCj7Mkjg,329,10,0,UCMIoppaGII02zFMSW7aqiaw,EDUHOMETAX,2024-07-14 15:11:32+00:00,47,27,Finance,7130,,,
Qhiit5O1pOs,320,11,2,UCzjDo77_OuejF39Og5oOB5g,Derek Polasek,2023-03-30 21:54:35+00:00,54,27,Finance,2570,,,
elCGrwHCAHA,870,3,0,UC9qtC3T6ktl7UASAIp5cfGg,Ducatz FinServ,2025-09-09 13:41:09+00:00,37,27,Finance,30,,,
Xpn8jG4llSQ,1178,8,0,UCsC9TBjbXRGvr1E5ljihdiA,The explorer ,2025-10-15 03:46:59+00:00,8,27,Finance,43,,,
BDl9eOiWzKU,813,10,0,UC5oO4amW0AoymIMJVlk13gA,~CapitalChords,2025-12-24 05:44:00+00:00,43,27,Finance,106,,,
K2VipViQEp4,287,6,0,UCS4-Hlp9fzDzmVzzAWR-BYQ,Gainy,2023-03-31 22:14:20+00:00,15,27,Finance,411,,,
tm_VWPQg-Xc,287,7,2,UCR8sZgnRAirbq4ph736Vb6Q,Rangan Datta,2022-11-21 21:51:35+00:00,30,27,Finance,6,,,
HntmQvdfaMk,285,27,2,UCZ0VQAXm2rcg9lDemIWNz0w,Strength_of_Stocks,2023-11-07 02:41:36+00:00,56,27,Finance,146,,,
RoqiB0R-zeE,280,4,0,UCHdgkGXWzYaKdWBAF48B4IQ,Robert Riordan,2023-01-06 00:11:11+00:00,11,27,Finance,1950,,,
_-o9TsEz2JU,273,9,0,UCM5387hREKqLDcgRUSzQbtg,Julius Finance,2023-04-30 21:31:19+00:00,28,27,Finance,16,,,
U6LlDSN9B-A,840,11,0,UC6xfrHqS4WHbbGyO4XCAUPw,Vinita Shares,2025-11-06 16:36:00+00:00,54,27,Finance,1290,,,
q8OR3B9L7dU,243,4,0,UC-ERX5eoxYvuQZjcziywRiQ,Finite Finance,2023-02-26 14:45:02+00:00,35,27,Finance,31,,,
SJPBmvK6u0k,235,11,2,UCazYyvrrl5s7km14eYsQxdg,financeseva,2024-03-09 06:30:06+00:00,36,27,Finance,37100,,,
NqQI4ZGIzyo,229,4,0,UC2VDE04HWVyouH-ZYCdzrXg,Billal Aman,2023-01-14 00:52:25+00:00,57,27,Finance,52,,,
fia_b1aoCPw,4826,3147,374,UCJD_Ia6e4l_fPmZZ-vsi5sA,McQueen Cars,2026-01-20 15:04:19+00:00,8716,27,Finance,148000,,,
qqtAhwuL5Pw,224,2,0,UCAYZFBepwsFunaAdUJWCeGg,The Market Hustle,2023-01-13 23:49:03+00:00,20,27,Finance,2390,,,
nA3z42RrG0Q,222,4,0,UCXp_C_eP-SVJ_KZftPhPPZg,Detailed Trader,2024-03-14 09:46:37+00:00,29,27,Finance,208,,,
YATScKcjRjM,188,3,3,UC1Ijml64BxnICyNvC1Y8EtA,Isaac Lee,2022-11-19 17:10:31+00:00,55,27,Finance,1380,,,
5yaTY352u98,359,9,9,UC2Lrxi9yCrhapIS3Uw03sLQ,Amit Kumar Sahu,2026-01-01 14:44:37+00:00,86,27,Finance,43,,,
XVteOlTjhHA,185,0,0,UCiLxXKh7zFJ6M_Ir7ZwRrUw,Millionaire Mindset Club,2023-05-04 02:49:23+00:00,51,27,Finance,7500,,,
IPbPmn_OOkY,171,13,2,UCaWOw_zFj1j0FeebhrQEf5w,Book Beaver,2022-03-22 13:44:31+00:00,49,27,Finance,404,,,
OszifUx_YO8,147,11,2,UCUvXZUf1PtNrVBnhRt5Tm-Q,Finance with Kriti  ,2024-02-08 08:37:28+00:00,59,27,Finance,1280,,,
7turuIKeX7Q,257,3,0,UC8Yfj3NFEHwg--63unZ1gAw,unclaimedmoney ,2025-09-09 17:23:38+00:00,55,27,Finance,2,,,
agS1e1knKPk,250,27,5,UCqmzet-RRsUzfXJmX5NNl4A,CA Karan Vijayvargia,2025-08-23 14:47:37+00:00,177,27,Finance,178,,,
7yEZjAEUwcw,134,1,2,UC1SqENsItP_JuWr5xBa92ZA,Personal Finance & Investing,2023-02-04 06:49:12+00:00,50,27,Finance,1900,,,
Pix5Osj_3SA,129,2,0,UCvKMTWHoTNJA4pc54hHnDVw,Stock Dads Trading,2022-07-10 16:56:25+00:00,27,27,Finance,13200,,,
tfqu1h-8B50,138,45,1,UC7oWzRp8E8ahv-HCxY5qppQ,Financent ,2022-02-18 06:30:06+00:00,36,27,Finance,1160,,,
ZlRYsykXYz0,124,2,0,UCw5-Y8LaxIaNQZsQM0eLXxg,FinStreamTV,2024-01-29 07:40:43+00:00,61,27,Finance,1300000,,,
4graH4R3WCM,451,3,0,UC6hl51KN6i04hd2foS9H_Mg,RICH ADDRESS,2025-10-13 13:45:00+00:00,5,27,Finance,9650,,,
sFOiCtjBTvg,305,0,0,UCmStCGfFpeWeBCjQXTzk2Kw,Decoded Profit,2025-09-28 14:54:27+00:00,48,27,Finance,18,,,
eclNuiNPOic,99,3,0,UC1SqENsItP_JuWr5xBa92ZA,Personal Finance & Investing,2023-02-02 22:30:19+00:00,34,27,Finance,1900,,,
8Qgl-5TqxcM,97,3,0,UCTTVuiDHazAdh53bu75SFCw,Invespire,2023-05-10 12:00:07+00:00,61,27,Finance,194,,,
7p3sx3F-kyo,1641,102,2,UCPohbSYq4IXhv0yxiy-sT4g,Yadnya Investment Academy,2026-01-21 13:30:07+00:00,81,27,Finance,930000,,,
cmiDrNlQDEY,87,8,5,UCHOM92FjnGhOwt3UqLIi68w,Dhan-दिशा,2024-02-21 01:06:18+00:00,52,27,Finance,11,,,
YSTs2Ft1vGo,205,15,14,UCXt87O2rHolqXMWjXA_kbwQ,Finance Explained by Sudhakar,2025-06-20 16:37:52+00:00,77,27,Finance,233,,,
zC1mqh0dkpc,601,4,0,UCbsNjtj-okkTOwHdQI3oaeg,ALLOT MONEY (தமிழ் & English),2025-07-17 08:35:26+00:00,15,27,Finance,8580,,,
CAylmDPJuyk,317,0,0,UCUQ8F7VyC7YT7FwcSokVfFw,your_finance_girl,2026-01-04 20:14:30+00:00,87,27,Finance,245,,,
o3lEKdMJHcE,76,1,0,UCDFcLsAj9r2cvjVGpPYh-CA,Riyaz Ali,2025-03-14 03:06:57+00:00,39,27,Finance,10,,,
8s1-BNw0PKc,71,1,0,UCTBjzWGQKmLntWPzfmrQX8g,The Tanmay blog,2022-12-20 10:54:02+00:00,39,27,Finance,58,,,
4hAGcbY4dKo,66,3,0,UCWnmX6sKrwL3udgfTpsHE6A,SIP WITH HUSSAIN,2024-03-26 09:30:02+00:00,38,27,Finance,120,,,
Wcs0EoaqWcE,207,2,0,UCc6uKE64RVqHDHsd7fVMIiQ,Brijesh Kapoor Finance,2025-07-03 04:48:31+00:00,34,27,Finance,20,,,
wBc-sU75ddc,64,2,0,UCgsISlL7NfJU4n-H08CpBzw,Vindeshwari_Prasad_Finance,2023-02-20 13:05:38+00:00,55,27,Finance,96,,,
JCiiRv18B2g,160,24,10,UCcHUVZY5bd5mgOb0ZiIYEsQ,THE MARKET DECODER,2026-01-18 17:37:10+00:00,456,27,Finance,588,,,
geLIUymZRyY,435,2,0,UCp8LlMp9w-gE6Sdez5g4vCg,Stock Bidfiler,2025-04-25 14:34:09+00:00,16,27,Finance,227,,,
OBYTSRQNDYQ,174,1,0,UC8Yfj3NFEHwg--63unZ1gAw,unclaimedmoney ,2025-09-06 03:08:58+00:00,76,27,Finance,2,,,
QGfblCKr-WI,49,2,0,UCWnmX6sKrwL3udgfTpsHE6A,SIP WITH HUSSAIN,2024-03-19 09:31:30+00:00,50,27,Finance,120,,,
h9vSxh8Lxz0,45,6,1,UCOuKdIJF10ud2o7l1x4dB1Q,Imran Shaikh ,2025-12-30 20:01:30+00:00,321,27,Finance,2660,,,
Anf6IvivXyY,208,2,0,UCCMrX7K3-9mHB5kgkfLcapw,Finance with Pranav,2026-01-18 11:55:03+00:00,19,27,Finance,5,,,
BgVMsAjIYcU,1288,3,0,UCeDOCkJcTaxSoLtbYz11KYA,Finance with Prtik⭐,2026-01-21 12:30:26+00:00,6,27,Finance,18,,,
HdFYFt-9wJI,35,3,0,UC4CiV-BKccWaUrcja3ew_eA,tradeonometry,2023-10-02 07:29:40+00:00,53,27,Finance,32,,,
S2GoMMRO-7k,220,1,0,UCdMv4hL4HDSgdMdjZI58NeA,Mera भारत Business,2025-05-31 11:01:09+00:00,16,27,Finance,498,,,
fB6T6mPBbiw,335,9,0,UCiV5P56Uq2qd14EUSNNu96Q,MelZign,2026-01-01 15:30:25+00:00,29,27,Finance,61,,,
XCUl2m0cPm4,120,1,0,UC3RxjLYDcfdrspbSJ3Lvb3Q,Ujjwal A. Mishra,2025-10-27 13:29:16+00:00,58,27,Finance,564,,,
tnWFlDR6qzk,33,4,0,UCZ9mSeDKANDtJHwIhu5L_OQ,Meet Joshi,2025-02-17 12:30:49+00:00,80,27,Finance,164,,,
K9ZB0q7CJLQ,34,2,0,UC_lYemNdt7sw9P2P24GRIpA,Wealth Wisdom,2024-11-20 12:10:18+00:00,12,27,Finance,69,,,
4kLjLT3AqpY,188,3,0,UCrQChKzzOLbaDTQigHlsJ3Q,Thriftinex,2025-12-16 01:31:02+00:00,42,27,Finance,38,,,
3kVv8aWkdi0,81,0,0,UCcAbMb4HWJTZ7FrkF7aOTrg,Finance4cus,2026-01-20 08:40:04+00:00,69,27,Finance,6,,,
kRVidv1ag-Y,35,1,0,UCSfn0efnX4AEs0di_-HiNzg,Vivek with money ,2024-04-02 11:30:19+00:00,55,27,Finance,1370,,,
mRhmWN2MBsE,33,0,0,UCAKxJ-IrO-KQdlPCiFTBhHw,RANDOM BAZ,2025-01-02 13:02:45+00:00,21,27,Finance,600,,,
X-NXXUkte7M,32,5,0,UCZ9mSeDKANDtJHwIhu5L_OQ,Meet Joshi,2025-02-16 12:30:25+00:00,66,27,Finance,164,,,
LiDKb93uREk,153,5,0,UCpLuUtTExzAtCqJAPX3adEw,Tradecast,2025-04-29 05:41:01+00:00,54,27,Finance,554,,,
6kkfVz0Ul74,107,0,0,UCDFcLsAj9r2cvjVGpPYh-CA,Riyaz Ali,2025-10-15 08:39:15+00:00,68,27,Finance,10,,,
X7pFRyKgbic,64,6,0,UCjR8JyBnvvepxl10KcXChXg,SmartMatrix,2025-11-30 10:30:30+00:00,61,27,Finance,81,,,
ndANrjthKh8,147,0,0,UCvlE7dSAslRR9yBvdirp5_Q,FinanceFix ⭐,2025-12-16 13:13:07+00:00,24,27,Finance,1,,,
1YQTDhuhB2Q,22,4,0,UCt48XlG2yumRbF3o3CQOZwQ,Ample Assets,2024-10-13 14:00:01+00:00,257,27,Finance,24,,,
g0v-OO_Yx8U,116,0,0,UCqCGvkCJdz_qomBklI5j6Cg,Billionaire Squad Tamil,2025-09-04 03:34:12+00:00,11,27,Finance,621,,,
diyi7W-RdVk,337,1,0,UCGAaOGok8kNDz2qhhBKN3bA,Money made easy,2025-06-08 16:30:11+00:00,70,27,Finance,8,,,
Kf1RyYIFm0s,91,7,1,UC3_GdL0gE1Zwk1q4_8bjQBQ,Nikhil Gurav,2026-01-05 05:49:25+00:00,10,27,Finance,150,,,
qTRnIV_IuIc,20,2,0,UCUw4msXkps-vAJZ7a-FoZTw,Money Cooks,2024-03-17 11:35:31+00:00,55,27,Finance,97,,,
KVrQJNFab50,123,3,0,UCa7RShD3KQ2qf8_-8QlUjfw,Aditya Singh,2025-10-21 08:36:37+00:00,46,27,Finance,5,,,
VwUrhmtaY0w,141,0,0,UCBud09kljc3tyd6gobcHAew,#Funzzle,2025-06-03 18:20:00+00:00,15,27,Finance,2960,,,
3QusKIkEHN0,144,3,0,UCZxdK71TkEOsKzPItz-a_Tg,Axela247,2025-12-25 09:00:09+00:00,41,27,Finance,6,,,
AueyX5YMyoE,34,8,6,UCujFBqmD0PlIlu6mM0tSJkA,Informative Finance..,2025-11-19 05:30:06+00:00,59,27,Finance,54,,,
r8hjfQQo7H4,22,2,0,UC5TLnqtQ5CMPbd5fuJQh_3Q,GROW WITH KIMAYA💰,2024-12-14 10:50:32+00:00,54,27,Finance,134,,,
IAMhmRT8d9k,106,3,0,UCZxdK71TkEOsKzPItz-a_Tg,Axela247,2025-12-24 10:15:01+00:00,27,27,Finance,6,,,
JVYNEQvFigg,111,1,0,UCc3KdHA7cSgk3u2VpQldytg,"BIG BULL INVESTING TIPS
",2026-01-17 17:50:25+00:00,27,27,Finance,9,,,
uWjmhr6JtaU,65064982,3760921,5466,UCJBNVRG4o5ya5uc1fTnjUxQ,The SRP Gym,2021-09-20 17:11:15+00:00,60,17,Fitness,295000,,,
FX-Mv9wcX3k,57558329,3426275,6970,UCiXMxD_c1sYJYJjhPcolzsw,fitnessxercise,2021-08-16 03:47:30+00:00,15,17,Fitness,589000,,,
yQEx9OC2C3E,51408399,1558260,5462,UCerweoBkwQOb_zwx3NfUD1g,Andrew Kwong (DeltaBolic),2022-07-03 16:52:54+00:00,8,17,Fitness,2550000,,,
FB5-7tIiX-I,40436272,202987,0,UCTIwFB4ciFi5ZCIu-VlwaOg,Little Sports,2020-02-17 14:13:25+00:00,918,17,Fitness,1370000,,,
6eFCQ6Ctg-c,39056928,1922557,0,UCVIXQLLzHYbLjLirFRtZRUw,B4 FleX,2021-08-21 12:38:34+00:00,41,17,Fitness,373000,,,
Tz9d7By2ytQ,29060293,578550,7935,UCq7bR6RxqqOx8cptc1-0AVQ,Allblanc TV,2020-01-16 02:43:30+00:00,324,17,Fitness,4660000,,,
PG2f3GF5RlI,26759630,318929,6651,UCDUlDJcPPOOQK-3UrxEyhAQ,Roberta's Gym,2020-01-23 11:22:28+00:00,1191,17,Fitness,6780000,,,
s6U3vDtdzrE,23255448,228295,4633,UCDUlDJcPPOOQK-3UrxEyhAQ,Roberta's Gym,2020-04-01 12:37:53+00:00,1870,17,Fitness,6780000,,,
DR6uAQSps1M,42922406,425840,988,UCKPsLBZfDVuNkXItcKJZ-PA,WORKOUT NATION,2022-12-20 08:25:09+00:00,8,17,Fitness,1540000,,,
9o0UPuDBM8M,19333056,386640,1781,UC7t6QJ4u8qF8pI-vibX-BUQ,WORKOUT,2022-01-01 12:37:14+00:00,902,17,Fitness,8580000,,,
CMaNi0ZnDTc,17434459,786391,1467,UCKB4ERIKw52xw2BEnn-xz3Q,fitness journey,2021-09-17 06:54:55+00:00,58,17,Fitness,563000,,,
dzsTgmGxlO8,14290952,220126,5613,UCDUlDJcPPOOQK-3UrxEyhAQ,Roberta's Gym,2020-07-21 09:45:35+00:00,1808,17,Fitness,6780000,,,
qfWx1EPdhwE,12438800,0,3487,UCi_J6WNj99ro-9cPZOUrf8Q,MrandMrsMuscle,2020-08-25 16:36:45+00:00,994,17,Fitness,1600000,,,
Y08OkdVO4Co,12338671,117081,3881,UCDUlDJcPPOOQK-3UrxEyhAQ,Roberta's Gym,2020-04-23 15:13:29+00:00,1205,17,Fitness,6780000,,,
mw7r41sjmhM,12261317,498287,1327,UCq9DI1Mv2m-bCNL3tsTYRaw,Ashton Hall,2022-11-29 20:33:04+00:00,29,17,Fitness,4880000,,,
CeiVh0QPdao,11436857,176410,1011,UC-4-84X1KA3KH_6KJFHirXQ,Dance Workouts (weight loss),2022-03-05 08:35:24+00:00,12,17,Fitness,416000,,,
cVnIAfmEox0,10337542,233162,2113,UCZIIRX8rkNjVpP-oLMHpeDw,Calisthenicmovement,2020-08-07 11:00:10+00:00,472,17,Fitness,4280000,,,
ulVUdTjSLKU,10977095,429263,2927,UCOsFVEylgXEcnxAEt9E0c4Q,Max Euceda,2021-08-03 19:26:46+00:00,20,17,Fitness,1200000,,,
3hSsLZBRUAY,10165208,171193,1287,UCJBNVRG4o5ya5uc1fTnjUxQ,The SRP Gym,2022-08-08 02:15:25+00:00,15,17,Fitness,295000,,,
a_X5SXjY8Tk,9722194,450152,3346,UC2ITsesXteK2yWdcQQ1xbrw,William Li,2022-05-14 16:15:15+00:00,30,17,Fitness,3820000,,,
WerL6LwzO0A,9241891,641067,1369,UCOsFVEylgXEcnxAEt9E0c4Q,Max Euceda,2021-05-19 21:35:36+00:00,38,17,Fitness,1200000,,,
h3Xrtm0IVnY,7913748,39755,0,UCTIwFB4ciFi5ZCIu-VlwaOg,Little Sports,2020-02-03 15:55:00+00:00,603,17,Fitness,1370000,,,
mTy6hu46cYk,7410848,297269,1331,UCK4r1iD1ICdolKQgJpldVZg,Patricia Kraft,2022-06-17 13:22:09+00:00,33,17,Fitness,197000,,,
A2wp8Ipxn9s,6431313,21495,1068,UCAxW1XT0iEJo0TYlRfn6rYQ,The Body Coach TV by Joe Wicks,2020-03-22 08:42:06+00:00,671,17,Fitness,2900000,,,
Fpyeg95QY00,6477871,256314,7301,UC89h1IGvkwg5fuC_ih4G26Q,ElvisLifts,2021-07-28 14:00:15+00:00,60,17,Fitness,70500,,,
mFBKBLo2nVg,6522803,316675,972,UCsLF0qPTpkYKq81HsjgzhwQ,growingannanas,2022-12-28 11:19:13+00:00,27,17,Fitness,7920000,,,
wIynl3at0Rs,5814268,89482,1701,UCGMUPxCg6eVDcum2EebkYVw,Milestone Strength,2020-11-04 08:39:45+00:00,1226,17,Fitness,84200,,,
pAwSMno_Cj0,7530499,175735,403,UCkAE83o31Z5vnUMoOEX7-JQ,Fitness pro wings,2022-07-07 02:15:46+00:00,6,17,Fitness,48800,,,
i7LJ-39bFgE,5607418,62779,878,UCDUlDJcPPOOQK-3UrxEyhAQ,Roberta's Gym,2020-02-23 12:13:53+00:00,908,17,Fitness,6780000,,,
kPl66RocFDo,5486159,46390,676,UChJHUmT_EREEs4WV6jpmnBw,Les Mills,2021-04-29 19:30:08+00:00,1826,17,Fitness,1000000,,,
Iy-Y08egecU,5407232,52083,1258,UCDUlDJcPPOOQK-3UrxEyhAQ,Roberta's Gym,2020-02-04 03:22:24+00:00,1827,17,Fitness,6780000,,,
t7nrOBBfcYI,5304409,18289,0,UCzqcfJjCO5C1zUmnxFRGvzg,Fitbit,2020-05-05 15:09:48+00:00,789,17,Fitness,132000,,,
_0popSiLioE,6056524,147390,326,UCYsF7sPNnViCQJDLt3cQH0Q,GYM Workout,2022-03-16 09:23:36+00:00,7,17,Fitness,55700,,,
eaPBruNUglE,19248672,98999,403,UCmAzC-1q0mJwGZMltSVyJGQ,Future Workout,2024-11-13 14:00:39+00:00,5,17,Fitness,58600,,,
MQgoyogRTBE,6109767,184726,926,UCOsFVEylgXEcnxAEt9E0c4Q,Max Euceda,2021-10-05 19:32:44+00:00,15,17,Fitness,1200000,,,
AqiS1Qe_drQ,5784334,231513,968,UC12FyaOeT6KcrdKa9Unvk7w,Samir Aboudou,2022-06-03 22:31:49+00:00,20,17,Fitness,780000,,,
f59wGKbXZ0w,7811642,109908,128,UCerweoBkwQOb_zwx3NfUD1g,Andrew Kwong (DeltaBolic),2023-06-19 22:46:09+00:00,7,17,Fitness,2550000,,,
NKl8ImI3OVE,4840755,80146,1941,UCjdxelARHGq3-3dN_neMOAQ,AskDoctorJo,2020-01-06 15:56:51+00:00,630,17,Fitness,2410000,,,
sWUgK8FrEHg,4570916,167958,380,UCcaWyZrrxMaTKtVDkexK9Ow,Nobadaddiction,2022-10-19 12:00:49+00:00,23,17,Fitness,1600000,,,
nY1W84V_ENY,4298869,152527,353,UCerweoBkwQOb_zwx3NfUD1g,Andrew Kwong (DeltaBolic),2021-10-27 16:00:27+00:00,26,17,Fitness,2550000,,,
EHwobyLuhLA,3980643,53180,2198,UCEQh2aDyPJb35GeuSYCx0Ew,Mukti Gautam,2022-07-25 11:45:06+00:00,12,17,Fitness,1190000,,,
71mbONoEzF8,4072076,56272,117,UCtb8Z2SVwswM4aYmQ7sHCpQ,Physio Fitness,2022-05-23 15:21:26+00:00,9,17,Fitness,32600,,,
LFRLrjNu_lc,2396812,25933,143,UCN8ZbPs-1KR4AcL5MiyvJwA,THE GYM,2022-10-27 13:40:42+00:00,147,17,Fitness,224000,,,
ImupE6hLsDo,2364914,171620,421,UCtbYqEkfmBqXwOd6a5U4_7Q,MIND WITH MUSCLE,2022-07-25 07:00:33+00:00,57,17,Fitness,1460000,,,
Z3YmhTG36dw,2221819,126099,264,UCLBRUKmsxn76xnlyHDQx-rA,All About Nutrition,2022-08-26 13:14:26+00:00,59,17,Fitness,507000,,,
ZT_ogmD7aoo,2660949,32776,85,UCxXy4JFL-E7Ukr6smHpttjg,PowerMax ,2021-06-10 07:21:20+00:00,15,17,Fitness,34300,,,
Ru1hYrwCZJo,2068748,83371,705,UCZIIRX8rkNjVpP-oLMHpeDw,Calisthenicmovement,2021-04-09 11:00:18+00:00,526,17,Fitness,4280000,,,
f1nfAyrZ4PU,2034998,136213,201,UCtbYqEkfmBqXwOd6a5U4_7Q,MIND WITH MUSCLE,2022-05-18 06:37:51+00:00,58,17,Fitness,1460000,,,
N_s4PjCRTsc,1939092,63424,1532,UCvPpp_B29P5kSjSr8IsSLYA,Commando Fitness club,2022-01-11 08:50:15+00:00,480,17,Fitness,5940000,,,
EAFcmbtydQw,2255174,64012,245,UCerweoBkwQOb_zwx3NfUD1g,Andrew Kwong (DeltaBolic),2021-02-27 16:09:28+00:00,16,17,Fitness,2550000,,,
FvGyg9sRsCE,1971426,106638,320,UCtbYqEkfmBqXwOd6a5U4_7Q,MIND WITH MUSCLE,2022-12-26 13:30:08+00:00,59,17,Fitness,1460000,,,
iZ_DbxIgAsY,1806253,160904,569,UC1CVzH-XVr3E-kTT6D8hhfg,FitnessFAQs,2022-01-25 23:40:00+00:00,59,17,Fitness,2180000,,,
3-KL7H1wjhk,2291667,111779,202,UCSvoZtSPcju-jTBwxwh_29A,Ankit Baiyanpuria,2022-11-22 04:51:43+00:00,13,17,Fitness,4720000,,,
49vB2vBKHp0,1686929,89639,335,UCtbYqEkfmBqXwOd6a5U4_7Q,MIND WITH MUSCLE,2022-08-19 06:56:27+00:00,58,17,Fitness,1460000,,,
aGntxpkGyjQ,1577605,115669,169,UCtbYqEkfmBqXwOd6a5U4_7Q,MIND WITH MUSCLE,2022-05-29 06:20:58+00:00,53,17,Fitness,1460000,,,
uzPD6RoBMIA,2539719,15110,72,UCOQ3ANILqfeGjd9MBd5zY0g,A to Z fitness & grooming,2021-09-16 08:44:54+00:00,11,17,Fitness,2350,,,
2cg6G5hYjas,1447404,74431,186,UCtbYqEkfmBqXwOd6a5U4_7Q,MIND WITH MUSCLE,2022-12-23 06:50:40+00:00,34,17,Fitness,1460000,,,
fku76wrnTRI,1811465,17273,85,UC4-YENrstppjHU-CL9lvsew,Katja Believe,2022-12-04 12:37:02+00:00,11,17,Fitness,104000,,,
94_eiqXr714,1866622,65669,227,UC2XuQf4zcTyf-a4cndeQNYQ,Marcus Rios,2021-04-20 16:38:07+00:00,11,17,Fitness,218000,,,
HSLcfruScKU,1682256,0,283,UCBmk-eHZKDeGxXKazQNbPkw,Riq B,2022-11-30 20:17:49+00:00,10,17,Fitness,65600,,,
ArxkSGoHCTE,2027264,21108,43,UCY9IXvoDS6hUwT0_81ejmNg,Nia Fittt,2021-08-30 19:15:40+00:00,5,17,Fitness,3110,,,
MMgT6E8meac,1099155,23627,96,UCPjKjQPQZCZQ8h8JnEYoGOQ,Workout Guru,2022-11-06 15:00:21+00:00,24,17,Fitness,870000,,,
1cjUbSk37YQ,993765,0,416,UCyPYQTT20IgzVw92LDvtClw,Squat University,2022-05-31 17:05:53+00:00,60,17,Fitness,6640000,,,
H2PKwYibPhY,1200459,28026,60,UCcRsTRCvh3PeR1Yog867hqg,Midas Movement,2022-08-04 20:13:00+00:00,9,17,Fitness,1400000,,,
nS8Rhxt9sIo,901799,73863,147,UCtbYqEkfmBqXwOd6a5U4_7Q,MIND WITH MUSCLE,2022-07-02 06:45:53+00:00,53,17,Fitness,1460000,,,
8q9sJEOzXpQ,1028128,30183,63,UC0xtlpfoc3C5hKF_W734dAg,GymNought Fitness,2022-10-31 06:15:00+00:00,9,17,Fitness,81700,,,
xFn5yW89yKQ,828630,0,320,UCyPYQTT20IgzVw92LDvtClw,Squat University,2022-11-13 22:36:40+00:00,56,17,Fitness,6640000,,,
YuTXITc9D_M,969281,0,24,UCL2vTCmaVt8WL03JFuqQ2wA,Stand Tall ,2022-12-11 02:46:54+00:00,17,17,Fitness,955,,,
kCywVzKIZeI,1216904,12064,70,UCr8ZsMUNyulnJtUiYujvuKg,Flex Fitness Equipment,2022-10-25 02:58:11+00:00,11,17,Fitness,2720,,,
FkvzxuOTIms,941297,19329,116,UCa_T6kQ4ox8w2hp7Nrbp66Q,FIX Body Workout,2022-06-17 04:00:11+00:00,11,17,Fitness,20400,,,
PKuZIKaxxk8,913438,33178,51,UCiXMxD_c1sYJYJjhPcolzsw,fitnessxercise,2021-08-27 03:57:28+00:00,12,17,Fitness,589000,,,
Tqutt0d0QwM,607886,9440,180,UCanGaUp9luSTbqkCh9zVUIQ,Workout Health and Fitness,2023-11-21 07:54:13+00:00,432,17,Fitness,56200,,,
f7tT19NOE4c,1086529,5078,21,UCOazsub0HWYHuDdPW4SBwvQ,loldarbyfit,2021-12-17 18:32:03+00:00,16,17,Fitness,3020,,,
OlgGRqUkv3w,719985,30699,58,UC2XuQf4zcTyf-a4cndeQNYQ,Marcus Rios,2022-12-27 22:00:12+00:00,15,17,Fitness,218000,,,
HXVjc3Tiobg,544437,7199,480,UCXpXRPK4ZLWT6eZlhLIAY2w,Capt. Charanjit Singh,2021-10-22 03:11:32+00:00,1559,17,Fitness,130000,,,
T0oyz9_TcpE,765274,14080,87,UCEQh2aDyPJb35GeuSYCx0Ew,Mukti Gautam,2021-09-11 11:01:07+00:00,13,17,Fitness,1190000,,,
NW_xnANHBG0,834163,19046,29,UC--Iy5b9dPLSit2afAZAAWA,Dhurandhar Singh,2024-03-10 03:30:05+00:00,20,17,Fitness,101000,,,
PaiwKgOIC1g,650397,16365,105,UChB-8sySsm-ml0U-pAxDZxg,Fitlife Health & Fitness,2022-04-03 18:30:20+00:00,20,17,Fitness,11500,,,
xi63kcftEb4,605162,9542,21,UCXJBzTmzqZyW6TszlZ63boQ,Fitness Superstore,2022-06-22 15:46:09+00:00,21,17,Fitness,8260,,,
YtTtQGNSo7M,457839,5351,55,UCSDtqF1QOTNCb_etdydi_fg,No.1 Fitness Club,2023-09-30 03:35:55+00:00,22,17,Fitness,33100,,,
8kGBB_z5Bvo,616590,2759,43,UCfoPpFssqytoSlsHgvuE5YA,Relifesports,2022-06-17 06:00:58+00:00,9,17,Fitness,76500,,,
LiPQPENL2fk,382361,0,160,UCyPYQTT20IgzVw92LDvtClw,Squat University,2023-04-01 14:06:29+00:00,56,17,Fitness,6640000,,,
PHRMIiPpRyg,599830,23246,119,UCID6Q2Srkdtm14Qm9D-7R1g,jackedaakash,2025-08-31 13:30:23+00:00,36,17,Fitness,139000,,,
XMjvpOihKYc,474060,11575,20,UCXtE168z7GAxYKAIHFOgm8w,TIFF x DAN,2023-07-11 10:51:30+00:00,36,17,Fitness,1060000,,,
_SDDcSagz2E,860655,5518,6,UCny1DWP0qXv2oakcB6ih4fA,GymFit ,2024-05-20 19:25:55+00:00,5,17,Fitness,4330,,,
WVQvRo623A4,1007663,10624,8,UCcnxPK9ZvAZBLysFBPTpiCA,KC FITNESS,2025-07-27 00:30:32+00:00,5,17,Fitness,613000,,,
sUDcVrdbJ9U,369070,22027,69,UCuTVBTUD21DmU-mseaX7JkA,Manish Keshwani Fitness,2024-10-31 08:14:22+00:00,34,17,Fitness,188000,,,
enQGHQ4y49c,466525,8837,106,UCvLrj-p8Bp_mBe-qZlMWvLg,SKETRA,2023-10-12 04:29:57+00:00,46,17,Fitness,2780,,,
t91rQ_lAv1w,428405,7367,103,UCR5oDhM18tC-xWhZo_EapOw,Kivenro,2024-12-21 16:58:28+00:00,18,17,Fitness,1760000,,,
u8faopu5BHM,285518,6107,351,UCuTaETsuCOkJ0H_GAztWt0Q,Global Cycling Network,2025-05-09 10:02:15+00:00,869,17,Fitness,3510000,,,
CKM_lBiWk0s,312620,19246,52,UCHR8mlMPY5GAc-Os04R7mqg,Acoustic Biceps,2024-02-27 16:50:43+00:00,60,17,Fitness,581000,,,
hZzg8Q8BdK0,535764,10360,30,UCHWjVOXR_HvwQIYq-LUn32g,Matthew Alty,2023-10-17 23:07:37+00:00,15,17,Fitness,19400,,,
UnxcP_6KmX8,685559,7575,18,UCHRIJNvN3tJ4fz3LR7IKQ7A,THE GYM SM,2026-01-15 14:25:34+00:00,20,17,Fitness,186000,,,
FreCXexd1Nc,270781,2720,60,UC4XsiyKOEWxdW0jpNyKsNEw,Dynamo Fitness Equipment,2021-02-13 03:41:54+00:00,137,17,Fitness,14600,,,
bQSDVoGEIrM,474026,0,82,UC08Lmb7O1saR18RnWQLHCng,BLOOD AND GUTS 2.0,2023-06-01 01:03:44+00:00,11,17,Fitness,37300,,,
PEpo303ba7M,599707,5793,18,UCWxjTRVC66ZuWZIl-rF7siw,SAVITA KANADE FIT AAJI 💪,2025-09-15 03:37:47+00:00,19,17,Fitness,86700,,,
2cYVlcvYiHE,626292,8319,8,UCg_JXOaN0Hcqt8yiwbZ9xHA,Aesthetic Motivation,2025-06-24 20:30:01+00:00,19,17,Fitness,116000,,,
jXNtitE4LKo,512360,4924,49,UCxx_gLuGV_uaJpRwE_HdSAA,SET FOR SET,2022-10-13 14:00:31+00:00,11,17,Fitness,24000,,,
N5xPfyFLiuE,381898,14030,41,UCdLucyrPkXuUwp-tkgQcEog,Ritik runner,2024-09-24 05:31:14+00:00,32,17,Fitness,21500,,,
nrKOLzpQlpo,508523,12742,76,UC3Br6v7DI0iu3eA1uZB2tLw,Ishaan Thakur,2025-09-10 15:04:55+00:00,16,17,Fitness,125000,,,
iUOdc3nHHeA,338911,18740,166,UCR5oDhM18tC-xWhZo_EapOw,Kivenro,2025-08-18 17:01:13+00:00,52,17,Fitness,1760000,,,
t0-J6X-jb6E,788866,6777,18,UCwUwYFQIUVzBoc8F5BufOnw,Sachin_10k_running.. ,2023-07-01 16:39:47+00:00,5,17,Fitness,445,,,
hu-r8ZNNiNc,735254,0,21,UCiaYoUjymXdKcdTKlONUwvQ,Dhiru Bhai 00,2025-09-17 11:30:48+00:00,7,17,Fitness,1000000,,,
DlaqbZRO71Q,972544,2800,36,UCBlPI50pP0icJ566LLdmRuw,Fit by Vikash,2025-06-25 16:25:04+00:00,5,17,Fitness,8360,,,
xx8u8opJ2m4,411933,5472,69,UCgNS0lO4629VsmsMNznJ1KA,fitness Gyan and tips,2024-10-15 13:01:13+00:00,15,17,Fitness,3710,,,
00FpyDF5eDc,398896,7540,16,UC--Iy5b9dPLSit2afAZAAWA,Dhurandhar Singh,2025-05-14 11:30:00+00:00,17,17,Fitness,101000,,,
GW_hruHAqNc,452192,8667,373,UCHQiJ3UNaDMvL8zE6nm4GdA,gainsformen,2026-01-15 16:28:05+00:00,23,17,Fitness,101000,,,
Zh5xZnL1WzI,369945,6131,64,UCpHGKxRzLaWYbUIRenaGfZA,Tim Thies,2024-08-14 15:59:18+00:00,20,17,Fitness,47500,,,
DSE7tjwHKs8,463381,2292,9,UC04EhjCOl-4muxWqItd7Auw,Aggiefit,2023-07-16 12:42:11+00:00,9,17,Fitness,8780,,,
RQZRMmmr5ag,402399,11695,32,UCmrmptfnILGvj0_ujxth7Qg,Desi Gym Fitness Shorts,2025-03-06 12:37:26+00:00,24,17,Fitness,17200,,,
sAHnyfBMBxE,558606,9428,43,UCCH-TrsiiApSXlKwcim5kwQ,Ranjith Mahendra ,2026-01-14 07:00:29+00:00,43,17,Fitness,32800,,,
YK1iy5cl6ic,313570,6266,46,UCaPbrgsB8CvQOuk2vix6EeA,Lucas Wenzel,2025-02-08 19:01:30+00:00,44,17,Fitness,1680,,,
86C_3F7iZdg,528241,0,13,UCbTYmJcB2GJu8dij5PIB_rA,Fit Burner,2023-10-21 11:07:00+00:00,7,17,Fitness,11400,,,
nS3uxF9wdaE,401086,7914,5,UCKtLgCxRfoEtU4f2ehfs-tg,FuryFit X,2022-07-29 23:30:08+00:00,15,17,Fitness,92700,,,
hjpuna40LLQ,395201,1843,10,UCyEw-nPmOgo18LPK7wkkdtQ,Kirsten Allen,2023-04-10 16:48:47+00:00,8,17,Fitness,49200,,,
r18RA2ZcrZ0,291225,4563,13,UCcaWyZrrxMaTKtVDkexK9Ow,Nobadaddiction,2023-11-15 11:00:46+00:00,18,17,Fitness,1600000,,,
EEBWgNdDMio,289458,7991,32,UCq58ULpa5ox2iPLkf7gGYOA,Pnp Fitness,2024-07-24 13:47:28+00:00,24,17,Fitness,1360,,,
e1L8GqWwyvQ,226556,9302,180,UCcyYJo0QzH1GBIDAADjt7Vg,RaZa Fitness Fusion,2026-01-20 05:22:33+00:00,38,17,Fitness,66400,,,
xWkbtstiCMI,284292,4501,19,UCCxODoxXrgy7298HxKJ7s0A,OmarFit,2023-03-28 20:12:49+00:00,18,17,Fitness,42800,,,
YP_3t9es2s8,316635,5614,30,UCXI18yQ24f_pfTP8qQEbYdQ,StretchAndTrain,2026-01-15 10:43:25+00:00,53,17,Fitness,103000,,,
3qnt0EXkJ2E,340450,7718,221,UCr80grc3cI1uyiAr6n0txUQ,Azu Boughgouhnon,2025-12-31 16:44:08+00:00,74,17,Fitness,206000,,,
MvFRdgY1udM,300764,4437,60,UC1nm4xrRgYdarG85AEo3egA,Jackson Carey | FitCircuits,2025-05-06 14:19:47+00:00,17,17,Fitness,28900,,,
FEVJaGuEQSE,141491,4887,131,UChXRi2xTPZ8J5lznBNuMCOw,Rohit Khatri Fitness,2025-10-08 14:42:22+00:00,1383,17,Fitness,5190000,,,
CvaqsDPQFtI,318748,4375,8,UCKEnOMbV1TSQR2Q3CXBnDOQ,Fitness with Akanksha,2026-01-19 08:27:25+00:00,54,17,Fitness,82700,,,
zb-MSO-Cv2Y,283639,3599,2,UCg_JXOaN0Hcqt8yiwbZ9xHA,Aesthetic Motivation,2025-06-25 13:01:50+00:00,16,17,Fitness,116000,,,
T8w-kfb9j_E,216554,3300,6,UCCc2i55hjR-hqmxrRYNdQiw,LisaFiitt Workouts,2022-06-19 11:09:02+00:00,15,17,Fitness,536000,,,
JXsW87KrBb8,249727,3155,8,UCozS3V_vyAihuQxhzt_vk1A,Dominique Neto Fitness,2021-12-24 21:27:22+00:00,14,17,Fitness,29600,,,
ND6Od4HbafQ,276377,4465,15,UC0xtlpfoc3C5hKF_W734dAg,GymNought Fitness,2025-07-17 13:02:42+00:00,14,17,Fitness,81700,,,
Xc0cJZOZCn4,202889,4993,81,UCvhDbaGpaNoQBlWWQQ40aGg,Low Back Ability,2023-03-29 20:27:58+00:00,26,17,Fitness,231000,,,
9DI8kQeK5cU,194897,2828,26,UCYaOhZJXhKTfI_PZFBramNA,Drago Boxing,2024-10-15 21:33:06+00:00,22,17,Fitness,1950,,,
9Yc6FSZgkVM,243286,3458,14,UCs85WqgJtpJA2tW1lOwO02Q,EliteFitPerformance ,2025-10-13 11:05:10+00:00,19,17,Fitness,41100,,,
xKD_pa56gMw,249815,1863,27,UCMXO_dXeKJYNU9xeBoi6bDA,Personal Fitness by Clint Neale,2023-03-05 16:22:21+00:00,13,17,Fitness,10700,,,
UORRVHfuWC8,207321,1199,6,UChsDowHhJxxCXyTN4lnZ-Tw,Fitness_VV,2022-12-23 00:39:41+00:00,11,17,Fitness,6300,,,
_OSjrtcSgXg,260500,3145,5,UCq545F2mf-ZLSW9Q1oFj5Xw,Fit Type,2024-08-18 09:22:36+00:00,9,17,Fitness,62600,,,
6shCIo6-aMU,177540,3664,387,UC2zcemdgdT9uerfuvjBzOHg,Fitnesshub,2024-08-27 11:19:29+00:00,16,17,Fitness,653,,,
fsxOVBCB8XQ,341479,1626,8,UCmAzC-1q0mJwGZMltSVyJGQ,Future Workout,2025-08-16 12:29:03+00:00,6,17,Fitness,58600,,,
KShGRsbK3SY,282853,2061,2,UC_3UK0K1_EsIn56xz9w6GRQ,Train2Burn,2025-04-24 15:30:09+00:00,8,17,Fitness,27300,,,
SdhBQgM-PAs,184853,6418,130,UC3Br6v7DI0iu3eA1uZB2tLw,Ishaan Thakur,2025-10-01 13:38:18+00:00,24,17,Fitness,125000,,,
DenDgcx_nic,117476,6436,20,UCUbvGp7gjiqQSyFgEyXHwXg,SHIN’S JOURNEY / Shinya Kadono,2024-03-28 13:00:19+00:00,56,17,Fitness,35800,,,
W9EjLKt2Wug,142648,0,123,UCJhnB4YQ7u_Za7QVFkcfQEw,MultiOut,2026-01-13 12:26:34+00:00,71,17,Fitness,1700000,,,
S07GcJnvBHc,127009,5021,19,UCAvW_xAZ6833WO9wyej8YdA,Taliyan fitness,2024-09-29 07:29:17+00:00,49,17,Fitness,163000,,,
tkn35YCD6Lg,99103,9658,42,UCHR8mlMPY5GAc-Os04R7mqg,Acoustic Biceps,2025-02-17 17:50:05+00:00,82,17,Fitness,581000,,,
4lH-oaUNSRo,100527,0,69,UCitcWM6v2yeE-R4_QU4T7Fw,Team Air Vert,2022-11-04 12:18:50+00:00,59,17,Fitness,12400,,,
Ahozw_SdeG0,126627,1184,4,UC72ZIbVhBIrJpUvCfO3Z68A,jessica chang,2023-04-07 12:43:34+00:00,14,17,Fitness,391,,,
I5lJ9bMEWLM,145880,2865,8,UC5-ye7EIq4KplJ9DccTFESw,Health Headquarters,2022-03-04 14:30:02+00:00,13,17,Fitness,5180,,,
zvYh4WB84Ec,137068,4576,30,UCHRIJNvN3tJ4fz3LR7IKQ7A,THE GYM SM,2025-07-12 11:30:48+00:00,25,17,Fitness,186000,,,
-3ypRc9b38c,245987,2012,18,UCxj2pMO4hXCRe5e2DJnevJw,Full Cup Yoga,2025-08-07 02:31:34+00:00,6,17,Fitness,38500,,,
5YGMBwmnfD0,78514,2126,15,UCK4r1iD1ICdolKQgJpldVZg,Patricia Kraft,2023-11-01 18:18:00+00:00,30,17,Fitness,197000,,,
BJl8t_eJTTc,121375,3298,15,UCCxODoxXrgy7298HxKJ7s0A,OmarFit,2023-04-20 15:34:39+00:00,32,17,Fitness,42800,,,
k6nV2DavaC0,139048,4385,622,UCEQh2aDyPJb35GeuSYCx0Ew,Mukti Gautam,2026-01-13 04:30:39+00:00,28,17,Fitness,1190000,,,
8OjuR3a_yxg,124567,1773,6,UCFr-icYhHY65AP2mKct8vmA,yoga with yogeshwari,2025-08-31 13:32:48+00:00,15,17,Fitness,122000,,,
u4HHs3PjTCQ,116459,694,18,UCfoPpFssqytoSlsHgvuE5YA,Relifesports,2024-11-01 15:15:04+00:00,18,17,Fitness,76500,,,
6v3azGp_8Bo,108966,2096,9,UCpElQAztqshYpJQiXJTHOfQ,Fit With Stefi,2025-06-19 13:00:12+00:00,13,17,Fitness,68400,,,
wgMFWuZy6ZU,102056,2120,37,UC3kcoVA1__4Q4SFTkipIPzg,THE IRON LEG ,2026-01-11 15:55:53+00:00,38,17,Fitness,45400,,,
YSLWKfbOJV4,93423,1326,4,UC2DaO_0mre_6432RE2LTx1g,The Rox 0.5,2026-01-15 14:48:16+00:00,24,17,Fitness,1440,,,
_ztcuUiT2Iw,75970,1112,12,UCpElQAztqshYpJQiXJTHOfQ,Fit With Stefi,2025-03-27 03:46:59+00:00,9,17,Fitness,68400,,,
7vFYwIroHA4,106431,970,2,UCuQb7BKW_1UL0YnvZrQs9CA,Dr.Muscles,2025-08-02 14:00:17+00:00,9,17,Fitness,959,,,
8QS80aP9ULY,110727,970,0,UCFr-icYhHY65AP2mKct8vmA,yoga with yogeshwari,2026-01-14 14:16:54+00:00,9,17,Fitness,122000,,,
5pXXfcC_lnc,52985,742,0,UC9SFGG-6evl7V6MAtaabUvw,StephanieBFit,2023-07-18 19:06:45+00:00,26,17,Fitness,1660,,,
l01hfGS7yxQ,42715,760,4,UCPgXIOqc22g7g6ku-s5-x9Q,Fitwith Poojarana,2024-04-02 14:20:53+00:00,57,17,Fitness,4110,,,
h0OkhFVjtao,32511,1406,72,UChXRi2xTPZ8J5lznBNuMCOw,Rohit Khatri Fitness,2026-01-01 14:49:45+00:00,1664,17,Fitness,5190000,,,
wUz2nu3NLDY,75275,1336,25,UC3kcoVA1__4Q4SFTkipIPzg,THE IRON LEG ,2026-01-12 15:36:30+00:00,38,17,Fitness,45400,,,
Pwnw00GU1-Q,33564,2503,4,UCAoF7ksjPLMz8aId6lYu3cQ,fit_with_puvin,2024-09-02 07:17:32+00:00,41,17,Fitness,19000,,,
cz3rrAK7_vc,64102,1495,28,UC3kcoVA1__4Q4SFTkipIPzg,THE IRON LEG ,2026-01-14 15:40:56+00:00,37,17,Fitness,45400,,,
IRNUcX32XYM,88181,0,1,UCHUT7VxANxwOaA80kqDj7ow,Fitness Zone,2026-01-15 04:05:29+00:00,5,17,Fitness,858,,,
tHsmoDcgN_w,59435,1235,1,UCKEnOMbV1TSQR2Q3CXBnDOQ,Fitness with Akanksha,2026-01-14 15:49:10+00:00,46,17,Fitness,82700,,,
pmx42qx3zAc,33537,0,16,UCF4GyTNnrRT39Y4zUin2EDg,Warriors Dojo International ,2023-10-18 12:01:43+00:00,21,17,Fitness,2790,,,
sSqrX-ApDX0,48653,1253,14,UClK6FmPYprNEoLgQNDl_gnw,Mackenzie Wells Fitness,2025-10-21 01:00:53+00:00,25,17,Fitness,26200,,,
_wl0t4bxGuc,68959,275,0,UC69qEq4qLvHyBeD76UsXssA,Krish fitness ,2025-07-22 04:09:55+00:00,6,17,Fitness,1100,,,
W0Po3Lc_h2E,38639,1667,26,UC08FLpUCWIBbzELpcGU1-Bw,Yogita Toora,2026-01-17 13:29:38+00:00,29,17,Fitness,78500,,,
EhjJhPXbTE4,31897,439,0,UCJWB9LQS9fk_s_-oGbWhBuw,Your Reformer,2023-06-15 23:39:10+00:00,23,17,Fitness,3500,,,
8Euiuj1hfzg,27967,332,2,UCZkfCurqMnIghylzQsHWL6w,Day News Hindi,2025-05-06 03:28:01+00:00,32,17,Fitness,7290,,,
IY5UzX6OAYo,30887,256,0,UCriAss5q0428gryuR18No6w,Fitness Coach ،Hamid Ghadami | حمیدرضا قدمی,2024-07-16 16:14:38+00:00,18,17,Fitness,911,,,
nFONJQVAi-Q,49539,335,0,UCmAzC-1q0mJwGZMltSVyJGQ,Future Workout,2025-08-22 12:29:03+00:00,6,17,Fitness,58600,,,
FJ1zc_4YiRI,30868,143,3,UCrgEoNhO3urydgwsG-VWUwg,NATTYSOON,2026-01-17 13:41:58+00:00,19,17,Fitness,227000,,,
BSMgefNPUP8,46217,201,0,UCJtBldurYf8lf7ZLRcaD5TA,Rj Fitness ,2026-01-16 08:35:43+00:00,5,17,Fitness,1190,,,
7ViQz33j2sU,22906,367,2,UCcwNGYvTqc0NffvV5IzT6dg,Sarah Herse,2025-02-10 22:46:26+00:00,21,17,Fitness,16200,,,
IkVdV79Dfpo,32153,0,4,UCZ_bkJJLG0BAV4IinOt3-Mg,MiddleClass Gymrat ,2026-01-18 15:30:11+00:00,8,17,Fitness,4950,,,
k-vIDpPKeE0,34200,0,1,UCIg8Md8Ulr6qtYDDm6sfWmg,Fit with digvijay ,2025-02-26 13:25:53+00:00,9,17,Fitness,68,,,
77tgzcAeLAM,34155,434,4,UC_wCZvYREsamFMfd39BwFtA,SANTOSH FITNESS SERIES,2026-01-15 06:30:04+00:00,11,17,Fitness,396000,,,
yewzB3fzXZI,29248,956,10,UC3kcoVA1__4Q4SFTkipIPzg,THE IRON LEG ,2026-01-16 15:52:54+00:00,14,17,Fitness,45400,,,
qyhBk0XGFfU,38152,223,0,UC6huADsS1D4Cdb9Bm57Jy2w,Genesis health fitness ,2026-01-20 12:24:31+00:00,7,17,Fitness,126000,,,
rb0tJ6q63Bo,30993,405,2,UC_3UK0K1_EsIn56xz9w6GRQ,Train2Burn,2025-08-13 16:01:35+00:00,7,17,Fitness,27300,,,
gwyPFxZhLnY,22319,838,6,UClK6FmPYprNEoLgQNDl_gnw,Mackenzie Wells Fitness,2025-10-05 01:15:05+00:00,31,17,Fitness,26200,,,
9LXZXShOTYc,28818,385,2,UC_wCZvYREsamFMfd39BwFtA,SANTOSH FITNESS SERIES,2026-01-18 06:30:08+00:00,11,17,Fitness,396000,,,
PbgAIe4PM1I,16137,348,11,UCHQiJ3UNaDMvL8zE6nm4GdA,gainsformen,2026-01-21 14:27:21+00:00,62,17,Fitness,101000,,,
vkzN4gUlfaY,20051,278,5,UC_wCZvYREsamFMfd39BwFtA,SANTOSH FITNESS SERIES,2025-11-22 06:30:38+00:00,12,17,Fitness,396000,,,
Fy0I_61sjRM,12060,236,2,UCMOD7lyPyDyoX0RXsdQS7RA,Coach Sumit Nandal ,2024-07-31 12:47:46+00:00,50,17,Fitness,246,,,
midcgSeRqb4,16859,518,118,UC4xH4TjFBBA7EQx0XFlRBFQ,Alika Goldenberg / Movement & Strength Coach,2025-12-24 15:04:07+00:00,9,17,Fitness,63500,,,
ws_UT8XSb6M,30531,0,11,UCvNH692Xxul8MHwRi5vztFQ,RANA FITNESS ZONE ,2026-01-16 06:28:43+00:00,6,17,Fitness,22900,,,
bsXVBbS4j7E,26348,0,0,UCHUT7VxANxwOaA80kqDj7ow,Fitness Zone,2026-01-12 03:53:56+00:00,5,17,Fitness,858,,,
iJOwjjAHf4U,9937,0,0,UCju5DdFWs8sXkELFvtcb1ng,Health And Products Review,2023-07-31 09:29:46+00:00,16,17,Fitness,1200,,,
eNE1g2gHNUs,16866,516,9,UClK6FmPYprNEoLgQNDl_gnw,Mackenzie Wells Fitness,2026-01-12 01:20:00+00:00,28,17,Fitness,26200,,,
Sfz8gyyknVU,17149,271,3,UC_wCZvYREsamFMfd39BwFtA,SANTOSH FITNESS SERIES,2026-01-14 06:30:17+00:00,13,17,Fitness,396000,,,
D3WcPDEQ-u4,13124,538,10,UC3kcoVA1__4Q4SFTkipIPzg,THE IRON LEG ,2026-01-17 16:06:52+00:00,38,17,Fitness,45400,,,
3dld-ZOfTxE,32162,237,1,UCbEsMXeCdj5OuPA_o2t6g3A,Exercise to lose belly fast at home,2026-01-19 14:20:28+00:00,7,17,Fitness,162000,,,
gUwzuPW5yds,8550,126,4,UCEcqI2ZLNVxCTzLRg7SIAgA,FitRadar,2025-08-23 10:08:57+00:00,36,17,Fitness,373,,,
b3Ktzjr13h8,28878,538,0,UCat6MqisTm8t-7cxjpelDRw,FITNESS WARRIOR ,2026-01-21 05:21:03+00:00,6,17,Fitness,94000,,,
G9iYqpnYJck,15760,229,0,UC_3UK0K1_EsIn56xz9w6GRQ,Train2Burn,2025-08-21 10:30:18+00:00,7,17,Fitness,27300,,,
Q0TCNKteSE8,13336,0,15,UCvNH692Xxul8MHwRi5vztFQ,RANA FITNESS ZONE ,2025-12-25 09:02:16+00:00,9,17,Fitness,22900,,,
LZewG3bF2-E,15557,74,2,UCng67Ugg_A4bcNcmCGiuZ-Q,Eva-Maren Besserer | Home Workouts,2025-12-27 15:32:00+00:00,23,17,Fitness,93300,,,
UdcuHc0SRL8,13393,260,4,UC_wCZvYREsamFMfd39BwFtA,SANTOSH FITNESS SERIES,2026-01-19 12:30:50+00:00,11,17,Fitness,396000,,,
6xWmOrkkvQE,14861,0,8,UCvNH692Xxul8MHwRi5vztFQ,RANA FITNESS ZONE ,2026-01-19 03:08:58+00:00,7,17,Fitness,22900,,,
eigN0O9I5gI,12608,182,6,UC_wCZvYREsamFMfd39BwFtA,SANTOSH FITNESS SERIES,2026-01-20 06:30:22+00:00,11,17,Fitness,396000,,,
KWEWfNjJCeY,7673,135,0,UClK6FmPYprNEoLgQNDl_gnw,Mackenzie Wells Fitness,2025-06-12 01:00:30+00:00,24,17,Fitness,26200,,,
YRvRYN78lTE,8829,461,31,UCsd4fmWedC9EqxvXbx96kgQ,Tony T Dues,2026-01-11 00:09:16+00:00,14,17,Fitness,8070,,,
kk8uJfYoQf8,3478,139,41,UC7z8JjKNQpwtlEpFNVndFKQ,Sumit Singh,2025-06-25 09:14:58+00:00,614,17,Fitness,2890,,,
uqQAKSUpAYY,11079,64,0,UCmAzC-1q0mJwGZMltSVyJGQ,Future Workout,2026-01-21 14:01:36+00:00,6,17,Fitness,58600,,,
0oiaFvi6Okk,7771,466,9,UC3kcoVA1__4Q4SFTkipIPzg,THE IRON LEG ,2026-01-15 15:56:24+00:00,16,17,Fitness,45400,,,
mo2tyMxA1bk,10821,178,17,UC9RRZdOwtYAWPnIR9iYfIIg,Midlife Fit Club,2026-01-18 20:02:39+00:00,10,17,Fitness,70200,,,
7QTT--0To9I,11179,54,0,UCmAzC-1q0mJwGZMltSVyJGQ,Future Workout,2026-01-20 12:29:00+00:00,6,17,Fitness,58600,,,
4DRlK_gAICI,6298,61,6,UCDKE459au7blXylhlY7ASLw,Faizan khan,2025-04-27 14:15:01+00:00,7,17,Fitness,2000,,,
n7Q2XlPaElI,4554,271,13,UC3kcoVA1__4Q4SFTkipIPzg,THE IRON LEG ,2026-01-19 16:06:00+00:00,16,17,Fitness,45400,,,
V7LIUcl_aOs,2527,46,0,UCjD8bm0PbfdNWYqAo0ZBxNw,Amink Jenggot,2025-12-23 13:03:30+00:00,61,17,Fitness,6900,,,
WikNIiIExZM,7075,0,6,UCvNH692Xxul8MHwRi5vztFQ,RANA FITNESS ZONE ,2026-01-21 03:04:28+00:00,5,17,Fitness,22900,,,
Dp8PyYz6LIQ,3448,73,0,UCPwVOO6wjidWY_251vX8lEg,Fitness Tutorial ,2026-01-21 16:34:58+00:00,7,17,Fitness,145000,,,
sGq2-9C25aY,2512,0,0,UCAnvQR8IIqX_gkk2QR0aZ6A,C A P T A I N  C O R E,2026-01-12 14:24:18+00:00,22,17,Fitness,19,,,
6A7EwIX1_-0,2005,0,0,UCZ_bkJJLG0BAV4IinOt3-Mg,MiddleClass Gymrat ,2026-01-21 16:20:35+00:00,9,17,Fitness,4950,,,
RoiLiXVP72s,2037,29,0,UCIpu5BG2Pl-w9WGD8ojx9PQ,Yoga With Ravikant,2026-01-20 16:15:48+00:00,20,17,Fitness,16900,,,
33SLoh2Yn-A,1507,19,4,UCYts2uk38Pozu28fQt0lDUg,The Unorthodox Strength Society,2026-01-13 06:23:51+00:00,10,17,Fitness,2520,,,
nf2v78zvics,1338,36,0,UCxRo9Ne4i1aQl8a-Tn9TZjg,Fit & Align: Home Beauty & Fitness,2026-01-10 13:31:03+00:00,17,17,Fitness,3510,,,
R4j-DlFFMek,1661,0,0,UCPifv370rLyJ5AsCFX5iO6Q,Geologic,2026-01-20 13:00:49+00:00,13,17,Fitness,52600,,,
1OWkc8wk554,1290,0,0,UCrIFIay8mjg9dNa5HrHhgjA,Fit Grower ,2026-01-20 14:23:30+00:00,24,17,Fitness,45,,,
cAnaA5l8HsE,2089,22,0,UC_3UK0K1_EsIn56xz9w6GRQ,Train2Burn,2026-01-10 17:37:34+00:00,9,17,Fitness,27300,,,
08UQa8r4My8,1474,11,0,UCPVCdNRHrGInvDOvcQsXTNw,Goldenarm Fabo12,2026-01-06 19:28:32+00:00,88,17,Fitness,136,,,
IcR2_INUXRI,3528,21,0,UCiQERYfoUaYCUERKT-NgOMg,Yoga with MK,2026-01-21 14:23:52+00:00,12,17,Fitness,2150,,,
r00rIoXxOmw,1145,11,0,UCmeS4JO1-bUWhMH3JqXjGbg,MovesFresh,2026-01-09 14:01:36+00:00,29,17,Fitness,25,,,
fcLaAtkAemI,1262,10,0,UCmeS4JO1-bUWhMH3JqXjGbg,MovesFresh,2026-01-10 14:01:13+00:00,43,17,Fitness,25,,,
N11_sZdPwGM,1118,7,11,UCvBjw0uIhXOcODJsc5QHZyQ,Healthy Holistic Calisthenics 94,2026-01-11 13:21:08+00:00,51,17,Fitness,424,,,
30b0n9m0IKI,4932,62,0,UCPwVOO6wjidWY_251vX8lEg,Fitness Tutorial ,2026-01-21 22:59:17+00:00,6,17,Fitness,145000,,,
bYtpnzblako,1347,8,1,UC68aZiOTFwocgpHmZGbXYtQ,FitWavinya ,2026-01-18 21:27:23+00:00,10,17,Fitness,679,,,
tzH_nXrJwes,1565,37,0,UCHCl92IeTJKE7RnG0SRUrKQ,Global Figures,2026-01-06 04:13:02+00:00,26,17,Fitness,19,,,
uHf9vAHM4AI,1342,23,1,UC3J0H-1kXfUsyElSQro4ghA,Manoj fitness adda 123,2026-01-18 07:39:58+00:00,21,17,Fitness,57,,,
ZEW3ivlCgVw,1236,34,0,UCkRLNZFOgjXYl8drTkWHH0g,Fit India0.2,2026-01-21 07:00:03+00:00,12,17,Fitness,424,,,
Tr9wTiQtpew,921,41,1,UCy2gkR8x8yhgXEA6A6nfeOA,Totally Fit Health Flying and Fashion ,2025-12-30 18:45:33+00:00,98,17,Fitness,1430,,,
a1AFX6313M8,1450,17,0,UCgnTxA6M2mZgWuaeXJU8XnA,Ajay Shersiya,2026-01-12 12:14:26+00:00,19,17,Fitness,203,,,
8-5TPDnV--Q,1640,27,0,UCFbozaVB7TE6NOwu-pqQ2Rg,Chidinma H. Okolo ,2026-01-07 05:43:20+00:00,13,17,Fitness,161,,,
GzFiU-DFP_w,1987,32,0,UCnoFskzdX2U9JerM01fonxQ,Come work out with me! ,2026-01-12 03:00:21+00:00,12,17,Fitness,415,,,
Kal-_9uXnRo,844,12,0,UCNQBCxDwmxfkOkf8u9AbfIQ,Gym With Akshaya,2026-01-18 10:11:37+00:00,51,17,Fitness,60,,,
mJXweRb0ZS0,1924,14,0,UCreDh9eMFV90ytHNI4ytZzA,HOME WORKOUT,2026-01-13 07:00:46+00:00,16,17,Fitness,688,,,
GEw2UnYvZ1o,1280,36,0,UC1fFjN7qaXRN21ASULQzG0A,soni weight loss,2026-01-12 17:16:38+00:00,15,17,Fitness,362,,,
mzqFGfShfrE,4030,40,0,UC31-5clU5884DhPK4_pLH1A,kourstrength 3D,2026-01-19 02:27:33+00:00,8,17,Fitness,151,,,
bYyG-ogOiBg,970,49,0,UCuBmsDnMDeSNi-lts_T02ig,A.k fitness vlogs,2026-01-15 18:43:56+00:00,35,17,Fitness,348,,,
7M_msXRgC10,1314,25,3,UCiCHRqib4saoZTgbHk_mvwA,MimzFit,2026-01-12 18:24:45+00:00,10,17,Fitness,10600,,,
KibIIZvBWV0,1413,9,0,UCGbEez9nj_QnjejdDR1-k3w,Blue Collar Strength & Performance,2026-01-14 20:19:02+00:00,6,17,Fitness,386,,,
U1halfzheSQ,4624,78,0,UCPwVOO6wjidWY_251vX8lEg,Fitness Tutorial ,2026-01-21 19:36:15+00:00,7,17,Fitness,145000,,,
CxQ5Mj3Lh_0,412,14,0,UC5iPGDqMqDVbw6yUT4AYIyQ,Arvind singh,2024-05-15 16:06:40+00:00,15,17,Fitness,312,,,
FtzEQ2ftkjc,1225,30,3,UCqOwDKWdqMg2GSOwDTd_rjA,Fit students ,2026-01-19 13:31:46+00:00,34,17,Fitness,204,,,
StQ-uPT1cz0,1287,9,0,UCmeS4JO1-bUWhMH3JqXjGbg,MovesFresh,2026-01-12 14:00:52+00:00,18,17,Fitness,25,,,
_jqVo3qfkbU,3885,233,4,UCO2jB6aou8YcJWYMjVMvdoQ,BHEEMA’s Fitness,2026-01-19 06:49:41+00:00,61,17,Fitness,22300,,,
z4wC9w0KoqY,960,11,0,UCEnOkqzHBUCA3NGKjsXascA,kARM PATH,2026-01-12 12:46:01+00:00,16,17,Fitness,2090,,,
dLfhEEaNmGQ,900,3,0,UCv0yKxjpT7vDUz17Nd7OXIA,Fitness_Birju,2026-01-19 15:24:35+00:00,30,17,Fitness,593,,,
Xz_X4y5NX30,775,9,2,UCLWnZLDJxRo3JHuhszfB3LQ,Sagar S Christopher,2026-01-04 11:24:54+00:00,63,17,Fitness,116,,,
hXQ4LTzaVRM,1215,17,5,UCD1wjUbvJrNwnaVtC9DlYcg,Rajib Era,2026-01-21 14:00:43+00:00,14,17,Fitness,959,,,
wcG_4lkgApg,897,10,2,UCYsbX1MvqkEkQnpmaiyXBwg,Stubbornboy_ak,2026-01-11 03:57:25+00:00,43,17,Fitness,145,,,
ApBsLrX-kfY,1167,9,0,UCgnTxA6M2mZgWuaeXJU8XnA,Ajay Shersiya,2026-01-13 00:35:14+00:00,14,17,Fitness,203,,,
PRyBj0AeVt8,905,12,0,UC8GZd6x50meWt-VQhQXet_A,Fitness pro wings 💪,2026-01-19 14:41:49+00:00,15,17,Fitness,83,,,
BjVcsjOjfuc,1021,28,6,UC6ofwupDCp2oJL4o2K0ykhw,Amrit Rajalwal,2026-01-17 06:33:33+00:00,14,17,Fitness,518,,,
RHUrSDGylKU,1136,17,0,UCD-luYAKBA4Kipz_lGl8VJg,Daniel,2026-01-20 04:19:08+00:00,30,17,Fitness,86,,,
VA8LOmGRfcg,665,15,0,UCNQBCxDwmxfkOkf8u9AbfIQ,Gym With Akshaya,2026-01-11 07:57:20+00:00,42,17,Fitness,60,,,
tmn_j20WtbU,933,0,0,UCkD5Lw21ODv8SbDSMC5G8RQ,Chita Banjara,2026-01-10 11:41:30+00:00,20,17,Fitness,108,,,
SLqWVO5UGc8,1391,8,0,UCn5zdxfMk4lPR34gnsTLGGg,GLOBAL GAINZ,2026-01-21 00:30:35+00:00,17,17,Fitness,22,,,
s4KI5QVutfw,870,19,0,UCmN64oeqhIr0UV4xwWTm6YA,Mitul Bodara Fitness ,2026-01-15 00:01:00+00:00,21,17,Fitness,28,,,
akv5eZGzkCk,1164,23,9,UC9Hau6lDXuWfwikGmuIA7WA, GYM STRONG ,2026-01-19 13:21:10+00:00,19,17,Fitness,19,,,
1QpEpXgIFZk,1505,25,3,UCzzaYuYeru7eUcf4UOj5tkw,FITandFLIP ,2026-01-19 10:10:32+00:00,11,17,Fitness,313,,,
XzLH7JMBnCc,687,10,0,UCmQwsR3EAgXWXyrPoEAlrYQ,Yog Guru Gourav Sharma,2026-01-13 02:01:44+00:00,21,17,Fitness,17700,,,
gADeq6KwYvM,285,4,0,UCAeShjBPKSWTXvOYXMkv8jw,Atul Patidar,2025-12-31 03:51:27+00:00,95,17,Fitness,5020,,,
SEX_Ln0YAvg,924,11,2,UCZsVtiR3xAhhFvmR8IkzrkA,Health is Wealth,2026-01-21 08:30:26+00:00,17,17,Fitness,558,,,
IXh5qbXGQtM,578,13,0,UCws8fK5ORAFUKqFJ0PkaoIQ,Rajfitness07,2026-01-10 15:32:42+00:00,21,17,Fitness,736,,,
wzyM945klOo,2068,9,0,UCVP7sltWXs-rcxHB3BrGMBw,Fit Fusion,2026-01-16 04:33:41+00:00,10,17,Fitness,1850,,,
JtybO4L6-2Y,980,18,0,UCT5JXPgwUZ8rGbWWtQ1-byg,Fitness club 777,2026-01-22 03:38:50+00:00,7,17,Fitness,7800,,,
_v1Hn69Gcoc,1141,6,0,UCf8eiNrBF0c1_zC7N8xy9eg,sports life ,2026-01-19 14:37:48+00:00,43,17,Fitness,4,,,
LSuEWWjhgOE,487,10,1,UC7hVG94ABSnweFx-ErSnmYQ,sunny yadav fitness guide 06,2026-01-11 13:25:00+00:00,19,17,Fitness,1870,,,
VMJ-18KRDV0,530,4,0,UCEnOkqzHBUCA3NGKjsXascA,kARM PATH,2026-01-10 14:37:00+00:00,18,17,Fitness,2090,,,
CCK-T9ZiCnc,181,7,0,UC9qcAd7d2eAHQzh0XdaKKwQ,DEV FITNESS (UPP),2026-01-14 14:00:31+00:00,17,17,Fitness,19700,,,
9Dg3DDEJ0BY,66,3,0,UCLS8EBaQhVPP72MPq65yTBw,Sascha Concessio,2020-10-26 11:07:55+00:00,36,17,Fitness,114,,,
eUeK93epkI0,77,10,2,UCNq_tkeKv8a1jaWLnP2ODaw,myaddufits,2025-08-10 06:53:32+00:00,57,17,Fitness,2270,,,
_x0oibGqkXg,254,1,0,UC_PyoIVBxV54ZhXJKnAWptg,Workout is Worship,2026-01-15 09:44:47+00:00,22,17,Fitness,64000,,,
9w5fed_yD1Y,254,2,0,UCmEPoW9C4Hzau49hkL4ksQA,Fit Couple ( Madhuri & Dinesh ),2026-01-13 11:30:10+00:00,69,17,Fitness,1030,,,
wMfa8AOdtIU,264,1,0,UCEnOkqzHBUCA3NGKjsXascA,kARM PATH,2026-01-10 17:05:06+00:00,19,17,Fitness,2090,,,
t5_IfDVqDEA,42,6,0,UC5iPGDqMqDVbw6yUT4AYIyQ,Arvind singh,2024-03-20 17:53:19+00:00,21,17,Fitness,312,,,
6ACMJNZsFfY,936,10,1,UC7ZYwY5QF8b862fSDBrPcMQ,Fitness And Yoga Teps ,2026-01-14 06:13:11+00:00,60,17,Fitness,128,,,
KPWjI_UkanQ,76,8,2,UCNq_tkeKv8a1jaWLnP2ODaw,myaddufits,2025-09-10 07:58:00+00:00,33,17,Fitness,2270,,,
ei7sjx0VwP4,143,2,0,UC_7hadR-I7SWgeyO5g85aNg,CCA FITNESS ,2026-01-12 04:32:00+00:00,11,17,Fitness,4370,,,
bdAz_RkFPtg,1690,27,1,UC3DwD8OwKqv0p714XW4hZzw,Kamil Nosal,2026-01-21 20:50:16+00:00,63,17,Fitness,15200,,,
ficDidj1FVI,120,4,0,UCegzlICpvJBALvqsnPisc1Q,Fit with Swati ,2026-01-12 12:29:32+00:00,43,17,Fitness,51,,,
wJXtJp5lc0I,57,3,0,UCuq9fIUvSu3BGmPefLsfaDQ,FITNESSYADAVJI ,2026-01-07 23:30:20+00:00,27,17,Fitness,2040,,,
4Pl5obKjLfI,1017,1,0,UCLWnZLDJxRo3JHuhszfB3LQ,Sagar S Christopher,2026-01-19 13:22:00+00:00,12,17,Fitness,116,,,
hcElbKfaBAE,1177,10,0,UClU5k7wkC4_Nhq6hwusyXPQ,Ranjit Kumar,2026-01-21 12:29:09+00:00,20,17,Fitness,3400,,,
HsQQ8pf7yOY,161,0,1,UCWLNZWzKatS53bp5x7CEVgw,Susil-N,2026-01-13 15:35:58+00:00,11,17,Fitness,33,,,
3vHasUhhfzI,490,0,1,UCbQV6e6L9BXlNO8mMZTCqJQ,Bikash Fitlife ,2026-01-22 01:07:36+00:00,30,17,Fitness,314,,,
8GbPJZUpulU,40,7,0,UCNq_tkeKv8a1jaWLnP2ODaw,myaddufits,2025-12-05 05:58:11+00:00,13,17,Fitness,2270,,,
IbeAGqNKPnY,209,4,0,UCEnOkqzHBUCA3NGKjsXascA,kARM PATH,2026-01-12 15:53:00+00:00,18,17,Fitness,2090,,,
7gKFVu9rFyY,116,1,0,UCEnOkqzHBUCA3NGKjsXascA,kARM PATH,2026-01-12 04:51:00+00:00,13,17,Fitness,2090,,,
FwmGrssaQk8,97,2,0,UC9yGPhIWsxjjYbVyJYDadhA,racer ashish5,2026-01-12 08:06:30+00:00,11,17,Fitness,1130,,,
QzK8FNLbnOA,64,2,0,UChmKnH4YFx9SkAdqtW6hR7w,Quick Health Facts,2026-01-15 17:49:43+00:00,19,17,Fitness,38,,,
RrFacFZD2C8,104,4,0,UCD757X1A6WX8EAqo1W3g82w,BADAL-FITNESS-BOY,2026-01-11 03:29:00+00:00,11,17,Fitness,2320,,,
QYE1AxkvVhc,19,3,0,UCKQnRQ8J18g0ZOFyoQXujOg,The Alpha Subham,2026-01-10 05:34:35+00:00,81,17,Fitness,666,,,
XwmTDM9BwxM,1492,19,2,UCiBE1Ohepm_9ILDgnyF64iw,Body by Miha,2026-01-19 13:25:56+00:00,57,17,Fitness,1600,,,
oHnaT94KSOo,1598,23,2,UCHNQnmPGFoivFSDbGJHK7xA,"
𝗣𝗿𝗮𝘀𝗵𝗮𝗻𝘁 𝗦𝘂𝗰𝗰𝗲𝘀𝘀 𝗧𝗿𝗶𝗰𝗸",2026-01-19 14:32:05+00:00,61,17,Fitness,263,,,
9NZ5KbHiRdo,18,0,0,UCPXf9d0nVaAmQnoWlfmkhvA,Muazzam Vlogs13,2022-10-24 06:49:39+00:00,16,17,Fitness,2420,,,
bRUgV57u-Fs,1615,4,0,UCbcXfPDkI1FElfBXvBgeZFw,DANS45,2026-01-21 12:24:11+00:00,14,17,Fitness,101,,,
CLbtGcFJxLQ,1637,13,0,UCvy-JCoxcO9LSe3cn8q9CTA,RJ GYM FITNESS,2026-01-20 07:53:21+00:00,8,17,Fitness,4300,,,
jDZzSjsH1f8,1001,0,1,UCrIFIay8mjg9dNa5HrHhgjA,Fit Grower ,2026-01-19 13:37:09+00:00,50,17,Fitness,45,,,
YM-523rXF7c,1346,0,0,UCfrtLx8m4cS7s40_x5MNJrA,Zemy_Fitness,2026-01-21 14:19:05+00:00,10,17,Fitness,133,,,
XMYJSaUNkIs,955,10,0,UCupWo2LajR-pPt3ElAovqoA, Vijay Fitness 07,2026-01-20 15:00:00+00:00,32,17,Fitness,1390,,,
n32p7IvPjJA,1,0,0,UCi897JrsWy7h46W6EQWQDMw,Fit with Suraj,2026-01-22 05:52:58+00:00,13,17,Fitness,155,,,
E3bgg6Jwtbw,310,4,0,UCT5JXPgwUZ8rGbWWtQ1-byg,Fitness club 777,2026-01-22 03:52:58+00:00,8,17,Fitness,7800,,,
QCq6T5OWvXk,256,11,5,UC8YRDsLV0GiT06Zo6nGgrqQ,MRAT,2026-01-21 12:33:08+00:00,40,17,Fitness,33,,,
kslZjngqVjI,981,0,0,UC-oT2ojSkSZclOVQfZvb09A,?.MuscleMastery,2026-01-19 12:11:22+00:00,20,17,Fitness,333,,,
wuiRHurYm30,346,2,0,UC9eXg9bp5yPkjD1e7yMVPIg,Vishlfitness ,2026-01-19 12:47:06+00:00,13,17,Fitness,,,,
eBDw0ITtHpw,458,0,0,UCduW0_X2biX-LZoVj6u2fkQ,Rohan Fit Journey,2026-01-20 14:22:30+00:00,26,17,Fitness,20,,,
cKLGlXVNskc,1136,33,3,UCQassf9hlk_vmvA-WlcGxrQ, S A Power Fitness,2026-01-20 13:28:38+00:00,30,17,Fitness,2010,,,
4SBVfbZ2YOs,976,8,0,UCupWo2LajR-pPt3ElAovqoA, Vijay Fitness 07,2026-01-19 15:00:00+00:00,31,17,Fitness,1390,,,
hMVtm5Y7elo,93,0,0,UCwOePeMHmvnvUrf8rmathBQ,Ansh Aggarwal,2026-01-21 12:29:41+00:00,20,17,Fitness,185,,,
LUBdeX4fP8s,974,11,0,UCNQBCxDwmxfkOkf8u9AbfIQ,Gym With Akshaya,2026-01-21 09:22:49+00:00,23,17,Fitness,60,,,
sd1JHYu9vew,4,0,0,UCWB1LVreu0yXgU_E10Y5tRw,sanyam arya,2026-01-22 03:35:01+00:00,16,17,Fitness,11200,,,
UqDulz0u3w0,10,0,1,UCCoahxTlMr1764jPGBpNfCg,Bodyonix,2026-01-20 01:45:05+00:00,23,17,Fitness,1,,,
CnSylwYOu1E,2178021347,20943413,0,UCgFXm4TI8htWmCyJ6cVPG_A,Toys and Colors,2023-05-05 11:30:04+00:00,30,24,Entertainment,82000000,,,
ycyryfTLDdY,711649497,1691721,13517,UC4B6dDVB0Umrh5l4UgxUtyg,MY FAMILY,2022-04-01 11:08:36+00:00,589,24,Entertainment,19700000,,,
EXblG4Tfpgc,639976464,2136451,23256,UCkKDpnzIG29MA--Sh6oOtWg,Busy Fun Ltd,2022-04-14 03:00:08+00:00,619,24,Entertainment,27900000,,,
Yr6-4DAF3Fc,474752761,1527400,15786,UCkKDpnzIG29MA--Sh6oOtWg,Busy Fun Ltd,2021-08-30 03:00:08+00:00,527,24,Entertainment,27900000,,,
GuNZttnNXZU,528008791,5473900,0,UCxRyaI55RSCVOfa6V4WcZlA,Genki Park,2022-11-16 17:19:09+00:00,23,24,Entertainment,2620000,,,
iWEw_INCj-A,381351764,0,55584,UCw82-Eh-C45fBcSxozfFkJg,Sufiyan Khan Vlogs,2022-06-30 14:42:06+00:00,17,24,Entertainment,8350000,,,
7ixsUIyKIE0,373550553,970866,9835,UCkKDpnzIG29MA--Sh6oOtWg,Busy Fun Ltd,2021-10-04 03:00:05+00:00,530,24,Entertainment,27900000,,,
MsyQgyJbjns,364904039,1281396,13553,UCkKDpnzIG29MA--Sh6oOtWg,Busy Fun Ltd,2021-08-08 03:00:05+00:00,520,24,Entertainment,27900000,,,
fexHdUZhocs,344998275,1023548,8717,UCkKDpnzIG29MA--Sh6oOtWg,Busy Fun Ltd,2021-09-28 03:00:24+00:00,567,24,Entertainment,27900000,,,
TmWjjYoSjkw,285073928,873268,9920,UCkKDpnzIG29MA--Sh6oOtWg,Busy Fun Ltd,2021-07-27 02:10:07+00:00,486,24,Entertainment,27900000,,,
UNgwa7OekXA,284685853,985712,9479,UCkKDpnzIG29MA--Sh6oOtWg,Busy Fun Ltd,2022-06-02 03:00:09+00:00,579,24,Entertainment,27900000,,,
73VpmWdR26k,331430763,4476303,6966,UCC8-GatMM-uWI15810eqIpg,Aarna and Abhay Show,2022-02-01 13:30:02+00:00,13,24,Entertainment,15000000,,,
6A-CNp9xRwY,261447817,579463,5149,UCTtqwFQDLjQQBfwyxaLMZdQ,Fun Tv 420,2022-07-30 05:47:30+00:00,503,24,Entertainment,7400000,,,
GtDoTGq2P1s,236050084,732855,5818,UCkKDpnzIG29MA--Sh6oOtWg,Busy Fun Ltd,2022-05-06 11:56:04+00:00,579,24,Entertainment,27900000,,,
B1fLadxguic,238539495,2307600,7190,UCfw8x3VR-ElcaWW2Tg_jgSA,Rebecca Zamolo,2022-10-07 18:03:25+00:00,9,24,Entertainment,20900000,,,
rB11d4adONM,212520418,545762,5397,UCkKDpnzIG29MA--Sh6oOtWg,Busy Fun Ltd,2022-04-18 03:00:15+00:00,544,24,Entertainment,27900000,,,
e1SVonFKt34,201480605,750852,10603,UC4B6dDVB0Umrh5l4UgxUtyg,MY FAMILY,2021-02-24 03:21:09+00:00,507,24,Entertainment,19700000,,,
L2i8agzydig,198791096,509368,6014,UCMuz3501Iy7n-yPIFi1KldQ,Our Fun Tv,2023-02-21 03:14:18+00:00,488,24,Entertainment,7150000,,,
zYNiHapY_c0,198464977,579568,3944,UCe9lO5FQR2lLNBtzU0Swgvg,Fun Tv 24,2022-08-02 01:45:01+00:00,559,24,Entertainment,2800000,,,
KVtD-Aq3KS4,196774995,426358,3913,UCkKDpnzIG29MA--Sh6oOtWg,Busy Fun Ltd,2022-08-02 03:06:15+00:00,487,24,Entertainment,27900000,,,
zc-SQHDCU_0,193057703,528652,2393,UC4B6dDVB0Umrh5l4UgxUtyg,MY FAMILY,2022-02-13 03:02:47+00:00,491,24,Entertainment,19700000,,,
QW7ooEGsPxA,186523376,465302,4432,UCkKDpnzIG29MA--Sh6oOtWg,Busy Fun Ltd,2021-10-10 03:00:06+00:00,549,24,Entertainment,27900000,,,
BZNmCBnOX1M,185465287,566139,6997,UC4B6dDVB0Umrh5l4UgxUtyg,MY FAMILY,2021-04-17 03:00:03+00:00,497,24,Entertainment,19700000,,,
EJvtcH1A0Zg,269491865,3350233,0,UCREIHrEZ0tWPeILgizxsxgQ,Musa In SHORTS ,2023-06-07 12:19:05+00:00,58,24,Entertainment,11800000,,,
Qw99wVA7fqc,163762854,401507,2030,UC4B6dDVB0Umrh5l4UgxUtyg,MY FAMILY,2022-04-22 08:45:31+00:00,502,24,Entertainment,19700000,,,
V_BLCGUmnJw,157726386,618656,6088,UCTtqwFQDLjQQBfwyxaLMZdQ,Fun Tv 420,2021-09-07 03:00:10+00:00,504,24,Entertainment,7400000,,,
EWBLZqfImPU,153344432,4127678,2445,UCDwhsmzFDLc5hOB6SUglAjg,Neetu Bisht,2023-06-13 04:30:04+00:00,60,24,Entertainment,38700000,,,
IWA1SN7u98Q,146679012,484300,5322,UCkKDpnzIG29MA--Sh6oOtWg,Busy Fun Ltd,2021-05-17 03:00:05+00:00,504,24,Entertainment,27900000,,,
J-Z4VZ8whQM,143961519,394332,4015,UCkKDpnzIG29MA--Sh6oOtWg,Busy Fun Ltd,2021-11-22 04:56:16+00:00,505,24,Entertainment,27900000,,,
NwFFtG5G68g,157722905,2544594,1572,UCdZBreY-i7T369Xm9dJ3Omg,Bablu TST,2023-04-25 07:53:34+00:00,48,24,Entertainment,4520000,,,
B3pXZPYeDq4,140745324,309020,2518,UCkKDpnzIG29MA--Sh6oOtWg,Busy Fun Ltd,2022-08-22 03:00:27+00:00,483,24,Entertainment,27900000,,,
7JtS8qT4kg4,136861261,340125,2925,UC4B6dDVB0Umrh5l4UgxUtyg,MY FAMILY,2022-02-07 03:20:59+00:00,502,24,Entertainment,19700000,,,
M4Fv3RTfxt4,135966134,5411054,8116,UCcjx6m03fZwtRBFn1Cf7kKQ,Zac Alsop,2023-05-31 17:15:12+00:00,60,24,Entertainment,2330000,,,
FlC-tArSgeU,132635808,323288,2670,UCkKDpnzIG29MA--Sh6oOtWg,Busy Fun Ltd,2022-09-27 02:44:02+00:00,502,24,Entertainment,27900000,,,
QPC2hMWY7BA,129724779,230409,1482,UC4B6dDVB0Umrh5l4UgxUtyg,MY FAMILY,2022-10-30 05:16:19+00:00,489,24,Entertainment,19700000,,,
Xje4VhLUZWU,126198403,404975,3980,UCkKDpnzIG29MA--Sh6oOtWg,Busy Fun Ltd,2021-09-22 03:00:20+00:00,493,24,Entertainment,27900000,,,
a2vJLW0ZkX0,170684872,1586686,9033,UCWaOde99oeUVoXbIj3SNu9g,Sagawa /さがわ,2022-08-09 08:30:01+00:00,8,24,Entertainment,38000000,,,
c6f6d0HqK6w,148577160,678622,1249,UCYRxWT6N7rxdM2FCH2L6nhQ,Mithun shorts tv,2022-12-05 14:38:20+00:00,6,24,Entertainment,169000,,,
RfcoG_lyXjk,113536062,308733,2498,UCkKDpnzIG29MA--Sh6oOtWg,Busy Fun Ltd,2022-04-25 03:00:07+00:00,505,24,Entertainment,27900000,,,
RIBeHORORvw,117848290,3544338,3371,UCDwhsmzFDLc5hOB6SUglAjg,Neetu Bisht,2023-03-02 09:30:07+00:00,60,24,Entertainment,38700000,,,
45Qso9NVqHk,111963114,401731,4062,UCkKDpnzIG29MA--Sh6oOtWg,Busy Fun Ltd,2021-06-12 03:00:02+00:00,516,24,Entertainment,27900000,,,
CWKcz1tdyLY,106124302,325132,3578,UCkKDpnzIG29MA--Sh6oOtWg,Busy Fun Ltd,2021-09-10 03:00:08+00:00,530,24,Entertainment,27900000,,,
4GROCTH7FY8,104721847,3201377,7729,UCt8jfvd9skBAOT6XJwc_mJg,Family Feud,2022-12-31 19:44:51+00:00,14,24,Entertainment,4350000,,,
NE3JAjPDpig,103672251,376812,3817,UCkKDpnzIG29MA--Sh6oOtWg,Busy Fun Ltd,2021-05-10 05:28:08+00:00,501,24,Entertainment,27900000,,,
3EQWINeC-Uo,103209761,1729417,1187,UCobCsXaWsPawN22tXWH0cbw,GuiGe,2023-06-19 12:00:03+00:00,56,24,Entertainment,20900000,,,
JIJ6f_-Tu2A,99660893,325520,2268,UCkKDpnzIG29MA--Sh6oOtWg,Busy Fun Ltd,2022-04-11 03:23:22+00:00,531,24,Entertainment,27900000,,,
JzT273iQjTk,97023276,316299,2707,UCkKDpnzIG29MA--Sh6oOtWg,Busy Fun Ltd,2022-12-16 06:28:53+00:00,527,24,Entertainment,27900000,,,
SCFWa1dTegQ,104353311,3550649,4990,UCi3MAWavUCdKqjpiqqUSqMQ,Amishaforyou,2023-06-05 07:08:28+00:00,37,24,Entertainment,13200000,,,
AhlGN7vVFPM,96704038,2746198,5939,UCJRoUjCbVLWvA20rCbh1qfQ,4M Animation,2023-03-01 17:18:03+00:00,60,24,Entertainment,3170000,,,
atzNFYGmQCo,96653352,2461966,1606,UCxi0dzokH2oIL6NfCgqmAsw,Minku Tinku,2023-05-05 07:35:13+00:00,42,24,Entertainment,13400000,,,
CT_9qqPfxew,87439679,323669,2563,UCMuz3501Iy7n-yPIFi1KldQ,Our Fun Tv,2021-11-29 03:00:04+00:00,546,24,Entertainment,7150000,,,
2WW0H_ygSIM,91321726,1559562,1611,UCoxEmfaNM9eCqIER5KnjPxg,shadab5star,2023-06-03 06:46:18+00:00,60,24,Entertainment,16500000,,,
I0kExzITrlE,87523920,3270994,2902,UCDwhsmzFDLc5hOB6SUglAjg,Neetu Bisht,2023-03-05 07:30:05+00:00,60,24,Entertainment,38700000,,,
gFuh97PSmrE,75478606,2557467,22037,UCo6y9hnRawAqtyWhRhblXqg,Dushyant kukreja,2021-02-10 16:20:03+00:00,21,24,Entertainment,49800000,,,
WtV4yGZ_g8M,75378408,240037,1847,UCkKDpnzIG29MA--Sh6oOtWg,Busy Fun Ltd,2022-05-12 03:32:29+00:00,540,24,Entertainment,27900000,,,
BIp6D6dbFDE,74278663,272679,3205,UC4B6dDVB0Umrh5l4UgxUtyg,MY FAMILY,2021-04-23 02:22:52+00:00,493,24,Entertainment,19700000,,,
V_vpYhx8t7Q,107191140,1193781,1928,UCzsiHZPNEoZNjaDyFo9E2Cg,Kundan Kumar Shorts,2022-10-09 03:30:07+00:00,13,24,Entertainment,188000,,,
Ot1Izx1N4nU,72676266,2144848,1243,UCDwhsmzFDLc5hOB6SUglAjg,Neetu Bisht,2023-06-21 04:30:06+00:00,60,24,Entertainment,38700000,,,
b__XqZBTnlM,79038741,1364303,0,UC8FqLpnbxRNpNmDuxNHuHHA,PR PRESENTS,2023-01-27 12:49:56+00:00,40,24,Entertainment,10700000,,,
MV0JFAbiBnY,70106484,196311,1529,UC4B6dDVB0Umrh5l4UgxUtyg,MY FAMILY,2022-07-18 06:57:58+00:00,554,24,Entertainment,19700000,,,
gGErg_aBemE,67859688,169460,1407,UCkKDpnzIG29MA--Sh6oOtWg,Busy Fun Ltd,2023-04-11 03:00:25+00:00,515,24,Entertainment,27900000,,,
U78yPYecz7o,67891397,116146,1018,UCJYi5GZRNoW1nJGU_Y1JbGA,Maha Fun Tv,2022-10-07 02:37:43+00:00,489,24,Entertainment,14600000,,,
H8ckv9sGSd4,67597388,170718,1708,UCkKDpnzIG29MA--Sh6oOtWg,Busy Fun Ltd,2022-03-27 11:38:01+00:00,559,24,Entertainment,27900000,,,
LEMPBBBX_eo,67966327,1569953,394,UCyBIQBPJvZBZDNZ-oTRUfog,Brijkishor Patel Vlog,2022-07-20 15:01:34+00:00,59,24,Entertainment,13100000,,,
BINyxkM5vjA,68850096,2222019,2760,UCHsy1_kQ_7Wgv-U_0igOt8g,niha sisters,2021-12-25 11:05:38+00:00,60,24,Entertainment,3520000,,,
08LI-HvskuQ,72114206,1464832,1014,UC8FqLpnbxRNpNmDuxNHuHHA,PR PRESENTS,2023-03-24 13:42:01+00:00,60,24,Entertainment,10700000,,,
35MWtt7N9_I,63833614,242940,3203,UCpTILQ0MwpwiUtv9f0H8EhA,Palli Gram TV,2023-01-16 11:30:01+00:00,748,24,Entertainment,17500000,,,
qBr4ZkD_ECU,63633323,147458,1114,UC4B6dDVB0Umrh5l4UgxUtyg,MY FAMILY,2022-02-26 03:38:02+00:00,487,24,Entertainment,19700000,,,
StffYPFu-q0,66418510,1740631,0,UCD_8aQNFgk3MxQMt6J0_QVA,Megha Chaube,2023-03-09 13:49:01+00:00,29,24,Entertainment,6170000,,,
rhbndMPUD8k,61196420,1537536,2016,UCxi0dzokH2oIL6NfCgqmAsw,Minku Tinku,2023-06-20 07:34:54+00:00,48,24,Entertainment,13400000,,,
tI8lWQqqvbw,57835643,2958907,1655,UCq8K2QcYKGFZXSkgJk1AvWA,Sadiq Ahmed Vines,2022-05-26 12:16:06+00:00,51,24,Entertainment,13100000,,,
oa4N6YUlags,57696069,3011516,1701,UCpEhnqL0y41EpW2TvWAHD7Q,SET India,2022-06-15 07:55:10+00:00,55,24,Entertainment,188000000,,,
1UZ-93q8Rwg,56098541,203141,2348,UCTtqwFQDLjQQBfwyxaLMZdQ,Fun Tv 420,2021-10-27 04:27:35+00:00,486,24,Entertainment,7400000,,,
b1lNX-PGcyE,57381665,2529359,6871,UCt8jfvd9skBAOT6XJwc_mJg,Family Feud,2022-09-13 20:32:55+00:00,20,24,Entertainment,4350000,,,
XZNucxcpDgk,54347875,2553320,5810,UCb-vZWBeWA5Q2818JmmJiqQ,Oscars,2022-01-31 21:17:53+00:00,53,24,Entertainment,3340000,,,
r1tOms37Erc,52427139,183222,1574,UCMuz3501Iy7n-yPIFi1KldQ,Our Fun Tv,2022-01-04 06:41:56+00:00,491,24,Entertainment,7150000,,,
SFcmnMyqCcg,51148342,1763010,5752,UCo6y9hnRawAqtyWhRhblXqg,Dushyant kukreja,2021-07-20 02:30:04+00:00,42,24,Entertainment,49800000,,,
ETVFiG_eVGQ,50333952,891125,4006,UC2dc4cmFH6lCTXb2hes5Pwg,Neetu Bisht Rawat,2023-05-17 09:00:12+00:00,7,24,Entertainment,4160000,,,
rs9RHJZiel8,47676179,120133,1066,UCkKDpnzIG29MA--Sh6oOtWg,Busy Fun Ltd,2022-08-28 01:59:26+00:00,536,24,Entertainment,27900000,,,
C3antKKgR-U,47483033,2430316,1659,UCDwhsmzFDLc5hOB6SUglAjg,Neetu Bisht,2022-09-14 07:40:34+00:00,60,24,Entertainment,38700000,,,
WAEoJqYCIoA,46315163,488055,10588,UC0H6I4rKiHmtceSdTCM-DKQ,Ruchi and Piyush,2020-03-09 08:30:00+00:00,751,24,Entertainment,3820000,,,
f6a5JTbyMAA,55004031,0,2039,UCi3MAWavUCdKqjpiqqUSqMQ,Amishaforyou,2023-05-14 07:14:14+00:00,38,24,Entertainment,13200000,,,
Ub7e6vUJ4eg,45142435,103690,835,UCkKDpnzIG29MA--Sh6oOtWg,Busy Fun Ltd,2022-08-09 03:51:42+00:00,524,24,Entertainment,27900000,,,
nRddcRnQGzM,43748851,172894,1942,UCkKDpnzIG29MA--Sh6oOtWg,Busy Fun Ltd,2021-11-03 04:14:50+00:00,517,24,Entertainment,27900000,,,
qz91smv1cZ8,44655733,1074219,17998,UCt8jfvd9skBAOT6XJwc_mJg,Family Feud,2022-04-06 15:59:50+00:00,17,24,Entertainment,4350000,,,
HEgcfoMhO18,43326748,167014,1532,UCTtqwFQDLjQQBfwyxaLMZdQ,Fun Tv 420,2022-05-16 07:12:03+00:00,493,24,Entertainment,7400000,,,
fvCHPAESRfU,43011903,74863,433,UCe9lO5FQR2lLNBtzU0Swgvg,Fun Tv 24,2022-10-28 13:22:43+00:00,528,24,Entertainment,2800000,,,
Xc1K6-AY8VY,42940560,1750953,2462,UCpEhnqL0y41EpW2TvWAHD7Q,SET India,2022-08-26 06:19:07+00:00,58,24,Entertainment,188000000,,,
Y7N5M-JDsc4,42734093,158281,1589,UCTtqwFQDLjQQBfwyxaLMZdQ,Fun Tv 420,2021-11-07 04:15:37+00:00,499,24,Entertainment,7400000,,,
061bF0-Cww4,47777443,0,518,UCBKvC2TWrSedladWZtezK8A,Vlogger Ayaan,2022-10-19 01:15:00+00:00,16,24,Entertainment,9620000,,,
TsNM1yv_YGk,41804765,1425747,2277,UCDtX2nB4LzwaPQGXCL-DZsg,Sony Pictures Entertainment India,2023-05-16 15:15:01+00:00,47,24,Entertainment,3710000,,,
5cSkNRGv7-4,40236154,100634,843,UCkKDpnzIG29MA--Sh6oOtWg,Busy Fun Ltd,2023-05-07 02:00:02+00:00,492,24,Entertainment,27900000,,,
lHndViV92ug,41678610,1076197,2296,UCYFPzRnPm4GuoDU1N4NkHzQ,The Thoughtful Girl,2023-06-27 05:00:30+00:00,59,24,Entertainment,11500000,,,
qn2k16YcJ10,39643633,1933325,2194,UCpEhnqL0y41EpW2TvWAHD7Q,SET India,2022-05-05 12:30:56+00:00,57,24,Entertainment,188000000,,,
LdStVwXqCAc,38838418,998084,939,UCSgVw2iWODCXSlVZA0SO86g,Allari Aarathi,2022-12-16 04:30:11+00:00,60,24,Entertainment,7370000,,,
RvCz_zlkhA8,35981075,109460,1091,UCkKDpnzIG29MA--Sh6oOtWg,Busy Fun Ltd,2022-06-08 03:00:09+00:00,514,24,Entertainment,27900000,,,
H5qf9tfAUK4,57729285,0,75,UCBKvC2TWrSedladWZtezK8A,Vlogger Ayaan,2022-12-07 01:15:00+00:00,14,24,Entertainment,9620000,,,
ncIX1IJ_CzI,34430864,104085,991,UCTtqwFQDLjQQBfwyxaLMZdQ,Fun Tv 420,2022-04-26 03:14:30+00:00,497,24,Entertainment,7400000,,,
E_BH8mBPh9w,32519868,1268755,6753,UC5D_I5vSW9rs00mp2bh-LRA,Stock Market With Dr Rahul,2022-08-02 14:16:49+00:00,59,24,Entertainment,199000,,,
Ap9RhRVLrVY,32241472,1448090,856,UCL0pM5-vrLp3Oy9PXzpqXpA,prashu__baby,2022-12-16 10:59:10+00:00,59,24,Entertainment,11900000,,,
0Zy1CMqyCPo,31565250,1491322,3120,UCwV65zx2c8rCL8NhARci1Hw,Trending Theeviravadhi,2023-06-09 12:50:16+00:00,60,24,Entertainment,7070000,,,
aWCxlUSmHJw,32069475,1354758,841,UCDwhsmzFDLc5hOB6SUglAjg,Neetu Bisht,2023-03-23 08:07:10+00:00,59,24,Entertainment,38700000,,,
oFf8QTmmcs8,30627891,110349,1083,UCTtqwFQDLjQQBfwyxaLMZdQ,Fun Tv 420,2021-11-01 03:00:27+00:00,484,24,Entertainment,7400000,,,
KyZBhTaNQBY,28857954,185344,3168,UCNzvEv3XpFYnWEbD5Ero7mw,Pakau TV channel,2021-05-22 06:30:02+00:00,483,24,Entertainment,2750000,,,
5BM2CuVB4Og,28619060,62635,609,UCkKDpnzIG29MA--Sh6oOtWg,Busy Fun Ltd,2022-09-09 02:10:44+00:00,484,24,Entertainment,27900000,,,
3vjryPUkX48,28876287,1003423,3377,UCT2X19JJaJGUN7mrYuImANQ,America's Got Talent,2021-12-04 13:59:47+00:00,57,24,Entertainment,30900000,,,
OhITDbDW8Rw,28376865,93966,913,UCJYi5GZRNoW1nJGU_Y1JbGA,Maha Fun Tv,2022-10-01 04:46:31+00:00,502,24,Entertainment,14600000,,,
td45QP64DaI,27997129,1033175,1303,UCqaBy7dijpC6OWEe-Jc051w,Funyaasi,2022-04-16 08:30:14+00:00,49,24,Entertainment,6180000,,,
sH5vj26YS8Q,31586255,899242,377,UCSs9H1cyB3OHdy8wkit8ZKg,etvteluguindia,2022-05-19 12:00:33+00:00,37,24,Entertainment,23300000,,,
Ovdw9ISNMBA,28044243,1253416,2521,UCvVEcGPPEkn3zSdc-rniGMg,Family Fitness,2022-07-12 12:44:51+00:00,59,24,Entertainment,15600000,,,
VUFuCivZR_8,25785667,212387,3600,UCNzvEv3XpFYnWEbD5Ero7mw,Pakau TV channel,2021-07-21 07:30:02+00:00,695,24,Entertainment,2750000,,,
Jtc8zl4bXVo,25887941,902692,1253,UCSs9H1cyB3OHdy8wkit8ZKg,etvteluguindia,2021-07-23 07:49:44+00:00,57,24,Entertainment,23300000,,,
kYjsx39vm-U,25892936,720994,461,UCxi0dzokH2oIL6NfCgqmAsw,Minku Tinku,2023-05-17 07:37:00+00:00,50,24,Entertainment,13400000,,,
YQn2sz407E8,24903362,454032,0,UC4WkXgiK6VxAri_R_qmIFvQ,Samayra Narula Official,2022-06-08 13:04:18+00:00,23,24,Entertainment,21600000,,,
lj33xph7rn4,25199123,1232146,990,UCSs9H1cyB3OHdy8wkit8ZKg,etvteluguindia,2022-02-04 11:50:14+00:00,43,24,Entertainment,23300000,,,
dMWni-P-pAQ,24047861,104922,0,UCR2FmWQdYpGbrTPJEp0MIzw,Palli Gram TV Official,2023-05-20 10:30:16+00:00,643,24,Entertainment,7970000,,,
QkZSefVlRYE,23132580,1270103,1826,UC4WkXgiK6VxAri_R_qmIFvQ,Samayra Narula Official,2022-07-25 12:16:49+00:00,60,24,Entertainment,21600000,,,
IpRYYw4p8kI,23278897,762627,927,UCSs9H1cyB3OHdy8wkit8ZKg,etvteluguindia,2021-09-03 09:03:09+00:00,56,24,Entertainment,23300000,,,
0jxLg5vycCY,23232321,0,599,UCjTDRtd_rUyf_Iu19BERnEw,Arunvanshika ,2023-04-11 13:58:27+00:00,35,24,Entertainment,1300000,,,
oHxLWggbkyg,21789601,910657,760,UCL0pM5-vrLp3Oy9PXzpqXpA,prashu__baby,2021-10-30 03:28:16+00:00,52,24,Entertainment,11900000,,,
0UPi5keDPAk,21810036,659402,0,UCi3SR4l-4eX54WYyheuSkXw,Charan Spy,2022-02-02 03:47:42+00:00,43,24,Entertainment,5880000,,,
Yb4_29Rpkl8,21039405,70272,586,UCkKDpnzIG29MA--Sh6oOtWg,Busy Fun Ltd,2022-09-03 08:16:10+00:00,539,24,Entertainment,27900000,,,
krcDw4ZYxSA,22162470,899834,605,UCPXQ211d2zbLXFmFr4uy7YQ,vlogger varun,2023-05-13 07:19:25+00:00,49,24,Entertainment,30300000,,,
GoJFI2nm7bQ,21275192,868581,845,UCSs9H1cyB3OHdy8wkit8ZKg,etvteluguindia,2021-06-24 10:47:55+00:00,55,24,Entertainment,23300000,,,
-9zyvExwDYM,20512580,703648,0,UC4WkXgiK6VxAri_R_qmIFvQ,Samayra Narula Official,2022-06-04 07:33:31+00:00,60,24,Entertainment,21600000,,,
ud8HZ0f__xs,20638673,885224,1657,UCL0pM5-vrLp3Oy9PXzpqXpA,prashu__baby,2023-04-28 12:06:17+00:00,59,24,Entertainment,11900000,,,
HHQRsBQz7e4,20925186,819490,1163,UCDwhsmzFDLc5hOB6SUglAjg,Neetu Bisht,2023-05-10 08:30:05+00:00,60,24,Entertainment,38700000,,,
wWf3yJgDACg,20480413,872281,3300,UCtAXJ4DNpshfVjLIMq9pIRw,Rohit & Kanupriya,2023-05-27 13:15:40+00:00,60,24,Entertainment,3200000,,,
dchV6sZHy-s,20033079,0,145,UCBKvC2TWrSedladWZtezK8A,Vlogger Ayaan,2022-11-23 01:15:02+00:00,31,24,Entertainment,9620000,,,
l8iGHI3uRwQ,20304731,691212,1676,UCz7PhJtc2G8Sre2vCLfmqAw,Akshay Nagwadiya,2023-06-08 14:30:15+00:00,47,24,Entertainment,45500000,,,
dqRpyoL4V_c,19454122,1139327,860,UCoY_p16GEbOQPgES1-wXpYg,ETV Dhee,2023-04-11 09:23:10+00:00,50,24,Entertainment,12700000,,,
LpwcPf7iX6Q,22001720,876653,745,UC_6oTa8rswxh9Yw_54pKGqg,Aju bongo,2023-05-02 07:30:54+00:00,61,24,Entertainment,831000,,,
f10vVgAd_Vs,18646428,715191,687,UCqZR7KVVsZRSfezZKJllxVQ,RelianceEntertainment,2022-09-09 14:00:33+00:00,60,24,Entertainment,7100000,,,
coGL9eNHhaw,18876725,491929,1477,UCPfzFWn0bM2bhEQY7sERz0A,Priyanka tyagi,2022-09-19 06:50:40+00:00,40,24,Entertainment,14600000,,,
Bh1c_RcHRt0,19426737,631784,3988,UCwVg9btOceLQuNCdoQk9CXg,Ben Azelart,2022-07-26 14:00:04+00:00,27,24,Entertainment,48300000,,,
3i0-D18rXLA,17690686,55156,497,UCkKDpnzIG29MA--Sh6oOtWg,Busy Fun Ltd,2022-06-26 06:53:05+00:00,507,24,Entertainment,27900000,,,
TSj_Z7dfBVM,17738534,387221,167,UC4WkXgiK6VxAri_R_qmIFvQ,Samayra Narula Official,2022-07-12 11:29:59+00:00,60,24,Entertainment,21600000,,,
zJAxDLgFtg0,18271271,528476,346,UCSs9H1cyB3OHdy8wkit8ZKg,etvteluguindia,2021-08-04 09:27:11+00:00,29,24,Entertainment,23300000,,,
z8oz0ZxvyWE,18098302,668243,1088,UCHsy1_kQ_7Wgv-U_0igOt8g,niha sisters,2022-10-02 08:30:53+00:00,30,24,Entertainment,3520000,,,
0AWahj4vYXA,16988553,46224,333,UCe9lO5FQR2lLNBtzU0Swgvg,Fun Tv 24,2023-03-05 02:15:00+00:00,490,24,Entertainment,2800000,,,
GascjfK8oZQ,17372498,664713,350,UCSs9H1cyB3OHdy8wkit8ZKg,etvteluguindia,2022-10-03 08:05:22+00:00,28,24,Entertainment,23300000,,,
9ahO2C3yq0Q,19854553,639617,825,UCIFTOQlpJ4X1D5en8UW-RuQ,KRISCAP,2022-04-25 04:59:49+00:00,16,24,Entertainment,118000,,,
4OjtkSdqExU,18181932,728148,471,UCL0pM5-vrLp3Oy9PXzpqXpA,prashu__baby,2023-03-10 14:04:13+00:00,60,24,Entertainment,11900000,,,
wQ_D1UeNCfc,16470824,804938,227,UCpEhnqL0y41EpW2TvWAHD7Q,SET India,2022-06-10 12:30:31+00:00,50,24,Entertainment,188000000,,,
Lm-5DrTX8v8,16353695,27745,204,UCe9lO5FQR2lLNBtzU0Swgvg,Fun Tv 24,2025-08-22 09:29:54+00:00,535,24,Entertainment,2800000,,,
9Frb0Mvt29I,15072189,917247,760,UCDwhsmzFDLc5hOB6SUglAjg,Neetu Bisht,2023-04-06 04:30:02+00:00,60,24,Entertainment,38700000,,,
7TJnR0mhJjo,15033993,41716,511,UCJYi5GZRNoW1nJGU_Y1JbGA,Maha Fun Tv,2022-10-20 08:14:26+00:00,519,24,Entertainment,14600000,,,
1FX-P4KIHlY,15005439,543682,280,UCSs9H1cyB3OHdy8wkit8ZKg,etvteluguindia,2022-05-28 08:05:46+00:00,44,24,Entertainment,23300000,,,
OmSY86XKZnQ,14732645,57658,643,UCkKDpnzIG29MA--Sh6oOtWg,Busy Fun Ltd,2022-03-14 03:29:47+00:00,589,24,Entertainment,27900000,,,
BC4IfSu7hWE,15083610,610853,822,UCSs9H1cyB3OHdy8wkit8ZKg,etvteluguindia,2023-02-16 12:02:26+00:00,32,24,Entertainment,23300000,,,
1xavbsqXpsA,14810082,804537,486,UCDwhsmzFDLc5hOB6SUglAjg,Neetu Bisht,2023-05-15 12:30:01+00:00,60,24,Entertainment,38700000,,,
eZbk_kUYO6Y,15009022,634882,481,UC8FqLpnbxRNpNmDuxNHuHHA,PR PRESENTS,2023-03-29 13:43:54+00:00,60,24,Entertainment,10700000,,,
oZHJNE2m6ZA,16208917,424082,215,UC8FqLpnbxRNpNmDuxNHuHHA,PR PRESENTS,2022-11-18 12:13:26+00:00,47,24,Entertainment,10700000,,,
qOrH3lB7nb4,14560757,452928,488,UCSs9H1cyB3OHdy8wkit8ZKg,etvteluguindia,2021-03-17 06:30:14+00:00,39,24,Entertainment,23300000,,,
XQJcvMG0faw,14037936,765830,3692,UCtAXJ4DNpshfVjLIMq9pIRw,Rohit & Kanupriya,2023-03-27 12:25:33+00:00,60,24,Entertainment,3200000,,,
Gs90cuiXxFA,14138513,420223,1548,UCvWm8zBGRq4Fw-qmaUpzz3A,Ashish Bisht,2022-08-07 10:30:14+00:00,19,24,Entertainment,3550000,,,
mKgacisqiUU,16047504,391983,1189,UC2ViPu8EVMP8Eo1Ob7yWEkg,NRFM-VLOGS,2021-12-02 11:52:58+00:00,29,24,Entertainment,12600000,,,
PuEe4ywSH0Q,13611497,907628,641,UCPXQ211d2zbLXFmFr4uy7YQ,vlogger varun,2023-05-04 07:17:36+00:00,55,24,Entertainment,30300000,,,
YSSaE8Gd49g,13003401,46378,236,UCoy3dQzEdq1y2zMnT4pdj3Q,SriBalajiMovies,2020-04-29 10:30:12+00:00,2039,24,Entertainment,22700000,,,
yQAyOC6LPXE,17366416,470900,781,UC2ViPu8EVMP8Eo1Ob7yWEkg,NRFM-VLOGS,2021-12-22 12:27:01+00:00,20,24,Entertainment,12600000,,,
X_qj6TTbmQs,12115502,426809,158,UCSs9H1cyB3OHdy8wkit8ZKg,etvteluguindia,2022-06-24 07:52:44+00:00,39,24,Entertainment,23300000,,,
H8HTPkvoesw,11684832,72534,1524,UCCo9xACnSNwW1m6zjJkzSgQ,Mzaalo Big Picture,2022-08-15 12:30:06+00:00,6806,24,Entertainment,1550000,,,
UGkuO-KEi3Y,11888072,688699,1114,UC1gVb9-zg2cRQhR4WAHjG4A,UNBEATABLE CULTURE ,2022-07-11 13:30:06+00:00,55,24,Entertainment,8580000,,,
th8MsSdXegk,12570959,392108,4706,UC4zWG9LccdWGUlF77LZ8toA,Prime Video India,2022-11-18 15:00:41+00:00,14,24,Entertainment,38900000,,,
dQOPGqHuz4M,25589578,143602,72,UC8Seb4h_sDh73O_4T0wleKw,PINCE ,2025-05-24 13:28:33+00:00,12,24,Entertainment,882000,,,
ZfFNBpVM9Ro,11118017,367204,295,UCbnhWWDoNB8TiBNYUKsoBRQ,Wondering Minds,2022-09-10 01:30:09+00:00,60,24,Entertainment,6140000,,,
Ufys2vvUrhI,10868191,613768,231,UCpEhnqL0y41EpW2TvWAHD7Q,SET India,2023-06-14 14:02:51+00:00,56,24,Entertainment,188000000,,,
hnZiXgNZwo4,11097963,691072,659,UC1gVb9-zg2cRQhR4WAHjG4A,UNBEATABLE CULTURE ,2023-02-23 13:30:21+00:00,60,24,Entertainment,8580000,,,
6INFZ0vVEf4,11825289,501806,139,UCULLmfWqhMOeiWEV6hkMSCg,mallemalatv,2024-01-03 10:24:06+00:00,17,24,Entertainment,9650000,,,
A05aB4kicxg,10993281,445506,162,UCSs9H1cyB3OHdy8wkit8ZKg,etvteluguindia,2022-10-22 08:05:04+00:00,19,24,Entertainment,23300000,,,
573VBA3DhP4,10164104,406921,332,UC43FtzoqAtvCIZ5dJKkNhmg,Zee Cinemalu,2022-05-15 06:07:13+00:00,37,24,Entertainment,6250000,,,
2ReF6OUBn8o,12031167,286939,408,UCzicgODyMZHMvM-x5BIn_Vg,kalyani_ soudi,2024-05-15 11:36:34+00:00,37,24,Entertainment,888000,,,
6nJouaC29-8,17093551,291881,1001,UC2ViPu8EVMP8Eo1Ob7yWEkg,NRFM-VLOGS,2025-05-20 13:49:14+00:00,37,24,Entertainment,12600000,,,
xMNtPjMCo0o,9949302,54477,596,UCNzvEv3XpFYnWEbD5Ero7mw,Pakau TV channel,2022-12-25 04:30:23+00:00,646,24,Entertainment,2750000,,,
fKHkrbam-jQ,11903550,469723,504,UC2ViPu8EVMP8Eo1Ob7yWEkg,NRFM-VLOGS,2022-08-03 12:30:27+00:00,58,24,Entertainment,12600000,,,
tAw2WO3iKAI,9847749,42750,531,UCTtqwFQDLjQQBfwyxaLMZdQ,Fun Tv 420,2021-11-30 03:00:32+00:00,500,24,Entertainment,7400000,,,
gA56NxtouKA,9824477,15220,149,UC9ZE2GNo7lLrS5o_erXRM9Q,iFun Tv,2023-03-25 10:06:05+00:00,495,24,Entertainment,1020000,,,
v0DsGkLa38s,10430849,483800,1263,UCnSFZ-olBoLGLRUS_3RI2Aw,Taarak Mehta Ka Ooltah Chashmah,2022-03-31 09:26:57+00:00,41,24,Entertainment,34500000,,,
_Q51_qpthB0,17865720,0,31,UCBKvC2TWrSedladWZtezK8A,Vlogger Ayaan,2022-11-07 01:15:00+00:00,15,24,Entertainment,9620000,,,
tkbWlqOqhLU,9908060,607380,633,UCpEhnqL0y41EpW2TvWAHD7Q,SET India,2022-06-04 10:15:54+00:00,57,24,Entertainment,188000000,,,
lBPT6FxAC2A,9600201,42151,292,UClI-3t280qbWifHgwA_AUKA,MoonVines,2022-04-22 10:04:08+00:00,786,24,Entertainment,4090000,,,
HaeMaJg7Bzc,9658430,530803,609,UC6-F5tO8uklgE9Zy8IvbdFw,Sony SAB,2022-06-20 12:30:04+00:00,51,24,Entertainment,105000000,,,
ykGhVKetpZY,12587071,406264,316,UCOKNHJ1y3iiHjvI-FZLiT5g,Auto Kaaran ,2024-11-08 11:45:05+00:00,60,24,Entertainment,2910000,,,
28PH8aP972A,11210588,0,701,UClyw32fdzLCsqbkfzhdrtXA,Keshav Shashi Vlogs,2023-04-10 13:29:00+00:00,36,24,Entertainment,17900000,,,
EaKS89xW1aU,11301681,275131,203,UCULLmfWqhMOeiWEV6hkMSCg,mallemalatv,2023-02-18 08:42:59+00:00,35,24,Entertainment,9650000,,,
akkHKjf6DGU,9315199,399098,376,UCj192VhZ_Ubg2PUR6AOaY1Q,NRFM BROTHERS,2023-06-25 11:39:12+00:00,60,24,Entertainment,3240000,,,
YuDQlYZWbOw,18965866,366202,467,UCz1RkE_vkRnCpIIxUsAyJ4w,Giggle Cuts,2025-06-04 14:45:05+00:00,27,24,Entertainment,48000,,,
wTLluN5hQGI,13467981,306063,1034,UC1gVb9-zg2cRQhR4WAHjG4A,UNBEATABLE CULTURE ,2025-06-22 01:30:52+00:00,60,24,Entertainment,8580000,,,
ykJ2kKVpMiM,9416530,314723,670,UCqZR7KVVsZRSfezZKJllxVQ,RelianceEntertainment,2022-09-20 08:30:09+00:00,60,24,Entertainment,7100000,,,
rlAuE2NvOxo,9003491,475659,735,UCL0pM5-vrLp3Oy9PXzpqXpA,prashu__baby,2023-01-09 13:14:38+00:00,60,24,Entertainment,11900000,,,
eMwYpQIAuc4,9248955,320060,1869,UC4zWG9LccdWGUlF77LZ8toA,Prime Video India,2024-03-23 13:30:28+00:00,60,24,Entertainment,38900000,,,
QDN9tkS8b_A,9682319,272431,389,UC4zWG9LccdWGUlF77LZ8toA,Prime Video India,2024-02-25 16:30:04+00:00,59,24,Entertainment,38900000,,,
w59k5zEPuFs,8638812,42442,526,UCF1JIbMUs6uqoZEY1Haw0GQ,Shemaroo,2024-11-08 13:45:07+00:00,1153,24,Entertainment,61300000,,,
fyxecOxGTuk,10073694,339938,0,UC8FqLpnbxRNpNmDuxNHuHHA,PR PRESENTS,2023-05-10 14:22:15+00:00,60,24,Entertainment,10700000,,,
21Spm_DztWg,11295959,245620,374,UCMHO6G9e7_cVzrotHo_c29w,Aama_vaa_troll😂,2025-02-04 01:27:20+00:00,32,24,Entertainment,1770000,,,
_2Dd544NwHo,8690900,356552,884,UC4zWG9LccdWGUlF77LZ8toA,Prime Video India,2021-10-19 08:32:39+00:00,43,24,Entertainment,38900000,,,
aJXALrxvPCU,8589266,22327,268,UCkKDpnzIG29MA--Sh6oOtWg,Busy Fun Ltd,2023-03-12 03:00:01+00:00,490,24,Entertainment,27900000,,,
dgDlqP9XV1o,8561862,176820,194,UC5TCLWjRRuk8fqDi_yg1qrg,Mango Indian Films,2023-03-17 04:30:09+00:00,59,24,Entertainment,6840000,,,
07g100oVI60,11148879,408684,665,UC-siiXNolEtYBQFXe6tCXnw,ismail0102,2024-09-28 12:31:21+00:00,38,24,Entertainment,4680000,,,
1wR-aCWOS9I,8683227,424664,838,UC6-F5tO8uklgE9Zy8IvbdFw,Sony SAB,2022-07-07 12:30:00+00:00,52,24,Entertainment,105000000,,,
LViRVgZiznc,11325081,0,507,UClyw32fdzLCsqbkfzhdrtXA,Keshav Shashi Vlogs,2023-06-01 05:45:00+00:00,22,24,Entertainment,17900000,,,
AFBrEPDhaoo,8394400,361574,2367,UCp0hYYBW6IMayGgR-WeoCvQ,TheEllenShow,2023-06-02 18:00:03+00:00,55,24,Entertainment,38100000,,,
1v-RuuFIMhk,9823656,201845,395,UCLd4HDe3MhkvN86IjrTzLTw,Tabrez khan life,2023-04-24 16:58:21+00:00,54,24,Entertainment,1920000,,,
0ZqkDaOgZG4,8253826,654443,1000,UCL0pM5-vrLp3Oy9PXzpqXpA,prashu__baby,2022-11-02 06:22:53+00:00,60,24,Entertainment,11900000,,,
2tWlJxjTCAg,8294900,279417,232,UCpEhnqL0y41EpW2TvWAHD7Q,SET India,2022-06-15 12:30:02+00:00,48,24,Entertainment,188000000,,,
OpD0SrcUIfM,9505853,348085,790,UCb0xfM3HGOsqPYNAocXXNAQ,truTV,2021-07-07 14:38:00+00:00,54,24,Entertainment,3900000,,,
9Q7UfKcW_PI,7973292,18268,265,UCkKDpnzIG29MA--Sh6oOtWg,Busy Fun Ltd,2023-06-16 02:00:02+00:00,545,24,Entertainment,27900000,,,
s3hDEDLeE4Q,15970213,149814,248,UC1RTzGF_vjfflBRhTxHnubA,KD BOYS,2025-05-13 13:19:49+00:00,38,24,Entertainment,3590000,,,
hwryZBkeZOI,7904541,22099,304,UCkKDpnzIG29MA--Sh6oOtWg,Busy Fun Ltd,2023-06-22 04:22:58+00:00,525,24,Entertainment,27900000,,,
ot6tbrfbULw,7964094,331986,121,UCULLmfWqhMOeiWEV6hkMSCg,mallemalatv,2023-02-18 09:21:53+00:00,32,24,Entertainment,9650000,,,
wVLnZ1N7X9A,8983411,304638,243,UCxi0dzokH2oIL6NfCgqmAsw,Minku Tinku,2023-06-09 07:35:42+00:00,40,24,Entertainment,13400000,,,
mKAi-q8N1KQ,7600378,239640,1278,UC0SFwkGlQonlP69Lb9Gdb-w,Little Big Shots,2024-04-04 17:00:33+00:00,18,24,Entertainment,2520000,,,
tjIFgeSTuYI,7443479,22630,474,UCkKDpnzIG29MA--Sh6oOtWg,Busy Fun Ltd,2022-11-10 03:53:13+00:00,491,24,Entertainment,27900000,,,
B2TH7BDpJDM,16006031,100895,180,UC6WoacCTITYDSmF54wZ9USw,Cp Saicharan,2025-06-20 13:15:31+00:00,18,24,Entertainment,3370000,,,
el2ww43CksE,7135176,19791,196,UCkKDpnzIG29MA--Sh6oOtWg,Busy Fun Ltd,2023-05-23 02:00:28+00:00,489,24,Entertainment,27900000,,,
z85KUarN2NM,7194283,432217,976,UC1gVb9-zg2cRQhR4WAHjG4A,UNBEATABLE CULTURE ,2023-06-06 13:30:21+00:00,60,24,Entertainment,8580000,,,
48tsJCKCh1E,7738310,402805,636,UC2ViPu8EVMP8Eo1Ob7yWEkg,NRFM-VLOGS,2024-04-04 13:29:30+00:00,59,24,Entertainment,12600000,,,
7L8KL5EWYto,6869248,130644,3767,UC8mlgT6I0aSexwFPsOgMG_g,ANS Entertainment,2023-11-08 07:21:10+00:00,697,24,Entertainment,1870000,,,
VYP75CboMNw,7492391,161174,160,UCSs9H1cyB3OHdy8wkit8ZKg,etvteluguindia,2023-05-13 07:10:27+00:00,60,24,Entertainment,23300000,,,
qJ33F08slIA,11193935,0,30,UCBKvC2TWrSedladWZtezK8A,Vlogger Ayaan,2022-11-27 01:15:05+00:00,15,24,Entertainment,9620000,,,
ThlKYVWyOGQ,7231671,247036,923,UCYLS9TSah19IsB8yyUpiDzg,Jordindian,2022-08-29 13:23:25+00:00,61,24,Entertainment,3060000,,,
wi9Evz3mjmI,14684321,0,0,UCGFWfj1m8U1g2i9lOz83-pQ,Sudip Bhai,2024-08-11 04:45:02+00:00,9,24,Entertainment,7030,,,
aWBe35VmXP4,6340255,268505,213,UCjvlGpg8tXylzRqdFExxUZw,SumanTV,2023-06-01 09:57:46+00:00,60,24,Entertainment,8790000,,,
ddyYeL0K4VQ,6133223,32878,256,UCoy3dQzEdq1y2zMnT4pdj3Q,SriBalajiMovies,2020-04-30 11:30:10+00:00,1898,24,Entertainment,22700000,,,
iPo_cu_woVk,9156587,352212,1039,UCwV65zx2c8rCL8NhARci1Hw,Trending Theeviravadhi,2025-03-21 10:25:06+00:00,54,24,Entertainment,7070000,,,
BKqhZVjZ-PY,6287528,178221,406,UCxi0dzokH2oIL6NfCgqmAsw,Minku Tinku,2023-04-30 07:35:03+00:00,41,24,Entertainment,13400000,,,
fb7MVL5FU0E,10841412,149592,147,UCGVyg3U3eO8DuP0EHG00D3A,Glitz Priya,2025-09-28 10:35:02+00:00,56,24,Entertainment,410000,,,
D7nyuYk1BTU,5782993,65386,279,UCDXg7kpthXnmEN_n9wRqW-Q,Nupur Movies,2023-11-24 12:30:13+00:00,1762,24,Entertainment,1790000,,,
u3yc2ZApxCo,6648275,345485,2730,UCqFzWxSCi39LnW1JKFR3efg,Saturday Night Live,2022-10-09 22:42:46+00:00,49,24,Entertainment,16700000,,,
HbGX8F-V8XE,6970476,199840,3521,UC4qEoWs2pzfmqoLbDyqFKew,Family Entertainment Bd,2025-02-05 12:57:55+00:00,51,24,Entertainment,5450000,,,
jS5bVXRmtWA,6044077,256924,394,UC4zWG9LccdWGUlF77LZ8toA,Prime Video India,2024-01-07 09:00:35+00:00,60,24,Entertainment,38900000,,,
s4A55HT4pT8,5988274,194217,351,UCials1wQnEN_NykYZr1048w,Sun NXT,2023-06-16 10:30:17+00:00,15,24,Entertainment,7990000,,,
G3HsdIVazK4,5973438,164599,213,UCCMUnWvJyTEUunnygpTGfow,Araathi,2024-07-10 13:39:42+00:00,60,24,Entertainment,3620000,,,
myjoZre8AMg,5349180,8604,149,UCkKDpnzIG29MA--Sh6oOtWg,Busy Fun Ltd,2025-11-30 06:24:07+00:00,484,24,Entertainment,27900000,,,
iuxd22NHnaU,5306039,150829,703,UCCj956IF62FbT7Gouszaj9w,BBC,2023-02-04 16:30:07+00:00,51,24,Entertainment,15300000,,,
8mszkYiNafE,5226198,215671,663,UC2ViPu8EVMP8Eo1Ob7yWEkg,NRFM-VLOGS,2021-12-14 11:33:37+00:00,28,24,Entertainment,12600000,,,
mCi0BU9tFqY,7304791,0,747,UCogKztMia4PrR6OcBi4jVNg,JUNIOR COMEDIAN,2024-12-13 12:49:22+00:00,10,24,Entertainment,2140000,,,
C8xfUxKnB8E,10738634,51556,63,UCTpBzfgC5hcGgiJqLXdLYyw,Jasvika Media,2025-10-17 11:36:44+00:00,11,24,Entertainment,1590000,,,
BKuCMOOVDYg,10244719,95557,70,UCRCVIpNatyQbDQjJSI0hdMg,Chaupal Bhojpuri,2023-02-26 13:05:07+00:00,8,24,Entertainment,371000,,,
w2iD--Z19Rg,4576387,68130,3804,UC4qEoWs2pzfmqoLbDyqFKew,Family Entertainment Bd,2025-08-01 08:01:08+00:00,1213,24,Entertainment,5450000,,,
FsAhEoR7WgI,4475129,218084,600,UCwLJ2iyouNwECeIlDIrZIPw,Son And Dad,2023-03-30 10:30:03+00:00,60,24,Entertainment,6440000,,,
kv1H74XHw60,4395018,72728,4175,UC4qEoWs2pzfmqoLbDyqFKew,Family Entertainment Bd,2025-06-17 08:01:00+00:00,1383,24,Entertainment,5450000,,,
8T1ejdHhhtA,4469803,142518,215,UCrOfzpH1sWPu1IqHnVhojKA,Sri Balaji Hindi Movies,2023-02-04 11:14:09+00:00,56,24,Entertainment,1180000,,,
dLfQMTVIWFY,4332480,15108,235,UCkKDpnzIG29MA--Sh6oOtWg,Busy Fun Ltd,2023-03-06 04:38:09+00:00,488,24,Entertainment,27900000,,,
fZQXG-ub-kU,4300028,33445,119,UCasOSKWb0hUSdKlybiCMgkg,Telugu Comedy Club,2022-08-09 03:30:09+00:00,1434,24,Entertainment,1840000,,,
2dtbTPmhtqo,4434797,94475,108,UCvr9er7PzdGlJzGYsMAuJCQ,Mango Telugu Cinema,2022-05-05 04:03:30+00:00,56,24,Entertainment,4560000,,,
vMY-W5s7yJg,3783880,91721,2012,UC1gVb9-zg2cRQhR4WAHjG4A,UNBEATABLE CULTURE ,2023-06-17 14:15:21+00:00,313,24,Entertainment,8580000,,,
DlyZCJbmAps,4714611,107539,93,UC43FtzoqAtvCIZ5dJKkNhmg,Zee Cinemalu,2022-11-08 08:54:49+00:00,59,24,Entertainment,6250000,,,
jMBEbuMvWGQ,3512695,125729,3018,UCRSVI-eLa2y4BVCJNf1-aSA,Funny Angulia,2023-02-17 15:19:33+00:00,1168,24,Entertainment,1730000,,,
wj_HGUZb3ls,6055302,174457,604,UC2ViPu8EVMP8Eo1Ob7yWEkg,NRFM-VLOGS,2025-08-12 13:30:57+00:00,60,24,Entertainment,12600000,,,
WgGTXjI0Tpc,3436625,6775,111,UCMuz3501Iy7n-yPIFi1KldQ,Our Fun Tv,2022-10-06 06:18:36+00:00,484,24,Entertainment,7150000,,,
WMzPaZizco4,3452152,7816,254,UCEo6f9GWH66ftuER1sa8tpA,TEAM HIRA,2021-06-16 14:00:37+00:00,427,24,Entertainment,21200,,,
jZuqrHFavbs,3192875,10239,161,UCHvGyjySIymRqzuAlvzIQ0A,Bollywood Cuts,2025-03-18 10:30:30+00:00,2553,24,Entertainment,713000,,,
AUt8t57n_QQ,3505101,140901,327,UCT5W6yN2o4Od2ez7GYJGV3Q,Reliance Entertainment Regional,2023-08-11 15:30:04+00:00,43,24,Entertainment,598000,,,
43Dd6xCLA8g,4476827,0,156,UCaq6k7Ybj36DWE-suEh4oVA,Film Shorts 15,2023-05-30 04:00:02+00:00,38,24,Entertainment,161000,,,
htMO0ZMT78Q,4275480,119097,183,UCMHO6G9e7_cVzrotHo_c29w,Aama_vaa_troll😂,2025-01-25 01:22:37+00:00,43,24,Entertainment,1770000,,,
wFRpQqJJxQw,3524790,88572,63,UCgm05-bOS-8EGzQJebAOmyA,Rahul Raghav,2023-03-05 15:18:46+00:00,23,24,Entertainment,4100,,,
17Q-XUBmN4w,3554165,244678,3033,UC-iaCAZbuFSAmiSEQKgrC7Q,Sydney Talker,2024-03-27 09:10:06+00:00,60,24,Entertainment,734000,,,
x92BPBF1U-8,4427356,52860,73,UCU7d9yAne93Bc_CTENCqhSA,Nilesh Banjare,2025-07-27 14:15:00+00:00,65,24,Entertainment,465000,,,
Tp8DI10Y8qE,2818514,7084,62,UCe9lO5FQR2lLNBtzU0Swgvg,Fun Tv 24,2025-10-05 05:17:13+00:00,518,24,Entertainment,2800000,,,
wWjwtLKH9io,4139150,69035,42,UC43FtzoqAtvCIZ5dJKkNhmg,Zee Cinemalu,2022-12-12 06:00:30+00:00,60,24,Entertainment,6250000,,,
87xtcNs2GgY,2743898,13894,206,UCNbNgqyi42BKGsr2ILgNs-g,Hansi Mazaak,2025-02-06 13:30:09+00:00,1898,24,Entertainment,2390000,,,
WE7eDckX_cA,5467298,11739,5,UC9JVfSyytPF2ex4mOfFXELQ,Ishan comedy world ,2025-10-18 14:30:17+00:00,22,24,Entertainment,1150000,,,
1VIAMYt4vXQ,2621461,58513,38,UCSs9H1cyB3OHdy8wkit8ZKg,etvteluguindia,2023-01-05 12:02:07+00:00,33,24,Entertainment,23300000,,,
85SiEIbPxEY,5520179,31805,4,UCeEvXmuYy3HjsNZ1qoja1dA,Story talent,2025-10-22 08:00:10+00:00,20,24,Entertainment,547000,,,
rGGzlwQRXgU,2574349,148168,682,UC5o3X74mEEw80AFzTbzR3jA,Sarjin Vlogz,2022-05-18 13:19:47+00:00,60,24,Entertainment,828000,,,
iAJcGtcDcNk,2456439,41437,2357,UC4qEoWs2pzfmqoLbDyqFKew,Family Entertainment Bd,2025-12-26 08:00:54+00:00,1314,24,Entertainment,5450000,,,
VzKcTZTjXhk,2431098,201367,371,UC2ViPu8EVMP8Eo1Ob7yWEkg,NRFM-VLOGS,2023-01-19 12:29:41+00:00,47,24,Entertainment,12600000,,,
ZtktQ27ngnM,4949279,98978,102,UCz1RkE_vkRnCpIIxUsAyJ4w,Giggle Cuts,2025-06-06 14:45:04+00:00,15,24,Entertainment,48000,,,
d3GCjRhSHEg,4097061,83830,98,UCGVyg3U3eO8DuP0EHG00D3A,Glitz Priya,2026-01-18 13:01:12+00:00,71,24,Entertainment,410000,,,
48FWmhOrUgc,3960683,45913,264,UCTeRJANDd2NMFxIfxsM-xFw,Greatest Kahani,2025-12-26 03:00:05+00:00,53,24,Entertainment,460000,,,
CzZOMzl8dIw,2119509,89388,51,UCSs9H1cyB3OHdy8wkit8ZKg,etvteluguindia,2023-04-20 09:45:02+00:00,50,24,Entertainment,23300000,,,
dKg-Em21iU0,2098409,3314,40,UCe9lO5FQR2lLNBtzU0Swgvg,Fun Tv 24,2025-10-28 04:01:56+00:00,487,24,Entertainment,2800000,,,
_fO2lNan3Oc,2320570,77435,1020,UCqZR7KVVsZRSfezZKJllxVQ,RelianceEntertainment,2022-09-17 08:30:12+00:00,60,24,Entertainment,7100000,,,
g-k2mCOn9GM,2084385,110291,555,UC8nhd-qEBMmFs-DkhBaQwww,Ear Biscuits,2022-01-31 11:00:31+00:00,47,24,Entertainment,606000,,,
o5rQ5siGMaQ,2004963,123522,369,UCSTJELgD0j0gW2_wgF_TYuA,Footasylum,2023-03-14 20:00:12+00:00,59,24,Entertainment,2960000,,,
rPWuR_goRWE,2739386,119091,310,UC2ViPu8EVMP8Eo1Ob7yWEkg,NRFM-VLOGS,2022-06-26 12:33:57+00:00,9,24,Entertainment,12600000,,,
pyq6-i_79wA,3229489,145550,390,UC2ViPu8EVMP8Eo1Ob7yWEkg,NRFM-VLOGS,2025-09-08 11:30:49+00:00,60,24,Entertainment,12600000,,,
1-1Gt8KWRrA,2648448,67339,70,UCCMUnWvJyTEUunnygpTGfow,Araathi,2024-12-13 06:11:34+00:00,58,24,Entertainment,3620000,,,
kLwWjKbNoe0,2149923,81140,961,UCqFzWxSCi39LnW1JKFR3efg,Saturday Night Live,2022-10-21 17:32:31+00:00,60,24,Entertainment,16700000,,,
BFX5PvWSBsQ,1778092,5279,110,UCkKDpnzIG29MA--Sh6oOtWg,Busy Fun Ltd,2025-11-12 05:36:31+00:00,486,24,Entertainment,27900000,,,
Dlo6hzSiOls,1718503,0,114,UCXo5R4UeFQidirH5cfvREGA,Mic Benz,2025-05-10 13:49:44+00:00,1640,24,Entertainment,47400,,,
3S-Aw-6RVaM,1882304,61729,349,UC4zWG9LccdWGUlF77LZ8toA,Prime Video India,2022-11-10 13:30:01+00:00,33,24,Entertainment,38900000,,,
4pqZ6bnA5rY,2896679,58929,28,UCoY_p16GEbOQPgES1-wXpYg,ETV Dhee,2025-09-27 11:30:05+00:00,50,24,Entertainment,12700000,,,
HAp2Z7gN0MA,1672981,41714,408,UCvkAfISS103eOAsYDdkqFjg,Mee Sunaina,2022-06-28 12:31:48+00:00,60,24,Entertainment,458000,,,
zessJwa9Lgg,3261513,81720,136,UC4zWG9LccdWGUlF77LZ8toA,Prime Video India,2026-01-15 05:01:21+00:00,50,24,Entertainment,38900000,,,
e2np-Tzl_i0,1703227,0,227,UCi3MAWavUCdKqjpiqqUSqMQ,Amishaforyou,2023-05-06 07:17:24+00:00,46,24,Entertainment,13200000,,,
TRpz-0oxHPg,1693504,55366,73,UC4zWG9LccdWGUlF77LZ8toA,Prime Video India,2023-12-31 11:30:11+00:00,58,24,Entertainment,38900000,,,
QBk2cudegrg,3136060,38607,379,UCYsxkvdYEqzFNdljbma-MMQ,Sathish Anitha,2026-01-12 05:59:16+00:00,41,24,Entertainment,2120000,,,
DKVBuWV57tE,1422591,44425,37,UC43FtzoqAtvCIZ5dJKkNhmg,Zee Cinemalu,2023-03-02 14:39:53+00:00,57,24,Entertainment,6250000,,,
FphL5ACQuqo,2497004,73889,817,UC4qEoWs2pzfmqoLbDyqFKew,Family Entertainment Bd,2025-08-07 07:45:46+00:00,49,24,Entertainment,5450000,,,
s0r9sm_xEtk,2113580,30105,156,UCu0y1MGaHpIlmToWuZ-UNUw,crazy boy rajashekhar,2025-08-14 11:51:11+00:00,35,24,Entertainment,723000,,,
PKnPfNDip9k,2404917,0,324,UCt3FBx2_C3A9SOumVhnBjSw,Reenu Debnath,2026-01-12 12:30:42+00:00,51,24,Entertainment,1570000,,,
AqEHSttXdyc,1320279,11965,146,UCObyBrdrtQ20BU9PxHQDY9w,Pen Multiplex,2025-06-02 09:30:06+00:00,1784,24,Entertainment,14900000,,,
bS5UGCrtwT8,1568185,28976,128,UCkKDpnzIG29MA--Sh6oOtWg,Busy Fun Ltd,2023-05-30 17:30:28+00:00,47,24,Entertainment,27900000,,,
0hm5qmEfZAc,2154346,32409,239,UC-hwP9OEFngsaw-08HZshRA,Me Balu,2025-09-01 05:18:22+00:00,21,24,Entertainment,191000,,,
eGG7rKMkrzI,2073754,22740,35,UCXAhZidWicbl7kDbcUpaeQg,Nikita Pakale,2025-06-01 02:42:13+00:00,33,24,Entertainment,127000,,,
yDagOLFA1AI,1246569,41812,16,UCSs9H1cyB3OHdy8wkit8ZKg,etvteluguindia,2023-04-12 07:43:06+00:00,31,24,Entertainment,23300000,,,
SoLKwoX0NEk,1337508,30971,39,UC42veTJbr6knjsY22kaoZBg,Zen Music Gujarati,2022-08-01 12:35:06+00:00,12,24,Entertainment,476000,,,
imuAWIgYfQ0,2394226,29641,145,UCN-ix2bhm1iSvb0YDSZfOFg,KSHITIJ DHOLAKIA,2026-01-12 06:00:03+00:00,45,24,Entertainment,6510000,,,
5GrNDw6eHt4,2496197,61887,199,UCRlle6gz1ulxko8A9nCEE-Q,Amit badana Fanclub,2026-01-15 16:39:52+00:00,20,24,Entertainment,48700,,,
aoo73GYgm6o,1734558,41060,95,UC8vaDiyMh_RJK_oHyucxkDQ,B.arts_Creations,2022-06-07 04:36:37+00:00,5,24,Entertainment,106000,,,
xKA4EfORNxQ,1383887,43248,41,UCIdw5MR9iVtu7PHPXqJgV3A,Comedy Talkies,2023-02-01 14:07:36+00:00,16,24,Entertainment,2790000,,,
y-siIKDy2xY,1217732,52585,17,UCmO-jDLU-KUcweCzktuDsbg,aha videoIN,2023-12-03 10:30:19+00:00,54,24,Entertainment,3760000,,,
xMOA0WWhmCo,1362796,35708,499,UCNDsk0uhSlG1-br1Ex2Rgfg,Tubi,2022-06-20 18:00:18+00:00,32,24,Entertainment,1310000,,,
g8J7bJA7Gq8,1781403,12742,12,UCIcdjrdIgWVJjLIX6rIvxZg,Totally Average Human 51,2026-01-13 09:02:34+00:00,58,24,Entertainment,8780,,,
GVpQkNekJpg,1996170,48564,55,UCm4B3lHMWrFQBwEZAj3wxmA,BlAcK hUndEr 45🖤,2026-01-12 13:28:33+00:00,60,24,Entertainment,1720000,,,
j_TknIdoNKc,1949591,22705,55,UCBnxEdpoZwstJqC1yZpOjRA,Sun TV,2024-06-23 14:00:35+00:00,11,24,Entertainment,32000000,,,
HcbBa50y6Qo,1769724,15270,20,UCOKpjesVs33S1SC00FncH-Q,NH LotPot Comedy ,2025-05-30 05:30:08+00:00,60,24,Entertainment,351000,,,
IzPg2f7VRd4,893582,26603,10,UCSs9H1cyB3OHdy8wkit8ZKg,etvteluguindia,2023-06-13 11:08:50+00:00,28,24,Entertainment,23300000,,,
kzIZhdG_mkg,1451544,11409,8,UC4CYP8p1yMV2EyMQk4WFwZA,Jasper Hike,2026-01-12 08:21:08+00:00,59,24,Entertainment,33600,,,
GNUZpGoIKRU,1741032,21051,31,UCZe5JcF0YjRbAMrDLIGrCQQ,GiggleGarage​0205,2026-01-12 08:50:46+00:00,46,24,Entertainment,18300,,,
yaZbb3HCFN4,1400985,19896,18,UCpEhnqL0y41EpW2TvWAHD7Q,SET India,2025-09-12 14:45:12+00:00,58,24,Entertainment,188000000,,,
T3hmYsxJQJw,692079,22165,13,UCSs9H1cyB3OHdy8wkit8ZKg,etvteluguindia,2022-05-05 09:14:01+00:00,31,24,Entertainment,23300000,,,
zyIo8jH3O1E,1263906,36718,70,UCm4B3lHMWrFQBwEZAj3wxmA,BlAcK hUndEr 45🖤,2026-01-18 13:28:57+00:00,60,24,Entertainment,1720000,,,
3vCi5b7Yx2I,1351621,16539,122,UCYMBHgY7ssWZ_T8AJpwEjMQ,Neha lohara Diaries,2026-01-14 13:01:31+00:00,21,24,Entertainment,44400,,,
kgyQdWGZtbA,1109500,11729,3,UC-_C3XSnNe7RD5MnPjTNPwA,Pushpanjali Maurya,2025-08-04 04:17:13+00:00,59,24,Entertainment,15700000,,,
JnW1V4R5Sf0,1229176,11242,49,UCwvtgAQlnRRuE3tRtL9PMGA,Punita's life,2025-08-21 06:49:43+00:00,27,24,Entertainment,427000,,,
kfKV-zzAtow,535287,15077,9,UCSs9H1cyB3OHdy8wkit8ZKg,etvteluguindia,2023-06-06 09:49:03+00:00,46,24,Entertainment,23300000,,,
r5oh849Dgbo,511383,2551,31,UCe9lO5FQR2lLNBtzU0Swgvg,Fun Tv 24,2025-12-25 05:02:56+00:00,484,24,Entertainment,2800000,,,
DuNFtP39JVo,505302,21478,11,UCSs9H1cyB3OHdy8wkit8ZKg,etvteluguindia,2022-05-21 07:33:47+00:00,37,24,Entertainment,23300000,,,
wiZaOaAFy3A,845176,0,55,UCuvyvqcvq-ciJG-pC_HZfGg,அன்னை தமிழ்,2026-01-18 12:10:27+00:00,42,24,Entertainment,5110,,,
sPUFZeia230,769120,18997,46,UCpEhnqL0y41EpW2TvWAHD7Q,SET India,2025-08-11 14:45:15+00:00,58,24,Entertainment,188000000,,,
ydc5hi0BjC4,441395,14351,12,UCSs9H1cyB3OHdy8wkit8ZKg,etvteluguindia,2022-03-23 11:10:25+00:00,39,24,Entertainment,23300000,,,
B5waLkVJYZU,418025,17138,2,UCSs9H1cyB3OHdy8wkit8ZKg,etvteluguindia,2022-09-13 11:25:32+00:00,30,24,Entertainment,23300000,,,
zz9TnIjdtKk,959216,13150,77,UC8xVr3F6TciXsfP54WSozJg,ColaFantasy7,2026-01-12 14:17:00+00:00,28,24,Entertainment,14400,,,
0aStvAz8l24,735647,0,11,UCMpydYcOKNSkV_5UJBAexyg,DramaSnapzTV,2026-01-15 16:31:41+00:00,39,24,Entertainment,639,,,
nN_sb9EavtA,552675,0,55,UCogKztMia4PrR6OcBi4jVNg,JUNIOR COMEDIAN,2024-10-14 06:36:51+00:00,14,24,Entertainment,2140000,,,
GNpJ1xM2yH0,720457,10398,28,UCwJCgyvoIC85eKH6LdMe4rg,Speed Records Movies,2023-06-27 12:30:12+00:00,15,24,Entertainment,295000,,,
xiJRmE9g0-s,499028,21408,64,UCsyU2RAcoArTRjXICUKSyQQ,Lochi2,2026-01-12 10:29:00+00:00,77,24,Entertainment,47900,,,
pr2TDGfYJpw,455615,15387,105,UCsczzgUNj3SyggxUEfrP3Fw,Stories by Originals official ,2026-01-12 11:30:51+00:00,88,24,Entertainment,37700,,,
_3_y3SgcKBM,354225,15826,143,UCQCpPr1Suu-0hFunwo3uGtw,ANS Entertainment 2.0,2025-04-04 02:37:19+00:00,47,24,Entertainment,400000,,,
tfphMjXPBzc,218081,2792,54,UC4B6dDVB0Umrh5l4UgxUtyg,MY FAMILY,2025-11-24 05:32:37+00:00,527,24,Entertainment,19700000,,,
kqO729NLgTI,199402,7089,2,UCSs9H1cyB3OHdy8wkit8ZKg,etvteluguindia,2022-10-17 06:38:51+00:00,33,24,Entertainment,23300000,,,
YyRJH-5Scnc,179315,2192,45,UCe9lO5FQR2lLNBtzU0Swgvg,Fun Tv 24,2025-11-15 05:09:39+00:00,524,24,Entertainment,2800000,,,
Jkh9c1kr4o4,169602,1944,38,UCe9lO5FQR2lLNBtzU0Swgvg,Fun Tv 24,2025-09-04 10:46:48+00:00,499,24,Entertainment,2800000,,,
CWH3FCSG7EA,483098,1335,1,UCDZhvzF5rmWNxVfhEuKwNvw,BITTU Raja 90z,2026-01-14 02:48:06+00:00,6,24,Entertainment,2110,,,
7rS5Dznf2OQ,196886,13062,55,UCQCpPr1Suu-0hFunwo3uGtw,ANS Entertainment 2.0,2025-04-02 11:04:45+00:00,54,24,Entertainment,400000,,,
6PQ9SNOzo6k,403768,9230,123,UCPpu7qeRDxAI-VmqB0iR_vg,Isha sisodiya,2026-01-16 09:00:18+00:00,7,24,Entertainment,2840000,,,
j_PXDq6JE84,271213,1534,8,UCVB-BZ-rhpqBKfc7vyqpSNw,Fun Flare,2025-10-21 13:01:31+00:00,50,24,Entertainment,26000,,,
Upuuicta3fw,300174,1381,11,UCwIySFSmlrV2mRVSXDmWzoQ,Chaanthus vlogs,2026-01-12 12:43:32+00:00,14,24,Entertainment,37400,,,
xwkOPTV2zZE,305157,983,0,UCCCtadLh7akhHjn-kve3Cdg,@umashorts,2026-01-13 02:00:17+00:00,8,24,Entertainment,14900,,,
uA9GHxQ0mQ0,263212,4819,9,UC7L-Sm277Kb1ne6jy7xouvA,The Little Adda Company,2026-01-12 10:30:42+00:00,56,24,Entertainment,788000,,,
Q4X0p2WVerg,339129,1285,1,UCqgDVQ3nlhvX52mosY8k9eA,Golden Family Official ,2026-01-20 04:58:48+00:00,7,24,Entertainment,12900,,,
VL4oTEuHu6M,286957,1452,0,UCkbriTp5majTBiUlu0OOxlg,SHOTS STATUS TV,2026-01-13 01:28:43+00:00,16,24,Entertainment,3010,,,
At7N5JQXpro,103618,4401,14,UC3yU0gVsepAY-ZGBDju6eHA,Udaya TV,2022-02-17 17:32:58+00:00,41,24,Entertainment,3370000,,,
FkfHERIO0LQ,314391,0,3,UCHupK3q9Ev6hU8MMNp-9jCg,PS CUTE SHORTS ,2026-01-21 09:33:17+00:00,6,24,Entertainment,53900,,,
LYS0HDtikAY,149021,0,52,UCEFUlt9iN-4mks4_cB0yAPA,Dramatic Love,2026-01-18 10:39:36+00:00,32,24,Entertainment,1910000,,,
WqBAhEotHCc,199586,0,6,UCUt_sxO4XwSJX_ae61fjwcg,Shivin X Meow,2026-01-13 14:01:03+00:00,10,24,Entertainment,400000,,,
L7SqGSQ8McE,181164,670,1,UCvID1lazEP_BZzmn6jkypuw,Mou&Megh,2026-01-16 07:34:39+00:00,19,24,Entertainment,5050,,,
OGXEmdqHb1c,207045,0,0,UCfMvxnbYWISbDrqi_POI7dA,@archana family xyz ,2026-01-15 00:42:14+00:00,9,24,Entertainment,18400,,,
IvB8pulOBYA,166076,2042,49,UCbGPgvNunvclTypPtL3sa0w,BEN EAGLE,2026-01-17 16:00:34+00:00,24,24,Entertainment,47500000,,,
0iKqghEOWiA,120814,2514,16,UCce0wnqiu2LZrP-RQpnZzlg,Ankush Kasana,2025-09-12 04:30:00+00:00,76,24,Entertainment,1230000,,,
chjdCqRxonM,247621,1234,18,UC3x_Q_zd4qNmX6y-SXnO5Xw,Anjali,2026-01-18 23:18:10+00:00,7,24,Entertainment,1270,,,
R_L-67Ub9Qo,166591,755,0,UCMtpJJl7XXXUiYV-9akjkTA,Ritu masti shorts,2026-01-19 04:35:00+00:00,13,24,Entertainment,10900,,,
Rgt6xgiJQ24,148566,435,0,UCLo8y2sj4pQnz3lYEoeyVLA,Chung Chang,2026-01-13 03:30:20+00:00,11,24,Entertainment,7910,,,
HnV79b7JXdU,106019,4421,40,UCvBNGszlOXzwjfWqW00uATg,ifeeldrama,2026-01-14 12:26:52+00:00,76,24,Entertainment,482000,,,
8Y3Fop2SPWk,161566,1009,15,UCM-5I5KcwOUxCR83QPmQKZQ,AKSHITA BIJANIYA,2026-01-16 05:01:00+00:00,9,24,Entertainment,39400,,,
iK-pwovwEm0,114467,869,0,UCp-dGrU_KOumqHTKPGXnrlw,Orr Pepin,2026-01-13 01:06:00+00:00,23,24,Entertainment,5700,,,
6fLPfO7h1fc,103930,962,1,UCIU2-Hg-lXGgwM-5syQ5mHQ,MBA PRODUCTION,2025-10-25 02:24:48+00:00,61,24,Entertainment,462000,,,
LBxfkX5iLXs,130622,310,1,UC9JVfSyytPF2ex4mOfFXELQ,Ishan comedy world ,2026-01-21 06:29:03+00:00,10,24,Entertainment,1150000,,,
IzYEfXsv-DQ,115905,1549,19,UCbGPgvNunvclTypPtL3sa0w,BEN EAGLE,2026-01-21 15:00:37+00:00,12,24,Entertainment,47500000,,,
59R8lShCbTE,105079,0,16,UCYMBHgY7ssWZ_T8AJpwEjMQ,Neha lohara Diaries,2026-01-16 06:30:12+00:00,13,24,Entertainment,44400,,,
LccI6K9-3Iw,117380,517,0,UCDZhvzF5rmWNxVfhEuKwNvw,BITTU Raja 90z,2026-01-13 03:05:51+00:00,16,24,Entertainment,2110,,,
a0Oa9ubRTms,81942,1438,15,UCo5xgMxGvKUkKPN1ruDUobA,Zoiyuih-H77,2026-01-12 14:41:00+00:00,57,24,Entertainment,20900,,,
F1G9m_znguo,93525,4667,19,UCyG8pgvXKd6xO7PWI6V5wqQ,Kuttygadu Nonlocal,2026-01-14 14:45:03+00:00,56,24,Entertainment,78600,,,
YVZZr7wfH4c,95241,0,0,UCr-1eQbeJ0cI4tcWdwmlDRw,JNJ entertainments,2026-01-12 13:47:00+00:00,14,24,Entertainment,114000,,,
5duRaCLxBzE,82866,0,0,UCzzuOo8uRWm5y3UMMLDPv7w,Sourabh Boora Vlogs,2026-01-13 04:29:30+00:00,19,24,Entertainment,140000,,,
lwnJmhktspo,101019,429,0,UCDZhvzF5rmWNxVfhEuKwNvw,BITTU Raja 90z,2026-01-15 03:05:55+00:00,14,24,Entertainment,2110,,,
wvDGgC-0rSs,104313,996,18,UCC3fzwcRjfuzJ4Wx4SXngyA,cutepriyapari,2026-01-13 08:52:18+00:00,14,24,Entertainment,289000,,,
eKgjwISTiRo,60754,3390,51,UCvBNGszlOXzwjfWqW00uATg,ifeeldrama,2026-01-16 11:36:48+00:00,49,24,Entertainment,482000,,,
PiMud9JVwJA,92594,410,0,UCcTEVOGnmF2NF1sZfMHcp8w,Roli ji comedy funny,2026-01-13 04:23:13+00:00,20,24,Entertainment,696000,,,
46QopVveIIY,80605,220,0,UCvtEotAKweN8Wta9TPwEVLw,Vivek Babu Funny,2026-01-18 01:30:05+00:00,8,24,Entertainment,1060,,,
VCME43b6U1U,59458,0,0,UCrtvl9vZHBSyrszP7Kedhig,Lavkush Bhai 786,2026-01-12 06:38:04+00:00,39,24,Entertainment,51100,,,
cE5N_-OtquA,68785,329,0,UCUfSFIPhtYDZ_rjtFFs8JPA,Pokkiri Bro,2026-01-20 13:09:04+00:00,27,24,Entertainment,6350,,,
KuerfLjuqAA,70675,361,0,UC9Rvdsff8DudAj8iuYGZ04A,Jaba Rani Dancer,2026-01-20 01:03:20+00:00,12,24,Entertainment,22400,,,
ViiW0crC-dI,54958,225,1,UCMtpJJl7XXXUiYV-9akjkTA,Ritu masti shorts,2026-01-17 00:35:01+00:00,10,24,Entertainment,10900,,,
nYDHU-0A3O8,53861,0,0,UC38gQntvMNmP1wVCbtwa0tA,Sonu Alloriya Verma,2026-01-21 05:44:00+00:00,19,24,Entertainment,41400,,,
vLqE4EWT6Rs,55842,99,0,UCahqOTx8ZJl3j-L12vTieOw,Shuvadip,2026-01-21 00:01:09+00:00,7,24,Entertainment,1630,,,
s5E5p4nQIBw,40645,202,0,UCa3DgIfzFdOkKjIsnZ5ZiFg,టుడే స్ట్రీట్ పుడ్స్,2026-01-13 00:55:42+00:00,13,24,Entertainment,2490,,,
YEVG2-DFf_o,42959,424,2,UCkmJXjtftrJmlRHtq5Lh21A,KING GAMING,2026-01-20 04:02:17+00:00,11,24,Entertainment,24500,,,
EmP_FIG-CD0,51709,227,0,UCCWvo67FJ-hyt-Mj4KvoyEg,Rohit Beauty Shorts,2026-01-21 01:19:09+00:00,13,24,Entertainment,494000,,,
2onT7qapVqM,42821,182,0,UCEwFpYOMA_aqdVDf6f6n_2g,H.P Hosiyar,2026-01-16 01:30:05+00:00,14,24,Entertainment,59800,,,
nzuQd6QxRgw,38261,0,0,UC92gWiRrPP8R7sQmc30vR1Q,Op bhai 100k,2026-01-19 02:01:59+00:00,13,24,Entertainment,83400,,,
gwW2yCjuIKc,44661,159,7,UCOKcZQ80NOiWoKjE7mKXjcA,MojSmita,2026-01-16 08:30:00+00:00,8,24,Entertainment,141000,,,
kSum1-PK8sI,47662,203,0,UC--vZx2ifoWZ9Xyf5XhPw8g,Sumit Malik,2026-01-20 15:01:23+00:00,8,24,Entertainment,22300,,,
UFqORZlfd8k,29912,326,0,UCC_WpZElTvT1pS2COdHrQ5A,Pramod Comedian ,2025-08-31 14:55:22+00:00,18,24,Entertainment,2920,,,
0Ru3vFvP25w,40724,163,0,UCDZhvzF5rmWNxVfhEuKwNvw,BITTU Raja 90z,2026-01-17 02:54:53+00:00,16,24,Entertainment,2110,,,
GjXgp9E6tds,35741,245,0,UC7BmHI5w6Snc6Q_SigGVRPg,shorts Moj,2026-01-15 14:43:48+00:00,37,24,Entertainment,6910,,,
qscpco78DlE,31855,0,0,UCmHtaTEfHXglCPA3s6z35QQ,SATYAM1KT,2026-01-21 12:22:10+00:00,24,24,Entertainment,2160,,,
PULFuAglE14,31635,157,0,UCuRVfqIoKt9EEEUsG1f_S4w,Suraj babu viral,2026-01-17 00:30:23+00:00,28,24,Entertainment,27800,,,
jhcwJuw3tUI,27612,167,0,UCzpKYoiyvgFuiLSJU17cHxg,Reshma Kamdi,2026-01-16 03:52:52+00:00,36,24,Entertainment,717,,,
d1fKpoWtZx0,31992,151,0,UCbFyL7RXUwePd2aEhtqyfTQ,Ruhmeet's world 😎😎,2026-01-20 06:54:01+00:00,14,24,Entertainment,27300,,,
2CqTs_uAyFo,40006,0,0,UCfMvxnbYWISbDrqi_POI7dA,@archana family xyz ,2026-01-19 00:31:54+00:00,9,24,Entertainment,18400,,,
4i92FPEvH80,39189,156,2,UC8-NmSZidEu2zkdbNkQJOcw,official_roja_100k ,2026-01-19 02:28:20+00:00,21,24,Entertainment,6620,,,
1YxTl0_qJMc,34249,0,17,UCYMBHgY7ssWZ_T8AJpwEjMQ,Neha lohara Diaries,2026-01-18 13:00:04+00:00,14,24,Entertainment,44400,,,
O02YJvzBAQQ,31653,868,2,UCousFq8sLhiJTQcyMIAscpg,MD Asgar bhai ,2026-01-18 05:00:13+00:00,10,24,Entertainment,1190,,,
9RfQWGGmrek,26529,629,2,UCDK5R68q4hNvFBO4FGiMq6A,Fools Comedy ,2026-01-20 11:17:04+00:00,53,24,Entertainment,603,,,
6D4dTTMH4wk,39912,133,0,UCDlIgKB32NnusGiRwsTWQkQ,Unique Irfan Shorts,2026-01-19 11:00:22+00:00,12,24,Entertainment,67300,,,
OMR70PyYpe4,27977,0,0,UC_d4KVnMDMfQwn9snAfo1MA,TXshani,2026-01-19 03:12:35+00:00,61,24,Entertainment,651,,,
10OJTULiQJo,31108,143,9,UCRPxD47-_QDJunBoo6RsyZg,Loyal comedy & vlogs,2026-01-15 05:00:03+00:00,15,24,Entertainment,2160,,,
jlTX0rxMJek,31090,176,0,UC7BmHI5w6Snc6Q_SigGVRPg,shorts Moj,2026-01-16 15:57:02+00:00,45,24,Entertainment,6910,,,
td7PuhcdFNA,45282,173,0,UCGKqXE-aytkHtlcNJnFD-bw,Arju Khatun,2026-01-21 08:41:29+00:00,8,24,Entertainment,434000,,,
uM9exPr1kfY,27271,354,0,UCKVbKJdfw1qJ7CjtF_gsgbg,royal star boy raushan,2026-01-21 07:22:32+00:00,61,24,Entertainment,12600,,,
rWaa4NOjhqk,33546,158,1,UC3vZDLbDTi0CuO33aWIM6KA,Ravina Dhull Vlogs ,2026-01-19 04:03:56+00:00,15,24,Entertainment,23100,,,
A2h_D3ZWb3U,28234,0,0,UCPjwiW2Ot8AQsbAdhRK8ecQ,SDXZDN_SV,2026-01-19 03:28:46+00:00,61,24,Entertainment,625,,,
ZEzbziQHTV8,39826,156,1,UCEwFpYOMA_aqdVDf6f6n_2g,H.P Hosiyar,2026-01-14 06:30:19+00:00,12,24,Entertainment,59800,,,
RVwlYf9WD6c,34113,69,0,UCFXPDDItWun8Da7nh8NLDIQ,Green reaction shorts ,2026-01-20 12:27:00+00:00,10,24,Entertainment,16000,,,
Paqlfiqhe4U,38627,0,0,UCHupK3q9Ev6hU8MMNp-9jCg,PS CUTE SHORTS ,2026-01-19 12:21:54+00:00,18,24,Entertainment,53900,,,
rRueA5yLo-g,28882,161,0,UCtAQK4KxqlPau0xwsnmfxOQ,Kavita Bhatt vlogs,2026-01-21 09:01:28+00:00,18,24,Entertainment,25400,,,
LIJvCWNP9T0,31938,114,0,UCUaKCQExxLJ2zRL_-Hu5emg,Chacha Funny 07,2026-01-16 02:08:00+00:00,12,24,Entertainment,31200,,,
0J-7A0cFEEs,23352,0,7,UCadqb2neAwSbAfJdoKfCAEg,Karan Kumar,2026-01-16 07:30:01+00:00,60,24,Entertainment,10900,,,
N3W_h8XHIJU,32059,122,0,UCLO4ELLnNA7tKoXyEdOZkfQ,Akshita Singh Bijaniya ,2026-01-19 04:37:01+00:00,10,24,Entertainment,6460,,,
BvCNDyM4R6k,33162,165,0,UCEwFpYOMA_aqdVDf6f6n_2g,H.P Hosiyar,2026-01-15 12:30:16+00:00,13,24,Entertainment,59800,,,
CnqPHwD3H6A,22721,979,30,UCO2v1sA8vZcvwLxdK3_1vlg,SKYFILM04 ,2026-01-18 12:45:31+00:00,56,24,Entertainment,9130,,,
ZJERQ12vPNw,24878,217,0,UC9w32iYluTkC3ojOA97-Y0w,Shorts Blast ,2026-01-20 01:14:29+00:00,19,24,Entertainment,886,,,
uIOSX5xQNNs,27793,777,0,UCcDZi1wFh7UWw-TLxIp5z9g,naazalikhan,2026-01-17 05:38:31+00:00,16,24,Entertainment,3170,,,
1g58VEUqxb8,22957,318,0,UCVnyaV7DaqyC7YKnxC0ySQA,Mrfeast,2026-01-17 12:22:10+00:00,35,24,Entertainment,129,,,
jmqCFVA6Q14,29423,0,0,UCnGAheFIjxSa2U2dgO0jrvA,Foodie's ,2025-07-19 14:25:01+00:00,7,24,Entertainment,54800,,,
21QaDfz9twQ,24304,116,0,UCx29eBhCIDM8w0mwPMj-Asw,ASMR CREATOR ,2026-01-17 14:12:13+00:00,13,24,Entertainment,12100,,,
EcxB6Qkng6c,20990,116,1,UCJbbmUk9Wmnr5AnfpM-cytw,Kiran's Entertainment World♥️,2026-01-17 08:01:20+00:00,23,24,Entertainment,8290,,,
vtu75yha7sE,32692,144,0,UC0DiIUd1nqYyhNW08MnpGvw,Vikas Official 18,2026-01-18 11:26:06+00:00,8,24,Entertainment,43600,,,
jKtO6ySzyBo,25862,115,0,UCDQJ5t1zdtTKtCUdP2uuMug,Paridhi Jangra,2026-01-15 14:29:50+00:00,21,24,Entertainment,283000,,,
CdmqmuAgjlc,28192,118,0,UCDZhvzF5rmWNxVfhEuKwNvw,BITTU Raja 90z,2026-01-19 02:47:58+00:00,16,24,Entertainment,2110,,,
JQl5Mbvc1HA,29902,107,1,UClFPaPqcgB1Omv1pbrgs23A,RRR Funny World,2026-01-18 06:09:00+00:00,9,24,Entertainment,5770,,,
Rds8j2ORQXU,37516,118,0,UCAobVdH3EK6cfFYFOpTEucg,Mistry lifestyle,2026-01-14 08:00:37+00:00,6,24,Entertainment,14100,,,
a0kaK-pHkss,25739,0,0,UCYQvbx-egArwjZ2NanzbOOw,Jhuma vlog @ shorts ♥️,2026-01-21 12:41:18+00:00,20,24,Entertainment,94500,,,
l-_mWucvTRw,17363,203,1,UCFNUsF9yx0N_Eh-BikU1vcA,Gulshan yadav content creators,2025-06-25 07:35:25+00:00,15,24,Entertainment,45,,,
oqlXf2snKjo,13900,0,0,UCeATDCgfFRoYvmM8BvaihYg,chuni official,2026-01-20 05:14:03+00:00,19,24,Entertainment,326000,,,
TZdGm0KxJ1E,7922,72,0,UC2OLqifdJ28fSFMeIda6GMg,Mr Arun Malik20 Vlog,2025-09-17 10:52:21+00:00,16,24,Entertainment,15800,,,
RP81Ob4XxJY,4524,29,0,UCWgecmR8KCAPR3x5d5CTNVg,Porosh khan official ,2026-01-20 13:29:03+00:00,13,24,Entertainment,203000,,,
CY6vPVx3f9Q,3200,19,2,UCy5eXX55C757Y_8WTRmKgCA,7/7  entertainment 🧚,2026-01-21 11:40:01+00:00,18,24,Entertainment,11300,,,
3fH5L0CXFOA,5986,66,0,UC4xzAh9JBnAq9FLz2Xk_Y1A,Dinesh rajput 920,2026-01-22 01:20:26+00:00,43,24,Entertainment,6090,,,
K6YhJnt2Jl4,17742826,81078,406,UCAfiTVtiNYy7qUBwiwI6fIw,THÁNH ĂN TẠP,2025-07-15 00:00:21+00:00,13,24,Entertainment,6390000,,,
u9vTa6rSG_Y,550,10,0,UC3nhsis8toHOnB2CIhH5-6A,farming business,2024-07-10 14:37:19+00:00,7,24,Entertainment,18,,,
hfHIADcXm9g,472,2,0,UCVnyaV7DaqyC7YKnxC0ySQA,Mrfeast,2026-01-22 04:41:02+00:00,60,24,Entertainment,129,,,
R5Sa4ai3Iug,45232236,1845512,6208,UCMO0fL9oNCKscgzJQgrfbmQ,Fit beauty,2022-07-24 13:30:20+00:00,60,26,Beauty,6050000,,,
qaCR-h0elGY,40552959,1146498,3642,UCGhXgPi0bPzyFNOzE6fkMxg,Lea Felicitas,2024-07-31 16:00:55+00:00,51,26,Beauty,2150000,,,
UdAzBkbaSP8,34725597,1443043,3546,UCMO0fL9oNCKscgzJQgrfbmQ,Fit beauty,2022-06-23 13:30:20+00:00,60,26,Beauty,6050000,,,
wON0NBrbIrQ,32354242,1578327,3836,UCOZW0cTQOlOeHKk_8kvGguQ,MissDarcei,2022-04-05 18:26:42+00:00,19,26,Beauty,4010000,,,
ofEwnJo_mRw,30065312,858096,43202,UCKVqnev2idvmUNKc2b91B8g,SUGAR Cosmetics,2022-09-24 12:13:50+00:00,61,26,Beauty,2130000,,,
YYz1wpty0xg,29932729,1592541,9580,UCvPfa7yll5K_7VG5hA9lZVQ,Trulee Rodney,2022-08-16 14:34:53+00:00,53,26,Beauty,1670000,,,
CD0VUCFDFt8,23951970,353767,11524,UCAMmZ3EHvprYfGqsKj3bhPg,Tabbu Sabnam Official,2023-05-22 16:09:10+00:00,60,26,Beauty,2250000,,,
YEepPjpgX_4,22055257,830252,39815,UCKVqnev2idvmUNKc2b91B8g,SUGAR Cosmetics,2022-10-10 09:32:53+00:00,57,26,Beauty,2130000,,,
iQpshHHkSsQ,21303588,166770,1418,UCJHx89KvCsZlRCO-8bP3QfQ,Zak Heath,2022-10-21 18:59:12+00:00,13,26,Beauty,215000,,,
ZpBgoYuvEus,20743932,1038567,2360,UCMO0fL9oNCKscgzJQgrfbmQ,Fit beauty,2022-07-19 13:50:13+00:00,60,26,Beauty,6050000,,,
awURAYMLewI,20947930,693317,4294,UCIOUkPJZtWThQBtkCRniSBw,Natalies Outlet,2022-01-14 19:03:46+00:00,26,26,Beauty,8070000,,,
9K_CZizKdVs,20423702,544712,9555,UCRXiA3h1no_PFkb1JCP0yMA,Vogue,2021-02-18 18:44:11+00:00,840,26,Beauty,16100000,,,
t9cYP8ahMfc,20146248,395701,348,UCy5CMIj7sqy8ynu0EaxrAuA,Blusher,2022-05-05 21:00:23+00:00,30,26,Beauty,1820000,,,
KRzOsdADqyo,19955543,984147,3949,UCMO0fL9oNCKscgzJQgrfbmQ,Fit beauty,2022-05-17 11:30:25+00:00,59,26,Beauty,6050000,,,
aCp-o8qeg5s,19648882,1164705,2477,UCOZW0cTQOlOeHKk_8kvGguQ,MissDarcei,2022-09-17 17:03:53+00:00,43,26,Beauty,4010000,,,
PYS3UZFPJWI,19224106,500329,12654,UCRXiA3h1no_PFkb1JCP0yMA,Vogue,2020-11-12 17:00:07+00:00,1076,26,Beauty,16100000,,,
S4z-n3VwhMI,18851507,233750,10983,UCXoY0ZeHZBe0p-ByCiYP_XQ,Denitslava Makeup,2022-07-22 12:15:03+00:00,1202,26,Beauty,8210000,,,
eM637N5YFP0,18196565,883524,3434,UCMO0fL9oNCKscgzJQgrfbmQ,Fit beauty,2022-01-25 13:30:28+00:00,60,26,Beauty,6050000,,,
kGg44zdgHYM,16591984,726634,26657,UCRXiA3h1no_PFkb1JCP0yMA,Vogue,2020-09-03 16:00:04+00:00,680,26,Beauty,16100000,,,
PDjMHKrSwKU,16557861,1216664,22480,UCXoY0ZeHZBe0p-ByCiYP_XQ,Denitslava Makeup,2022-09-14 12:16:30+00:00,60,26,Beauty,8210000,,,
FFOg9qbfDAg,17023316,617643,519,UCAM2fyCjEdROyELretVTiiw,HopeScope,2024-05-17 12:30:09+00:00,24,26,Beauty,8030000,,,
XUpsablIZwI,14621195,779077,1957,UCMO0fL9oNCKscgzJQgrfbmQ,Fit beauty,2022-07-10 04:30:27+00:00,60,26,Beauty,6050000,,,
o5BJJTL0fsA,14764546,1258969,3680,UCOZW0cTQOlOeHKk_8kvGguQ,MissDarcei,2022-08-18 19:21:54+00:00,43,26,Beauty,4010000,,,
NrxszD08WD8,13475872,1177895,3266,UCOZW0cTQOlOeHKk_8kvGguQ,MissDarcei,2022-08-08 16:32:37+00:00,56,26,Beauty,4010000,,,
XMCZEJVlyRY,11157091,386574,10877,UCRXiA3h1no_PFkb1JCP0yMA,Vogue,2021-02-04 13:00:03+00:00,916,26,Beauty,16100000,,,
P4ZCTJhX_i4,10513289,472434,2549,UCCnngeLwoZCSSuSs9ePuDqA,Morgan Turner,2022-12-14 19:38:42+00:00,11,26,Beauty,365000,,,
iY9bmnyY4T0,9909179,668604,3165,UCOZW0cTQOlOeHKk_8kvGguQ,MissDarcei,2022-12-11 18:20:11+00:00,59,26,Beauty,4010000,,,
V41X8Mxd3eE,9494975,293819,357,UCXweIOalL6vIBRUiNakfWQw,shubhangi anand,2022-06-20 13:56:27+00:00,22,26,Beauty,1560000,,,
Cp1skgozMxQ,11191262,195018,523,UCzmlP2hHOILqjLZs6Dp159g,Arpita Ghoshal,2022-10-13 07:59:17+00:00,41,26,Beauty,195000,,,
0zlWu75k9Ow,9078338,238055,4541,UCRXiA3h1no_PFkb1JCP0yMA,Vogue,2020-07-17 16:00:02+00:00,997,26,Beauty,16100000,,,
4m_QKWZ1tdE,9684167,266600,404,UCXweIOalL6vIBRUiNakfWQw,shubhangi anand,2022-08-15 13:49:56+00:00,25,26,Beauty,1560000,,,
VpWEhzryEUQ,7788004,57575,622,UCXcRQ5k-OOf1OC3jrFbOUqQ,Khushboo Dhakad,2021-07-26 14:31:30+00:00,702,26,Beauty,68400,,,
HtVXAQnKphk,7745021,141786,5490,UCXoY0ZeHZBe0p-ByCiYP_XQ,Denitslava Makeup,2022-05-16 12:56:39+00:00,1126,26,Beauty,8210000,,,
9b3NMvUWOec,7756467,248839,640,UCkYTCoRI2zIfKPJAzsExNyg,Matt Randon,2023-06-13 20:31:35+00:00,30,26,Beauty,1570000,,,
dACCB7vnQFU,7616509,88260,1832,UC1p1QdLb6XIvRme7t48QGjw,Shruti Chauhan,2021-02-14 19:52:30+00:00,590,26,Beauty,65800,,,
5uxPYlvOlrE,7395416,209865,1739,UCRXiA3h1no_PFkb1JCP0yMA,Vogue,2022-12-14 17:00:02+00:00,561,26,Beauty,16100000,,,
VKGriCgYwno,7894800,150582,940,UCFSywI5E4xHECYPhl77DvRg,DUcare,2022-09-09 17:00:31+00:00,18,26,Beauty,200000,,,
V2OgfwMclLw,7297822,253390,9901,UCzsF1ghKHeif7AmTNlRYAzQ,Harper's BAZAAR,2020-08-04 12:15:00+00:00,495,26,Beauty,1820000,,,
58OxTUPGdAs,7229051,217470,2012,UCRXiA3h1no_PFkb1JCP0yMA,Vogue,2022-01-25 17:00:09+00:00,792,26,Beauty,16100000,,,
OWdYj6FgbvQ,6272292,161859,3515,UCRXiA3h1no_PFkb1JCP0yMA,Vogue,2020-12-15 17:00:01+00:00,883,26,Beauty,16100000,,,
OwlUB0eYdOk,6285200,150039,324,UC85peOQGLyFN39YiIdSxRpA,Stay Stylish With Neetu,2023-02-02 14:58:28+00:00,16,26,Beauty,56300,,,
YoEP4kNOlGM,7347663,253906,986,UCRXiA3h1no_PFkb1JCP0yMA,Vogue,2023-03-31 13:00:04+00:00,15,26,Beauty,16100000,,,
4TmSxqnNGf8,8366284,187764,952,UCg054lONYIKZfOECmPBL9iA,Beauty Ka Kerra ,2024-10-15 13:17:22+00:00,10,26,Beauty,26100,,,
w95UtKQIm3U,5352578,117457,2503,UCRXiA3h1no_PFkb1JCP0yMA,Vogue,2021-05-25 16:00:02+00:00,1034,26,Beauty,16100000,,,
_TjsCchqAEM,5273735,29768,578,UC295-Dw_tDNtZXFeAPAW6Aw,5-Minute Crafts,2022-03-17 08:00:10+00:00,905,26,Beauty,80900000,,,
oXZQ-BUnawc,5152657,37198,539,UC2etEuPIfohP4P53wM0KImA,5-Minute Crafts DIY,2021-04-03 16:00:30+00:00,773,26,Beauty,20200000,,,
eERWp1nH_MA,5039112,156964,1650,UCkYTCoRI2zIfKPJAzsExNyg,Matt Randon,2023-05-10 20:04:11+00:00,19,26,Beauty,1570000,,,
JPUbSvsxjsY,4819081,122727,889,UCg6wZlw_FMB75Rty7vM42bg,Jean Watts,2022-06-20 20:13:59+00:00,1426,26,Beauty,377000,,,
_5eOwQ7ai9Y,10273131,145781,398,UCjVycrA3ESm9EKQmCt38EyA,Bright_Shivani🪻,2025-04-29 14:30:22+00:00,50,26,Beauty,76900,,,
T4EIfptU0q4,4817835,152063,753,UCeOYuu2H5rIjvFuqAvooTYQ,Tanuja Choudhary,2024-03-07 06:40:21+00:00,37,26,Beauty,557000,,,
VpRkJazQhHg,4219930,81807,1635,UCJnCP6CoFiJaXTz3dkooFEw,Saj Ghar,2022-06-02 07:05:02+00:00,631,26,Beauty,1620000,,,
ovPDZt0XNPU,4655991,205673,548,UCOQQdp7R24aOG-d6F_vUBNA,SWAGGER SHIVANI VLOGS,2024-08-05 16:42:19+00:00,59,26,Beauty,2070000,,,
IQqBkfMGpGY,4520103,123855,0,UChjZGtMo6NTQrVZwjPaPO1Q,Ponni Makeup Artistry,2021-11-20 16:08:01+00:00,16,26,Beauty,172000,,,
kjwRCoZBQ-g,4167610,66840,1118,UCAIHs5fcbJkXH8VrYEW8i1w,Mintmade Fashion,2021-05-19 15:54:19+00:00,187,26,Beauty,202000,,,
nZeqKFBbrGE,4765038,276447,2159,UCOZW0cTQOlOeHKk_8kvGguQ,MissDarcei,2022-03-29 17:19:38+00:00,31,26,Beauty,4010000,,,
49bQauFJtt4,4170375,101073,204,UCdTQZCoP_4GrJ6foB3zoFyA,Michu,2022-01-05 11:22:54+00:00,16,26,Beauty,590000,,,
6yVpvRLvXm0,3899995,152103,1635,UCRXiA3h1no_PFkb1JCP0yMA,Vogue,2022-05-31 16:00:01+00:00,557,26,Beauty,16100000,,,
MrYEZZpuTTQ,4042392,112690,0,UCIYMgDtU7R_2uf3xhtoocew,Shab & Kassie,2024-09-12 10:53:13+00:00,57,26,Beauty,6080000,,,
zpuc2th98dg,3592791,127294,937,UC7jFOIyw9Nk_uQpNOsL8ULg,The Soni,2023-05-26 05:55:53+00:00,54,26,Beauty,1120000,,,
QILO1hmzbS8,3377841,60739,141,UC33my33ooJ36U8lu_doOxBA,Shreya's Creative Palette,2022-09-28 06:25:35+00:00,52,26,Beauty,18800,,,
3F7uc9jV9V4,3223266,67579,3828,UCRXiA3h1no_PFkb1JCP0yMA,Vogue,2022-12-21 17:00:07+00:00,742,26,Beauty,16100000,,,
i0582ekCZNY,3902867,97815,532,UCkYTCoRI2zIfKPJAzsExNyg,Matt Randon,2024-09-17 20:27:26+00:00,41,26,Beauty,1570000,,,
BE3ZGaeUEP8,2953735,153126,1504,UCRXiA3h1no_PFkb1JCP0yMA,Vogue,2022-04-20 16:00:06+00:00,581,26,Beauty,16100000,,,
e4twKKfCg4c,2993455,35438,133,UCUITKhflrJnU5NJGLD3Rdhg,SIMRAN KAUR,2022-07-28 15:27:09+00:00,30,26,Beauty,298000,,,
qr5QN4h8qF4,4388896,72284,106,UCid1KzwLPMJxMCCNDwPwH4w,Yashasvi Rajpoot,2022-01-29 15:18:56+00:00,15,26,Beauty,2470000,,,
Dm-VhYSaWsM,2919325,37372,194,UCinNI9eVSHLufUVmb8qqZGg,Yo Beauty,2023-06-06 03:55:27+00:00,33,26,Beauty,427000,,,
I6KSeIhVFV4,2732401,139091,4991,UCJd-bJjTp9zpDGZtTALWJmA,Akanksha Soni,2024-04-03 16:05:16+00:00,59,26,Beauty,2000000,,,
WuWnt2NHJxk,2407053,37624,880,UCWrIczmOFMmQ2wxWZpvKrPQ,Smitha Deepak,2021-09-19 13:30:05+00:00,329,26,Beauty,3750000,,,
0BJr_Owmdho,2873407,55253,165,UCfDWU4p5DD5aBsVe2s1U3sQ,Beauty tips,2021-09-06 12:31:38+00:00,16,26,Beauty,105000,,,
3wfAGnwfPNI,2415018,64059,878,UClhp9r6NXY_OecSPL_AOJcQ,Caitlin Thexton,2024-12-31 21:00:07+00:00,10,26,Beauty,224000,,,
NmrfwqlnZcE,5138384,24826,54,UCRqEfb8TRJ-WA597UT2kP6w,Hetal's Art,2025-05-13 14:00:47+00:00,8,26,Beauty,8560000,,,
iDuvbCV9qwg,2175192,46055,1107,UCkYTCoRI2zIfKPJAzsExNyg,Matt Randon,2024-03-22 22:11:24+00:00,12,26,Beauty,1570000,,,
mCSBY2ybVDw,1837612,50443,302,UCvBoAyWLQbveDWr8U08UDUQ,Nidhi Katiyar,2022-06-08 14:22:54+00:00,59,26,Beauty,511000,,,
ou_p4GDY1r4,1889646,49684,77,UCdTQZCoP_4GrJ6foB3zoFyA,Michu,2022-06-17 14:58:31+00:00,15,26,Beauty,590000,,,
vUK9BuYTZRQ,1723852,121614,229,UC_1UmbgcVUuIO5jbHbyMzLA,lilyis_,2024-06-30 17:33:00+00:00,60,26,Beauty,589000,,,
7BaqKJ3tuHY,2100316,71843,483,UCDJ7jU-bV_OfTg039JAFahQ,Ale Jay,2023-02-15 22:00:03+00:00,43,26,Beauty,634000,,,
gy1V2ElEu4o,1435584,70670,304,UCji7wwhcGBhI0MIlxytFp4Q,Kelly Strack,2023-05-21 21:28:52+00:00,21,26,Beauty,1090000,,,
te31gKGUOIA,1284021,86106,319,UCCnngeLwoZCSSuSs9ePuDqA,Morgan Turner,2022-11-20 21:00:20+00:00,55,26,Beauty,365000,,,
H4jidXnATxo,63123448,1245296,994,UC3IYh5Wwpxq5d3bOyPh6Opg,Saranxh,2023-07-05 12:24:59+00:00,49,22,Vlogs,1520000,,,
fzXj8XCygtU,94544452,1062346,1528,UC28haopD28ljl7lVEKkw1PA,Sirf Shreyansh,2025-05-31 14:20:05+00:00,60,22,Vlogs,13700000,,,
lj5GXZaE7qs,53359355,699248,27924,UCewnpz5mc4Sjx4esAs54O0w,Kiun B,2022-03-02 13:00:11+00:00,1055,22,Vlogs,1860000,,,
QWU1v6IKOQ8,52948988,3349060,11671,UCH-g5AQbCdDMtEmBtGXLXNQ,thebeekid,2022-11-16 00:24:28+00:00,61,22,Vlogs,856000,,,
G1deF_qH9hI,38919189,872838,570,UCkn7QWNmJftBg-yHla3EJjw,Life with Priya Rao,2025-01-21 12:29:46+00:00,34,22,Vlogs,9060000,,,
PhLAnjFcwJ8,24956552,2240025,10959,UCKX8qlNu2v4m0bCkhd7jicA,Haley Kalil,2022-10-28 18:35:53+00:00,59,22,Vlogs,8090000,,,
3zTR4ayDG38,21257925,948046,57967,UCAk3t7WHs2zjsZpopox8Taw,Jonna Jinton,2021-01-13 16:48:43+00:00,865,22,Vlogs,5260000,,,
2_mwDBsSsDw,20709780,479751,2004,UC4RxsyGKtcq13KNxgqmTl8w,Badal Ka Safar,2024-08-14 17:38:00+00:00,42,22,Vlogs,483000,,,
GOrzByZHbFs,16773658,531827,15592,UC2Tqj9eXzTYrmAUAbf5IC8w,Issey Moloney,2022-06-22 12:00:15+00:00,27,22,Vlogs,509000,,,
s7SLufJrzKo,16655007,356616,2192,UCIS-gjnsfvNGV1skBLfnknQ,Nikshri Vlogs,2024-05-17 12:30:41+00:00,53,22,Vlogs,1130000,,,
ko52vRIq6nY,26448256,266479,1398,UC6q8UqYxyEXlGZngSzrSu4A,Niqabi Saba Life,2025-10-15 15:15:44+00:00,40,22,Vlogs,57000,,,
uN80NoAOzzE,13503526,0,6496,UCy0229ISL-677SAuK_1In_A,하미마미 Hamimommy,2021-08-14 09:24:18+00:00,1572,22,Vlogs,2780000,,,
N80S9abw23c,21734598,438229,441,UCkn7QWNmJftBg-yHla3EJjw,Life with Priya Rao,2025-07-29 13:05:55+00:00,48,22,Vlogs,9060000,,,
kzpN41uanRs,11995932,425756,501,UCPXLAruFusYx0ZI_WA8T34w,Miss.Hosiyar,2024-08-09 11:55:00+00:00,60,22,Vlogs,6840000,,,
BwCGWSoAgj8,10309940,323328,5127,UCIzIX1qgW7P3eF6JCk_afCA,Charles Leclerc,2022-08-03 16:01:00+00:00,913,22,Vlogs,1470000,,,
zf1PIXh08ZM,10694775,562772,0,UCADQo478H9KjhL1xxEkKwoA,Riya's Amazing World,2022-11-01 07:30:14+00:00,60,22,Vlogs,3840000,,,
a9X3p_ojWn0,9166563,497658,0,UCjvgGbPPn-FgYeguc5nxG4A,Sourav Joshi Vlogs,2022-12-16 02:30:01+00:00,481,22,Vlogs,38800000,,,
BIoG6xPL7DM,8621257,613712,7007,UCKX8qlNu2v4m0bCkhd7jicA,Haley Kalil,2022-10-25 17:34:05+00:00,60,22,Vlogs,8090000,,,
q1a_Ra1PHYE,17413678,89962,0,UCJJ53lDxejaLLdAL0iRBNCQ,Cute Baby Yangyang's Daily Life,2025-07-28 13:01:41+00:00,22,22,Vlogs,899000,,,
6czL7YiybaQ,7666815,128888,4774,UCvoBYKyBDVXrBHH2aF5cLVA,Kriti Sanon,2022-04-20 09:30:01+00:00,427,22,Vlogs,1320000,,,
xLTCivIB4kU,7481078,195035,8142,UCi4s3kO1-xxCDaw8yX56umw,Brett Conti,2021-09-22 13:30:36+00:00,1132,22,Vlogs,996000,,,
4LeLtjijoLM,7611711,362730,834,UCV9AJGw4AlbrmIdPqYQndCA,Neha Bisht,2023-10-15 07:56:52+00:00,51,22,Vlogs,2090000,,,
yzzOIj-3rbo,7010066,5428,0,UC9kCCcYe0q37pBiYTTDnfuA,Sns VLOGA,2025-07-18 12:29:12+00:00,71,22,Vlogs,117000,,,
EJzg5yhd2as,8209274,330836,1151,UCmt6ANTxFIZL8XhLprxgJmQ,Maria Khan,2025-01-30 04:30:03+00:00,59,22,Vlogs,6620000,,,
r5vofRFt8Jc,6909674,20256,756,UC6sedO4H5ICqIBNLErPzBXA,That Mompreneur,2022-06-01 11:17:40+00:00,760,22,Vlogs,162000,,,
msiZ8WO0W4k,6198217,492892,3363,UCKX8qlNu2v4m0bCkhd7jicA,Haley Kalil,2022-10-27 19:27:56+00:00,60,22,Vlogs,8090000,,,
_v1hEIoOK68,5401630,235852,757,UCk8U-j3BoWWd9cny2YNe4jg,Dr. Bhagyashree ,2024-08-09 09:38:49+00:00,40,22,Vlogs,1120000,,,
cxTegrTzJPs,10824415,273537,432,UCkn7QWNmJftBg-yHla3EJjw,Life with Priya Rao,2026-01-14 13:09:31+00:00,53,22,Vlogs,9060000,,,
sf7v766tzXI,4880910,0,462,UCbmdRsHCOcCiY8sEVJbJj5g,Shrihitt,2023-04-27 05:29:21+00:00,60,22,Vlogs,1710000,,,
5fFbk0dvJYs,3968599,110281,858,UCHwmf_HkVG7YkTBQd37zt4A,Esther Lee,2021-12-09 13:23:32+00:00,595,22,Vlogs,222000,,,
sy_tYXpRT38,3974210,157532,1127,UChh0DE4LosUyXSiZA0Yn1RQ,Pramila Dhyani,2022-09-26 12:29:02+00:00,54,22,Vlogs,246000,,,
DWA8h05Axr0,6259302,165098,695,UCdQgkA195GHjNr3b0eW5aHg,Little Anushka Vlogs,2025-05-06 13:12:41+00:00,58,22,Vlogs,754000,,,
49axJtrcldw,3483692,79562,1071,UC-wocImdZdGZX6jBDRMEGIA,예진イェジン,2022-01-06 09:00:04+00:00,747,22,Vlogs,268000,,,
JUilG_s73CQ,3544201,183524,146,UCchNEdRYDZtOaYFSpKGka1g,Winanda Haristha,2024-01-06 20:31:40+00:00,61,22,Vlogs,110000,,,
1sOaGP0wpN4,6771867,88686,243,UCigMUvZchs--6PyeK07RJCQ,Khyati Puri,2025-05-04 04:45:46+00:00,18,22,Vlogs,16000,,,
F9BhMllqLwk,3227871,159393,220,UCkn7QWNmJftBg-yHla3EJjw,Life with Priya Rao,2023-05-04 15:50:00+00:00,53,22,Vlogs,9060000,,,
c0wpfx2ePBI,3833948,60356,277,UCaUzEHgOFAqb2F_cMCI_ZpA,Nageen Lifestyle In America 🇺🇸,2025-09-10 15:29:41+00:00,59,22,Vlogs,168000,,,
CrKDwSenkrQ,2736336,82109,1618,UCNrkWccLIwV-sBdtkn0B05Q,shin,2021-11-30 14:33:56+00:00,583,22,Vlogs,1100000,,,
i18O1nwDxBg,2713695,165845,257,UC94Wb0zsO9vr0VovflFaU4A,Mitali This Side!!,2023-07-13 05:30:10+00:00,58,22,Vlogs,1370000,,,
fc1thatFqVQ,2750387,61905,1653,UC2IsGfujtzMOS7iJFroSzHg,Pragati Yadav Vlogs,2023-05-03 06:50:00+00:00,55,22,Vlogs,9650,,,
zhT86VFl5c8,2138194,64450,1026,UC9o3Y-QYvMjxvBs0_QOD0AA,miyu <3,2022-05-03 10:45:02+00:00,1636,22,Vlogs,67700,,,
tXjNT4ShksE,2101618,48339,6075,UC4s4I_0RxKMgp-HKRVagRnw,Nick Keomahavong,2020-05-18 00:04:31+00:00,969,22,Vlogs,439000,,,
A8tKomTfUiU,2742307,93175,534,UCEUvsEfdROKsBH_nSNozTTw,ChanRav's Story,2025-07-03 02:30:14+00:00,100,22,Vlogs,1510000,,,
BiQqonPwmko,1697108,28003,399,UCR6kW-duXzcxhBs_SmEN-uw,kokohome,2024-08-16 11:00:12+00:00,1305,22,Vlogs,581000,,,
ttsprdcQLCg,1912958,90507,337,UCAk_loXdoKqPXwnTMmCuDeQ,LenaLifts,2023-04-10 17:23:06+00:00,23,22,Vlogs,1310000,,,
USxHQ2sPazU,1981955,120535,242,UCbK2Dc_JBauzczySLBg_1Ig,Alice Wu,2025-01-15 23:00:34+00:00,24,22,Vlogs,1330000,,,
zROgqWE-yVE,1574162,35029,519,UCBrT_NBOM8yEEeKXQ-Fse1Q,SunnyVlog 산니,2024-06-30 12:01:24+00:00,490,22,Vlogs,575000,,,
glXx2r3ePcs,1524835,62046,550,UCRWHI6_4O4M8T-HV1aGZWQw,Our Cottage Life,2023-07-19 16:45:00+00:00,1141,22,Vlogs,202000,,,
a9VaCmRaQNE,1510186,49746,566,UC6Jky-R-Ql0OvFgQhqQAo5g,JunZhe Koh,2025-01-16 18:28:39+00:00,354,22,Vlogs,73600,,,
I5onlJaV8Gc,1529564,106444,660,UCSYFnfGSoFjhLiw8VvML-wg,LUI'S GOOD LIFE,2023-05-28 13:30:10+00:00,50,22,Vlogs,1220000,,,
ng93t_vYwBs,1578882,81376,332,UCLWNKb7pjIS_ff4zaoneJWQ,Kaitlyn Johnson,2023-07-13 20:39:44+00:00,47,22,Vlogs,1540000,,,
tfB-2X_VUck,1449378,25406,707,UCv-FsSgXonCTFQwtkOywuiA,Mana,2025-04-11 21:51:51+00:00,793,22,Vlogs,96600,,,
S-u747S0ZWw,1409484,45437,3648,UCAk_loXdoKqPXwnTMmCuDeQ,LenaLifts,2025-03-30 19:42:59+00:00,1596,22,Vlogs,1310000,,,
Vw_dQyV-KMU,1388397,36123,693,UCXicAYN7ZovOeynkxfLBUTQ,Helaine Zhao,2025-03-07 20:30:06+00:00,872,22,Vlogs,211000,,,
8AOo_B1JvSI,2529564,73316,687,UCImW3R-O00TjB45i5_Y2i8Q,Ashley Noelle,2024-06-06 16:07:58+00:00,10,22,Vlogs,498000,,,
EWX_dQoLcHU,1702307,64915,149,UCERkc8xp6iYjooeqgWmTurg,S h r e e s V l o g,2025-01-09 11:33:13+00:00,27,22,Vlogs,62700,,,
OVk3ru60FEs,1314423,0,1887,UCGVjydE_ws0T3Mjk_61oF7A,DaySee Hidayah,2021-06-19 12:37:03+00:00,333,22,Vlogs,22200,,,
iNdLRuZsOIo,1384635,76632,111,UCkn7QWNmJftBg-yHla3EJjw,Life with Priya Rao,2023-05-05 16:49:07+00:00,52,22,Vlogs,9060000,,,
fPrKTmAYj9I,1213874,724,7,UCBFovPVWhwTRpEA9c45T-Vw,kênh PL 01,2021-08-02 17:00:18+00:00,5,22,Vlogs,9030,,,
1owLGoRARTY,1201667,32036,909,UCzqh0IvMHdqF8q6R7flLUwQ,Ugo Okoh,2024-11-23 13:00:05+00:00,759,22,Vlogs,26700,,,
Sf9ihvL0Usk,1199038,37666,858,UCnaBc_rvFuhu9eviG2mjryQ,Mei Time,2024-10-11 11:00:36+00:00,884,22,Vlogs,226000,,,
Kb0bmthlLek,1499900,90122,275,UCQgwF5Od06EKCvhEh1tmQDw,Elise Pham,2024-03-26 15:00:15+00:00,50,22,Vlogs,692000,,,
_m9ypfyYIW8,1674179,45040,548,UCfes1tXCBGQu0YbgWBUCpsQ,Annamat,2025-07-03 06:11:59+00:00,33,22,Vlogs,29300,,,
rt_RpBCdtfw,1270396,127024,450,UCbmdRsHCOcCiY8sEVJbJj5g,Shrihitt,2023-02-08 15:07:22+00:00,60,22,Vlogs,1710000,,,
kR5lNFS0S7U,1151866,4961,428,UC_KQl9eZkgftD_M7_U_-OaA,Life in Vietnam,2024-06-11 13:00:07+00:00,9216,22,Vlogs,86700,,,
keFVnfvfMAw,2364516,48774,235,UCE4JTwXrWOO57Ihry-iNqQA,Life with kaniiii,2025-10-11 12:18:11+00:00,29,22,Vlogs,29500,,,
RSvmZdU3Xf0,1678114,48247,613,UCNVqpeJMKKJ0gkFlOkFv3fQ,Life With Niranjana,2025-06-16 12:59:01+00:00,52,22,Vlogs,487000,,,
qYOFs7rU1yI,1117703,18813,239,UCw-4C5sFYuvAbpXwkC_mEBA,Brenda Anton,2025-02-16 17:00:55+00:00,1787,22,Vlogs,118000,,,
VQCuUDXEZRo,1081581,21087,382,UCO2HsAYUjqYGl-57OLuMeOg,maeve,2025-04-21 11:28:34+00:00,651,22,Vlogs,151000,,,
X-AMeeCNddM,1226446,18661,303,UC8Pqn8RWXMTCgw0VtCWEgRQ,Sonya Mehmi,2023-01-24 07:49:43+00:00,59,22,Vlogs,152000,,,
pj69cxvtGLY,1329083,31193,944,UCfvb-EZnFyH-8QnaW90WBrQ,SimanकीJappi,2025-05-15 12:49:53+00:00,57,22,Vlogs,15800,,,
BpVmNB3eKdM,1056758,23413,721,UC1oyQebO-njIE1mOlSav4iA,Haru is Japanese,2024-09-10 21:00:07+00:00,1358,22,Vlogs,231000,,,
OthFkySLnLc,1054716,20373,376,UCCy0lyXW4dxr26rZmnBVSOA,Chris Tang,2023-10-30 19:00:23+00:00,581,22,Vlogs,55100,,,
eQseYJyFrGE,1724241,61691,496,UCADQo478H9KjhL1xxEkKwoA,Riya's Amazing World,2025-04-19 08:25:17+00:00,60,22,Vlogs,3840000,,,
NbZvJ0c0-Ic,1158628,0,405,UCzW8ONvsO6yM8Ixkoc5EA-g,noelle kate,2024-07-12 20:56:08+00:00,60,22,Vlogs,646000,,,
aTxNRL10llc,2279639,43076,402,UCw1gxv3RxQqjFbAyI3JAtxg,Puja Bisht,2025-07-31 13:30:02+00:00,40,22,Vlogs,155000,,,
K5pmrrqPETU,1509490,68662,145,UCehgFut_3dtbp9pAI9ad0OA,Sabrina Ri,2024-12-07 17:09:19+00:00,10,22,Vlogs,225000,,,
lY63VGTO97s,998646,19750,239,UCTdzndmRuTPbqaPUGaHzUmw,nao,2025-02-25 12:29:55+00:00,1117,22,Vlogs,783000,,,
kGHw5it_FfA,1783673,65938,278,UCgc2jS0in0B39ksnVZ5y2Zg,Arman Bakshi,2025-09-05 06:41:29+00:00,49,22,Vlogs,98700,,,
hJQoyfv6vyg,2045790,34558,450,UCiQYkUq_1rFlzSsMvbQumFw,Mr_Neel007,2026-01-14 12:45:33+00:00,61,22,Vlogs,2370,,,
CE3oHQs0FFk,956909,4347,299,UCzZfkQ0GihU6sHYByFtFTpg,parisa'sdailylife,2025-08-26 14:58:27+00:00,1091,22,Vlogs,37500,,,
d0PB9Khsz0k,932145,2640,268,UCp_UeykTS9tKJoL88FHbhRg,SP star Family,2025-07-04 06:30:57+00:00,516,22,Vlogs,111000,,,
KI2xvN5uAio,2131902,54775,289,UCYVFeFY_4-755hqdPfB2qpw,Mia Yilin,2025-07-26 23:59:00+00:00,17,22,Vlogs,398000,,,
DwSEapTQYkQ,905718,29320,780,UC5fb8iSYJwa4OdzolM9ylKQ,𝓶𝓪𝔂𝓪  ♡,2025-02-15 16:12:07+00:00,660,22,Vlogs,271000,,,
RXbfF_RyDdQ,901653,19435,249,UCO08zUjxHmRSFlj5JBA_xKQ,Tarsha Whitmore,2024-05-06 07:00:22+00:00,1780,22,Vlogs,217000,,,
9fkjNF3SQx0,1676257,48439,244,UCI4A0dSGeVAEbEYQ4jkcmBg,Studywithemmane,2025-04-17 02:32:47+00:00,22,22,Vlogs,87400,,,
0e7cCLKQbI0,901513,5845,240,UCEDWS0AWlvKzgdkhSjMezqQ,Tinn Gardening,2025-06-01 16:01:22+00:00,1013,22,Vlogs,13900,,,
35OyY_YGf0Y,860696,22470,338,UCa027G2g18XMYWPMtE5RN4Q,Tussalty,2024-08-27 15:41:03+00:00,739,22,Vlogs,154000,,,
CWo_AFDzjNs,861799,24284,603,UCEli52HZqbog3LQr5sRzL1A,Shevon Salmon,2024-07-07 17:37:54+00:00,1205,22,Vlogs,534000,,,
hTqtGJwsJVE,1814220195,2853557,0,UCG2CL6EUjG8TVT1Tpl9nJdg,Ms Rachel - Toddler Learning Videos,2022-03-02 17:30:10+00:00,3621,27,Education,18600000,,,
y6Fo4i_pLyc,811515839,977085,0,UCK5Q72Uyo73uRPk8PmM2A3w,Genevieve's Playhouse - Learning Videos for Kids,2020-04-23 18:12:57+00:00,601,1,Education,49200000,,,
47MNn4bsmSw,494056163,511421,0,UCG2CL6EUjG8TVT1Tpl9nJdg,Ms Rachel - Toddler Learning Videos,2022-04-26 14:00:11+00:00,7210,27,Education,18600000,,,
XtHZ_8ILGgY,219229010,214207,0,UCG2CL6EUjG8TVT1Tpl9nJdg,Ms Rachel - Toddler Learning Videos,2021-02-22 13:00:12+00:00,3305,27,Education,18600000,,,
8WLKPoOaNiM,196546979,263734,0,UCG2CL6EUjG8TVT1Tpl9nJdg,Ms Rachel - Toddler Learning Videos,2021-03-16 13:00:12+00:00,2877,27,Education,18600000,,,
_R0xRT2y7Uo,190957496,260569,0,UCG2CL6EUjG8TVT1Tpl9nJdg,Ms Rachel - Toddler Learning Videos,2021-06-23 13:00:10+00:00,3618,27,Education,18600000,,,
TyV-OhCrVDA,167242382,205951,0,UCG2CL6EUjG8TVT1Tpl9nJdg,Ms Rachel - Toddler Learning Videos,2021-09-08 12:00:11+00:00,3615,27,Education,18600000,,,
mwh_CGJ2sOE,119580884,529741,0,UCZ5FV000uOKva7-9p34bVQw,MEOWJI,2025-09-19 13:01:45+00:00,13,26,Education,10700000,,,
K13xc_m74q8,53245376,1994156,128769,UCYNyKRHBzd7UPRUtDhofUKg,Language Simp,2022-04-17 19:42:53+00:00,43,22,Education,1650000,,,
b8m1Hu2E1U8,45313924,217468,0,UCPbUTEjdU04ChIZfi53jczw,G M Dance Centre,2020-06-06 06:30:03+00:00,462,24,Education,6600000,,,
q85n1RQBjno,17559257,451399,7144,UCrHDY6lrJ8NXCKxFppomr3A,Learn More,2020-01-09 11:30:03+00:00,7162,27,Education,2260000,,,
yGYVp3M96lM,16931044,91545,0,UCPbUTEjdU04ChIZfi53jczw,G M Dance Centre,2020-01-06 10:30:04+00:00,537,24,Education,6600000,,,
LrwL7MIAnzo,12400245,358845,1457,UCV6KDgJskWaEckne5aPA0aQ,Graham Stephan,2024-04-27 17:00:16+00:00,40,27,Finance,5140000,,,
VEfs9r2LcCA,14944841,638508,946,UCOwoozznw51Qc_fVaLYY9TA,Pranay Gupta,2025-01-15 13:07:52+00:00,63,22,Finance,7090000,,,
AIOWO943HtM,6829534,184871,2810,UCFWexqyJ3MXG7HDoXxH5ZYA,The Wealth Circle,2023-04-07 10:45:00+00:00,40,24,Finance,36200,,,
1OF53QNbMrE,8889361,400977,2241,UCxgAuX3XZROujMmGphN_scA,Mark Tilbury,2024-12-06 17:26:39+00:00,18,27,Finance,7740000,,,
ZznpMh0DegE,6263107,153663,11182,UCGq-a57w-aPwyi3pW7XLiHw,The Diary Of A CEO,2025-06-05 07:00:37+00:00,6067,22,Finance,14500000,,,
6o0Ir20RZVE,6467238,303596,2203,UCUREd9NIdhODXm00sKBpwdQ,Reiss Explains,2023-04-15 11:00:04+00:00,34,24,Finance,37100,,,
Ay4fmZdZqJE,5882517,127623,5168,UCxgAuX3XZROujMmGphN_scA,Mark Tilbury,2024-12-28 14:31:54+00:00,1285,27,Finance,7740000,,,
EKxCUR3Sp4E,5544307,123334,3253,UCZU2ThfyS55Iy8flKYxCdrQ,Rich Routine,2023-06-28 22:30:49+00:00,56,24,Finance,39600,,,
SrQTOhafE4A,5352999,49053,2554,UC7GzBBp6ojehcFJttuLHuEQ,Wealth Rebuilds,2023-04-30 12:45:01+00:00,778,26,Finance,90300,,,
8Ij7A1VCB7I,4964666,125976,5471,UCxgAuX3XZROujMmGphN_scA,Mark Tilbury,2023-12-29 22:21:34+00:00,680,27,Finance,7740000,,,
jxHyGE_WuVM,4520343,366244,675,UCVOTBwF0vnSxMRIbfSE_K_g,Labour Law Advisor,2022-11-27 14:27:23+00:00,60,27,Finance,5410000,,,
GI1d4U28WjA,4433634,238641,614,UCeEP6GESh2t4-e2132uj3Sg,DAY TRADER తెలుగు,2023-08-08 14:13:53+00:00,59,22,Finance,2620000,,,
yNaN5kYTNLY,3705341,157810,11246,UCRzYN32xtBf3Yxsx5BvJWJw,warikoo,2021-01-19 16:00:13+00:00,1153,22,Finance,6840000,,,
HybyM8lY35E,5660006,182362,1768,UCxgAuX3XZROujMmGphN_scA,Mark Tilbury,2025-02-21 13:27:01+00:00,26,27,Finance,7740000,,,
y5WIHkSAx70,4351734,99161,2018,UC7eBNeDW1GQf2NJQ6G6gAxw,The Ramsey Show Highlights,2024-06-17 15:00:51+00:00,26,22,Finance,4530000,,,
mixBWOHQZNw,3263157,111795,1641,UCHNEWECzDTSrllTdacPUclQ,Simple Invest,2023-07-02 05:28:58+00:00,857,27,Finance,385000,,,
w8gaO1HNQnY,3600810,49547,242,UCe0EXAjyLkFuECDPMykDbtQ,Share Market ka GYAN by Moneyseth,2022-07-27 11:08:27+00:00,60,27,Finance,86900,,,
Hhod3AolKqg,3084159,167953,2325,UCgbXT2QuTj4SYxaWCs3vuAw,Your Rich BFF,2023-03-27 14:22:06+00:00,57,22,Finance,1210000,,,
T45WLa7nTjw,2702338,119255,1492,UCwVEhEzsjLym_u1he4XWFkg,Finance With Sharan,2024-06-25 12:10:41+00:00,55,24,Finance,3680000,,,
BSAe7_Nt2_U,2942112,100318,1038,UC6YjT1TJaANveVGQ4vl1CIg,Jenny Hoyos,2022-08-18 15:45:00+00:00,30,24,Finance,10600000,,,
XTGlde-Pbd8,2471742,53220,4377,UCGq-a57w-aPwyi3pW7XLiHw,The Diary Of A CEO,2025-09-15 07:00:36+00:00,7796,22,Finance,14500000,,,
3PDEGA-RzFM,2268888,188633,2198,UCBM6AwaDl8uPVAN_BUIqPUw,Dr. Anurag Aggarwal: Business Coach,2022-12-26 15:00:07+00:00,60,26,Finance,5340000,,,
CI3bw4GXy5U,2475219,87176,434,UCRzYN32xtBf3Yxsx5BvJWJw,warikoo,2023-02-04 06:30:05+00:00,35,27,Finance,6840000,,,
5tMOLQq-Gy8,4327734,102474,818,UCxgAuX3XZROujMmGphN_scA,Mark Tilbury,2025-06-17 19:32:28+00:00,12,27,Finance,7740000,,,
6s0OROj67Ek,1851211,56896,2410,UCTR1Tk8SaMO9qw930kIOMHQ,Sagar Sinha ,2025-10-21 04:30:09+00:00,1091,27,Finance,4490000,,,
KE-WJevx-7c,1806769,41222,2493,UCP9RPj_BG0vit2TNM7LuRxA,Crayon Capital,2025-06-15 03:03:50+00:00,806,22,Finance,150000,,,
VZMFp-mEWoM,1792175,65421,6178,UCOT2iLov0V7Re7ku_3UBtcQ,Hank Green,2025-08-09 19:24:53+00:00,762,22,Finance,2920000,,,
a0_-xUE12ew,1778250,54793,1141,UCPa0bvFsR1mbBpk5mIPFGLA,Vincent Chan,2025-01-12 16:00:00+00:00,1744,27,Finance,963000,,,
AkMTxMN7res,1724492,68304,2429,UCmXZxX_qexEZxhb5_vQKPCw,Aman Dhattarwal,2024-12-06 14:50:32+00:00,10665,24,Finance,4420000,,,
3X2D4NsnlzU,1603872,33335,1430,UCTR1Tk8SaMO9qw930kIOMHQ,Sagar Sinha ,2025-07-30 14:30:06+00:00,465,27,Finance,4490000,,,
ii3F0Q9bWgY,2064611,88969,226,UCzaRorDlS1gd6EROE-xGm-Q,Boss Wallah (Telugu),2023-06-15 14:30:11+00:00,60,24,Finance,5430000,,,
6ITAMQGG7WY,1692723,97396,362,UCOTGVctbHD4UJK3R6Evfx9Q,TECH-iELA Shorts,2023-05-15 13:02:03+00:00,54,28,Finance,9950000,,,
NM7DXtxqJS0,1686596,46382,145,UCtjwDWilhY7LD9KCl7QskpQ,Business Mohit,2024-07-15 00:16:31+00:00,18,27,Finance,272000,,,
o5dpgh5O7ps,2595173,62726,318,UCPXST5HrEOjSp8C7wt3jJIA,FinanceCharm,2025-08-15 00:15:04+00:00,73,22,Finance,131000,,,
tE6CwaBxuN4,1400156,29345,1064,UCbk_QsfaFZG6PdQeCvaYXJQ,Jay Shetty Podcast,2025-09-08 14:01:24+00:00,5733,27,Finance,5220000,,,
4OlH6tN-H3Y,1398097,40943,1351,UCzaRorDlS1gd6EROE-xGm-Q,Boss Wallah (Telugu),2025-06-05 15:19:51+00:00,1202,24,Finance,5430000,,,
HOdaTCHbhAU,1474241,38079,556,UCggPd3Vf9ooG2r4I_ZNWBzA,Wint Wealth,2024-12-12 09:02:01+00:00,42,24,Finance,728000,,,
oXigK0hxZzg,1568255,58151,63,UCG9c0SPsyfPipPvP3NFUvAg,Atul Agrawal ,2024-09-10 06:29:56+00:00,47,22,Finance,36500,,,
rQsy3zT4FDc,1493308,48720,634,UC_A48syjVk95mRI8OefUR7g,Himani Chaudhary,2024-05-31 15:04:22+00:00,52,27,Finance,72000,,,
81ujk1xxr38,1381125,22449,142,UCx40uOuEOo9UXReZdowt7Ng,Suresh Kumar Sharma,2023-02-24 12:30:04+00:00,59,27,Finance,356000,,,
FoeQUNASmTU,1208448,26580,2961,UCGq-a57w-aPwyi3pW7XLiHw,The Diary Of A CEO,2026-01-12 08:00:17+00:00,8103,22,Finance,14500000,,,
3CayXFc6r8Q,1353262,40499,657,UC1E1SVcVyU3ntWMSQEp38Yw,The Prof G Pod – Scott Galloway,2024-12-31 17:47:35+00:00,50,25,Finance,692000,,,
WIi5d_hQuCQ,1126013,72680,465,UCzwCEE_PchiBULMnAJqhGVg,Raj Shamani,2025-01-15 05:57:00+00:00,43,22,Finance,14400000,,,
WDKUyT1AQrw,1011327,27619,1901,UCr4XXQznhlgfzo4mwOgkF8w,Investing Simplified - Professor G,2025-01-29 17:50:00+00:00,1572,24,Finance,401000,,,
j8EvqCbaD_I,1553516,58296,1118,UC9xafGPnAr0hxZ_bYMp1JsQ,Chris Kohler,2025-10-09 18:11:50+00:00,46,22,Finance,475000,,,
lqVGBIxpYd0,989096,34728,1623,UCG3Eptha6hEISzZT7Azymdw,J U M O K E   M I  |  Finance Nerd,2025-02-16 15:59:44+00:00,968,26,Finance,75000,,,
RVYR6QxQ3OY,986948,26204,1059,UCQpPo9BNwezg54N9hMFQp6Q,Nischa,2025-12-21 13:00:52+00:00,1114,27,Finance,2070000,,,
vf6ZdsJgwvo,1096513,60221,66,UCzaRorDlS1gd6EROE-xGm-Q,Boss Wallah (Telugu),2023-04-29 15:30:09+00:00,60,24,Finance,5430000,,,
ZOSlnjDmKYQ,1720551,29587,96,UCPXST5HrEOjSp8C7wt3jJIA,FinanceCharm,2025-09-05 18:21:36+00:00,56,22,Finance,131000,,,
WErFq8LSixs,775896,17629,631,UCicwq1EAuUnic2Yxj3yiKgA,Urmila Nimbalkar,2025-03-28 12:30:58+00:00,2266,26,Finance,1680000,,,
kOeoClB5-W0,764385,20461,1455,UCq5gIhlM7Vihj1ER1-SuE4A,DEEPAK BAJAJ,2023-09-01 14:30:13+00:00,917,24,Finance,1510000,,,
QJyzMwON51E,933476,22906,93,UCwVEhEzsjLym_u1he4XWFkg,Finance With Sharan,2024-05-02 09:30:12+00:00,45,22,Finance,3680000,,,
VjgWbcpVZVw,741367,14244,1423,UC7eBNeDW1GQf2NJQ6G6gAxw,The Ramsey Show Highlights,2021-03-16 13:00:17+00:00,297,22,Finance,4530000,,,
7sEwMNtuVBQ,1099703,19711,756,UCr4XXQznhlgfzo4mwOgkF8w,Investing Simplified - Professor G,2023-02-24 15:30:01+00:00,16,24,Finance,401000,,,
bNIAi9Sm3rY,690407,17455,1332,UCFBpVaKCC0ajGps1vf0AgBg,Humphrey Yang,2025-11-28 19:00:42+00:00,1536,27,Finance,1930000,,,
Aog5U44xnKQ,671599,11887,758,UC7eBNeDW1GQf2NJQ6G6gAxw,The Ramsey Show Highlights,2024-03-11 13:00:09+00:00,2798,22,Finance,4530000,,,
bEElvs_5byk,652632,29298,1793,UC3f6OYvhpV-pmTYgikEbF1g,Miki Rai,2024-02-02 00:00:16+00:00,932,26,Finance,1390000,,,
3YAvrHHyivQ,644639,10609,442,UCzwCEE_PchiBULMnAJqhGVg,Raj Shamani,2025-01-07 14:57:11+00:00,4351,22,Finance,14400000,,,
7vJ_8BquJSs,758123,23468,597,UC5fI3kxC-ewZ6ZXEYgznM7g,Codie Sanchez,2024-07-24 15:42:59+00:00,33,24,Finance,2070000,,,
hgUk9B1SNqA,615981,11899,772,UC7ZddA__ewP3AtDefjl_tWg,I Will Teach You To Be Rich,2025-03-27 10:30:31+00:00,1023,22,Finance,1040000,,,
PnqJllk3RfA,611541,12443,422,UCbk_QsfaFZG6PdQeCvaYXJQ,Jay Shetty Podcast,2025-06-18 14:00:42+00:00,3193,27,Finance,5220000,,,
Okylg6FFeOM,664826,16068,201,UCBI57iTXtmJoaI6Ht7MgcfA,1% Club,2023-09-12 12:33:10+00:00,44,22,Finance,129000,,,
FvcCbgEPbO4,1100794,20133,1167,UCr4XXQznhlgfzo4mwOgkF8w,Investing Simplified - Professor G,2023-02-06 15:30:04+00:00,29,24,Finance,401000,,,
qmQ6QwG1b0Q,111463942,4654674,9832,UCMiJRAwDNSNzuYeN2uWa0pA,Mrwhosetheboss,2023-02-10 10:34:48+00:00,56,28,Technology,22200000,,,
jyJfC1C3jJI,61764303,2462473,4671,UCsa7w3Kjl8CAbHPVoVQ903Q,TechBro,2023-09-01 11:09:22+00:00,56,22,Technology,4580000,,,
P_iSmFeizDE,32226487,1067637,3309,UCmJbw8OlRhzAXPjfVHXGndg,The Techtv,2024-11-25 12:47:38+00:00,60,24,Technology,49600,,,
njF0I_dwLGk,24632949,1178509,2282,UCsa7w3Kjl8CAbHPVoVQ903Q,TechBro,2023-08-18 15:25:45+00:00,56,22,Technology,4580000,,,
k7ZS0Udm2Do,25126865,1115939,1738,UC7T1LDwIGEAB7awKsXSBcAA,WifiEli,2024-04-11 20:07:04+00:00,55,24,Technology,1620000,,,
Vdll3kjkAJQ,18386820,1036582,1600,UCMiJRAwDNSNzuYeN2uWa0pA,Mrwhosetheboss,2024-03-01 15:22:23+00:00,57,28,Technology,22200000,,,
mISvJhV8w-w,15177049,281074,8831,UCMiJRAwDNSNzuYeN2uWa0pA,Mrwhosetheboss,2023-12-09 14:30:08+00:00,2410,28,Technology,22200000,,,
3olqrQtjPfc,10333071,277061,16683,UCMiJRAwDNSNzuYeN2uWa0pA,Mrwhosetheboss,2025-11-22 01:52:57+00:00,1220,28,Technology,22200000,,,
VVwvQ2OyKHs,8732234,474716,2395,UCClfFsWcT3N2I7VTXXyt84A,Salem Techsperts,2023-09-25 01:12:06+00:00,60,28,Technology,2450000,,,
nf1mdrvUeHE,3587345,211866,2929,UCClfFsWcT3N2I7VTXXyt84A,Salem Techsperts,2025-03-23 21:16:00+00:00,104,28,Technology,2450000,,,
Io0OmihHPu4,2433095,133533,1229,UCClfFsWcT3N2I7VTXXyt84A,Salem Techsperts,2024-07-16 11:38:27+00:00,59,28,Technology,2450000,,,
T2Cpe0dTLsw,2240255,110656,207,UC6fVGlHVF4ucZyI8AV2qv2g,Shiv Mobile agra,2024-11-25 12:43:52+00:00,50,28,Technology,31800,,,
dG89Ri7U_d4,1992921,77149,350,UC5HSTVd7V7erZSuOo_onT6A,Stoner's Gadget Test,2023-05-21 00:00:15+00:00,39,28,Technology,8160,,,
gvp4JOLVKy0,2599079,0,2010,UCWI-ohtRu8eEeDj93hmUsUQ,Coding with Lewis,2024-04-22 18:08:54+00:00,51,28,Technology,728000,,,
l-EZpn8bvvw,1684924,58456,305,UC1ib0iF3InqkdKXd4ygNyng,TECH-BYTE,2025-09-05 05:30:31+00:00,70,28,Technology,98100,,,
dhI5IBN5VIY,2095629,108382,1136,UCClfFsWcT3N2I7VTXXyt84A,Salem Techsperts,2025-03-13 11:00:54+00:00,67,28,Technology,2450000,,,
i65DrxWYxS0,1903837,71190,599,UCedoogDGuVXkEenWiEFSB1Q,Tekno Talks,2024-03-31 02:12:46+00:00,61,28,Technology,16200,,,
ZyDYBgrIB8Q,1942483,96164,283,UCMDH3CmMtpUrhaxMVwtQXgA,Garv Khatri,2025-02-13 15:44:31+00:00,60,28,Technology,106000,,,
r08RM1l199k,1693797,101123,881,UCClfFsWcT3N2I7VTXXyt84A,Salem Techsperts,2024-11-09 19:44:56+00:00,60,28,Technology,2450000,,,
caItRsm2-oQ,1908967,25246,60,UCFOT_LtNGgoqUSTDgJ1T6ag,Sasta Gyan,2025-05-15 02:00:39+00:00,16,28,Technology,60900,,,
sGIkh8VFYIY,1530700,13242,71,UCDDRqEZyQZPRJGye7DQN6vA,Tech Meta,2022-08-09 10:47:35+00:00,8,26,Technology,24700,,,
YAi60vIcFlE,1625172,29885,388,UCCiGY0qGJ6ArOh8FpwgmxJQ,ryan,2025-09-08 19:16:47+00:00,29,22,Technology,38800,,,
VuiIR08lkK4,972161,34715,224,UCkcqmxjMXaBb0kDWqqSEU1g,Sahil & Sarra,2022-02-26 19:00:15+00:00,39,28,Technology,875000,,,
7901hzg8FtE,1226749,35732,628,UCtu_QzoqdLjRt3Nmqe7aeqg,TechSci Guy,2025-11-06 16:06:01+00:00,85,28,Technology,1790000,,,
6oW1nQOVM3Q,1277402,30811,69,UCFOT_LtNGgoqUSTDgJ1T6ag,Sasta Gyan,2025-07-11 05:00:05+00:00,30,28,Technology,60900,,,
Wap2NWlF19g,1045941,20878,346,UCCiGY0qGJ6ArOh8FpwgmxJQ,ryan,2025-09-10 21:25:04+00:00,20,22,Technology,38800,,,
ZzoSBTGa1G8,765855,46179,367,UC3dZHM0o8Gb6raWHTpaXAhQ,Brucho,2025-03-27 13:20:18+00:00,55,20,Technology,28700,,,
leP648yYmsg,896561,38508,613,UCClfFsWcT3N2I7VTXXyt84A,Salem Techsperts,2025-10-21 16:17:49+00:00,63,28,Technology,2450000,,,
U7G0hlG4ZGw,554194,12063,885,UCpYMJvt9BavzPjr0zegRmyg,DEPRAZ,2023-04-29 10:49:51+00:00,59,28,Technology,74500,,,
GdGth8bWl2s,1053211,10420,22,UCww7CkBIDir0MHvXU9f_29A,Parvez Mobile Master,2025-04-18 07:30:07+00:00,32,22,Technology,16600,,,
nrLbrlcxYgA,482848,26513,100,UCJf0bG1oyJ-gj8PnFq-0BuQ,yakoub tech,2024-06-23 15:44:02+00:00,58,22,Technology,542000,,,
rID4gnw8p2c,468199,17714,159,UCsLLoHs--G1H_0ZpQWQPLEA,Shubham Vibe,2023-11-24 12:46:13+00:00,61,22,Technology,1810,,,
6Eagkaf4dis,625898,23004,471,UCCiGY0qGJ6ArOh8FpwgmxJQ,ryan,2025-08-17 18:23:30+00:00,52,22,Technology,38800,,,
FREdD8vEeU4,533508,14874,222,UC4iXArKZkgNUadABsMKW5cQ,Ananya Gupta,2024-08-01 11:40:31+00:00,51,22,Technology,110000,,,
jLz3Ed05M6c,505234,36405,424,UCMDH3CmMtpUrhaxMVwtQXgA,Garv Khatri,2025-02-05 13:51:16+00:00,67,28,Technology,106000,,,
w22EOMwYWiI,857748,9467,19,UCoPUfEfBCDYnrOQteqte0HQ,Yodha Jatt,2025-03-26 15:09:13+00:00,20,28,Technology,12800,,,
kIGd1zUtQ2o,506038,13251,203,UCcD9e7PjjcqucrHGSD3keoA,Techy Kiran Shorts,2024-05-07 14:58:49+00:00,61,22,Technology,80900,,,
kC3Xm1l4g8o,491903,29852,461,UCMDH3CmMtpUrhaxMVwtQXgA,Garv Khatri,2025-01-23 15:43:48+00:00,55,28,Technology,106000,,,
gVYt4Q88ORs,785164,5028,12,UCvgNpwA52TUTQWqvF2PsKoA,Man of 2,2024-08-10 11:05:10+00:00,10,24,Technology,904,,,
Lam3xO6N5_Q,662848,0,40,UCejs-rXRR0Qnj8L-X28CDRA,MSquare Tech,2025-12-25 00:30:18+00:00,36,28,Technology,10600,,,
yetvYGwEZGk,608158,12725,277,UCCiGY0qGJ6ArOh8FpwgmxJQ,ryan,2025-10-02 18:14:23+00:00,22,22,Technology,38800,,,
DIfJH6cxIFo,630351,0,79,UCejs-rXRR0Qnj8L-X28CDRA,MSquare Tech,2025-12-26 00:30:11+00:00,42,28,Technology,10600,,,
QYSb2A8-VFs,575701,6621,397,UCCiGY0qGJ6ArOh8FpwgmxJQ,ryan,2025-07-03 16:55:43+00:00,30,22,Technology,38800,,,
anX6mOBLvGU,518480,8296,82,UCE8apfwm9hN3UiM6ghD_2hA,Techmask07,2024-09-23 09:33:00+00:00,25,28,Technology,1920,,,
9ZNSsZmL3Qs,531825,6131,79,UCfB7vnZtPdPtmTlG-dfw6XA,Techno  Sprint ,2024-05-06 05:39:48+00:00,42,28,Technology,793,,,
cEoamh4fDRY,540359,13575,594,UCCiGY0qGJ6ArOh8FpwgmxJQ,ryan,2025-09-26 17:05:54+00:00,37,22,Technology,38800,,,
srQwyArPnP8,284165,3347,151,UC2YKXCQ8wt1RFpQEELwILCQ,SXSW,2025-04-04 11:01:19+00:00,3234,24,Technology,359000,,,
aG8vvSh7qQA,270140,20862,354,UCn4S6ONdetkpxfuOteHVHhQ,PrathapGTech,2023-09-16 12:20:26+00:00,57,28,Technology,1490000,,,
vgEurZjYvkg,282694,9198,368,UCCiGY0qGJ6ArOh8FpwgmxJQ,ryan,2025-08-15 17:14:40+00:00,62,22,Technology,38800,,,
6Z1025yKi9A,468023,8245,220,UCCiGY0qGJ6ArOh8FpwgmxJQ,ryan,2025-08-13 13:36:26+00:00,17,22,Technology,38800,,,
O1nvNIEO8-o,1070743,26458,980,UCXUJJNoP1QupwsYIWFXmsZg,Tech Burner,2025-12-26 17:04:26+00:00,1219,28,Technology,12500000,,,
bW7z88KcBmo,965927,21205,638,UCXUJJNoP1QupwsYIWFXmsZg,Tech Burner,2025-10-17 15:58:13+00:00,1076,28,Technology,12500000,,,
wCY9Kf8tJEg,1391836,63741,469,UCOhHO2ICt0ti9KAh-QHvttQ,Technical Guruji,2025-12-31 17:19:46+00:00,128,28,Technology,23800000,,,
gkklrVa8amY,992016,62312,189,UCdp6GUwjKscp5ST4M4WgIpw,TechWiser,2025-03-06 10:09:46+00:00,121,28,Technology,2470000,,,
YC-TmFa9vf8,1349561,62329,348,UCdoDYkupTElV62K7ttA_E4w,TechBar,2026-01-07 15:25:16+00:00,75,28,Technology,5660000,,,
K8oTYatL4Qs,2285396,14859,1494,UCsTcErHg8oDvUnTzoqsYeNw,Unbox Therapy,2025-10-27 16:20:06+00:00,653,28,Technology,24600000,,,
83TiUbFY6fY,810464,9054,749,UCCsREoj8rSRkEvxWqxr74rQ,Cybernews,2026-01-10 03:54:47+00:00,1715,28,Technology,828000,,,
iGGAGqmA2ik,788558,28368,1462,UCEPL07qzVsOcHd3sMUws65g,Trakin Tech,2025-11-13 14:32:00+00:00,778,28,Technology,15400000,,,
1m9mEfSub14,1008026,48092,297,UCkm0j0CQdElEFtWw7agfOlA,Trakin Shorts,2025-10-30 12:46:22+00:00,79,28,Technology,2830000,,,
XLJJ8q6dtGI,851318,54239,254,UCBECG8Hc8rY4OKcuQ3zniFw,Tech Buffet,2025-09-29 04:30:30+00:00,101,28,Technology,800000,,,
i4539eOADEI,741251,18022,1357,UCq30pSBD9tX6d5_xT5aNPoA,Tech Master,2025-10-03 16:19:51+00:00,772,28,Technology,5070000,,,
M8J2w91Nrho,1152496,28916,623,UCuVQmkiETvqmLviDcBtQw4A,Nothing,2025-07-26 11:00:37+00:00,74,28,Technology,1220000,,,
oUqrAViJUWw,670478,21104,1183,UCEPL07qzVsOcHd3sMUws65g,Trakin Tech,2025-12-12 13:01:49+00:00,315,28,Technology,15400000,,,
e2mB6GvxLRk,644250,16093,938,UCdoDYkupTElV62K7ttA_E4w,TechBar,2025-10-11 15:28:36+00:00,577,28,Technology,5660000,,,
mGW7Mzdye1I,632458,13152,616,UCXUJJNoP1QupwsYIWFXmsZg,Tech Burner,2025-09-21 12:36:12+00:00,1093,28,Technology,12500000,,,
GNL6nKA8yJc,631428,18195,2172,UCS261lQDXjMvc8Jck-2CQEg,Gyan Therapy,2025-08-30 14:49:26+00:00,789,28,Technology,4050000,,,
NSLuR4YhcyE,623896,17766,993,UCEPL07qzVsOcHd3sMUws65g,Trakin Tech,2025-11-22 07:53:26+00:00,760,28,Technology,15400000,,,
jTzjkaEKZo8,586117,15571,1236,UCSOpcUkE-is7u7c4AkLgqTw,MrMobile [Michael Fisher],2025-07-27 04:15:10+00:00,782,28,Technology,1270000,,,
RAE5u6wAetE,572422,18379,1198,UCS261lQDXjMvc8Jck-2CQEg,Gyan Therapy,2025-11-01 15:20:05+00:00,830,28,Technology,4050000,,,
c9dUF5bXfoY,548509,25559,871,UCb-xXZ7ltTvrh9C6DgB9H-Q,Prasadtechintelugu,2025-11-14 02:30:36+00:00,1253,28,Technology,5040000,,,
ikAo-xcqKjk,758731,27341,824,UC18WQbNSfrqxlIjKeIW3bGQ,ASBYT,2025-08-05 15:06:17+00:00,83,28,Technology,1080000,,,
bwoz65nGZ34,565655,38985,156,UCON_gtDQSNnWS1gwBcqgRKg,Tech Satire,2025-01-28 13:04:15+00:00,99,28,Technology,1530000,,,
qApYWneCA5o,441372,10749,757,UCdoDYkupTElV62K7ttA_E4w,TechBar,2025-11-13 14:30:42+00:00,732,28,Technology,5660000,,,
Fqzcess0Ddc,418739,13048,851,UCEPL07qzVsOcHd3sMUws65g,Trakin Tech,2025-12-17 15:00:33+00:00,502,28,Technology,15400000,,,
ontqkZkCd6U,735197,9925,58,UCpO6x-qTGGgOAOpDSygUIqg,Mobile World ,2025-08-27 13:35:17+00:00,11,28,Technology,2540,,,
k69-ivYwEfE,346992,5352,723,UCCsREoj8rSRkEvxWqxr74rQ,Cybernews,2026-01-05 17:30:30+00:00,783,28,Technology,828000,,,
9nqB8c4jYqU,289311,5331,380,UCOhHO2ICt0ti9KAh-QHvttQ,Technical Guruji,2026-01-05 11:58:28+00:00,416,28,Technology,23800000,,,
a3gbrUSxm5k,512774,6674,238,UCJfGuPxt-VihJnjOS09oMiQ,Singular Podcast,2025-09-07 12:18:52+00:00,39,28,Technology,15900,,,
-5eNDMh7wIA,277492,11651,527,UCb-xXZ7ltTvrh9C6DgB9H-Q,Prasadtechintelugu,2025-12-06 13:38:02+00:00,808,28,Technology,5040000,,,
aA70h5SrD_Y,267198,7456,393,UCXUJJNoP1QupwsYIWFXmsZg,Tech Burner,2025-12-17 16:56:59+00:00,920,28,Technology,12500000,,,
9Epzi7RpmZ0,344508,9851,380,UCHKnV3AVMyRhb00s8si1QTQ,Versus,2025-05-12 08:31:18+00:00,65,28,Technology,497000,,,
1wvT_qB1pDE,501054,4678,79,UCOM7M4FxgLLQQlK7GgfvV8A,Technical Adda,2025-08-25 11:02:32+00:00,28,28,Technology,38900,,,
AUKS3B5YcUQ,238885,9958,1751,UCqFISg7oc-uD_7uiGEo9Tnw,TG Films Crew,2025-09-24 05:41:38+00:00,1121,24,Technology,13600,,,
Xzgvp__ABTE,349452,17848,280,UCClfFsWcT3N2I7VTXXyt84A,Salem Techsperts,2025-12-17 17:36:19+00:00,77,28,Technology,2450000,,,
xzLdWMLT9W8,409561,7038,520,UCCiGY0qGJ6ArOh8FpwgmxJQ,ryan,2025-08-04 16:49:42+00:00,22,22,Technology,38800,,,
XeQ9NamVzZc,325081,9580,493,UCf_67twWOb9eYH-HX562r6A,Redskull,2025-06-24 11:46:58+00:00,57,28,Technology,725000,,,
5SHIqU_XP3s,423245,0,72,UCYZWCSLvxmwPxZtH1K3qTrw,Techi Aadi,2025-10-08 15:30:04+00:00,13,28,Technology,14800,,,
ig8j2fMH6oQ,309567,7209,639,UCHKnV3AVMyRhb00s8si1QTQ,Versus,2025-04-28 08:00:48+00:00,46,28,Technology,497000,,,
GGIn2nknDYA,289632,3231,41,UC0twobRZwE-JI-9YqZeU2wA,Daniel - Tech Unboxing & Reviews,2024-07-31 16:40:28+00:00,22,24,Technology,24000,,,
V0infMVrVfQ,228584,18511,3749,UCKaHYFfz7S9X1tn5y7f9uvg,Harshit Technical,2025-12-04 14:51:39+00:00,91,28,Technology,573000,,,
VkLfE08xvic,351030,5285,25,UCFgMaQAche9HndChPGBICtw,JayHym,2023-09-06 03:05:20+00:00,17,26,Technology,9910,,,
lSt1uW_kvcU,275822,7146,203,UCwnmk1_SOvDwhwUWcUutGDA,NextGen Tech Bits,2025-11-14 20:55:03+00:00,45,28,Technology,19500,,,
I-sntD8dj6A,268995,8438,307,UCCiGY0qGJ6ArOh8FpwgmxJQ,ryan,2025-09-06 17:21:03+00:00,48,22,Technology,38800,,,
5PDZhG3ua4s,175838,5558,934,UCXMznyE1ibZoCXEVJxrWgTw,Tech with Benefits,2025-10-23 12:04:44+00:00,710,28,Technology,100000,,,
sZrLjceaISE,169752,3585,83,UCJ2Cfcp_JuDL0z8awXBt5Lg,VISHAL GK GYAN,2024-06-06 01:38:03+00:00,7,27,Technology,65600,,,
4F2Xnn-nDxk,311804,11195,160,UCCiGY0qGJ6ArOh8FpwgmxJQ,ryan,2026-01-05 21:00:50+00:00,70,22,Technology,38800,,,
_gOO0roO7Is,244140,6784,109,UC1ib0iF3InqkdKXd4ygNyng,TECH-BYTE,2025-01-25 12:58:27+00:00,38,28,Technology,98100,,,
uV5VYqMRA9Q,347323,3102,4,UCEpXkPq7cTm63ZdxH_RKWXw,Quantum Techy ,2026-01-06 05:31:09+00:00,28,28,Technology,49100,,,
vL_IViazKn8,245234,6940,226,UCVlMUh4WsDQvOxCJJXmWwdw,Matthew Moniz,2025-10-28 20:55:57+00:00,42,28,Technology,915000,,,
8s70X1Zf3iw,222186,14271,333,UC20sXo8ReewkzNKBFgzVCPA,Tamil Tech - MrTT,2025-12-31 10:44:55+00:00,93,28,Technology,4360000,,,
xmC1VMbS45s,309227,3036,75,UCDKnJWrGEdyNoc868aztREw,Harrison Niap,2025-05-15 14:54:29+00:00,16,22,Technology,24500,,,
jMfcBleqMgY,237990,0,60,UCejs-rXRR0Qnj8L-X28CDRA,MSquare Tech,2026-01-12 02:30:54+00:00,34,28,Technology,10600,,,
1cxvieb11ds,151435,2415,48,UCLQJB0QtBQzCSrk2o7Ucxmg,Tech With Shakir,2022-11-25 04:53:18+00:00,39,28,Technology,10100,,,
MbnK5Zshfoc,147263,6036,109,UC9p4dhCBmP5g8bojFZcLY2w,Unbox Mob,2024-10-30 03:30:01+00:00,39,28,Technology,4900,,,
yEY1uJwIolo,206084,8840,179,UCCiGY0qGJ6ArOh8FpwgmxJQ,ryan,2026-01-12 21:14:00+00:00,72,22,Technology,38800,,,
k2NqcE0MXY8,235683,4372,222,UCuVQmkiETvqmLviDcBtQw4A,Nothing,2025-07-24 11:01:16+00:00,29,28,Technology,1220000,,,
aprFzybS3zU,120724,3800,338,UCdoDYkupTElV62K7ttA_E4w,TechBar,2026-01-10 15:30:04+00:00,663,28,Technology,5660000,,,
hwIR_QIO12M,123109,5586,123,UCgz1MP6IJcjn3aoDeAGRCtQ,Techno Treat ,2024-09-08 12:16:45+00:00,45,28,Technology,973,,,
HXtVXWFDvuc,185093,5254,161,UCCiGY0qGJ6ArOh8FpwgmxJQ,ryan,2025-12-28 20:20:50+00:00,65,22,Technology,38800,,,
p0l8HnP66Ms,94613,2499,167,UCeKzu1CLJXbMxXRMgHo4B4g,CRAZY TECH GYAN,2023-10-02 10:45:04+00:00,48,28,Technology,5790,,,
34ZXshGCkAA,99057,5725,138,UCCiGY0qGJ6ArOh8FpwgmxJQ,ryan,2026-01-10 20:14:11+00:00,79,22,Technology,38800,,,
NiwHvyTs6xo,92877,3795,127,UCCiGY0qGJ6ArOh8FpwgmxJQ,ryan,2026-01-08 21:20:21+00:00,63,22,Technology,38800,,,
_6ozdaN2Lyc,54365,964,64,UCOmcA3f_RrH6b9NmcNa4tdg,CNET,2026-01-10 12:01:10+00:00,400,28,Technology,4060000,,,
hU5gUzQa3gc,74536,2086,144,UCwwuSBYcErVlOpveYubHv4g,Mark Ellis Reviews,2025-10-29 10:30:45+00:00,127,22,Technology,272000,,,
O4gGb9BBG5U,113715,822,0,UCUxofTiQ3P1iC1lhuZW-KBQ,TechTRENDZ,2025-12-27 14:31:03+00:00,20,28,Technology,39300,,,
jYST6aywUVA,26906125,748393,2246,UCgW7gZxz7pZ_a8_uF5Q9Hsw,Bihari Ladka,2024-08-23 04:40:40+00:00,45,20,Vlogs,21200000,,,
RO1RlL4oXDI,21134068,0,1066,UCgeBWUC7114kTI9MiopMHUA,THAT Mystic Trunk,2023-07-10 10:11:46+00:00,59,26,Vlogs,365000,,,
ndbmEEysKQo,18367731,281547,7639,UCr7ZFxNlDvb3waeoTN1_3mA,Teen Vogue,2020-02-24 17:00:04+00:00,863,24,Vlogs,2240000,,,
bVVtD9-hKuY,17760525,458969,8499,UC1-BQ2oxqBVtCjMHF-Wf98w,Kapil Sharma,2023-06-15 11:30:12+00:00,1085,24,Vlogs,9960000,,,
K3bpzYuyWpk,16762993,619236,2467,UCJZqkPpOCwlM4gooRYFq8WQ,Real Aman,2024-06-07 08:30:06+00:00,58,24,Vlogs,15000000,,,
f-dKsyZUBdE,18696227,702150,3349,UCH9aPskONv7sraQfL-UDxNQ,Swara Singh,2024-09-18 07:22:29+00:00,60,26,Vlogs,9850000,,,
8FKvk1beH7c,18076152,509001,6376,UCoqZ6SchnGs_2MU-SKjZUJQ,HardikSoni Art & Vlogs,2024-04-24 10:30:54+00:00,60,24,Vlogs,3940000,,,
egrCCSzEsWs,12041905,0,1801,UCQU6IJPXBAvHDPN8fUXPuOQ,Aryaman Pal,2023-04-22 07:29:36+00:00,29,22,Vlogs,662000,,,
KRuXrGGi9GU,10480468,555735,2012,UCq3AOBEYM_603_3nw7cO-wQ,Shubham Pathak,2022-02-15 10:45:00+00:00,59,27,Vlogs,1290000,,,
mk9MxzjaJ3Q,14537239,480464,6275,UCH9aPskONv7sraQfL-UDxNQ,Swara Singh,2025-03-04 08:26:28+00:00,77,26,Vlogs,9850000,,,
glb0xoj9-yA,8501046,11512,0,UCp0DxahhyX4hW1q0fxwj-6w,ap style life 2,2025-10-08 14:15:10+00:00,215,22,Vlogs,124000,,,
YOYDa2Nb6mc,8642993,405464,1430,UCObWXIaGPPVjX_RJgYDbB1w,Dr. Rakshita Singh- Unacademy,2024-07-31 06:03:03+00:00,28,27,Vlogs,2150000,,,
06eNGSviStM,9560747,482264,1055,UCH9aPskONv7sraQfL-UDxNQ,Swara Singh,2024-12-03 08:17:27+00:00,55,26,Vlogs,9850000,,,
cW2Ro5wpDi8,10697326,653310,3879,UCH2PslY8MY2bW_CccvFSz0Q,Suresh Guru Comedy,2024-04-28 04:15:02+00:00,60,23,Vlogs,1000000,,,
DrzgQlbkZ4w,7516585,268197,2068,UCbPDWcEgBtBeYm3Ec-iuaPw,Amelia Andani,2024-03-13 04:26:43+00:00,39,22,Vlogs,326000,,,
CapRGX63Dd8,7416832,585515,1083,UCQJrrRbfv0XreCi87q6_DJw,Thakurz Vlogs,2023-06-24 15:40:00+00:00,41,24,Vlogs,520000,,,
aqKlPO12GaM,6644042,269529,1930,UCZs609xONyYxM8oM0lxJEHw,Joey Miuccio,2023-12-15 03:54:22+00:00,42,24,Vlogs,198000,,,
akkx7xvZXr8,9926101,278900,795,UC9fFD7ZVyquF67CaLOX7Thw,The Batti Gul,2025-05-09 06:55:08+00:00,58,23,Vlogs,220000,,,
uvv9ErQDTyw,6376919,300357,1284,UCH9aPskONv7sraQfL-UDxNQ,Swara Singh,2025-08-03 10:15:50+00:00,87,26,Vlogs,9850000,,,
OKpyZArSBuw,4553444,283907,1321,UCH9aPskONv7sraQfL-UDxNQ,Swara Singh,2024-12-01 07:37:58+00:00,50,26,Vlogs,9850000,,,
Pz68t3RGeqI,3525345,100286,1951,UCWI1AJmkMm_sbTX_Ps8gQAw,Sydney Serena,2023-09-03 19:24:08+00:00,644,24,Vlogs,3540000,,,
THSy0VKgTtA,6755288,228173,386,UCkn7QWNmJftBg-yHla3EJjw,Life with Priya Rao,2025-12-06 12:33:31+00:00,48,22,Vlogs,9060000,,,
UEdTk9rO66c,3156231,52190,1334,UC_RDtmUq7RISJ4mFKAhjzTg,Namiのくらし,2025-03-15 11:00:43+00:00,2204,22,Vlogs,1790000,,,
ohNqZjj9DbA,2927788,191241,480,UCADQo478H9KjhL1xxEkKwoA,Riya's Amazing World,2023-02-01 07:30:18+00:00,60,22,Vlogs,3840000,,,
L4DaUdE-Dn8,4619534,124652,272,UCMDPvpD-R1_isb1o0ua15ig,BE NATURAL,2025-11-24 05:04:12+00:00,60,26,Vlogs,8410000,,,
MAzAj6EVetI,3005899,93901,359,UC-_Vb0psQTE0wsVI2tJ_WUw,Avika Goel🧿,2024-08-03 11:23:08+00:00,40,27,Vlogs,113000,,,
2ixoORr_JgU,3616687,190182,751,UCH9aPskONv7sraQfL-UDxNQ,Swara Singh,2025-08-16 10:19:20+00:00,90,26,Vlogs,9850000,,,
GbcO8GpRxtM,2742527,62644,70,UCAji-oxSI2xAS8xN_TuVP4A,Mashura Basheer,2025-09-19 11:39:34+00:00,132,22,Vlogs,1670000,,,
U71_nN4HA30,3332215,92534,1672,UCQqKTplFlXRk8YRZkLDn4-w,Make It With Micah DIY Decor,2025-10-10 18:34:53+00:00,109,26,Vlogs,1810000,,,
TwS4GTnrbUc,1827687,40533,1050,UCIYu7gRbI1cWLKLUcvTGCvA,DreamSushi,2025-01-29 09:19:31+00:00,922,27,Vlogs,328000,,,
lhQ8efwbiA4,1813302,29551,1408,UC14-B_3C30cxZGuFJR0I-Ug,Sol Life,2024-09-12 11:00:34+00:00,3131,19,Vlogs,545000,,,
873Pb3u-hvg,1430951,25124,499,UCaW4E4J01Q5dmAAj8gezC_w,eueu,2021-06-19 13:34:08+00:00,1192,22,Vlogs,60100,,,
TgwOYvqxYv4,1479130,52722,1522,UCYbuJ3rPLvInzQXnyZjIf6w,Life with Hooria,2024-06-10 17:40:07+00:00,61,24,Vlogs,207000,,,
dMzBo6LT3bM,1278091,21734,355,UCyG7zAV_2JlPnxhwDxZN6sA,지현꿍,2024-08-30 16:41:32+00:00,1227,22,Vlogs,3000000,,,
M3YjNMpiWM0,2086806,50774,133,UCMDPvpD-R1_isb1o0ua15ig,BE NATURAL,2025-09-26 05:48:22+00:00,58,26,Vlogs,8410000,,,
kaPgGH5HC0w,1190696,28960,494,UCWI1AJmkMm_sbTX_Ps8gQAw,Sydney Serena,2025-05-23 17:39:13+00:00,1167,24,Vlogs,3540000,,,
RS9IkVgOibU,1171068,39269,2197,UC8cBpF1nXrpTVbztdj3iSdQ,Dasha Taran,2022-03-14 15:56:31+00:00,1482,22,Vlogs,2220000,,,
qcAyX-8IN7k,1276062,0,640,UClbxbMcT8zEk862BOKGjY-A,FUN WITH BISHAL,2023-07-14 12:02:53+00:00,29,22,Vlogs,15400,,,
kdGoQtgsUT0,1111052,40847,2399,UCHvhdsf-Snb7lPD7GG-9vCw,Kiyomi,2025-08-16 15:09:45+00:00,2200,22,Vlogs,554000,,,
kdjYA6VizH8,1050587,8905,586,UCSkKcSIO8pHDcBXKESn5Uzg,Indian Vlogger Mahika's Channel,2023-06-18 10:09:03+00:00,1309,26,Vlogs,204000,,,
GhVA8pRu28A,1039052,11357,363,UCAtohl81PtGyVafrW2Lj__A,Nitsiya TV,2023-04-23 12:30:06+00:00,899,24,Vlogs,1270000,,,
rSqP3MuH6jQ,1456343,37783,308,UC1QWYCziWaqs7H_E5M3mwmA,Mansi's Life,2026-01-14 08:18:06+00:00,80,24,Vlogs,387000,,,
7J96ESznKMQ,953888,42925,1629,UC3uODtYvKjb7gPY9EFOlUWw,Ariannita la Gringa,2024-06-30 04:43:54+00:00,1041,27,Vlogs,2040000,,,
HHEOoRc4XtE,915973,28097,3042,UC-3WWOj3suVHcBQUNdS11DQ,Make Better Videos with Kunal,2024-11-15 04:30:07+00:00,636,27,Vlogs,147000,,,
FkOZD90gArM,862497,19128,1061,UCRW9wLXMy15tDMLQkjrqbeQ,Mansi♡,2023-11-06 09:15:55+00:00,488,24,Vlogs,22300,,,
g_h-yCk-y8E,857634,30246,359,UCm5etnYLYFRiGud35RCRAuQ,Via Li,2025-07-25 17:28:55+00:00,1245,26,Vlogs,972000,,,
48VBnfsng4M,847497,2035,29,UC9kCCcYe0q37pBiYTTDnfuA,Sns VLOGA,2024-12-11 06:21:22+00:00,72,22,Vlogs,117000,,,
dTg8CFqYF54,1781596,0,193,UCHQGfAnSoe8xdwcne26sxmg,Juhi,2025-06-06 13:34:34+00:00,9,26,Vlogs,77500,,,
x4WQd8uz2Qs,850783,44759,239,UCY-pcl7X0F0oFvkoGDBaxSQ,elonins02 vlogs,2023-07-24 03:32:38+00:00,60,27,Vlogs,514000,,,
YvEQHCI_V10,1439790,50772,250,UCf99X8msqq8EsYIgrwqouFQ,Sourabh NEET,2025-09-03 04:30:31+00:00,35,27,Vlogs,590000,,,
EuEJQ20L1u8,1538405,67816,412,UCb4aFIfcJZY8y2T2MkKD2eg,Victoria Ortega,2025-05-12 17:35:07+00:00,34,22,Vlogs,4190000,,,
tCWJUFoYDhc,1320063,36426,173,UCmnPVBsAeB90ezPNZavyQCw,BECCA KIM / 베카,2023-02-20 23:19:57+00:00,15,26,Vlogs,9580,,,
gRiZLamrbOc,790380,9649,637,UC75DYijniq8LjT12qSm9kRw,Vinny Arora Dhoopar ,2025-06-02 05:30:19+00:00,826,22,Vlogs,291000,,,
fCDMZw6p4_4,1033509,62808,129,UCbK2Dc_JBauzczySLBg_1Ig,Alice Wu,2024-07-19 21:30:04+00:00,23,22,Vlogs,1330000,,,
wAXXtN_GX1M,726630,26697,3725,UCh-ohfog9pJS7EizXs7Jfvg,Aksh Verma,2025-04-29 12:19:23+00:00,482,28,Vlogs,633000,,,
FO9MeNlAR30,694893,25583,517,UC8Ch40k7gSxNOCSnU-cmnwg,erica ha,2025-08-04 12:30:30+00:00,2071,22,Vlogs,2270000,,,
lRJ3u2eL7nw,1475162,43561,167,UC8Vym8A6oGfC55nmgLFRgDw,emilie.studygram,2025-07-30 13:45:37+00:00,9,27,Vlogs,82600,,,
hZHomCKkpQ0,680429,20586,251,UCz9F9eEkt2KcLXZt--M6vjA,Breanna Quan,2025-03-23 13:57:37+00:00,970,22,Vlogs,1320000,,,
6RcTNdmNoW4,672258,8476,670,UCkYPFDjny3DxkWCnPgG04rA,Gaon ki simple lifestyle ,2025-03-26 12:01:42+00:00,671,24,Vlogs,13800,,,
Mf9W4mYg5Wc,671632,27355,757,UCeGUqJFEuNCiECPrHMup3tg,Yoora Jung,2025-07-23 20:06:02+00:00,1258,22,Vlogs,2110000,,,
52t241OQ7Ec,656079,33274,2234,UCXtj403nEjWU073xESSMi9w,English by Jay - Sprout,2025-06-15 12:00:18+00:00,627,27,Vlogs,268000,,,
Tmnsk3X3YIo,917687,23587,100,UCXFZvm0_pzPmWUWAJJ5rDYA,VANGA PAZHAGALAM,2025-06-29 01:48:54+00:00,55,24,Vlogs,756000,,,
u6QDeLN5MvA,640550,13185,187,UCupql3p6wbQ-EI0zFct2S-Q,vibi's daily,2024-10-14 09:00:57+00:00,1358,24,Vlogs,422000,,,
5HemFxI89q8,638857,12854,256,UC12NIsc4gQIHxAJ3beX3quA,Haruharu 釜山Vlog,2024-11-18 11:01:48+00:00,1133,22,Vlogs,116000,,,
lEOAU0E7uxk,633244,8302,605,UCyXERfaSaIBrx2Hwl5UEGaQ,Samurai Daddy,2024-09-10 15:00:48+00:00,1725,22,Vlogs,82800,,,
RKzZ5_ARER4,635344,15363,270,UCXicAYN7ZovOeynkxfLBUTQ,Helaine Zhao,2025-03-14 20:30:06+00:00,1091,22,Vlogs,211000,,,
Rj-5NCM9_Ak,628780,16500,193,UCfiPlabDIrXLwJz4NPrKEyQ,Amy Cheah,2024-09-29 17:00:19+00:00,922,22,Vlogs,378000,,,
boHZCIKbZpQ,629505,21175,279,UCz9F9eEkt2KcLXZt--M6vjA,Breanna Quan,2025-08-10 13:01:11+00:00,925,22,Vlogs,1320000,,,
F6rYd7Kfp9Y,626353,17801,1606,UCyWxjLVNaYG2f0rFi9MDngQ,Gumi – daily life in Japan,2025-10-04 10:00:17+00:00,1007,22,Vlogs,204000,,,
MwujCwoINtw,614179,17646,237,UCz9F9eEkt2KcLXZt--M6vjA,Breanna Quan,2025-04-13 13:00:29+00:00,898,22,Vlogs,1320000,,,
tnUKUCZEV4I,606645,13266,400,UCv-FsSgXonCTFQwtkOywuiA,Mana,2025-08-08 20:35:55+00:00,569,22,Vlogs,96600,,,
Bz9MwYOGAQM,606827,18038,441,UCWI1AJmkMm_sbTX_Ps8gQAw,Sydney Serena,2024-10-21 20:10:15+00:00,767,24,Vlogs,3540000,,,
gYJQx-YTHOo,594432,10425,425,UCByCjpPJnCR023v5Ed4p4zg,Young,2024-08-07 12:01:00+00:00,389,22,Vlogs,13800,,,
RKBKCj_dRRE,852241,0,138,UCW8Wna8T7nUlaSZUACxO0LQ,Salma rizwan official ,2025-04-29 07:20:01+00:00,48,22,Vlogs,25100,,,
thZBJmtaamE,595520,14964,472,UCx81Wy6YxOtpPNJs554JgaA,Matcharming guy,2025-01-25 09:24:29+00:00,1948,22,Vlogs,62200,,,
5agSNGzWHAU,563741,18581,603,UCxS8yVpNqQYXVW7l_5U8i2Q,adelala,2025-06-27 15:20:26+00:00,1053,24,Vlogs,1240000,,,
xJzA-6GB_Ks,1088287,31048,322,UCAgo5Lv5mC5XweRIaSNLJjA,manit vlog,2025-08-29 12:14:16+00:00,61,22,Vlogs,176000,,,
XpaSmKXafdM,1056259,0,175,UCy3v-Wt9SOIowCpJHrfIGYg,Atharv Kulkarni,2024-06-05 14:53:47+00:00,20,24,Vlogs,4410,,,
l01WHbTj1go,548544,18643,2023,UCyWxjLVNaYG2f0rFi9MDngQ,Gumi – daily life in Japan,2025-09-17 11:01:28+00:00,1445,22,Vlogs,204000,,,
ycdJSp0VoRw,884055,38868,139,UCb0OXBothZL85bmRIkIBz6A,Candy Starr ,2025-08-08 11:53:01+00:00,35,22,Vlogs,78500,,,
366oKS9drQ8,527659,27500,4201,UCyWxjLVNaYG2f0rFi9MDngQ,Gumi – daily life in Japan,2025-08-13 12:00:07+00:00,930,22,Vlogs,204000,,,
ohvzEeHxBRo,1087953,20294,137,UCD9NvrUMIk3c6hwIsvxLh6Q,Aspirantmode 🎯,2025-05-30 13:30:43+00:00,23,27,Vlogs,20700,,,
Wr5S1dD8qdc,493240,11902,489,UCQQO6aicFsXv0gF35Fo23Fw,irisily ౨ৎ,2025-08-25 12:46:12+00:00,489,24,Vlogs,50800,,,
sbV-DbNFdQ0,494580,15803,3208,UCqb1DPiL-LUmpLrI0dDgY_Q,Anky TechGyan,2025-03-25 03:41:18+00:00,917,28,Vlogs,69100,,,
TJFvB57Y5YI,915022,19800,136,UCmCAjCEaMC1FzGZfXK43NCA,The uvsingh Vlogs ,2025-05-21 15:11:33+00:00,45,22,Vlogs,489000,,,
Oc_Ra9b3Q94,478181,6606,504,UCj-Jn4aGy4MJkNs4Jzch8QQ,soosonal,2025-05-22 15:24:06+00:00,1140,24,Vlogs,33700,,,
fMfeXtwm8eY,481314,11472,754,UCpUwbjIX8UcNUb_5Zk_GyUQ,Hum do hamare chaar Vlogs,2025-08-14 10:22:57+00:00,1207,22,Vlogs,327000,,,
wQeQerIxgiM,912163,19238,58,UCwhDBGMmPSGqiJl-OTMWyzQ,apraa,2025-03-24 15:26:03+00:00,27,22,Vlogs,66000,,,
KWrWrqwxoLc,473793,0,1035,UCEx0flXQLzJWTjSG7eQIqBw,Fav Naina2.0,2023-09-17 11:00:51+00:00,74,22,Vlogs,3930,,,
q2jiv5mXW4M,474818,22878,1593,UCXtj403nEjWU073xESSMi9w,English by Jay - Sprout,2025-06-28 13:01:34+00:00,1535,27,Vlogs,268000,,,
kDVq2RSdIsc,472938,17353,595,UCr1nLIQFpNV5DxD22qxGsyQ,Nicole Laeno,2025-06-27 19:00:47+00:00,1412,26,Vlogs,3720000,,,
g0EsLSJjDQI,468788,12170,123,UC78WyNy8S-kl0rgiDw86V_g,miffydiaries,2025-03-23 13:01:01+00:00,1072,22,Vlogs,16100,,,
Hp_OMYwEVeo,899673,31451,174,UC8Vym8A6oGfC55nmgLFRgDw,emilie.studygram,2025-08-22 14:13:49+00:00,16,27,Vlogs,82600,,,
X8JIhLoouGk,452158,9331,271,UCzW8ONvsO6yM8Ixkoc5EA-g,noelle kate,2025-08-26 22:00:06+00:00,905,22,Vlogs,646000,,,
smmTSOHgi9Y,455205,19045,532,UCI7PSiBNOpYLmiodNWRZJSA,Jason Zhao,2024-10-14 14:01:00+00:00,541,24,Vlogs,39600,,,
tKMJUrQ-ads,451341,524,7,UCxJ3jPLLMFchP1XV7YM0T8Q,Mukesh Lucky Blog ,2025-09-29 03:20:03+00:00,94,22,Vlogs,4580,,,
Fj2dxAJAFKw,931367,20421,109,UChDS5VDSnt3kONPuk5LZiaA,just one of you,2025-10-29 05:55:00+00:00,27,22,Vlogs,52500,,,
_0fcfZSZci8,786868,25309,122,UCMDPvpD-R1_isb1o0ua15ig,BE NATURAL,2026-01-16 04:56:32+00:00,60,26,Vlogs,8410000,,,
ZmyqzCCaerc,410300,10845,171,UCczRC036NtEo_HAIDczBCmA,lindseyteaches,2024-10-11 06:00:17+00:00,947,22,Vlogs,506000,,,
SOAIOMJsmfQ,396945,13031,309,UC4UUuDOVfCIyoTBNOgPJ7Zw,Stephanie Chung,2025-04-02 10:30:24+00:00,707,22,Vlogs,22600,,,
kQJeWR-1CBo,394097,17917,488,UCeGUqJFEuNCiECPrHMup3tg,Yoora Jung,2025-08-21 13:01:30+00:00,885,22,Vlogs,2110000,,,
4xPwTzvN2bQ,393258,20152,270,UCgXdE86dlzndwtK_RptxQbA,koripocha,2025-01-07 10:45:35+00:00,684,22,Vlogs,20400,,,
PScRm6pe3Kc,399329,9973,187,UC6Vqh6feP8SyvguJFVk6adA,Kenna Marie,2025-10-07 16:00:48+00:00,1481,26,Vlogs,835000,,,
gubmnZD_vG8,621606,14190,53,UCoTDRKO7KjEXmWhHfCpNJfA,Muskan Rajpal,2025-12-16 09:02:45+00:00,45,22,Vlogs,7410,,,
6evlcD1DJ04,380594,14038,876,UC6bs1PEdT2d90nVr1h5LYFw,Callistaaa,2025-04-18 06:15:34+00:00,625,22,Vlogs,9940,,,
K_moKajqoAM,374772,6908,360,UCv-FsSgXonCTFQwtkOywuiA,Mana,2025-05-11 18:54:19+00:00,1113,22,Vlogs,96600,,,
MspOx2dk62o,694222,3517,1,UCJJ53lDxejaLLdAL0iRBNCQ,Cute Baby Yangyang's Daily Life,2026-01-17 11:00:42+00:00,25,22,Vlogs,899000,,,
ltj8pRQj4Sc,767741,15523,162,UCLRqqB2sN51m3kZJymk4xKQ,NAOMI BIRD,2025-09-06 13:40:38+00:00,13,22,Vlogs,41400,,,
nRgQpX-YEwk,356394,15289,485,UCxoPc7P_ubvnSXjJdskPWmA,Becky Mae,2025-05-30 23:41:56+00:00,1579,22,Vlogs,129000,,,
9kYHBG6k3Xk,350106,10366,113,UCqSwaBPn_p0oQhRFU-0SxmA,Aika Agustin,2025-06-25 10:30:07+00:00,845,22,Vlogs,308000,,,
0EqunhSq-7c,349554,12633,190,UCz9F9eEkt2KcLXZt--M6vjA,Breanna Quan,2025-12-14 14:00:01+00:00,947,22,Vlogs,1320000,,,
bqsqPA9WtO0,342918,19495,3227,UCyWxjLVNaYG2f0rFi9MDngQ,Gumi – daily life in Japan,2025-09-06 09:45:04+00:00,1546,22,Vlogs,204000,,,
gZhRdUC3V6E,550436,16024,469,UCgHcK6votIp9xPdcy5n37oQ,zzshannon,2025-05-30 12:46:50+00:00,60,19,Vlogs,67400,,,
KdSKo6E1NhU,570592,12963,269,UCR57V9viy0HHaqiKyLjuoCQ,akki mahar vlogs ,2025-07-06 04:44:06+00:00,22,22,Vlogs,35100,,,
y3ZE1ahzHBY,336392,7016,225,UCkGluDa407fBtQAWAa02ATw,nao life,2024-11-16 12:37:22+00:00,482,22,Vlogs,46300,,,
E_8PA7uiKjQ,334102,12140,188,UC0H7iA-MN9msFLPxAOopyXg,Eleeni 𝜗𝜚˚⋆,2025-03-10 16:32:25+00:00,588,22,Vlogs,21700,,,
RhTlH-oCw1Y,638407,24003,152,UCXOdmRN24rY2lavOk-PWwCg,Amayasjourney,2024-10-04 07:06:49+00:00,16,22,Vlogs,20100,,,
2MZyCJ6y_sM,325811,12707,353,UCFVUQxd5jRwTm2WdA2sat7w,Keiani,2025-09-28 15:00:08+00:00,780,26,Vlogs,929000,,,
TBU4Lcuz3Yc,323871,6880,163,UCiCfANNR0KBX3-AJF8JSj7w,hibyepeachy,2025-09-17 12:43:00+00:00,668,22,Vlogs,207000,,,
OdUzizXtQt8,326542,10041,243,UCnAU5I5d1jEPCMlCU0jz2AQ,Ginny,2025-05-27 13:43:08+00:00,923,22,Vlogs,126000,,,
JMWpHPnU57M,314159,11719,267,UCz9F9eEkt2KcLXZt--M6vjA,Breanna Quan,2025-08-03 13:06:19+00:00,817,22,Vlogs,1320000,,,
cNVewJk9Dfc,312159,12386,219,UCRjkwjGTRyaXll4F-ywMQMg,English with Brittany,2025-07-13 13:01:05+00:00,1522,27,Vlogs,384000,,,
v0WyjQ3x4H8,473059,14764,30,UCE3KYm4he3pKmpjwhBdggwQ,Vibe with varshu,2026-01-15 12:45:22+00:00,62,26,Vlogs,180000,,,
nlpFo-4sPUE,298881,7103,733,UCUHMGd_dDBYTZOWlPPn8ssg,Yasmina Kandi,2025-09-09 14:01:27+00:00,707,22,Vlogs,62000,,,
QM4GEP_nODA,297225,3991,133,UC8GRLDtr12b91BhGq-x92Zg,The Lifestyle Cog,2025-09-03 12:33:19+00:00,831,22,Vlogs,1130000,,,
GFz6Hkrm2sA,293113,14723,324,UCezoc3VgoN8yPJENDFElzOw,daiz,2025-10-06 13:30:12+00:00,917,24,Vlogs,1380000,,,
PZerF5UDpIQ,497513,17236,296,UCWn5S20zUWmXRlXyw7K1zwg,Dewansh Soni Official,2025-06-02 14:36:51+00:00,60,22,Vlogs,374000,,,
_hdtxIHC1Mk,295175,3403,309,UCAb7bLpdQWS7HGEIjBOQntg,Daily life in Finland,2025-08-04 14:40:03+00:00,1626,22,Vlogs,52800,,,
7KQP-pVkaNQ,275741,11643,1702,UCNKWfWg41fKCYsVd8-dJHGA,Evelyn Ha,2025-11-14 14:58:22+00:00,2167,22,Vlogs,404000,,,
oOy7eIMBB4o,452735,2994,13,UCk6zd9LVOWigpN-043r8l6g,Roohi Kashif,2025-09-09 03:57:21+00:00,22,22,Vlogs,16900,,,
V2Me830aBfM,588834,14061,112,UCb-FjszNl_Lb9X6z5OR_OOg,Dreamypiee,2024-10-02 11:25:51+00:00,10,27,Vlogs,64100,,,
zzhCyFgDpmk,266337,9969,240,UChT0bE5RPVIrjqN1Qn_N7bw,lin💤,2025-05-03 11:01:37+00:00,814,22,Vlogs,92800,,,
Y2Un9HHcJ3I,266133,10617,742,UCWI1AJmkMm_sbTX_Ps8gQAw,Sydney Serena,2025-08-31 18:08:28+00:00,667,24,Vlogs,3540000,,,
MMcKEo_uq9Q,263877,11839,709,UC4xnHwpEIZtDOP-B5d5Ee8A,Evan Lindy,2024-01-07 14:00:11+00:00,403,1,Vlogs,11900,,,
bynmF4BlkIU,256546,4212,327,UCLRqqB2sN51m3kZJymk4xKQ,NAOMI BIRD,2025-10-03 11:01:12+00:00,429,22,Vlogs,41400,,,
fynfh7wEmoE,604709,2291,2,UCJJ53lDxejaLLdAL0iRBNCQ,Cute Baby Yangyang's Daily Life,2026-01-20 12:01:22+00:00,9,22,Vlogs,899000,,,
ze_8VsZgMiE,244650,3052,283,UCAb7bLpdQWS7HGEIjBOQntg,Daily life in Finland,2025-04-20 13:23:53+00:00,1500,22,Vlogs,52800,,,
1ywaucDYzHg,242144,8466,128,UChT0bE5RPVIrjqN1Qn_N7bw,lin💤,2025-05-31 10:00:07+00:00,701,22,Vlogs,92800,,,
EtB82uTzsME,240845,4554,52,UCOd7J12XwLRatoQIURVss2w,klynn rose ౨ৎ,2025-02-23 09:00:14+00:00,664,22,Vlogs,6110,,,
KQkLab151X0,239381,9001,523,UC8cBpF1nXrpTVbztdj3iSdQ,Dasha Taran,2024-10-18 08:30:06+00:00,771,22,Vlogs,2220000,,,
qWbKT-EFAyg,239451,8222,173,UC9k3_uik6vTaEWK-feMXIWA,Julie ,2025-07-18 14:01:26+00:00,777,26,Vlogs,9550,,,
E8Ev0aKTuHk,235611,3106,363,UC6wHGjpynHruVFTN2yLQBgA,Saanvi's wonderland,2025-09-26 14:36:38+00:00,324,22,Vlogs,2840000,,,
zkzLWdF3X1g,228074,5150,267,UCv-FsSgXonCTFQwtkOywuiA,Mana,2025-10-10 06:02:56+00:00,763,22,Vlogs,96600,,,
Q_zh3N-o68c,227730,4848,179,UCb1R_pNCwD5TLFyiVrC4VFw,Shiny Days,2025-06-29 11:56:36+00:00,1286,26,Vlogs,41800,,,
mZ_WLcJXGNc,543505,15354,94,UCv7z0WwAX7lqLlciliiQc_A,galacsea,2025-04-22 01:12:06+00:00,9,22,Vlogs,264000,,,
T6VCPqJHd1g,218801,8377,283,UCsACNR3tyCcwso1h6I8r5zw,Karla Espinosa,2025-09-17 00:40:00+00:00,1006,24,Vlogs,333000,,,
VsqkTzOVP9U,208147,12940,1087,UCXtj403nEjWU073xESSMi9w,English by Jay - Sprout,2025-09-21 14:30:18+00:00,1229,27,Vlogs,268000,,,
5Cnxahx0CM0,204552,8007,253,UCWI1AJmkMm_sbTX_Ps8gQAw,Sydney Serena,2025-07-21 21:37:23+00:00,781,24,Vlogs,3540000,,,
pihKrtf-Xs8,202598,9364,185,UCz9F9eEkt2KcLXZt--M6vjA,Breanna Quan,2025-12-08 14:01:23+00:00,903,22,Vlogs,1320000,,,
psvCAiwnhA4,391614,8745,44,UC3-1gC13sI3coeW_iYgp-Fw,Ronavi,2026-01-14 08:30:28+00:00,57,10,Vlogs,176000,,,
yj3iBWQWnDs,200820,4343,152,UCb1R_pNCwD5TLFyiVrC4VFw,Shiny Days,2025-02-16 10:55:03+00:00,1018,26,Vlogs,41800,,,
M_RcV4WSc3k,196737,6805,218,UCWI1AJmkMm_sbTX_Ps8gQAw,Sydney Serena,2025-11-22 18:43:31+00:00,1531,24,Vlogs,3540000,,,
TpmKcZkmBmE,191430,9343,180,UCz9F9eEkt2KcLXZt--M6vjA,Breanna Quan,2026-01-16 14:04:06+00:00,889,22,Vlogs,1320000,,,
FWFBfCXnuzQ,191506,6735,339,UCUHMGd_dDBYTZOWlPPn8ssg,Yasmina Kandi,2025-11-07 15:00:29+00:00,891,22,Vlogs,62000,,,
xD2IWnl7I3g,191251,10280,427,UCXtj403nEjWU073xESSMi9w,English by Jay - Sprout,2025-11-09 14:30:36+00:00,972,27,Vlogs,268000,,,
UUVr8-YuDzg,188289,8665,341,UCxS8yVpNqQYXVW7l_5U8i2Q,adelala,2025-07-31 21:55:47+00:00,705,24,Vlogs,1240000,,,
Q_YpW3HAtP0,388061,6272,39,UC5hxzhYfm0tNnExo-E-x1_g,Shreya Pramanik,2024-10-25 15:33:25+00:00,16,27,Vlogs,4040,,,
onNFv2PLtAw,181166,3622,92,UCw-4C5sFYuvAbpXwkC_mEBA,Brenda Anton,2025-10-26 16:01:24+00:00,1902,22,Vlogs,118000,,,
wPvgOg1rbIc,328606,6242,80,UCKWknykr6h5m4cXTuztBzOg,life of Rein,2024-10-31 10:59:41+00:00,23,22,Vlogs,2790,,,
F5ktn3pktk4,176046,5992,382,UC5fb8iSYJwa4OdzolM9ylKQ,𝓶𝓪𝔂𝓪  ♡,2025-06-07 15:05:18+00:00,928,22,Vlogs,271000,,,
SPBmRcC-8hk,170066,11302,1774,UCyWxjLVNaYG2f0rFi9MDngQ,Gumi – daily life in Japan,2025-11-15 10:00:54+00:00,1306,22,Vlogs,204000,,,
QHgg537YIX4,167686,4230,233,UCv-FsSgXonCTFQwtkOywuiA,Mana,2025-09-15 18:40:44+00:00,836,22,Vlogs,96600,,,
M6jbeOCA18Q,162737,6823,228,UCGoiclUrJhOA14waY85_D5w,Zhirelle,2025-11-19 17:01:50+00:00,864,26,Vlogs,1140000,,,
P7hSWAq7ssM,162588,3308,166,UCjdU8RRkbjSBFgTxQGLBA9Q,NISHU SINGH ,2025-12-04 08:43:55+00:00,503,27,Vlogs,13500,,,
I8Gy8bveDqU,161588,2861,219,UCVLQzTm-yZAw1_P94aOuzkg,weyatoons,2023-10-17 11:30:57+00:00,645,22,Vlogs,23800,,,
3k4p48NQvs4,158342,5481,141,UChT0bE5RPVIrjqN1Qn_N7bw,lin💤,2025-01-26 15:00:03+00:00,799,22,Vlogs,92800,,,
O2dcw5IOLvk,254104,0,6,UCgR6KbeguMjJhjiGAPZI6qA,Life With Rani,2026-01-12 12:30:42+00:00,52,22,Vlogs,42600,,,
aamhJCipH9k,272028,16180,123,UCXicAYN7ZovOeynkxfLBUTQ,Helaine Zhao,2026-01-06 01:09:24+00:00,79,22,Vlogs,211000,,,
blyiR7DOCeE,153082,2475,181,UCAb7bLpdQWS7HGEIjBOQntg,Daily life in Finland,2025-04-28 14:52:09+00:00,1297,22,Vlogs,52800,,,
xqUKSdk-ozo,146652,1043,94,UC2B0lhU-TbCw2sM12jEbUrg,Nisha Lambha,2025-11-18 09:11:48+00:00,897,26,Vlogs,8140000,,,
b5NIMkYySkI,172905,10232,75,UCkIIO3VSyfz3T5_5ggUaIsw,Diksha Kant 🧿,2024-06-09 05:19:14+00:00,36,22,Vlogs,81400,,,
ObYBUkYLYo4,166645,6631,78,UCpXXVQbm3ysexbMbe8cHtXQ,Vaibhav VLOGS ,2026-01-15 11:45:02+00:00,50,27,Vlogs,64100,,,
idw6OqbvG5U,261171,10829,90,UCJimuRphIuJqPJD2O6apjDw,Nicolasa Arreola ,2026-01-15 12:27:32+00:00,47,22,Vlogs,27300,,,
_--QC5XrbYo,134466,4419,248,UCd1YVRLyCztN-zPfjZ8BbeQ,Catch Life with Bhumi M,2025-11-13 07:01:29+00:00,845,22,Vlogs,1430000,,,
OJtub0EG61A,131763,1858,163,UCSUFSIUwAts9NzwNdlhzl0w,Labiba's Daydream🍥,2025-09-18 07:01:21+00:00,225,22,Vlogs,29900,,,
mlFiwZaRLCk,132553,3881,136,UCFlQlsRU5DXT7rIiLg1ESug,Sidney Redjo,2025-08-27 13:01:38+00:00,1288,22,Vlogs,147000,,,
cRQQbzSEBNo,214196,18430,118,UCURkWoAiMbwO6kjizNQ3QUQ,mahaan vlogs ,2026-01-12 13:00:25+00:00,71,22,Vlogs,470000,,,
u6wmtNWpy7M,196912,3706,21,UCoTDRKO7KjEXmWhHfCpNJfA,Muskan Rajpal,2025-12-18 08:46:01+00:00,57,22,Vlogs,7410,,,
Hx9sY0FSclk,208686,15690,62,UCzW8ONvsO6yM8Ixkoc5EA-g,noelle kate,2026-01-12 21:36:52+00:00,56,22,Vlogs,646000,,,
kvE4hAMk2xg,122483,6299,375,UCxEyrf1Ud59fvH9A5mNGwIg,Her 86m2,2026-01-14 12:01:36+00:00,1445,22,Vlogs,2340000,,,
o3fubMuIew4,213375,6533,33,UC719BuWhIRZ5U-9aJ_vzy6Q,Life with aarohi,2026-01-19 10:57:22+00:00,67,22,Vlogs,8820,,,
1p-aNnSLM5w,117068,2178,258,UCAb7bLpdQWS7HGEIjBOQntg,Daily life in Finland,2025-10-15 14:56:28+00:00,1879,22,Vlogs,52800,,,
Je14ewRucXk,177484,0,189,UCz7KUa6tuxfN3CfFo-ka4rQ,Abbas Daily,2025-09-01 09:41:28+00:00,51,22,Vlogs,77000,,,
N43dQLYhzak,107136,2778,42,UCIuU4yupukqeH5o-4z82Tyg,Beamsareeda,2025-10-18 12:00:46+00:00,986,22,Vlogs,263000,,,
fucwrPtkrhI,158986,9300,51,UC-CtpiNC2cnKmXXPtxNVZzw,Shivani Gupta,2026-01-19 11:11:03+00:00,61,22,Vlogs,291000,,,
KTxIcZpwjsY,103434,5405,937,UCgRVJTM7NTbFWLZ1GaH_lHQ,Rein-daily life in Japan,2025-10-24 09:30:23+00:00,1070,22,Vlogs,29900,,,
Fy-QCO1y3lI,156075,1883,32,UCyr293Qi3k21jn_OLfgafQQ,Walk With Rashi,2025-01-31 11:30:11+00:00,57,26,Vlogs,35500,,,
RDoANOSHtwc,95209,4392,828,UCJpFJ8HZRfEQ6M4tdKVXQYg,Jun's daily life in Japan,2025-08-16 11:00:42+00:00,1158,22,Vlogs,13900,,,
h-cvzVbVefE,93722,4069,225,UCsACNR3tyCcwso1h6I8r5zw,Karla Espinosa,2025-08-16 02:17:00+00:00,1522,24,Vlogs,333000,,,
aPaawDdVm4g,174079,0,7,UCgR6KbeguMjJhjiGAPZI6qA,Life With Rani,2026-01-20 13:20:00+00:00,45,22,Vlogs,42600,,,
uALMfDe2cHY,87725,4500,660,UCSE7JoR2i_VDrbzybpGu6ZA,Leah's English 莉雅老师,2026-01-06 23:15:05+00:00,487,22,Vlogs,191000,,,
XgH64_uHxKU,86763,3850,277,UC5rHti2iIMkXL12pxhMLvTg,Akancha Sharma,2026-01-07 13:30:44+00:00,931,22,Vlogs,1580000,,,
oCWKb7JGjsY,86364,8645,412,UCDhM2k2Cua-JdobAh5moMFg,ITZY,2026-01-16 09:00:06+00:00,1503,24,Vlogs,9730000,,,
x4CjN5huSvM,83105,1518,155,UCAb7bLpdQWS7HGEIjBOQntg,Daily life in Finland,2025-09-15 17:57:48+00:00,1680,22,Vlogs,52800,,,
nFG6pgTUEDI,189397,1128,0,UCJJ53lDxejaLLdAL0iRBNCQ,Cute Baby Yangyang's Daily Life,2026-01-21 13:01:36+00:00,13,22,Vlogs,899000,,,
p45hSDfPHjQ,165157,3606,66,UCfn3b2yenaEBDwXBh_tmrag,ayisha ,2025-10-17 13:19:18+00:00,18,24,Vlogs,8700,,,
Ib478AePjkA,77146,1770,291,UCbE4hLi3BN-1CptLUUhOT1w,Aspirant Aura 📚,2025-12-25 12:25:01+00:00,531,27,Vlogs,17500,,,
1Yy-cCj4HwE,73637,2694,439,UCST-CuDNZZihZAMwdXMGMCg,"sincerely, myself",2025-09-20 13:31:31+00:00,605,26,Vlogs,28300,,,
OZ2Z9TAsQOY,72339,4872,456,UCyWxjLVNaYG2f0rFi9MDngQ,Gumi – daily life in Japan,2025-06-27 10:48:04+00:00,474,22,Vlogs,204000,,,
fV-gqDHneq4,73264,1395,155,UCAb7bLpdQWS7HGEIjBOQntg,Daily life in Finland,2025-11-30 15:41:33+00:00,1598,22,Vlogs,52800,,,
x01Klyh2-_U,113009,2703,18,UC64JGg_CE2TxmwvgDB7IRIw,Amina Neon ,2026-01-05 15:29:47+00:00,72,24,Vlogs,6830,,,
K0Op9I6ltqs,94577,486,12,UC3ZEuyC13mI7r7uyc2Nf_Aw,Lofi Explore ,2026-01-21 17:16:23+00:00,201,24,Vlogs,3450,,,
1y4pWWHDOhI,70671,1302,114,UCAb7bLpdQWS7HGEIjBOQntg,Daily life in Finland,2025-12-17 12:23:12+00:00,1721,22,Vlogs,52800,,,
mxHgxMDVvh4,144992,752,1,UCJJ53lDxejaLLdAL0iRBNCQ,Cute Baby Yangyang's Daily Life,2026-01-20 11:01:32+00:00,32,22,Vlogs,899000,,,
2PR99mGt8ec,109798,820,7,UCxnLm6FIohorBi4eGz2PyhQ,小可爱吃不胖,2026-01-15 08:30:03+00:00,39,22,Vlogs,117000,,,
oOwUNKw3ZbY,62453,1313,177,UCAb7bLpdQWS7HGEIjBOQntg,Daily life in Finland,2026-01-05 15:55:17+00:00,1743,22,Vlogs,52800,,,
FYbCM4OGEOE,100615,0,0,UCneGwKAtzkPhfzSMSsdYyHA,Shabana vlogs,2026-01-16 04:30:10+00:00,80,22,Vlogs,288000,,,
GKyn5YasQEg,59587,6007,1067,UCyWxjLVNaYG2f0rFi9MDngQ,Gumi – daily life in Japan,2026-01-10 10:00:24+00:00,1428,22,Vlogs,204000,,,
ulH6K-RUT_s,116067,2814,38,UCfn3b2yenaEBDwXBh_tmrag,ayisha ,2025-10-21 13:06:29+00:00,13,24,Vlogs,8700,,,
N9khiL0d_bw,110465,1845,25,UCSNDFTs15YCBKVpQH2PRSIA,Jikkus Mom in Japan,2026-01-15 14:57:58+00:00,59,22,Vlogs,228000,,,
tFecIwTspJY,54956,436,67,UCNR32VVi9lFPL5o_sCHXJXw,Daily life in UK,2025-08-06 10:10:02+00:00,1126,22,Vlogs,10800,,,
kVGDG69oJS4,57234,77,0,UC2V0IF5gJZ9foucmYFJqcEQ,Deepa BG 1422,2025-12-31 13:13:25+00:00,542,22,Vlogs,87700,,,
6vB9kdF-5Jg,105175599,5030981,14998,UCWc8CackfCo4q46FpEWBcPg,Jeenie.Weenie,2024-07-19 13:00:10+00:00,55,23,Beauty,12700000,,,
_Kv3jDo7cqA,93269360,1670192,10654,UCI_OvtzK82eTL8KIRQ8G_EA,Candy Superstar,2024-09-12 07:26:15+00:00,44,22,Beauty,15900000,,,
eL2CGTt36Xo,65470285,1060078,7958,UCI_OvtzK82eTL8KIRQ8G_EA,Candy Superstar,2024-08-21 12:01:38+00:00,40,22,Beauty,15900000,,,
qNiYs_k9zNk,115638762,881152,2209,UCf_35VVsKHPmWAQjXrDOvtw,Kayla Ryan,2025-06-08 01:47:41+00:00,13,22,Beauty,580000,,,
dym5tL4J2vY,62684216,787760,1605,UCI_OvtzK82eTL8KIRQ8G_EA,Candy Superstar,2025-02-22 13:34:58+00:00,19,22,Beauty,15900000,,,
5dVyhb2zIXk,54182388,1017753,11870,UCI_OvtzK82eTL8KIRQ8G_EA,Candy Superstar,2024-10-29 10:20:16+00:00,41,22,Beauty,15900000,,,
4Z6TaRa6Hrg,35598681,1266905,2693,UCx8AnSKYgKFRjYyS5qzbR8Q,Amber Marie ,2024-04-24 12:51:45+00:00,48,24,Beauty,2890000,,,
atQHAZiURLs,59701087,370332,196,UCi0PCc7Esu31izuGh-THPVA,Double Cheesse,2025-08-27 09:28:39+00:00,35,22,Beauty,353000,,,
I3k-p1oqgPQ,40174367,434073,722,UCn2hc3_SsXUOH8E99Afl21g,JSA Beauty ,2025-03-10 05:56:40+00:00,19,22,Beauty,1990000,,,
NKl3CDlAmWo,48284120,197237,233,UCkvM1chPAWO1_KStGNIb8JQ,Asian Beauty Products,2025-05-22 06:23:29+00:00,21,22,Beauty,166000,,,
kNKZvnepi8g,25925622,764910,6050,UCI_OvtzK82eTL8KIRQ8G_EA,Candy Superstar,2023-08-31 20:36:12+00:00,40,22,Beauty,15900000,,,
C2M5YMCObr0,34597018,641000,2941,UCOF7EQ57_H5jfQsjNiMbe0g,Blogger_Girls ,2025-02-26 13:10:36+00:00,41,24,Beauty,251000,,,
RpTmHFtEc6I,27629819,499517,491,UCMPY7EhVHDEgz4t7z5ncv3A,Jagriti Pahwa,2025-02-07 09:15:58+00:00,60,23,Beauty,14200000,,,
fvT5a54b8SA,25931241,615888,5358,UCI_OvtzK82eTL8KIRQ8G_EA,Candy Superstar,2024-08-09 18:50:38+00:00,45,22,Beauty,15900000,,,
WPQuoN05NBk,22256199,1251886,1339,UCrmWkC3GFSG3Sx1KwoymtsQ,Wendyskin,2022-12-11 00:50:10+00:00,49,22,Beauty,3540000,,,
By9RRD270hg,26940328,656145,5041,UC4gFB6S-Oa4LFE-7eVgJoyQ,thepradzz,2024-05-03 13:20:17+00:00,16,22,Beauty,198000,,,
ivZkBXV4qmo,21356659,865014,5264,UCxS3fmRNz8Vt-TzILSDQ-yQ,Christxiee,2022-06-04 04:52:44+00:00,15,24,Beauty,1400000,,,
BrjHE7BQSv0,22298723,556930,8721,UCPHuYCxf9QJArw-4ZXXC7Ig,Sydney Morgan,2024-02-21 18:37:52+00:00,56,24,Beauty,9860000,,,
CXvG2CBJ3SE,18168825,638351,10169,UCRXiA3h1no_PFkb1JCP0yMA,Vogue,2021-04-29 16:00:09+00:00,633,24,Beauty,16100000,,,
MC66QpuRK8s,17119965,501401,4313,UCdeip1MR0YMMIwxHCVcH4ig,Paramu Makeup Artist (Glam31 Makeover Studio),2023-03-25 20:14:53+00:00,60,22,Beauty,306000,,,
tMO9-XsKHgI,15869011,513794,1379,UCdzHDmZaxystjVTwLQumPiw,Emma Grace,2024-08-13 22:06:34+00:00,26,24,Beauty,1350000,,,
GxnuzBoQOaE,15498142,229357,1156,UC2f3Yl5c9nRNkSR7QnjnCeA,young couture,2022-10-03 06:52:35+00:00,13,26,Beauty,1270000,,,
H4Ax4BAEYYw,32710515,126908,756,UCHcVHa8W40Hzgq16hsPtSWg,Julia Tiffany,2025-05-21 20:44:05+00:00,11,22,Beauty,134000,,,
vaT0UY6_Bh8,16047397,416586,3721,UCI_OvtzK82eTL8KIRQ8G_EA,Candy Superstar,2024-11-09 14:37:33+00:00,38,22,Beauty,15900000,,,
xFi8r2nJkfc,14680651,330852,4295,UCdzHDmZaxystjVTwLQumPiw,Emma Grace,2024-03-24 01:44:45+00:00,46,24,Beauty,1350000,,,
qWM5WlsYiYc,32013249,154821,0,UC-tnOsMCywyXrexSvQ-RocA,Chahat patwa ,2025-08-26 11:45:38+00:00,11,22,Beauty,10400,,,
AthI3QCF7Es,13561554,0,334,UCx8AnSKYgKFRjYyS5qzbR8Q,Amber Marie ,2023-09-11 13:20:55+00:00,20,22,Beauty,2890000,,,
O_qgaOUR3Fo,12457017,294132,4022,UCRXiA3h1no_PFkb1JCP0yMA,Vogue,2022-06-15 16:00:10+00:00,670,26,Beauty,16100000,,,
2G9HbAUlIOQ,20843953,325049,788,UC7VJc5MqrIl-lWCeRMJfisQ,Alice In Wonderland ,2025-10-15 14:49:15+00:00,53,22,Beauty,698000,,,
MdLcP8dJls4,11864617,449662,15348,UCRXiA3h1no_PFkb1JCP0yMA,Vogue,2023-09-12 16:00:20+00:00,704,24,Beauty,16100000,,,
yis52iAkYlQ,11736935,528505,8387,UCRXiA3h1no_PFkb1JCP0yMA,Vogue,2022-07-14 16:00:02+00:00,698,24,Beauty,16100000,,,
L3mcbH2jPRk,11478813,125028,2234,UCb0tMboxhHE8Jx6-nhJmRPw,Allure,2023-11-08 17:00:02+00:00,747,24,Beauty,2110000,,,
Lraw2C5Q_wo,21897802,268387,0,UCvCLL4jORKYT0rdRvQgR87A,The shivani vlogs,2025-04-25 05:35:30+00:00,60,22,Beauty,40100,,,
cJ7rQmEc_VQ,11812696,316037,835,UChFLk9AyQa5ypvxcF2kX_Xg,Christi Fritz,2024-11-09 16:17:23+00:00,61,22,Beauty,896000,,,
d4ac5xmSPbk,11494587,683290,768,UCWc8CackfCo4q46FpEWBcPg,Jeenie.Weenie,2024-09-12 11:00:40+00:00,35,23,Beauty,12700000,,,
np2upiRhgD0,15562044,448479,2656,UCGiyDV_ciwtPsdfkPO2FQgg,Fresajapomex,2025-10-02 23:12:35+00:00,161,20,Beauty,9230000,,,
9fepwgEpZgI,11795609,450300,1399,UCzQtGpWcgOyG0iCc-si1MWw,Aylen Park,2025-01-25 05:16:57+00:00,78,22,Beauty,1560000,,,
y46hvE9JAXo,9696834,298783,1986,UCzbrXSSWChwaDBOC-06s-lQ,Leah Halton,2023-10-16 18:00:23+00:00,659,24,Beauty,2330000,,,
N87KY9yIgQ0,9693777,132392,8047,UCXoY0ZeHZBe0p-ByCiYP_XQ,Denitslava Makeup,2022-04-04 12:29:07+00:00,1384,26,Beauty,8210000,,,
iSgExuawuDI,13360170,258919,540,UCdzHDmZaxystjVTwLQumPiw,Emma Grace,2025-01-28 22:14:55+00:00,30,24,Beauty,1350000,,,
4NYxt1kO7Pg,9886894,196064,956,UCdzHDmZaxystjVTwLQumPiw,Emma Grace,2024-02-03 03:30:59+00:00,33,24,Beauty,1350000,,,
ksECwv1HKuY,10244941,441873,20706,UC12klzzYwR81g6tjOr69RCQ,NicolePamela,2024-04-21 15:58:55+00:00,33,24,Beauty,495000,,,
pkFsQdnUeZY,9539138,360449,920,UCMO0fL9oNCKscgzJQgrfbmQ,Fit beauty,2023-10-02 07:33:07+00:00,59,26,Beauty,6050000,,,
uSCUNfwMOJs,10592066,470380,1242,UCzQtGpWcgOyG0iCc-si1MWw,Aylen Park,2024-09-05 03:28:00+00:00,60,22,Beauty,1560000,,,
5jbjI8O3rHU,19385464,141021,104,UCDq477PyAPbt2O3-5jXMc8g,Lamaleeno,2025-10-22 12:12:46+00:00,16,22,Beauty,15800,,,
z22DNVrZRfw,14837562,609922,1131,UCzQtGpWcgOyG0iCc-si1MWw,Aylen Park,2025-10-19 23:20:11+00:00,76,22,Beauty,1560000,,,
6FQoaWEi57o,12614205,0,245,UCx8AnSKYgKFRjYyS5qzbR8Q,Amber Marie ,2023-08-18 02:18:14+00:00,11,22,Beauty,2890000,,,
mjfrkQMW1Hw,14997451,357946,850,UC34ylGWW_TwXs5RZuO309xA,Niharika Jain,2025-04-21 13:50:21+00:00,45,22,Beauty,1530000,,,
Ri9SZRO2djg,16144378,158425,310,UCBve62bl_8ODiCrGKSVxVwA,Rena Goswami,2025-07-07 11:30:22+00:00,17,22,Beauty,490000,,,
x2Sq6aA5AVU,8323588,73464,3766,UCAM2fyCjEdROyELretVTiiw,HopeScope,2024-09-21 13:30:28+00:00,2041,24,Beauty,8030000,,,
71QAzz3ew70,16465535,348798,971,UCdzHDmZaxystjVTwLQumPiw,Emma Grace,2026-01-11 00:30:08+00:00,53,20,Beauty,1350000,,,
oQkQv1ULyzs,7681265,176901,3373,UCRXiA3h1no_PFkb1JCP0yMA,Vogue,2024-04-11 16:00:09+00:00,687,24,Beauty,16100000,,,
WDSIM6imnTY,10998737,187074,1193,UCz-_g3nVpinMkvs-n9XZf_A,Kat Longoria,2025-02-03 16:27:02+00:00,52,22,Beauty,5450000,,,
DiWvfBNUPa8,7946196,339705,846,UClqiuoLwBK2F3655HmZhPEQ,Kaitlin,2024-08-15 22:59:34+00:00,60,24,Beauty,1040000,,,
RD5phy9VebI,7873843,392637,611,UCzQtGpWcgOyG0iCc-si1MWw,Aylen Park,2024-04-21 06:16:00+00:00,61,22,Beauty,1560000,,,
0d6YjxRCT1A,7342183,316066,852,UCFRS1NepCWJE5s3oolBgWSQ,Beauty by Kareena,2022-03-29 08:30:00+00:00,60,22,Beauty,475000,,,
tuLTPv9Lo50,6993380,24285,862,UCz-_g3nVpinMkvs-n9XZf_A,Kat Longoria,2025-06-09 13:45:13+00:00,289,22,Beauty,5450000,,,
T0ngxlU2sa4,6807451,168411,1910,UCcEwwzA67WfoS9sAxrCicXw,Brianna Roman,2024-02-24 02:32:11+00:00,61,22,Beauty,355000,,,
7Ei9_V9fM68,6229913,60149,5166,UCI3szCgzGTRBTF_2dVaTZdQ,Salish,2025-04-05 14:00:07+00:00,922,22,Beauty,3340000,,,
whN-3jBclXA,8810287,561453,1626,UCu0V4K1jf8cISkIzpi77p9Q,DermAngelo,2024-12-13 22:19:24+00:00,60,26,Beauty,801000,,,
IA9lasJ3MxY,6782957,164397,1629,UChFLk9AyQa5ypvxcF2kX_Xg,Christi Fritz,2024-11-26 14:30:45+00:00,61,22,Beauty,896000,,,
8I3yumjAy1Q,10872719,153615,476,UCIpnAD8s6m4db87-1xI4fWg,Neetu Bisht Lifestyle,2025-07-23 04:49:35+00:00,45,19,Beauty,2510000,,,
539npAj_I0Y,5606140,180642,3948,UCRXiA3h1no_PFkb1JCP0yMA,Vogue,2025-05-13 16:00:08+00:00,1009,24,Beauty,16100000,,,
zGuM-1hsuN0,7486021,225222,843,UCf_35VVsKHPmWAQjXrDOvtw,Kayla Ryan,2025-03-04 19:42:15+00:00,21,22,Beauty,580000,,,
lj1z4htGcs0,12019695,63537,364,UCHcVHa8W40Hzgq16hsPtSWg,Julia Tiffany,2025-04-17 20:17:20+00:00,10,22,Beauty,134000,,,
eLQNXM96gW0,5242760,25432,388,UCStXf0mxnlZDFBD3dp-H-EQ,Tik Tok,2022-03-20 15:22:12+00:00,572,24,Beauty,20700,,,
ZeN-o7YlPyg,5758537,173414,890,UCdzHDmZaxystjVTwLQumPiw,Emma Grace,2024-06-14 19:40:22+00:00,24,24,Beauty,1350000,,,
B2tHBqZ27ZQ,5725414,124531,2715,UCWobUiWDdG8dHlyXSipZ92A,Meredith Duxbury,2023-05-03 20:12:58+00:00,9,22,Beauty,1440000,,,
wqMGAgseWuc,6054084,347936,3339,UCH9aPskONv7sraQfL-UDxNQ,Swara Singh,2024-09-27 15:02:03+00:00,60,26,Beauty,9850000,,,
8uHLnu9nDyY,10934639,48242,221,UCHcVHa8W40Hzgq16hsPtSWg,Julia Tiffany,2025-05-17 07:07:11+00:00,16,22,Beauty,134000,,,
8uQ8fv8y5Vg,4854277,76684,1363,UCRXiA3h1no_PFkb1JCP0yMA,Vogue,2023-08-15 12:00:03+00:00,649,24,Beauty,16100000,,,
x3Mbyno26hQ,10692418,205928,254,UClXyK-N8sDybeNNoqYAjikQ,Daniela Estefania ,2025-05-24 01:51:27+00:00,9,22,Beauty,15200,,,
fXPzUt0XPMU,4969702,208739,430,UCeeMfDGVTlPzOH_Zx52-tXA,Valeria Stephanie,2024-09-07 16:46:47+00:00,44,22,Beauty,335000,,,
c2beMmvgH24,4825721,180192,143,UC1OqFNGQe7k6iJuBuPGUyhg,Manasi Mau,2024-03-02 14:19:54+00:00,58,26,Beauty,697000,,,
COytqhQMOH8,4705657,23376,1425,UCj3o8xvKiu5ynZAXhl9V1kg,Makeup & Makeup Things,2025-08-08 12:00:31+00:00,3976,22,Beauty,84200,,,
EWAGaq7Pp7M,4735479,19336,1902,UCEogcDBA1X1wWMeBEqANUow,The Mir Fam,2025-01-11 19:52:35+00:00,2421,24,Beauty,3070000,,,
2DvBAFn1Wds,7621196,323160,4430,UCH9aPskONv7sraQfL-UDxNQ,Swara Singh,2025-10-04 08:42:52+00:00,81,26,Beauty,9850000,,,
PYNNtmo7DSw,8808776,112090,553,UCr2RPX6bUMaO68UKWYLvt8g,yoangelolo,2025-08-23 22:02:01+00:00,42,22,Beauty,9390000,,,
33y2pxe7Wp0,4568979,20088,912,UCAGD32sTQ_IpH5L-0x0O8kg,Makeup for Relax,2025-03-14 12:00:05+00:00,387,22,Beauty,57600,,,
l_tnC2-dAlU,7292875,163086,354,UCIvhkJeauj8RJZkVa2ldJqQ,Isabelly Mingardi,2024-09-07 02:00:41+00:00,48,22,Beauty,62000,,,
5XLNQ6WV5Q8,7957730,102408,390,UChFLk9AyQa5ypvxcF2kX_Xg,Christi Fritz,2025-04-30 19:09:01+00:00,38,22,Beauty,896000,,,
RBtXvZb7w7s,5441987,243528,345,UCEA6Ods02HuSyRNWJnjmVxw,Skin care by Skin Secrets,2025-02-15 00:20:03+00:00,16,26,Beauty,61900,,,
EUnxxdwDG3Q,6738505,106992,1078,UCH11eQQ-QyfppeMsQJU6fMg,Kenzie Yolles,2025-01-30 01:02:48+00:00,11,22,Beauty,1480000,,,
PrfCo4ckcD4,4722750,141438,1262,UCPHuYCxf9QJArw-4ZXXC7Ig,Sydney Morgan,2024-03-14 16:00:16+00:00,51,24,Beauty,9860000,,,
aY5Esbjci80,4267217,296028,1348,UClrSLy_JEgbahNjlvkS0vig,Monica Ravi-Conway,2023-06-06 16:10:40+00:00,43,22,Beauty,1160000,,,
equAbT2NSvc,5102151,93357,125,UChFLk9AyQa5ypvxcF2kX_Xg,Christi Fritz,2024-11-20 14:29:38+00:00,61,22,Beauty,896000,,,
yxZNWjYekWk,5528483,209587,487,UCzQtGpWcgOyG0iCc-si1MWw,Aylen Park,2025-06-19 00:44:46+00:00,106,22,Beauty,1560000,,,
DJTNHcnFB6Q,6100591,131347,239,UC9v4XVqyb1z_B3a7OsvacJw,Fiza Makeup Academy,2025-02-23 09:35:49+00:00,56,22,Beauty,307000,,,
9M4DaI_3SlQ,4420447,114021,454,UCdzHDmZaxystjVTwLQumPiw,Emma Grace,2024-03-30 19:42:47+00:00,36,24,Beauty,1350000,,,
g9DoQlCJ1yQ,3904812,127018,1931,UCRXiA3h1no_PFkb1JCP0yMA,Vogue,2024-04-04 16:00:06+00:00,499,24,Beauty,16100000,,,
bRhEcUHMvKg,6194668,203638,772,UCy7KbkMdZDtNX69YFrikbnA,Suhana Parween,2025-07-06 15:06:33+00:00,74,26,Beauty,311000,,,
ILRNX4AmN1Y,3984919,102299,372,UCsK_mNUEyhoqQKAijTblG7A,Sungjemish Sungjemish,2024-02-06 05:18:42+00:00,11,22,Beauty,266000,,,
knZqXPDOu4g,3823906,83886,309,UCkjHm2FdwZUUj7anb7UPeww,Rupkotha's world,2021-04-05 13:28:51+00:00,60,22,Beauty,233000,,,
QdipW2dt_zs,6107963,129873,234,UC7AoFzxwPv9o1OZPQ0a3iyQ,Munna Unplugged,2025-09-04 07:31:38+00:00,115,24,Beauty,1790000,,,
3y7-emDEzhs,5466261,55669,34,UCgBH6tODtr5J-vhglGdCTdw,ASMR Planet Makeup,2025-07-05 21:00:03+00:00,23,27,Beauty,65400,,,
HCzkA-QYwjA,9505136,69220,8502,UC3mGhLq57s_o9dTdwTz00rA,Chyler Emery,2025-05-12 21:07:07+00:00,6,22,Beauty,330000,,,
edmPXPkBARo,4592031,174803,230,UCsjd3VJr7yaUuqy07IJKspA,Sonia Garg,2025-04-28 06:49:33+00:00,103,22,Beauty,1490000,,,
j2H3qk0ZN5Q,3281501,153065,2407,UCRXiA3h1no_PFkb1JCP0yMA,Vogue,2024-05-14 16:00:04+00:00,587,24,Beauty,16100000,,,
odiYQObAS5c,3620003,191615,525,UC_t6-oNbYJ4DWfp7BRYrHIw,more to mihika ,2024-08-21 13:01:03+00:00,60,24,Beauty,375000,,,
zoBaize8_OA,4963564,118526,161,UC34ylGWW_TwXs5RZuO309xA,Niharika Jain,2025-03-22 15:34:22+00:00,22,22,Beauty,1530000,,,
8sANz61TSsI,4937867,95680,233,UCFo8wlATOu8F7U3rBTz5UbQ,Somini,2025-09-22 16:24:43+00:00,39,22,Beauty,180000,,,
_iJbS5LN_rA,3032669,77969,2638,UCucot-Zp428OwkyRm2I7v2Q,James Charles,2025-03-28 19:02:28+00:00,1446,24,Beauty,24000000,,,
SW6Y5hoz1_g,7474230,132620,972,UCixV-Z0S_TltSPVsa7LYrZw,Catherine Sanchez,2025-10-12 16:12:42+00:00,7,22,Beauty,100000,,,
ZI5trcgsajU,3651607,140138,655,UCf_35VVsKHPmWAQjXrDOvtw,Kayla Ryan,2025-01-30 02:10:31+00:00,29,22,Beauty,580000,,,
9wdisivSWYU,2929155,75205,2357,UCRXiA3h1no_PFkb1JCP0yMA,Vogue,2025-07-30 16:00:02+00:00,563,24,Beauty,16100000,,,
RRhFwH4s9u4,3240328,169208,726,UCKX8qlNu2v4m0bCkhd7jicA,Haley Kalil,2024-09-03 20:45:14+00:00,21,22,Beauty,8090000,,,
n_ryi3nhmb4,3086934,100657,985,UCfJJoFpx9ilaOFAgMBwGlhg,Aparna Thomas Official,2024-05-07 07:43:49+00:00,56,22,Beauty,224000,,,
zQ3HBn6ksL0,5404364,48619,744,UCRRR_gmsItT7-nyindgY-Ig,Kelsey Denise,2024-10-20 16:01:03+00:00,8,24,Beauty,107000,,,
h5YQu1ajzxs,2925857,151911,304,UCHEiXYM8ybFqV_wWI69RjGQ,Tarini Peshawaria,2024-11-05 07:36:32+00:00,60,24,Beauty,967000,,,
1OCzbDGI5Bw,3627131,133089,482,UC2gZh8iGgLI7xLkxaoMkKSg,Namastejuli,2025-04-02 05:16:44+00:00,59,22,Beauty,3370000,,,
XY5JIbw6Unc,3759069,139322,398,UCDqurMciPXiKMPShqrdfbjw,Point of Yu,2025-07-31 14:00:49+00:00,53,22,Beauty,292000,,,
aKhlZBvviDM,4131525,46226,207,UCXmqAs7VUJ_6FroSkatMrag,Trisihita Jais,2024-10-01 12:17:36+00:00,18,22,Beauty,10800,,,
GEifh24GcEo,4932391,69714,608,UCDqK0AWAzHk43FsDIB9Ng-A,Christi Rose,2025-10-10 21:00:20+00:00,10,24,Beauty,643000,,,
jYA3vUmEU-c,2582974,9519,1802,UCEogcDBA1X1wWMeBEqANUow,The Mir Fam,2024-11-09 18:11:34+00:00,1862,24,Beauty,3070000,,,
pggENcViRxw,2626359,134924,419,UCBLzhBiZVCy0MDyhv6rceJQ,Sarah Betts,2024-06-27 12:01:00+00:00,60,24,Beauty,3370000,,,
M7-VSilZUHU,2746640,94467,1513,UCxXAtZ1h8p1aJ2TYq8sjrJg,filmedbylulu,2024-05-31 23:50:18+00:00,16,22,Beauty,6030,,,
uVEk6JtUAR4,2957371,60589,1044,UCRRR_gmsItT7-nyindgY-Ig,Kelsey Denise,2024-03-31 19:10:27+00:00,5,24,Beauty,107000,,,
L4EkBEHmeKI,2574517,105808,235,UCXKc_pxocnSd2TQUvLeVJZQ,Ria Sehgal,2023-12-08 08:05:39+00:00,60,26,Beauty,827000,,,
9UzPMvwIfg4,6435600,107800,3807,UCRRR_gmsItT7-nyindgY-Ig,Kelsey Denise,2025-08-13 20:00:13+00:00,6,24,Beauty,107000,,,
jJlkD4gxnpQ,4719585,19339,97,UCpYUDcgBd7DNaYxvdxineIw,Rina Và Seoul,2025-05-08 05:13:17+00:00,19,22,Beauty,229000,,,
F4caWSN2CF0,3062810,50489,482,UCcEwwzA67WfoS9sAxrCicXw,Brianna Roman,2024-10-09 21:00:15+00:00,17,22,Beauty,355000,,,
3zJyiDYpUsk,2406422,36816,1357,UCAM2fyCjEdROyELretVTiiw,HopeScope,2025-11-08 15:30:02+00:00,1290,26,Beauty,8030000,,,
Lc0ahD0kd3c,4990722,43438,135,UCcEwwzA67WfoS9sAxrCicXw,Brianna Roman,2025-06-30 22:43:56+00:00,17,22,Beauty,355000,,,
ude6nE0-3Qc,3236029,63188,223,UCRXiA3h1no_PFkb1JCP0yMA,Vogue,2023-10-12 16:00:19+00:00,15,24,Beauty,16100000,,,
A4onkvkP4pE,2326666,14767,277,UCJro9Zlzy7T_dGSMttuHKvw,Mian,2024-11-27 14:05:44+00:00,360,24,Beauty,53800,,,
AEttq4iYmgM,2343852,125428,3911,UCJd-bJjTp9zpDGZtTALWJmA,Akanksha Soni,2024-04-14 16:38:14+00:00,59,26,Beauty,2000000,,,
WQBSmqRkO_U,2950831,82253,2012,UCc6YTHugsln7EQnq4nhZfaw,Miss Garg,2025-04-06 10:07:21+00:00,180,22,Beauty,5780000,,,
VSFQbbwY0_s,4523604,36672,12,UCDq477PyAPbt2O3-5jXMc8g,Lamaleeno,2026-01-16 11:07:50+00:00,17,22,Beauty,15800,,,
XlCdgiJ8Fvw,2554062,61885,415,UCcEwwzA67WfoS9sAxrCicXw,Brianna Roman,2024-12-29 17:51:08+00:00,30,22,Beauty,355000,,,
1l5d-KUOdl4,2366001,97351,371,UCITzb2KRTgPundoSqGeCTvQ,Aarti Kushwaha,2024-05-20 06:27:27+00:00,60,22,Beauty,644000,,,
UYAY2Hfsnq8,2866317,62749,136,UCh29s-RNWI6z63670hUv71Q,VOGUE India,2024-08-26 17:19:37+00:00,42,24,Beauty,829000,,,
E61jpOSi1fo,2116630,78674,215,UCixV-Z0S_TltSPVsa7LYrZw,Catherine Sanchez,2024-09-02 18:43:17+00:00,23,22,Beauty,100000,,,
AsRtJltF2hc,2023773,34770,1362,UCnk1idRUmwhdpy_5Il1unfw,Hang with Hope,2025-10-30 14:30:10+00:00,1671,26,Beauty,2020000,,,
hI48EdNkCNQ,2238293,51363,129,UCDqK0AWAzHk43FsDIB9Ng-A,Christi Rose,2024-06-14 20:30:07+00:00,14,24,Beauty,643000,,,
12-KZi380Xg,3231982,68339,581,UCMxBHqOQl3nSb3aOT7sQpeg,Hannasaur,2025-10-15 15:54:19+00:00,49,22,Beauty,219000,,,
b-fMhpf_MuQ,2245080,43020,349,UCcEwwzA67WfoS9sAxrCicXw,Brianna Roman,2024-07-14 17:24:15+00:00,29,22,Beauty,355000,,,
WAeA_ZGP2Jg,2018693,55056,350,UC5GkFDlVG0_zW6WJtwG-2Aw,EllaGLife,2024-10-17 04:46:07+00:00,59,24,Beauty,1320000,,,
RwvfIHCZJk0,3296227,33102,191,UCEXtDSSMjSWw9g4VxN3Gi8A,Nisha Noelle,2024-04-20 12:55:21+00:00,14,22,Beauty,1490000,,,
4DjV2Y6uOm8,2854444,35393,4107,UCVKOBq9zfHIT9j7ZqPASKBQ,Theskimaskbarbie,2024-07-21 01:23:34+00:00,5,22,Beauty,211000,,,
XPhEHhps1pI,2999425,29828,368,UChFLk9AyQa5ypvxcF2kX_Xg,Christi Fritz,2025-07-14 23:24:00+00:00,62,22,Beauty,896000,,,
RoDRdrpfkn4,1862316,24212,18850,UCMCMjTKUqJ1pUzmHnKrmiCA,JUSTKASS,2025-03-02 14:02:00+00:00,2358,24,Beauty,6210000,,,
ne3zZH8u9Ww,2887870,0,646,UCVXgQhdIuXcsQ8hWsS27V8A,vibes of soumi 🪬,2025-07-15 14:03:18+00:00,50,24,Beauty,125000,,,
HCDNqJVI-Qc,2798865,103818,253,UCzQtGpWcgOyG0iCc-si1MWw,Aylen Park,2025-10-16 20:45:14+00:00,78,22,Beauty,1560000,,,
rTEHiGaj2SI,3168419,85047,88,UC34ylGWW_TwXs5RZuO309xA,Niharika Jain,2025-04-09 12:32:44+00:00,18,22,Beauty,1530000,,,
h9e1Khx7uvs,1758042,60422,304,UCdzHDmZaxystjVTwLQumPiw,Emma Grace,2025-01-23 01:10:33+00:00,32,24,Beauty,1350000,,,
gYpProRcaKw,1545533,50505,325,UC5VpGrdiDN5Z6RBr6DGZQRw,Kiana Davis,2023-09-17 17:00:33+00:00,614,22,Beauty,377000,,,
fXBN8e9TqxA,1669705,72527,316,UCk8U-j3BoWWd9cny2YNe4jg,Dr. Bhagyashree ,2024-06-17 05:16:22+00:00,53,22,Beauty,1120000,,,
8mQDhyPqS_s,2902845,52708,56,UCT43PcE4J-5M5UG2U8vAgtw, Rebecca11,2025-11-21 13:31:21+00:00,39,24,Beauty,2560,,,
2YeaeaXozwo,2294776,53497,355,UChFLk9AyQa5ypvxcF2kX_Xg,Christi Fritz,2025-05-13 21:34:26+00:00,50,22,Beauty,896000,,,
0dBZ7oiAdHU,1532524,65432,198,UClhp9r6NXY_OecSPL_AOJcQ,Caitlin Thexton,2024-09-20 19:35:11+00:00,60,26,Beauty,224000,,,
qBDXGy82xOk,2372584,83421,190,UCIpnAD8s6m4db87-1xI4fWg,Neetu Bisht Lifestyle,2025-03-09 05:30:20+00:00,17,19,Beauty,2510000,,,
qsKt8ySUQ-A,2039555,57144,648,UC3NF-gPK2PRua_EMaeukFwA,chicshn,2024-10-31 09:16:30+00:00,10,22,Beauty,20200,,,
JNX2ama75Ks,2533605,23470,120,UCC9a-lFPMgbgKR7cVPD3p9A,Commodery Skin Co,2025-10-29 19:23:51+00:00,14,22,Beauty,27400,,,
Kisdnh7GufM,1467434,78249,1941,UCkNY-wSSSEw6QZ_iPQEsjqg,Mikaela Luv,2024-05-27 18:56:34+00:00,60,1,Beauty,988000,,,
b3TQzM8jb1I,2178741,44704,646,UC3mGhLq57s_o9dTdwTz00rA,Chyler Emery,2025-09-08 18:46:19+00:00,64,22,Beauty,330000,,,
1F8Wi-vjuQE,2480778,68040,439,UCz-2CeF9xBPf23aPc7_nhKQ,Sophia Xin,2025-01-30 16:23:35+00:00,23,22,Beauty,35400,,,
NVUpiZC4VPg,1800157,16235,515,UCVnEvilFBSA4BRgP1xRJ92w,Life As We GOmez,2025-01-15 23:00:20+00:00,18,22,Beauty,1730000,,,
_MYwYEuNAo4,2531962,21957,105,UCF_Rw7PKLr_b5dfwQPRaXwA,Sunshine💫,2025-08-18 10:31:13+00:00,24,22,Beauty,234000,,,
DnDagkLh69A,2633218,44417,269,UCnl3-hgLhOTx4YdBV08c68Q,Minseon Kim,2025-01-16 15:34:28+00:00,10,22,Beauty,13200,,,
mkBTUDxMKtU,1495572,55944,221,UC3ocVSGRoapPsbG8QrFX5kA,velvet glow,2025-02-20 16:01:00+00:00,28,22,Beauty,618000,,,
kNqoqQ_21oQ,1653529,43673,841,UC8ZidgQbe5w4iLEtRhbiF5w,Atarah Mayhew,2025-02-17 12:01:13+00:00,60,24,Beauty,7710000,,,
KCBNegyIATE,1748048,77060,671,UCTYR-anqHciYd8zx8npmf3g,♡ Victoria Emily ♡,2025-09-27 17:56:14+00:00,60,22,Beauty,496000,,,
hgWVD6iCpyU,2371797,23023,74,UCcEwwzA67WfoS9sAxrCicXw,Brianna Roman,2025-06-22 22:03:51+00:00,21,22,Beauty,355000,,,
n2FLmEPxAQ8,818831509,8885987,14454,UCF_lEagt2u1g7C3W-xTj50w,Manish Kharage,2021-05-23 06:49:29+00:00,14,23,Entertainment,6060000,,,
HiDGfFOzfnk,322096256,7279799,84306,UCQOidFKQBMvLXk7PxGBXWyA,The Gabriels,2023-06-24 14:00:43+00:00,10,22,Entertainment,3390000,,,
sSomPR2M1ls,207915130,684960,5065,UC5tuYcCdiKuF5Y2ZonuarwA,Jkk Entertainment,2022-11-10 06:00:40+00:00,1064,23,Entertainment,38800000,,,
gBzyLx1VTl8,188811265,3126327,12329,UCLBvAHSrRnGXRGikaBzmsMA,Gulfam Golden,2024-08-08 14:19:15+00:00,13,23,Entertainment,981000,,,
a-MPc6AJpCk,149938943,2623405,11015,UCG8_xGH-BgiAgKpQCYvxnMw,Mati Spano,2023-06-25 14:41:50+00:00,7,10,Entertainment,17100000,,,
TaCqsnxcS0g,179524456,1358639,2450,UCwHcAD2W-VitvrmzLT3xE0Q,RJ PRAVEEN,2025-06-04 14:49:37+00:00,31,23,Entertainment,1230000,,,
sJQThN5tUDY,216825473,1717782,2643,UCGSPemmQz5n7i8joZeJ0m0g,up wala aryan,2025-03-30 05:24:25+00:00,13,10,Entertainment,15800000,,,
fJw33GyM8FM,142708460,1239005,3319,UCcr93i1-6gGWnxZmDtEfl6Q,Radhika Maroo,2024-10-14 12:30:28+00:00,13,23,Entertainment,6610000,,,
3jWhPcbfyM0,94097729,499359,0,UC6jRgc_w-nCk7oAoM6lwNNQ,MUSA TANVEER,2021-10-07 07:00:11+00:00,613,24,Entertainment,15300000,,,
1rMrNbyecVs,75620355,3657842,7786,UCgKEvLp8DXCTMq4QY6wW7bw,Real fools shorts official,2023-02-03 04:04:37+00:00,20,22,Entertainment,52600000,,,
4E2kY4YMsow,69549508,279657,3480,UC0PKLLmL8pIJLjOI1gBH_pA,Shemaroo Comedy,2022-06-25 12:30:01+00:00,2163,23,Entertainment,22400000,,,
ITKCucDvRGM,138364868,704618,224,UCd56a0h30H_M-ijkde5GVuA,FatSongsong and ThinErmao,2025-10-12 13:00:37+00:00,21,26,Entertainment,16100000,,,
smLNCbYNQP4,63471660,416716,5027,UC3ar28GS6o1p0m_wabfk2zw,Pen Movies,2021-10-03 02:30:09+00:00,6715,1,Entertainment,29900000,,,
jCrnWP4l4a8,85536167,644248,86,UCOh01Sv2bdi_hjci9tOH7Mg,Aja Kitchen,2024-11-26 05:00:37+00:00,18,24,Entertainment,29700000,,,
HVBllDlfzok,108861954,1016151,1193,UCopTI48A60jV3x_VY7aEQnA,Jay Singh,2025-10-11 15:30:11+00:00,55,23,Entertainment,4930000,,,
10livSFs0bo,88699944,317331,288,UCUKigmlydWY8y-qAs-RQBIA,Effects Stories,2025-02-21 22:20:23+00:00,11,22,Entertainment,509000,,,
vAaaN-DRUVo,60152821,833849,892,UC3VtnAodiJwKLPzPwi6z7Fg,M4 prank,2024-03-24 03:52:34+00:00,13,23,Entertainment,1810000,,,
jQISPc3iQP8,70349747,697931,1060,UCp4fwPdnsYAh9naRyMLm62Q,JK Comedy05,2025-03-17 12:41:22+00:00,60,23,Entertainment,105000,,,
tNdgOuHk080,49701421,340299,0,UCt_KDu-DtBqvIw7X-V7mlmQ,Pari's Lifestyle,2020-12-09 05:34:57+00:00,610,22,Entertainment,13800000,,,
fhwDKCVuhlM,47716458,1639877,1117,UCr-KG8Ffr6xztQwV5MAyh3Q,Ketan mehta,2024-04-25 08:35:00+00:00,33,22,Entertainment,15100000,,,
gzhUIKkRtEM,111210702,509809,763,UCanxirjE8FuHkY6iyl7AA4A,🤣 মজা মজা বাংলা 🤣,2025-08-22 11:13:17+00:00,16,23,Entertainment,43700,,,
FVAL44393_c,73193821,533328,1296,UCa779mLrrW8L5l_yRzwrIbg,Soopar Show,2025-09-03 05:47:26+00:00,58,23,Entertainment,1060000,,,
vpGqDLigwGw,56570920,1025476,1912,UClyw32fdzLCsqbkfzhdrtXA,Keshav Shashi Vlogs,2024-01-23 05:46:00+00:00,39,22,Entertainment,17900000,,,
KBZfnt80s54,40780372,1721709,24175,UCAYum5hCyfkSH5T3vSD_kwQ,Aakash Gupta,2021-02-25 15:30:13+00:00,631,23,Entertainment,4660000,,,
8bPWXYM2ysU,40316148,1540713,12414,UCAYum5hCyfkSH5T3vSD_kwQ,Aakash Gupta,2020-12-19 18:12:29+00:00,528,23,Entertainment,4660000,,,
JBaGT83KBRI,38376562,2220326,11350,UCGie8GMlUo3kBKIopdvumVQ,Still Watching Netflix,2022-05-30 16:00:07+00:00,22,24,Entertainment,10600000,,,
VLqKzkDaE_U,60084626,742201,3891,UClyw32fdzLCsqbkfzhdrtXA,Keshav Shashi Vlogs,2024-12-19 10:57:16+00:00,25,22,Entertainment,17900000,,,
kG_eEedHz_4,37179073,415294,185,UCR0MSq2LwGESQBJsOb3p5Jw,Teddy Friendship 0.2,2024-03-14 04:47:03+00:00,14,22,Entertainment,156000,,,
tDc8dnyw7B4,850126645,23891139,42116,UCq8DICunczvLuJJq414110A,Zach King,2021-09-22 18:14:59+00:00,16,24,Gaming,42800000,,,
yYhVn0vcCU0,213692332,4215467,3812,UCATWUurs5SImDMX_prUtxng,Matt Larose,2024-02-22 12:01:01+00:00,28,17,Gaming,21000000,,,
MxSog0rv5Lg,215306788,6171879,11695,UC6QZ_ss3i_8qLV_RczPZBkw,ISSEI / いっせい,2024-10-28 13:00:23+00:00,15,24,Gaming,71900000,,,
KdXQIYc6xWY,323072944,5437315,3516,UC2tsySbe9TNrI-xh2lximHA,A4,2025-06-21 14:05:16+00:00,54,24,Gaming,92300000,,,
9s6riI-b4uI,177652516,15743,187,UCtyokkUwxwy0ef1f6TLYFLA,MarioZenium,2021-11-14 16:00:04+00:00,174,20,Gaming,1240000,,,
GyO1MtLhyt0,157617906,0,2684,UCwRa9t7B6WUDMjIdnZ7d6QA,Gaming aadii ,2023-06-29 05:44:13+00:00,210,24,Gaming,894000,,,
s72dhTVYKtM,145642728,2250338,56725,UCIPPMRA040LQr5QPyJEbmXA,MrBeast Gaming,2021-10-14 18:00:17+00:00,681,20,Gaming,53700000,,,
UVU-EDA9qJs,131489819,621747,16665,UCjXnJ4OawDGjvEKVu9SWUuA,Hindustan Gamer,2018-09-03 03:03:19+00:00,1962,20,Gaming,4100000,,,
-4tesAWfZVk,189130784,2135407,148,UCrddA2HWyVhVmU3X63oJMgg,AOA Review,2024-08-18 11:00:00+00:00,34,20,Gaming,6440000,,,
fEaTH3bG1NQ,135791630,1163162,874,UC9zyXRd97WhPvDUWPrJFuIQ,thelovelyhorrorshow,2023-10-04 06:28:22+00:00,21,1,Gaming,9820000,,,
svZJbP1P-sA,98782338,1665302,95493,UCX8pnu3DYUnx8qy8V_c6oHg,Techno Gamerz,2021-06-15 04:22:18+00:00,2606,20,Gaming,49400000,,,
Ff7NW772YCg,101516131,1800948,2556,UCzEAWIWMigRBbulQ6yVlilg,Priyal Kukreja,2023-09-01 10:30:06+00:00,52,22,Gaming,46000000,,,
Y6kHxZR57fI,87524238,61937,885,UCZeGTloFOUKPYkK07LjsW6g,F Gaming,2024-10-17 11:07:06+00:00,9,20,Gaming,511000,,,
mhr4YecSV_Y,82133740,700785,1190,UCyqq-aiu3vEHuf5NhwmOJcw,Lana Del Rey - Topic,2020-04-14 18:34:29+00:00,282,10,Gaming,459000,,,
GZ4W5OrvmFg,132549228,736128,285,UCy4iy-D5QMXFIsxtmUjk_sA,Yash Yadav,2025-02-05 06:30:05+00:00,14,22,Gaming,393000,,,
AvcdY_tuBeU,85484659,0,14865,UC77Fy5PwlSnon_NNoCYSQEg,HamoodeG,2024-12-01 13:16:21+00:00,20,20,Gaming,3510000,,,
MOt5DDb9Kfg,78155845,836756,2273,UCK-MkOW15OyC6aWw0HQE9hw,Leika Gaming,2023-08-11 10:00:22+00:00,34,20,Gaming,2050000,,,
YcSKqGwW58Q,90659496,983767,717,UCo6y9hnRawAqtyWhRhblXqg,Dushyant kukreja,2024-08-24 13:30:24+00:00,28,24,Gaming,49800000,,,
4xDzrJKXOOY,61690087,426417,0,UCSJ4gkVC6NrvII8umztf0Ow,Lofi Girl,2023-07-02 21:17:31+00:00,0,10,Gaming,15600000,,,
FJG7aL7GA0U,81421390,685000,278,UCyY4krBsUGzoj1Cjyj4nZqQ,Apu Alone,2024-06-23 10:01:01+00:00,18,23,Gaming,19600000,,,
AieUGe-_nCk,56989449,630676,783,UC0hWgcc02QfOJiSZ24c4uKQ,Oddman Games,2023-05-09 07:00:04+00:00,24,20,Gaming,3110000,,,
tHw4TmUHOcE,129011352,706387,1268,UCna3DxlMKYp3NcV-jzI2oHg,Oulyn,2025-04-19 09:49:22+00:00,14,1,Gaming,4160000,,,
FHj1NFw2us0,43286424,494306,2446,UCviObudi5xS0M629VEabn6g,Bang PASPUN TV,2023-07-21 00:19:04+00:00,31,22,Gaming,11800000,,,
VrXtGkXC7Zc,42550556,735122,49278,UCo6y9hnRawAqtyWhRhblXqg,Dushyant kukreja,2024-07-12 10:30:19+00:00,47,24,Gaming,49800000,,,
wxn4xFqcl_E,36403110,705543,24028,UCX8pnu3DYUnx8qy8V_c6oHg,Techno Gamerz,2022-01-21 03:55:03+00:00,1997,20,Gaming,49400000,,,
AmxVAR2S7sY,36770165,884031,2360,UC2aG3ddqJs7GU-Fq0ETgSLg,OnZan,2023-06-09 00:45:00+00:00,24,20,Gaming,1420000,,,
C7Ce6ji43vY,52686470,1860121,10050,UCLGHEUaREx_FtNrqfJ8gXIA,Box Of Vengeance,2025-06-22 03:30:18+00:00,52,22,Gaming,28700000,,,
j5ow5kzi4Cs,42529583,438727,162,UCrddA2HWyVhVmU3X63oJMgg,AOA Review,2025-03-15 05:00:37+00:00,42,20,Gaming,6440000,,,
NHC_Tlxyhn8,32382261,834804,30904,UCX8pnu3DYUnx8qy8V_c6oHg,Techno Gamerz,2022-02-28 03:30:06+00:00,3287,20,Gaming,49400000,,,
arOcPrFQDtA,29498042,164118,0,UC_8AjHqTec4u_IA45WVKi7g,Vlad,2023-06-15 11:00:03+00:00,492,22,Gaming,4880000,,,
rrYOX_WRG_M,34060346,358873,413,UC-ndRbOmSLXSSTGdUk9ykbQ,Yonder887,2020-11-09 19:11:40+00:00,7,22,Gaming,88700,,,
sjmaol11sRI,25704247,54986,644,UCekCOsq61bIjg_A9laXu-CA,REAL GAMER,2024-12-25 12:00:06+00:00,500,20,Gaming,405000,,,
Tv49VZksc1Y,25447209,67785,266,UCWd4koVql1EeFPTDZpfKeTA,Nero102,2024-12-22 03:00:18+00:00,278,20,Gaming,339000,,,
s28S-xSuUXc,25279151,20494,118,UCGu9-9FqQtXAitxkOnHzz6Q,King Games,2021-05-28 12:00:37+00:00,1120,24,Gaming,5530000,,,
PKA_l1roJGE,24797874,3462599,48935,UCObb67dO5Qlzt28WfP-IQwQ,Vinish FF,2022-10-19 13:07:13+00:00,54,22,Gaming,3490000,,,
l_QQZ3vaMCw,24305601,84317,636,UCi5D0o9L1EBikwo_hI6L5-Q,Cityracing3d,2019-02-05 15:00:04+00:00,383,20,Gaming,244000,,,
altoO9vlLEc,26112268,467401,98,UCKLw9HYw3LyWhH4rn1Nwfhw,DELHI FOOD SHAUKEEN,2023-06-18 06:16:34+00:00,58,22,Gaming,844000,,,
ALzq9g9YO98,27458360,720949,2773,UCz5osAvTYFKjb6Kjcep6vXA,The Land Of Boggs,2023-09-01 13:00:06+00:00,17,22,Gaming,9560000,,,
6LYsiC13JZc,26451765,763842,2520,UC2ViPu8EVMP8Eo1Ob7yWEkg,NRFM-VLOGS,2024-05-30 13:30:05+00:00,59,24,Gaming,12600000,,,
FBMFPrCQtVo,22598978,134575,320,UClXtrFnIFqZQMWePwcYUNZw,Marjan Gaming,2024-05-19 10:30:38+00:00,555,22,Gaming,622000,,,
m0TTe0nwvvw,22154983,645390,18353,UCX8pnu3DYUnx8qy8V_c6oHg,Techno Gamerz,2022-02-10 04:12:44+00:00,2405,20,Gaming,49400000,,,
Xw-LHVldNiY,26021481,195179,70,UCH27Wdow7nFA78tnRYU9Y8w,aJiT_sM_sHoRtS,2024-10-15 01:18:17+00:00,16,24,Gaming,62900,,,
cA_lGosfPzo,24691634,993075,5401,UCuApqv2tNQ73S7gcfrfCSDw,Desi Gamers,2023-02-08 10:30:14+00:00,35,20,Gaming,17500000,,,
9Daogf-odSE,20827119,94414,1072,UCOSVv9p822uauwrNIlMsqPQ,AcidBurn Gaming,2021-10-14 10:03:23+00:00,295,20,Gaming,547000,,,
_pd52EtwcbM,38984160,263455,392,UCQiFeO75jhNdAkrfPY-2wuQ,Triggered Jyoti,2025-07-13 13:39:10+00:00,38,20,Gaming,848000,,,
QF3sZ8sR4jc,58646895,198815,476,UCv114ShUgWNYqk2G-13Y3Mg,AK GAMRZ,2024-08-23 05:35:12+00:00,5,2,Gaming,211000,,,
3A3wvTr5h4Y,39750799,895215,3733,UCz5osAvTYFKjb6Kjcep6vXA,The Land Of Boggs,2025-05-16 13:00:06+00:00,19,24,Gaming,9560000,,,
USTKFbZM8dk,16815097,323364,15556,UCX8pnu3DYUnx8qy8V_c6oHg,Techno Gamerz,2025-03-10 03:30:18+00:00,2610,20,Gaming,49400000,,,
AoHkuJOymi8,29062542,334079,102,UCODNAZfKShXL9GjrJz4IDnQ,Arjun01,2025-08-08 13:42:26+00:00,38,27,Gaming,2030000,,,
uYIBQIG7BXs,31861980,207712,193,UCUHJmQHYksScuV76hYH_mjA,Govind f6 shorts ,2024-09-30 03:48:52+00:00,15,22,Gaming,50300,,,
BsTZeKzVARE,15906686,56670,785,UCND1kfijC9fVGyQqDnWfhzw,Droid Factory-Best Android Gameplay,2025-03-20 16:27:53+00:00,605,20,Gaming,1080000,,,
izfgPrd4BUE,17468259,240134,38,UCrddA2HWyVhVmU3X63oJMgg,AOA Review,2024-11-21 08:00:27+00:00,32,20,Gaming,6440000,,,
eAwebGPfme8,35599883,236623,702,UCvqbdW__yBVjMvWIO3QVDSw,DoonPaarth,2024-08-25 03:20:00+00:00,14,22,Gaming,55500,,,
8VQSP-Q4T0Q,19788259,668534,544,UCwFVXf0ymzz6QhlI-OeTBBA,Harish hatricks,2024-12-12 13:15:01+00:00,52,22,Gaming,5850000,,,
UWTbKqMO66c,18340352,292877,598,UC20Q2pjKWYDSpvhACY6EQQw,Big E Family,2025-02-17 23:43:16+00:00,56,24,Gaming,3250000,,,
Iw_kMnhC3-0,16920401,226999,256,UCHRgGoDEDXppl8j0BvhFuGg,Rohit Gaming,2024-10-27 05:37:35+00:00,55,20,Gaming,577000,,,
HeVJretRUEM,18446389,247359,24,UCrddA2HWyVhVmU3X63oJMgg,AOA Review,2024-10-05 08:00:14+00:00,31,20,Gaming,6440000,,,
rVJaw6h1haE,16125490,362969,1563,UCPIOSkVJug1bG51Fz4O4kzg,Sameer Gaming,2024-06-21 03:16:45+00:00,17,20,Gaming,1280000,,,
DGTwBJLW_3M,30857780,97589,154,UCzdaALdwCa3BnvSj7pnhUDQ,The Little Prince of DIY,2025-06-20 14:54:33+00:00,13,26,Gaming,8440,,,
_ORVxh0w-rw,14438472,336812,12187,UCPOyt9Ii791y25bRdoCT8aQ,itsmeissie,2024-03-09 12:30:19+00:00,59,24,Gaming,19500000,,,
kOjYQBM7GV8,16476787,213549,640,UCDwhsmzFDLc5hOB6SUglAjg,Neetu Bisht,2025-01-14 08:30:16+00:00,29,24,Gaming,38700000,,,
b7OWu0RJJUE,14083709,749054,485,UCigzaSqrHmRRWP4inanizkg,Crazy Saaquib,2023-06-25 11:57:35+00:00,49,22,Gaming,2940000,,,
tu6q5veU9l4,16133448,176455,838,UCanQRiLEpd9jT5J7PR0PT5w,Proud Gamer,2024-08-21 16:52:41+00:00,13,22,Gaming,277000,,,
jjpsflqwKu0,22550064,493864,507,UC5v6DJyUvE-CeouxceXQ8bA,Naveen Ricky,2025-04-05 16:45:16+00:00,43,24,Gaming,4390000,,,
weUFbmus068,15848420,181890,0,UC4wEPe5mrHGAUjjTfXH_C-Q,Anaya Kandhal,2024-11-18 08:12:45+00:00,36,24,Gaming,67400000,,,
uavVKQ_3his,11586894,243061,4342,UCYidDWZ7UdopiMiHiBlKBMg,Jessica Effendy,2024-03-11 13:15:40+00:00,61,24,Gaming,9650000,,,
ghcbg2YJIEY,11830452,144325,295,UCLNestmOEJFwPmxmeiriJLA,Super Emotional Stories,2024-07-30 01:15:02+00:00,18,24,Gaming,1350000,,,
Be-6i0MJJUw,10829329,861066,3880,UCZSlfzadjnw7G419c_OJ9eg,Mrwhosetheboss Plus,2022-06-30 17:17:55+00:00,60,28,Gaming,6960000,,,
bDYmXEuA6UA,10745785,34930,89,UCx9dOrinS2Lk7CD8Ahz2Njw, HYPER GAMING ,2024-12-15 10:30:06+00:00,399,20,Gaming,201000,,,
q6zigYZszpc,12132701,178848,203,UC7XUrF3NPVLAr0qMWaRme6g,ALL FUNNY GAMES,2024-08-30 00:30:40+00:00,30,20,Gaming,5650000,,,
p4Em5eE_JFA,12054637,165633,619,UC5bFZ4riyXGo6k9_tDfJH7g,Army gaming Live Rk,2024-07-16 03:58:16+00:00,31,22,Gaming,170000,,,
x-MxkUSAZjI,12721942,320499,779,UC2ViPu8EVMP8Eo1Ob7yWEkg,NRFM-VLOGS,2024-08-27 13:29:17+00:00,59,24,Gaming,12600000,,,
FPz3lWV4aPA,9687454,46187,0,UCnQ4TDbESxZ47uBH6cB_Nrg,K-City Gaming,2021-04-24 14:00:09+00:00,1151,20,Gaming,1690000,,,
B0zCVm0umwo,9921305,507579,1731,UCHXLHapBVeJPHACQJGkHunw,Shadhik Azeez,2023-01-10 06:45:37+00:00,57,26,Gaming,3540000,,,
ZggspAgMsyE,9303663,0,398,UC0YTMGob4FyuS88VQkSFnWA,AbHi GaMiNg,2025-03-10 11:30:31+00:00,881,22,Gaming,55300,,,
StHJ6fE55GY,11374669,0,5127,UCqt8mZZHNMlqATktdnG_86Q,TB CRIMINAL,2024-09-05 10:00:32+00:00,37,24,Gaming,450000,,,
TcQW9BsotDE,14220054,74321,103,UC-JwyWIKm4ps-c3O54nhc8A,Game Ads,2025-10-02 05:00:27+00:00,35,20,Gaming,782000,,,
u9KkyZdnuRY,9080435,192873,63,UCAvszf4Ce10laMpwFu9BSRQ,Kill Chor Shorts,2022-12-25 11:29:39+00:00,48,20,Gaming,1010000,,,
A0NfOmnsWMI,11992194,60151,665,UCsVoGVrb6kl9PTPQpquZ8iQ,Packy Films,2024-12-16 13:16:03+00:00,9,24,Gaming,3890000,,,
iLsIjyaNMjI,10827845,226511,216,UCubgLw1XNl1Vo04Ed8xH1oQ,Danys Days,2025-01-07 08:57:18+00:00,32,24,Gaming,915000,,,
sov9FpYxxGs,8811479,600711,2338,UC85HKGwHI8xpzqluObrGhMQ,Tech Express,2022-05-15 08:05:26+00:00,40,22,Gaming,219000,,,
9Yplb7ugBtE,8487177,48937,2125,UCoXC9MWZmFZoaSWrwoblgyw,Game Definition,2025-06-12 07:01:09+00:00,483,20,Gaming,3900000,,,
4fKDc8KNy8g,8178065,542250,1526,UCdQxk_pxwtCzeP_Im76EHIg,Redberry,2023-04-11 12:08:30+00:00,30,20,Gaming,335000,,,
VBHVq9Uf6us,12845138,0,221,UCmU_ZMoWmPyeFVPD6MgA3TQ,VSV GAMING 2.0,2025-03-15 07:33:00+00:00,28,20,Gaming,502000,,,
tWctq8vuMwI,8130388,623412,3063,UCv-Q1yM00AwDo5ZOEWYjDsQ,Attitude Gamers,2022-10-25 06:39:31+00:00,55,22,Gaming,3000000,,,
Sgb3ukQW_NI,16752157,184111,357,UCVnX8Jyv8wwzwTAWL3Wt7aw,Sharkar gaming,2025-06-12 02:15:16+00:00,12,20,Gaming,99200,,,
cWEUE8X7p-k,7846474,220881,6458,UC4-79UOlP48-QNGgCko5p2g,MrBeast 2,2026-01-16 20:00:01+00:00,2476,22,Gaming,55300000,,,
KRSJQq2Czck,7511220,134001,4564,UCKPDKDddJgtFoZz_XvqP1VQ,Piyush Joshi Gaming,2024-12-27 09:00:54+00:00,960,20,Gaming,7080000,,,
Kr22T6dcqVU,7346995,165988,2376,UCqwb69jPwmkvJ7Ti7Vmn-4w,JENI GAMING,2023-08-25 12:00:12+00:00,1215,20,Gaming,1400000,,,
jG8ejJhulVk,9938147,95964,356,UCWKagn7v9totM0BX57-d4cQ,Welcome Back Gaming,2024-10-01 04:55:44+00:00,31,20,Gaming,136000,,,
pi5aGTgd9Nw,7254265,2112,29,UCGu9-9FqQtXAitxkOnHzz6Q,King Games,2025-01-10 03:00:41+00:00,906,24,Gaming,5530000,,,
_y2M8WPdKyw,7887508,0,133,UCJFuddlumSY8Hn_WmSETBVA,ROLEPLAY MALAYALAM ( ARUN THOMAS ),2022-07-25 05:35:54+00:00,12,20,Gaming,23300,,,
K1ZUZPa7NIk,9265054,416981,1916,UCU0Kv4-V7TuMaGA6F3HkPYQ,Laka Gaming,2024-12-04 07:43:27+00:00,15,20,Gaming,11000000,,,
Ku3S2XTTQu0,11093607,445537,2456,UC-JWdrbVdIkk7_gBxfZX2yA,ReidBoehm,2025-03-27 02:19:55+00:00,51,20,Gaming,2560000,,,
127lnan1ViM,6799168,29787,0,UCKV2MIICJ8Oa7_he1IZJEVw,ExtremeToys TV,2021-06-13 15:48:02+00:00,474,24,Gaming,8820000,,,
8DggeG2pMU4,7771947,123307,29,UCrddA2HWyVhVmU3X63oJMgg,AOA Review,2025-01-25 02:00:04+00:00,54,20,Gaming,6440000,,,
DCxSTL_DniY,7265262,68063,132,UCN_LYYjgJqC0F4AFhiPz8pQ,IBR3D GAMER,2024-10-08 09:31:56+00:00,16,20,Gaming,255000,,,
IEkZod08yeY,5703371,24811,106,UCyKLWoocJJPItqr2thOKNIQ,Latest Game,2025-03-27 10:00:21+00:00,857,20,Gaming,54800,,,
KcERdzAiC3s,11503015,66089,1923,UCVimsA0kUFd-uH1Fw0Weybg,rey AI,2025-05-05 12:11:42+00:00,31,22,Gaming,69100,,,
vBDgrKH_pHE,5680995,379419,2181,UCkhYXfMuER6AyF1XPl9kXow,Casperr,2022-05-22 17:00:34+00:00,45,20,Gaming,204000,,,
UwMRrfchDM8,5533942,101605,5247,UCsTcErHg8oDvUnTzoqsYeNw,Unbox Therapy,2022-07-06 16:35:39+00:00,1496,28,Gaming,24600000,,,
NjfWJkzYDeY,7145700,134438,91,UCHGax7YcKkxALK5UFPmu8cA,Thawfeeq Times,2024-03-10 09:58:01+00:00,60,24,Gaming,3020000,,,
ccudjdaCnCo,11594842,40448,85,UCKVfXZwhGYtI2DtrMxnVPQg,The_Guo_ Fam,2025-04-14 01:41:18+00:00,15,22,Gaming,148000,,,
o4N9k-eHM3c,5856384,325567,5641,UCObb67dO5Qlzt28WfP-IQwQ,Vinish FF,2022-11-07 13:04:14+00:00,42,22,Gaming,3490000,,,
TcMJCAG0z-Y,6086039,249615,1638,UCMrvxKTx9hLhZcOvJkYOnAw,AS Gaming,2024-08-29 09:49:39+00:00,16,20,Gaming,20800000,,,
EGL72Qum5gg,9282423,43474,44,UCItgXjB0JZVwjUFDtaHw8Aw,VIVIAN XP ,2025-05-24 09:39:10+00:00,27,24,Gaming,1240000,,,
93WsMBQ-I20,6971756,60939,35,UCWKagn7v9totM0BX57-d4cQ,Welcome Back Gaming,2025-01-13 12:25:09+00:00,20,20,Gaming,136000,,,
OTp-Y73CeZ8,10037334,0,297,UC4vVOqEP1djeFjkebh1K8Zg,Gaming review Top,2025-02-22 05:30:16+00:00,13,20,Gaming,97900,,,
jUq4yctHi2I,4914107,6938,35,UCGu9-9FqQtXAitxkOnHzz6Q,King Games,2024-07-27 11:00:44+00:00,924,24,Gaming,5530000,,,
1cXd9ZdQqms,4823259,74111,2275,UCqwb69jPwmkvJ7Ti7Vmn-4w,JENI GAMING,2023-06-06 06:00:07+00:00,1293,20,Gaming,1400000,,,
APyDyKaTFA0,5376922,200185,537,UCJv5QkGkCDslOLK1jtKoM8A,Gadget Gor - গ্যাজেট ঘর ,2024-08-30 12:45:19+00:00,53,20,Gaming,177000,,,
Urng2eJYOgg,4753753,54427,3658,UC7iLnwfWTSxpw2uC_2xLHcg,Sokher Gamer,2022-09-01 08:31:00+00:00,768,20,Gaming,2380000,,,
dn8Jn4wVFCo,4744208,0,108,UCeY1aGqBQ8kj1Ll37P1TmtA,Droid Game,2025-08-19 13:15:55+00:00,378,20,Gaming,134000,,,
hUNMNelz-DY,6071277,136593,203,UC9l7TaNirsS5CaK7cgmGD1g,Dira Gaming,2024-04-22 08:00:31+00:00,47,20,Gaming,563000,,,
t5B_C0UU7co,4684444,35280,805,UCyagEfIN1okQ-s996XAqCFQ,Zhong,2025-07-12 12:01:37+00:00,1570,24,Gaming,66800000,,,
b39iKu-M3jw,8380734,435031,3389,UCFSzwJllk1zpIXs2xhMZ84Q,Sooneeta,2025-06-23 04:51:51+00:00,20,20,Gaming,10500000,,,
tubXO6hfU9Y,13942538,0,112,UCXBHAyTWK9VYpMyZfQpmd4w,Thar Drive Gamer ,2025-06-18 06:40:25+00:00,6,20,Gaming,70900,,,
rAYz-n4jsdI,4047973,46486,3217,UC7iLnwfWTSxpw2uC_2xLHcg,Sokher Gamer,2025-05-25 04:31:00+00:00,1198,20,Gaming,2380000,,,
eVBXYLXIeCs,4051085,11932,151,UCQBTP_uliop6RhQP7bcY-nA,Scary Teacher 3D Money,2025-08-13 08:30:21+00:00,951,22,Gaming,98100,,,
JkGpfGZsLtw,3944319,48168,3333,UC7iLnwfWTSxpw2uC_2xLHcg,Sokher Gamer,2023-07-25 04:31:00+00:00,1803,20,Gaming,2380000,,,
Q18iecIlfoM,8734514,0,1181,UCyOGpuYupoP-SNNf8hOwpNA,PRINCE GAMING 07,2025-05-23 11:01:39+00:00,8,20,Gaming,20200,,,
PJIimcJAh7Y,5404611,0,580,UCl487GkI6cdPxpMF3ZgDKYQ,HandsomeGamer,2024-03-06 09:00:03+00:00,36,22,Gaming,3210000,,,
8joyBfDsW6Q,3903452,9485,54,UCc12E69phlyY8Lh9MtWNeig,Android King,2025-06-19 02:30:04+00:00,604,20,Gaming,71300,,,
HorJi-sUOeQ,5472722,0,89,UC3jTHsFoYl99lR2JbxvSoXw,KGP GAMING ,2025-05-10 22:30:02+00:00,1019,22,Gaming,94700,,,
6z2zkNAZ1yA,8350211,48548,748,UCXeMIbHDJ4k4mgt153b0Z9A,Techno editz,2025-04-02 17:53:15+00:00,11,22,Gaming,51800,,,
2To2KA0jPQo,3679319,190042,23888,UCo_IB5145EVNcf8hw1Kku7w,The Game Theorists,2019-06-23 18:05:03+00:00,1529,20,Gaming,19600000,,,
RBG66DoJGwY,3675636,41513,1520,UCRbhmD56b-0cwLw73UAK2Yg,Flatlife,2022-01-22 15:00:23+00:00,853,27,Gaming,666000,,,
yUUrena1wSE,6833924,238089,2000,UCU0Kv4-V7TuMaGA6F3HkPYQ,Laka Gaming,2025-05-17 04:30:41+00:00,20,20,Gaming,11000000,,,
GeyAvKuTCKU,3512878,28623,653,UCIjKZr0QnCH8a1b3cnuJZDQ,GAMING SERIES,2024-09-30 09:10:39+00:00,927,20,Gaming,5210000,,,
lw_Wu2DS2Hc,3731058,181961,347,UCqwb69jPwmkvJ7Ti7Vmn-4w,JENI GAMING,2024-02-05 11:00:41+00:00,37,20,Gaming,1400000,,,
F4ChyZpAXpg,5457129,75591,110,UCypkzde37KZWtaHCLuiWbgw,Mr.Creaτive ᴠʟᴏɢ தமிழ்,2025-03-28 15:33:41+00:00,42,24,Gaming,3570000,,,
Uj6LSHTmFxA,3952280,36328,139,UCK-MkOW15OyC6aWw0HQE9hw,Leika Gaming,2024-05-26 10:00:21+00:00,25,20,Gaming,2050000,,,
TuGv1WIyUK4,3266339,7624,169,UCRf4-iCB2SXg9OsuFauzlsw,Pryszard Android iOS Gameplays,2021-10-27 20:50:43+00:00,592,20,Gaming,1660000,,,
yPaZ80dDfCg,3682805,146800,864,UCqwb69jPwmkvJ7Ti7Vmn-4w,JENI GAMING,2024-03-26 11:00:58+00:00,35,20,Gaming,1400000,,,
ElmZzvq5-bc,3326580,268243,590,UCqtMrF1ZSr5sPX1vgoPIefw,Raj Photo Editing and Much More,2022-11-13 15:15:01+00:00,38,26,Gaming,3230000,,,
3J8dy3Mt_3c,2981439,158061,2660,UChXi_PlJkRMPYFQBOJ3MpxA,Gyan Gamingㅤ,2022-03-23 01:30:01+00:00,813,20,Gaming,18700000,,,
sDjuLFDPcrI,3308962,290784,1662,UCU0Kv4-V7TuMaGA6F3HkPYQ,Laka Gaming,2024-09-14 07:35:01+00:00,40,20,Gaming,11000000,,,
9_hLtClnIao,2959454,21612,1212,UCVAYy7_zddIx6USjXscV9Vg,Caylus  ,2025-09-13 15:57:45+00:00,1887,20,Gaming,20200000,,,
OK1UEi7SOOQ,4737516,91139,3381,UC-uj7cMP9Ezji3MyNFmjahg,Alighters,2025-03-04 12:00:36+00:00,38,20,Gaming,61300,,,
00a8tf9VaT4,2882416,23824,1348,UCyQ7gAT0bPxLcWC7VaPuX1Q,The Bangla Gamer,2024-02-17 04:07:00+00:00,821,20,Gaming,1210000,,,
BfIKaJS6i2Y,13327763,141246,285,UCmaKCILAP2sSlrJ5PH-S72Q,Gamer Bae MAHi,2025-01-12 04:30:05+00:00,19,20,Gaming,399000,,,
UyeMZz4ouKE,2744269,172798,900,UCcl4x-1l61b4mI3HnnmoxOg,Shreemani Tripathi,2022-11-02 14:07:46+00:00,34,24,Gaming,13100000,,,
aCe8v4BU5UQ,2813150,129282,4159,UCeDgPXfSizdUl9OMhB9KOBw,TechEnemy,2022-09-24 13:00:00+00:00,52,28,Gaming,711000,,,
hEt7_zqQ78s,4037200,49159,2442,UCZL3Vi4mKY1JFFHZIhOzH-g,Ultimate Top 10s,2025-01-16 09:38:29+00:00,38,22,Gaming,16000,,,
YE0cTT4KO-I,3051590,171340,450,UCqwb69jPwmkvJ7Ti7Vmn-4w,JENI GAMING,2023-09-23 11:00:23+00:00,37,20,Gaming,1400000,,,
0sto3q0EOns,2572202,5307,20,UCKvkfCDvUsDqZ9pa72wl3fg,XQ Gaming,2025-05-19 14:04:47+00:00,324,20,Gaming,10900,,,
WeemiuzlK4U,2447724,80257,1010,UChXi_PlJkRMPYFQBOJ3MpxA,Gyan Gamingㅤ,2024-01-01 04:30:10+00:00,707,20,Gaming,18700000,,,
eUfXOtd0e0c,2729739,82595,547,UCqwb69jPwmkvJ7Ti7Vmn-4w,JENI GAMING,2023-06-12 12:30:30+00:00,36,20,Gaming,1400000,,,
4pJF1Vw1l6c,4849436,21417,52,UCBDjKJdvwLGEccRUTgEVY_Q,ABHI GAMER99+,2023-06-28 07:24:53+00:00,11,22,Gaming,8190,,,
R5rFkzbg8C0,7167963,0,34,UCXBHAyTWK9VYpMyZfQpmd4w,Thar Drive Gamer ,2025-06-10 12:30:28+00:00,9,20,Gaming,70900,,,
U1aNNpV4w4k,2371127,124078,1026,UCcwBGWxYfSPumx1WWj5oZEw,EvanTetro,2022-04-22 01:22:11+00:00,52,20,Gaming,52500,,,
pZNLBWGri60,4386995,30285,434,UCXeMIbHDJ4k4mgt153b0Z9A,Techno editz,2025-06-17 04:19:50+00:00,21,23,Gaming,51800,,,
iDlnHYgbUdE,3203641,22709,108,UCRPE-GFV-7T9866ckqHOcAg,Bang Boy Gaming Clips,2024-11-11 11:30:32+00:00,33,20,Gaming,264000,,,
hLnycv00WiE,2685732,138240,1806,UCP6uPaIYN9N4Fy6lcOU3U7g,JourdanGames,2025-02-09 02:52:39+00:00,17,20,Gaming,141000,,,
FFljVrAHMFw,5026706,0,284,UC2wgynxAFMA8J-UN9UrahSg,Highpro Gaming,2025-01-27 01:30:13+00:00,10,20,Gaming,281000,,,
g-xvN2ORAF8,2502876,59035,377,UCqwb69jPwmkvJ7Ti7Vmn-4w,JENI GAMING,2024-07-02 11:00:40+00:00,33,20,Gaming,1400000,,,
Dft9qfqiTJ4,2038534,18583,877,UCLW85h0n6VzUwrHk0so4bGw,chatpat toy tv,2024-05-07 10:11:18+00:00,1061,26,Gaming,9840000,,,
aSM6IpOosMc,2018131,14906,6461,UChRC_1EovxI0_fRj4w_Zkbw,Neetu Gaming,2025-01-14 12:00:03+00:00,1276,20,Gaming,1170000,,,
gHLc_Yogioc,4215859,0,23,UC_W3Bdt8DI9Lf8Jr1ETPlsQ,Tp Sart,2025-07-20 02:00:41+00:00,18,20,Gaming,4980,,,
SMuxo6loL8w,4652498,104264,0,UCKp8xDmGak-_QuaiWWFy9OA,Afsa Creation ,2022-11-12 06:40:01+00:00,14,20,Gaming,59200,,,
rHAKWk_1ggE,2023295,72857,387,UCNjifwoS5FTNq-D2EJrDR-w,Invention Destroy,2023-05-02 05:54:51+00:00,57,28,Gaming,862000,,,
f6IPl6-V_Zs,3744778,44691,139,UClCe18fwE4Gtr7vgqka1Zlg,Live Engineer,2025-06-20 07:35:00+00:00,61,20,Gaming,5890000,,,
gUJBrIeLSVU,4230067,25208,185,UCleGIzeyD3SJykkNOkg9WNg,TECHNO GAMER YT ‎☯︎,2025-07-25 06:23:09+00:00,11,20,Gaming,6450,,,
Og56l6advZI,2492717,40903,0,UCVUfGpXdeDw9Ya2Kasmmrjg,M STUDIO (MS),2021-06-02 14:04:33+00:00,16,22,Gaming,5940,,,
owl-FqdHUmE,1927708,168263,12084,UChXi_PlJkRMPYFQBOJ3MpxA,Gyan Gamingㅤ,2025-12-21 13:32:53+00:00,268,20,Gaming,18700000,,,
s43YEwq5Ehw,1881444,26339,378,UC42qyCQM39vQ6bt_6iz-Z8A,TECHOOB,2023-06-24 05:00:09+00:00,570,28,Gaming,1120000,,,
kD_Gh16mYyg,1873357,160797,1153,UCSDj6ttwzj2sr464jDdg_pA,WesHammer,2022-01-18 16:55:14+00:00,59,24,Gaming,890000,,,
8FRKlDiFllw,2451676,103541,275,UCj31ZEKCiAzklzOujxFSL_w,YG  MUNNA GAMING,2025-01-26 04:06:15+00:00,61,20,Gaming,156000,,,
wn7AbmhFukk,1785207,59671,2921,UCdwBYEuX-E8WxBnOkkv22ZA,Flame Tech,2021-10-08 12:36:23+00:00,596,20,Gaming,304000,,,
3yOHMIHQmLg,3642573,77355,112,UCpTk1Om5Ys2R8eAoCzkOqKg,Neon Tech,2025-10-04 10:50:35+00:00,42,20,Gaming,270000,,,
OQdd_sFKGTE,1873689,5013,0,UCldoSXCOuWTUpqcCGB1WsZA,David Games,2024-10-28 12:30:19+00:00,874,20,Gaming,758000,,,
rFhlJ1RNTlo,3796200,13029,13,UCsOfV0yGti5OgNGXUNArkcQ,TG GAMING ,2025-06-27 03:30:29+00:00,11,20,Gaming,76800,,,
tar9g1qKrDM,1699622,42408,1458,UC54-Zt4_z6W81N5X3OnHCEw,PC Centric,2022-04-28 15:55:39+00:00,747,28,Gaming,798000,,,
g3izpRVZVL0,2592790,9201,78,UC9GJatPWGJiGl4loFm7av7A,Lively Lewis Show,2025-04-12 15:12:01+00:00,24,24,Gaming,6720000,,,
xgjBHDJsqug,1617028,48999,1468,UCqwb69jPwmkvJ7Ti7Vmn-4w,JENI GAMING,2023-10-06 12:00:08+00:00,1100,20,Gaming,1400000,,,
y-4hkHKyrWU,2726106,29682,217,UCPIOSkVJug1bG51Fz4O4kzg,Sameer Gaming,2024-09-07 03:08:27+00:00,14,20,Gaming,1280000,,,
78ba81YhwV4,1588669,0,337,UCSgCtbbne-2Hou5I7t5u7dA,Techno Enough ,2025-08-21 09:00:03+00:00,668,20,Gaming,281000,,,
emNRxQjMkgc,3612545,0,13,UC8hOt_zp7vT2DXluATUjLjQ,ALLGAMER73 ,2024-11-02 14:00:43+00:00,11,20,Gaming,33900,,,
YCjdbpLlo1Q,2959119,23416,17,UCrddA2HWyVhVmU3X63oJMgg,AOA Review,2025-05-19 13:00:56+00:00,34,20,Gaming,6440000,,,
Qv9FPy_8baQ,1500124,22468,821,UC6_hA0J3IiI7midWTbH1ffw,JENI GAMING 2.0,2024-12-21 06:00:06+00:00,691,20,Gaming,262000,,,
2oxxVrSUOGg,2440076,42064,745,UC6fEbkN7c6G-CB72OliZNJA,Toni Cu,2026-01-16 13:00:10+00:00,109,22,Gaming,3990000,,,
gEYEvQ6Ejys,1494702,5031,39,UClb5ztkNUlR7JVkinGmqnUA,Super Bus Gaming,2025-07-07 12:32:27+00:00,769,20,Gaming,49800,,,
6Cd7a_M3YxA,3586939,107426,144,UCHP8Cmsd10rs62T32FOu_cQ,IKRU Entertainments,2025-07-28 13:35:00+00:00,10,23,Gaming,2850000,,,
ewqx0mqHUag,1636307,70126,525,UCqwb69jPwmkvJ7Ti7Vmn-4w,JENI GAMING,2023-09-12 11:00:22+00:00,32,20,Gaming,1400000,,,
8aNI8GYEGiQ,3024242,22476,210,UCk4cQD7UPSSYWpYB_7JY5Fg,AI ARBAJ  ADITING ,2023-03-16 02:46:15+00:00,12,22,Gaming,10300,,,
xBm4UAdTU8g,3207307,14218,51,UCef3xM2eQHKi8qdEKIxLmtA,Whole Play ,2025-04-26 00:52:04+00:00,13,20,Gaming,30700,,,
fWpZjiogV9o,1882098,15675,0,UC8-CUyEPMyKohzA6NbENNHQ,Zefa Gaming,2023-02-20 10:49:36+00:00,9,22,Gaming,1200000,,,
osKPzRb692o,1372870,112620,1143,UCVRCFtxfUjtqngUTHEJ2zgw,Rocky & Rdx Highlights,2021-07-02 03:00:13+00:00,301,20,Gaming,323000,,,
X68OacbgG7Y,2969905,15507,84,UCicsLEfanDyarR1KhxSCl2w,Gamergal ON ,2025-05-19 12:01:02+00:00,17,20,Gaming,113000,,,
FkHDIVnARCk,3580268,13435,28,UCT4GEKWmt2hNX85g440er7A, BUNNYBENZ GAMING,2025-09-16 12:52:46+00:00,9,20,Gaming,172000,,,
HZwKbbKHfGA,2130648,0,23,UCVqI2QpteQwPCpIp0KKi0Tw,Rich Baba,2024-10-11 07:07:03+00:00,20,23,Gaming,628000,,,
xqvKa6Voil4,1274609,23830,1668,UCqwb69jPwmkvJ7Ti7Vmn-4w,JENI GAMING,2025-01-24 12:00:06+00:00,1507,20,Gaming,1400000,,,
YD67vWrBSVk,1273090,14234,2484,UC7iLnwfWTSxpw2uC_2xLHcg,Sokher Gamer,2025-11-15 04:31:00+00:00,1013,20,Gaming,2380000,,,
0XUmmqktK-I,1256291,20873,758,UC6_hA0J3IiI7midWTbH1ffw,JENI GAMING 2.0,2025-01-12 05:30:06+00:00,688,20,Gaming,262000,,,
CgYuwSUre54,2355388,18657,417,UCQgC4LSwxOovOxh62mMCIEw,The Gadgets Hub,2024-05-16 12:33:27+00:00,11,24,Gaming,4460,,,
RaGI62giIdA,2112528,19085,39,UCVwb2jvuVjUEt3BF5OaeRrg,Mr King2.O,2025-05-04 14:05:00+00:00,46,27,Gaming,2550000,,,
LeWIkKDaAGk,1486208,0,1134,UCl487GkI6cdPxpMF3ZgDKYQ,HandsomeGamer,2024-09-27 09:00:18+00:00,37,22,Gaming,3210000,,,
YJjLzEGo3sQ,2009887,0,318,UC8JOT2HdqJ8vMKnBq2Grxyg,Voice Of Krishnaveni,2025-03-13 11:52:43+00:00,47,24,Gaming,532000,,,
4nQ5aXtbRmc,1565367,15884,31,UCXD-RNTGAqmVUBHeRhNH6DA,Amazing Gamingz,2025-06-02 12:23:16+00:00,52,20,Gaming,367000,,,
zHMt2h3e0cI,1071838,13852,668,UC6_hA0J3IiI7midWTbH1ffw,JENI GAMING 2.0,2025-01-25 06:00:36+00:00,625,20,Gaming,262000,,,
DreZjQ-IDCU,1060685,9695,508,UCcsL06xD4HLPWMQPDwcdjyQ,DARLUNG GAMING,2024-09-27 05:45:00+00:00,1210,20,Gaming,2740000,,,
x2uMbJwKjP8,1851114,127719,2238,UChXi_PlJkRMPYFQBOJ3MpxA,Gyan Gamingㅤ,2025-03-15 07:54:45+00:00,8,20,Gaming,18700000,,,
XvJ23tNpGAk,1187168,47729,453,UCqwb69jPwmkvJ7Ti7Vmn-4w,JENI GAMING,2024-05-02 05:30:14+00:00,36,20,Gaming,1400000,,,
N6BX1puzy4g,1281019,41185,496,UCqwb69jPwmkvJ7Ti7Vmn-4w,JENI GAMING,2024-01-14 12:02:00+00:00,36,20,Gaming,1400000,,,
8b8vwLQOFio,1303911,46581,360,UCqwb69jPwmkvJ7Ti7Vmn-4w,JENI GAMING,2024-03-20 11:00:07+00:00,34,20,Gaming,1400000,,,
5xEyGWfviC0,1898537,50179,148,UCl4qXsUIk2SgSL_laTfwK3Q,URF VEDU👑,2024-07-04 15:51:53+00:00,20,20,Gaming,82500,,,
DAD_9_IS1iw,1905699,31451,186,UCdm6pEE7Q6s4uU5DH3cVG6Q,The Journey Studio,2025-09-26 12:37:40+00:00,32,20,Gaming,135000,,,
iPbZmHbtBwE,1689695,16107,439,UCYAruGAnOm8FaJ3A7m31rzg,TN PLAY,2025-07-11 11:15:51+00:00,33,20,Gaming,1060000,,,
vjKe-aU8KTE,1028808,33908,255,UC0oiRh3zmr1AKkxN6_OJNRw,Ben Rowlands,2023-05-25 17:00:37+00:00,24,28,Gaming,590000,,,
4g6W0lCrGz0,1071237,47488,213,UCqwb69jPwmkvJ7Ti7Vmn-4w,JENI GAMING,2023-12-12 11:00:02+00:00,36,20,Gaming,1400000,,,
eMf_3A8_Ors,2004672,10947,95,UCkvfpTpMHcUyRCavmK6zKbA,Gleb POV,2025-07-27 18:36:28+00:00,11,23,Gaming,414000,,,
bqxAl1tJ0wM,1841500,10435,66,UCAPpcWfkluoyCdBhzFWXuFg,Poki Games,2024-11-26 04:14:46+00:00,22,22,Gaming,4020,,,
RZXd7rOXq-I,906879,15916,1173,UC1k1Gf6AbCSuv4CVzOQLLCw,I. M. Bixu,2025-11-03 09:25:27+00:00,1131,20,Gaming,4190000,,,
8Iu4DzyMYlo,844909,9361,583,UC6_hA0J3IiI7midWTbH1ffw,JENI GAMING 2.0,2025-04-06 04:30:04+00:00,838,20,Gaming,262000,,,
APyu5IE8jrU,840569,2135,12,UCBSUjucPPeMhEmi-8TC1XZw,Android Gamer,2025-06-10 12:30:16+00:00,587,20,Gaming,17400,,,
jbqNahPo3ao,1435319,15125,14,UCNrgvt4loXoBUvJNJLe4zhQ,The ST Gaming ,2025-10-22 01:29:00+00:00,17,20,Gaming,188000,,,
8pLoDDUJmVY,2012161,8783,15,UCT4GEKWmt2hNX85g440er7A, BUNNYBENZ GAMING,2025-09-15 12:48:01+00:00,11,20,Gaming,172000,,,
YsJ4RvKvLLY,1487570,9974,8,UCzuibHr7MtotISc3AzUTqqQ,Aditya gaming ,2025-01-24 10:57:10+00:00,14,20,Gaming,30100,,,
ARp_M7sC8qo,1470231,5700,46,UCKoNnlw_JeNJS78y1rLvTfA,BOTAK GAMING,2025-10-29 01:00:25+00:00,18,20,Gaming,35000,,,
UQJ1tuM1MFM,751982,74960,925,UChXi_PlJkRMPYFQBOJ3MpxA,Gyan Gamingㅤ,2025-08-24 20:45:27+00:00,15729,20,Gaming,18700000,,,
p2YiJGGCyKo,996139,11626,1896,UCSaFPR78kmaDM61LQLkc5eg,FoxerGuys,2023-05-07 06:48:22+00:00,157,20,Gaming,511000,,,
mOq_HO_YZJI,748665,13984,1119,UCqwb69jPwmkvJ7Ti7Vmn-4w,JENI GAMING,2025-04-25 12:00:06+00:00,1360,20,Gaming,1400000,,,
rD8wpxNkq-E,1548574,6850,46,UCHODYiCj_krCjoVgMWLWPOg,BlackCarnageX,2025-07-31 09:01:14+00:00,15,20,Gaming,101000,,,
D18sl1Z89fc,748124,41020,1006,UCNWRX6Hu2zu61nkRH6UvjYg,My Games World,2022-09-21 11:36:52+00:00,31,28,Gaming,15700,,,
idXM3QM6FVo,727270,7360,607,UCcsL06xD4HLPWMQPDwcdjyQ,DARLUNG GAMING,2025-09-12 05:45:03+00:00,1433,20,Gaming,2740000,,,
iFaYihCzGj0,897411,33478,292,UCqwb69jPwmkvJ7Ti7Vmn-4w,JENI GAMING,2024-08-20 11:00:47+00:00,35,20,Gaming,1400000,,,
4TOK1HaIGqc,1564540,9070,0,UCrYb7bNDhdPHtYwJKPRGkDQ,OYE PIYUSHHH,2021-12-03 10:50:16+00:00,8,22,Gaming,5160,,,
pfNitForFqo,671543,8078,534,UCnn3N0i3TVGbQ9bMb4ln2OQ,Kyle Erickson,2022-05-03 11:00:30+00:00,588,28,Gaming,145000,,,
EV_DyKJVtNs,651215,19373,1099,UCqwb69jPwmkvJ7Ti7Vmn-4w,JENI GAMING,2025-08-22 12:00:06+00:00,1354,20,Gaming,1400000,,,
vx-g5H9yGRc,638436,17508,1081,UCqwb69jPwmkvJ7Ti7Vmn-4w,JENI GAMING,2025-09-05 12:00:06+00:00,1325,20,Gaming,1400000,,,
3POEEuSRVbU,1186313,10040,210,UCJRoUjCbVLWvA20rCbh1qfQ,4M Animation,2023-02-09 17:00:03+00:00,22,24,Gaming,3170000,,,
0o8ts_smbiI,1096365,15729,174,UClCe18fwE4Gtr7vgqka1Zlg,Live Engineer,2025-06-09 12:52:00+00:00,59,20,Gaming,5890000,,,
CtHbVo3JUXE,1237542,8215,251,UCtpbKnDcDdoK51Wd0u9nM2g,Minglebot,2025-07-01 02:41:51+00:00,12,22,Gaming,5020,,,
Xcx2mfEBKEw,1211965,0,9,UCIbvBCS4f3nM-16iVq_Rx_Q,kali Gaming,2025-05-26 03:30:33+00:00,31,20,Gaming,48300,,,
8BtSxJHY_w4,586107,35387,2106,UChXi_PlJkRMPYFQBOJ3MpxA,Gyan Gamingㅤ,2025-12-19 22:36:16+00:00,27197,20,Gaming,18700000,,,
tg0owDpj0WA,939876,10024,84,UCVQqRr6MhtNdIu4My4tW8fA,Techno Effect,2025-04-03 08:29:41+00:00,54,28,Gaming,471000,,,
ZAL3qvr9ZnE,1201211,5134,16,UCef3xM2eQHKi8qdEKIxLmtA,Whole Play ,2025-05-26 02:32:51+00:00,13,20,Gaming,30700,,,
LW9vk2re0EM,545374,16659,1440,UCqwb69jPwmkvJ7Ti7Vmn-4w,JENI GAMING,2025-04-30 05:30:06+00:00,1203,20,Gaming,1400000,,,
LRsn-EopoWg,539060,3858,567,UCkPWLx_PGUkO4O5XEco3ypw,Gamer Mahi,2025-09-19 01:46:58+00:00,941,20,Gaming,153000,,,
_9FK9CNM3zs,1229144,3814,3,UCqIzE5q1WpgyViZqsV6wCvw,Mikolojim,2026-01-15 21:00:41+00:00,12,20,Gaming,58700,,,
FSy47IjFNTY,794980,25335,306,UC6fEbkN7c6G-CB72OliZNJA,Toni Cu,2026-01-13 05:00:18+00:00,98,22,Gaming,3990000,,,
JZ5vXcBLEns,504237,15729,1423,UCqwb69jPwmkvJ7Ti7Vmn-4w,JENI GAMING,2025-05-30 12:00:06+00:00,1260,20,Gaming,1400000,,,
4dn7NIf3i1o,566963,26410,241,UCZLFu8bHbwtnIgWLg5UtINw,vidIQ,2023-03-18 12:45:00+00:00,33,27,Gaming,2320000,,,
wJzWERA4L9Y,436481,12054,931,UCqwb69jPwmkvJ7Ti7Vmn-4w,JENI GAMING,2025-11-14 12:00:06+00:00,1993,20,Gaming,1400000,,,
YEAtv7qD3l0,563751,31439,1876,UCaIJO0foJUKirTQUqG-6m7A,Rendi CH,2025-01-16 06:02:26+00:00,55,22,Gaming,3230,,,
3KLggUsgYsA,428509,5556,906,UCcsL06xD4HLPWMQPDwcdjyQ,DARLUNG GAMING,2025-12-30 05:45:00+00:00,1336,20,Gaming,2740000,,,
mPZqWAQOdmA,927105,6922,9,UCWWasYELgsXzrWs9Xk1HqsQ,Jolly Gaming,2025-07-19 14:07:21+00:00,30,20,Gaming,84400,,,
bYgflErdnpA,554036,22289,325,UCiI5SFl_DE__dxkZVuklNxg,Gaming Hasib,2025-09-15 08:31:28+00:00,60,20,Gaming,912000,,,
U6CB2DPEvHo,379022,4293,321,UCkPWLx_PGUkO4O5XEco3ypw,Gamer Mahi,2025-10-04 06:00:10+00:00,938,20,Gaming,153000,,,
5VefH9zPviQ,356863,5975,747,UC6_hA0J3IiI7midWTbH1ffw,JENI GAMING 2.0,2025-09-07 05:00:06+00:00,847,20,Gaming,262000,,,
-01mFi4r71w,355132,3658,371,UCcsL06xD4HLPWMQPDwcdjyQ,DARLUNG GAMING,2025-08-15 09:00:00+00:00,1230,20,Gaming,2740000,,,
zV2mvwFqDAE,342172,4454,889,UCaWd5_7JhbQBe4dknZhsHJg,WatchMojo.com,2018-11-11 21:00:02+00:00,506,24,Gaming,25900000,,,
K39Y1Eso9Qc,776556,4425,0,UCHuBuyLXBns7KrEQHRKLNDg,Carry Depie Minecraft ,2025-05-04 07:25:00+00:00,11,20,Gaming,23700,,,
OQJeJfbrwYo,418714,14514,930,UCPaL1-yL1XX1ASXKnKCVEHA,TECHNICAL ANDROID,2023-03-21 12:13:34+00:00,56,20,Gaming,39500,,,
Qg5uNrpzrik,628554,3854,19,UC3MjATj9lRkWGFym0xgr_7Q,Ronak Academy,2025-03-16 07:11:55+00:00,23,24,Gaming,30300,,,
8HCxHSSXbBw,319466,8359,780,UCqwb69jPwmkvJ7Ti7Vmn-4w,JENI GAMING,2025-12-26 12:00:06+00:00,1411,20,Gaming,1400000,,,
O71PoRFA60E,533039,12155,148,UC4nOz6qmCgSVcqEaaZt-Wjg,Thambiyaru Gaming,2025-07-12 14:16:00+00:00,26,20,Gaming,59500,,,
OdNdIHIQmaU,434915,10039,146,UCyVdq1Wo3m2tRtrHXBY966w,Cityburg,2026-01-16 13:00:36+00:00,57,20,Gaming,25300,,,
4XuvGC8kJCg,295714,1389,242,UCkPWLx_PGUkO4O5XEco3ypw,Gamer Mahi,2025-09-16 01:29:39+00:00,893,20,Gaming,153000,,,
bgOL5uXpKRI,399437,9940,56,UCwdHRvl8JLguKRhB-eBLv0w,brewsterisalive,2023-06-20 15:39:15+00:00,29,24,Gaming,37800,,,
57uhpGSVouA,283047,11724,1173,UCqwb69jPwmkvJ7Ti7Vmn-4w,JENI GAMING,2025-12-29 05:30:06+00:00,1346,20,Gaming,1400000,,,
QR8LjIR4_gA,279961,5792,400,UC6_hA0J3IiI7midWTbH1ffw,JENI GAMING 2.0,2025-08-09 06:00:19+00:00,635,20,Gaming,262000,,,
WP0WAU8vsHU,279295,7902,842,UCqwb69jPwmkvJ7Ti7Vmn-4w,JENI GAMING,2025-10-24 12:00:06+00:00,3030,20,Gaming,1400000,,,
JYPtm9u6gEg,273978,9075,707,UCqwb69jPwmkvJ7Ti7Vmn-4w,JENI GAMING,2025-10-31 12:00:29+00:00,1606,20,Gaming,1400000,,,
j5yEJmQW0Ws,474708,12095,130,UCQsgVjy3F_FcqZjHySGh1SA,GAME THERAPIST,2025-07-08 02:30:29+00:00,51,20,Gaming,1850000,,,
0C9LzghX8s0,631631,4108,127,UCK-MkOW15OyC6aWw0HQE9hw,Leika Gaming,2025-10-20 02:30:03+00:00,14,20,Gaming,2050000,,,
fcn-VPUdSo8,271067,3673,929,UCcsL06xD4HLPWMQPDwcdjyQ,DARLUNG GAMING,2025-09-06 05:45:02+00:00,1455,20,Gaming,2740000,,,
8wgnHOCafYw,544026,4323,88,UCtgbkUQW1RdoMRnm96E4yBA,creater gamerz ,2025-07-08 17:24:42+00:00,18,20,Gaming,59200,,,
T_tMgBCDo9U,493948,14132,373,UC2SfiOgoADacob6HpmFBuUQ,DBDGamerGirl,2026-01-12 21:39:47+00:00,40,20,Gaming,5400,,,
6vTgd_-nnOk,218281,8163,589,UCKPDKDddJgtFoZz_XvqP1VQ,Piyush Joshi Gaming,2025-09-07 04:30:04+00:00,857,20,Gaming,7080000,,,
aIH2wookAnU,332191,0,105,UCcurMr3Z7x9QhbFSJRKMERQ,TRON'S GAMING HUT,2026-01-15 10:30:24+00:00,36,20,Gaming,194000,,,
sEfkpdNDpYM,286772,10625,27,UCKpIWcVOdQ_4xcONyzcbzQQ,THE GTA GUY,2025-09-12 08:28:13+00:00,58,20,Gaming,62600,,,
UoYyO5E4SPw,292446,3391,4,UC3VC-1USWjcB2LLu8q3MxwA,Renovation Gamer,2026-01-16 13:01:03+00:00,57,22,Gaming,1460000,,,
Sww-6Belj_4,363833,7296,694,UC0f2wkKIIwlXBZKk-YSMzdA,shastipro,2025-03-18 03:04:34+00:00,10,27,Gaming,10900,,,
0Hxwhg1JcJk,119923,2165,100,UCXDnOeFpYV3KVb-oPvZmByg,Indian & Global Gaming,2022-06-02 08:59:37+00:00,493,20,Gaming,42500,,,
SF6UHhwBpwk,183269,1914,153,UChRC_1EovxI0_fRj4w_Zkbw,Neetu Gaming,2025-09-21 14:08:58+00:00,27,20,Gaming,1170000,,,
62FwFNNjjzA,106144,1414,162,UCP3NVxS45LVPUlxMb4CcojA,Shoyoru,2023-06-25 05:30:01+00:00,360,20,Gaming,6940,,,
A3W3eRK90Yg,163702,1610,3,UCdyCd8MZz_fn9YKblktT8iA,JP-USA Gamer3D,2026-01-20 05:30:05+00:00,47,20,Gaming,150000,,,
tNONXbvEVxU,87418,157,0,UCTB3VsJrwSUfKkoq7oHdQRg,GODL VILLAIN,2026-01-15 18:39:34+00:00,42896,20,Gaming,198000,,,
n6l4PdGLqxw,169451,6342,54,UCgQp_LLdQ6gtZgPizQyCaFA,Cmulator,2026-01-21 17:27:48+00:00,43,20,Gaming,127000,,,
uizx76FA6vA,139176,1742,0,UCkrhpR5wN9JLCM4ema2-S8w,Kepslok,2026-01-13 15:01:59+00:00,56,20,Gaming,459000,,,
B2j2wbmCeb8,104136,690,2,UCkCGxfZkCPqMedBnxEBH-LQ,okjn,2026-01-21 06:54:05+00:00,43,22,Gaming,333,,,
56P3pOu_P8A,53894,995,191,UCFFnmVav0AEf9I-CKhfop8w,Devil Deals,2021-02-01 14:14:42+00:00,678,26,Gaming,95300,,,
7bwmm9lLJXU,108878,0,52,UConx1WeD6B6OW74tBDZKxoQ,Nickversal,2026-01-19 17:21:22+00:00,19,20,Gaming,28800,,,
kndvHBLO2nc,76142,3848,84,UCOU2hSAlY784NOGZoApHD9w,FaulesGaming,2025-09-21 15:13:42+00:00,60,20,Gaming,215000,,,
SzkwFZ-2HqU,99357,2740,17,UCgQp_LLdQ6gtZgPizQyCaFA,Cmulator,2026-01-17 20:31:04+00:00,23,20,Gaming,127000,,,
2Qc8HyrItE0,47282,834,0,UCVT0VjbinZoin3apSaNY9Xg,chronicle world,2026-01-21 07:39:38+00:00,12627,27,Gaming,7550,,,
B5WRyhYhGJU,99362,340,19,UCLM_QnidXPlrVKcuwGlFwpw,화백TV-TEKKEN TAG ,2026-01-15 18:08:40+00:00,33,20,Gaming,2890,,,
PmvIFTSK_Po,105485,388,3,UCudL8o8KJGjJCJlS6Lf9bgg,Nintendo Games,2026-01-14 22:00:33+00:00,8,20,Gaming,189000,,,
Cli6EFjWghI,117188,345,0,UCqIzE5q1WpgyViZqsV6wCvw,Mikolojim,2026-01-20 21:00:28+00:00,12,20,Gaming,58700,,,
LngGTWf36Nw,82334,449,6,UCNrgvt4loXoBUvJNJLe4zhQ,The ST Gaming ,2025-09-08 10:00:36+00:00,11,20,Gaming,188000,,,
K2DL2uooA1U,35303,271,23,UChXtTZsRiyJxCxblLMGb18w,justF,2026-01-21 08:51:37+00:00,1170,20,Gaming,243000,,,
vzHNO0uAYWQ,71478,2152,16,UCgQp_LLdQ6gtZgPizQyCaFA,Cmulator,2026-01-19 11:59:12+00:00,36,20,Gaming,127000,,,
1VY9TtR4JSs,63308,301,0,UCLZLoKkIG26plQOen5PDxpw,MiyuMiyu20,2026-01-18 13:26:12+00:00,38,22,Gaming,37400,,,
G2ANUGpCw54,30325,202,52,UChXtTZsRiyJxCxblLMGb18w,justF,2026-01-21 12:13:24+00:00,1062,20,Gaming,243000,,,
1bNzXkp-taY,60900,635,4,UCcY6cObNWjpkskHFKjfDOjg,Rock Rubel Gaming ,2026-01-22 05:29:28+00:00,39,20,Gaming,152000,,,
FuJzLkTvDgo,98112,415,0,UC6SbVjRBY7vsC7pHhxraSmg,BEST ANGELA,2026-01-18 11:00:00+00:00,5,20,Gaming,116000,,,
gtizqSJoRE8,23345,173,34,UChXtTZsRiyJxCxblLMGb18w,justF,2026-01-21 10:00:36+00:00,1495,20,Gaming,243000,,,
fF4j7Ed72O0,23202,0,22,UCTrOQpQhmR0RZX_XND9DoDQ,Kings Of MLBB ,2026-01-21 12:10:53+00:00,1159,20,Gaming,177000,,,
rLhEwlWJS1o,22365,0,11,UCTrOQpQhmR0RZX_XND9DoDQ,Kings Of MLBB ,2026-01-21 08:50:52+00:00,1264,20,Gaming,177000,,,
l0rhZIjv7Sc,42113,201,10,UCLM_QnidXPlrVKcuwGlFwpw,화백TV-TEKKEN TAG ,2026-01-17 19:20:00+00:00,26,20,Gaming,2890,,,
r6_hh4VLfTY,52312,202,0,UCqIzE5q1WpgyViZqsV6wCvw,Mikolojim,2026-01-16 01:30:55+00:00,15,20,Gaming,58700,,,
yDsmGAH_jnw,43890,0,0,UCofkt1QuGzzF0Swzkeashpg,STNO GAMING,2026-01-19 02:48:18+00:00,22,20,Gaming,167000,,,
DxWS5nmjDlU,56130,159,0,UCqIzE5q1WpgyViZqsV6wCvw,Mikolojim,2026-01-21 13:30:30+00:00,10,20,Gaming,58700,,,
RUoujUyvFfE,46379,191,1,UCqIzE5q1WpgyViZqsV6wCvw,Mikolojim,2026-01-21 21:00:35+00:00,15,20,Gaming,58700,,,
k9_Bi7SkuXQ,21411,98,3,UC615Ng78VDeJgETIfVnH8rw,esportstvid,2026-01-18 08:49:55+00:00,1209,20,Gaming,960000,,,
bOoHnu0I9Fc,36246,182,0,UCjQiMGjJBG96X73Y2Jsw6jA,Vk max,2026-01-20 04:28:55+00:00,16,20,Gaming,66500,,,
sFxhvdBKFwQ,33466,913,37,UC-obuTlX85AEIOaMYWnvDjw,Gaminggirl -clashroyale .,2026-01-19 12:35:27+00:00,60,20,Gaming,2060,,,
8qoKag5GUJU,29426,147,0,UCjaPwcjwlHaM9RND_84QYZw,MOHAMMAD SAIFUL ,2025-07-07 09:11:24+00:00,123,20,Gaming,162000,,,
hoX8ty2tCbI,27050,433,3,UCeMU8ALanOPC5itP63kffhQ,Rehman Gamer,2026-01-18 17:03:30+00:00,59,20,Gaming,50600,,,
FZC1igMahtk,26043,139,0,UClr0K0XrxyGwUruEk3cFT8w, Gaming Adda,2026-01-19 14:24:19+00:00,31,22,Gaming,60,,,
Wfu1GOVnyeU,20926,1963,29,UCJEW7luxXj7XhzUGwpxW5OQ,Kubold,2026-01-21 16:51:10+00:00,42,20,Gaming,41100,,,
19qeNHh95yE,24989,309,0,UCDIA3T5Wqohb60NMwzuWcBg,khjugjki,2026-01-21 10:16:31+00:00,58,22,Gaming,14600,,,
XeGyBWS2Fi8,29506,108,0,UCWx6EDnizspOlUccZVu1JHQ,BaconaterYT,2026-01-21 22:18:19+00:00,14,22,Gaming,18,,,
Yug6W1iy4Jw,13616,103,2,UChXtTZsRiyJxCxblLMGb18w,justF,2026-01-21 11:27:55+00:00,1034,20,Gaming,243000,,,
ceve4ruVg5s,38657,120,0,UCqIzE5q1WpgyViZqsV6wCvw,Mikolojim,2026-01-18 13:30:49+00:00,10,20,Gaming,58700,,,
Om503y79BPA,20483,0,1,UCvU0nLPNiT4sZ_4KulqUleQ,SHIVANSH GAMING 94 ,2026-01-20 08:11:00+00:00,47,20,Gaming,2010,,,
ObGHh48vnAA,21569,199,0,UCfSrJ_ENpNnG-aqmyZroukQ,Tuneadorrr,2026-01-21 07:11:36+00:00,24,20,Gaming,915,,,
9RucZvCL8Vw,31486,0,0,UC_jC9PWn-3wwfxVEy4Alfyg,mallick,2026-01-17 02:19:06+00:00,20,20,Gaming,108,,,
9qjF3eMjwGQ,34079,0,0,UCoFN5HEdoB_eXlx4pzZQmNg,KidsXGaming,2026-01-18 07:00:18+00:00,12,24,Gaming,659,,,
idHaTTufPDo,11223,101,35,UChXtTZsRiyJxCxblLMGb18w,justF,2026-01-21 10:40:02+00:00,684,20,Gaming,243000,,,
MG8VBwgvvME,27106,96,2,UCqIzE5q1WpgyViZqsV6wCvw,Mikolojim,2026-01-20 12:30:37+00:00,11,20,Gaming,58700,,,
ECkek26XIrI,27028,98,3,UCjEWDs5wfgSmGPzw2AacvMQ,Opposite Of Yellow,2026-01-20 17:13:26+00:00,10,22,Gaming,620,,,
EIIxGioIZqg,20874,116,0,UCov3FfZPvvOQxR-Yy3dC1Uw,Shin CB,2026-01-20 09:39:01+00:00,21,22,Gaming,37900,,,
ENuq__vPy-c,35330,118,0,UCJ6s-pqAdPRVSHPBjVGzcPg,Kamal10k,2026-01-19 14:13:25+00:00,8,20,Gaming,1820,,,
676WEuPABag,13918,514,51,UCf7WRObBwzI9SU85-0vJICQ,zainyk7,2026-01-19 06:45:00+00:00,32,20,Gaming,25800,,,
Pa7CFFdVEIg,17623,683,118,UCCKyDxmssvwmr_1bNW3TPQA,Life of GIFTY ♤,2025-12-29 21:11:26+00:00,17,24,Gaming,40400,,,
EybouG_8cBg,8144,441,106,UClfBRfx8nkUj42XuscR9b4g,Totally Tubular Jonathan,2026-01-20 17:00:22+00:00,1362,20,Gaming,67700,,,
fQ6rnDddtsQ,14514,505,16,UC-obuTlX85AEIOaMYWnvDjw,Gaminggirl -clashroyale .,2026-01-20 12:30:03+00:00,59,20,Gaming,2060,,,
WFTrIK38HXs,13505,0,21,UConx1WeD6B6OW74tBDZKxoQ,Nickversal,2026-01-21 17:33:24+00:00,19,20,Gaming,28800,,,
DURmaUADEEA,17699,73,1,UCqIzE5q1WpgyViZqsV6wCvw,Mikolojim,2026-01-21 01:30:21+00:00,13,20,Gaming,58700,,,
g0d0CDmtom0,14712,0,0,UC7a5AlU7wPCVpJXdz7PyZsg,A1 carzy gaming,2026-01-19 05:07:13+00:00,17,20,Gaming,31500,,,
mrb9wRM2a6o,9540,118,10,UCmx8LTmgkx1SbqcotfkKyJg,xSquiizyy,2025-11-20 13:42:40+00:00,21,20,Gaming,87600,,,
TnGWPuniUpU,10317,278,34,UCljwo_mww79z2_yUNBytLjg,Remus S9A,2026-01-20 22:23:04+00:00,15,20,Gaming,314000,,,
qEf0j4U8STA,5095,228,15,UCDChgEuXDOFpbfwxkpKrRng,GaToMazter,2026-01-16 23:02:29+00:00,502,20,Gaming,15200,,,
sCN5MqGuPeo,4797,0,8,UCTrOQpQhmR0RZX_XND9DoDQ,Kings Of MLBB ,2026-01-21 09:47:07+00:00,1455,20,Gaming,177000,,,
HbdQ07azgQU,5515,0,6,UCTrOQpQhmR0RZX_XND9DoDQ,Kings Of MLBB ,2026-01-21 10:36:55+00:00,862,20,Gaming,177000,,,
jYmLkRm3-CU,13739,57,0,UCNfQHyg9pcQDzwyE5p1zkcA,play with star,2026-01-18 12:05:09+00:00,8,22,Gaming,129,,,
ecDUGyvHG1E,7394,102,0,UCkrhpR5wN9JLCM4ema2-S8w,Kepslok,2026-01-20 15:01:14+00:00,56,20,Gaming,459000,,,
XxgQfP3dC3k,8264,116,0,UCLpl_Hpu73A-k8Yfin4xvKg,Gamerdude 2.0,2026-01-22 00:41:17+00:00,43,20,Gaming,314,,,
q-zNNZ4FRxI,13337,0,0,UC1QEgSabYnjCVNEQ7lEdIBw,Rishu Fact 03,2026-01-18 07:37:51+00:00,16,20,Gaming,1080,,,
7zIaB6jQADM,53040152,480624,7749,UCtM58H2QaTXTi7OIRAVgAGg,Spizee,2025-05-02 13:00:42+00:00,55,24,Gaming,21100000,,,
oJHNdbJD1ZY,4105,0,3,UCTrOQpQhmR0RZX_XND9DoDQ,Kings Of MLBB ,2026-01-21 11:24:51+00:00,1145,20,Gaming,177000,,,
9o8TnpZsLxc,15804,160,0,UCSGNzPYRryRPPpA5r2zvW9Q,TOXIC GAMING 3.0,2026-01-22 02:45:02+00:00,51,20,Gaming,7340,,,
MPG9KurOW0U,7292,0,0,UCa2t_Sno1UuIStGEveKJkKQ,Faruq Facts,2026-01-20 01:26:27+00:00,14,20,Gaming,1260,,,
FASRBVGyC3Y,6068,72,0,UCYtW6Q-9y9wFHWfOF38qLww,Noiseeffect,2026-01-21 03:00:28+00:00,41,20,Gaming,1800,,,
u7XlW-dsshQ,15721,539,1,UCnMxgg7oG8M1WRWu7wtYW5w,Nasir Shorts,2026-01-22 03:01:08+00:00,31,22,Gaming,1260,,,
qd5lp57XpgM,10380,27,0,UCnuEhkulJ7e6r9Q_yADANkQ,VK_GAMER_26,2026-01-20 03:30:32+00:00,5,22,Gaming,7630,,,
E6rlDvMULZ0,4226,21,0,UCeN58vbGIhjBFS95ki7SSYA,Vaghela family's vlog ,2026-01-18 07:15:11+00:00,17,24,Gaming,222,,,
HbkmY-whEdY,5544,91,2,UCov3FfZPvvOQxR-Yy3dC1Uw,Shin CB,2026-01-19 06:49:42+00:00,22,22,Gaming,37900,,,
Ibu3r7fkYo4,4604,166,0,UCRDgIsu8d37nT-Uj7Nzh6pQ,Shivani vs dog 5 gamer,2026-01-20 15:39:41+00:00,15,22,Gaming,8610,,,
Ql-NfcGEG-k,14175,42,0,UCn77Ayg1jJ-VetPwSQmb56g,TheGameXfire,2026-01-21 01:54:35+00:00,15,22,Gaming,293,,,
T5i6STmvjIw,9933,0,0,UCf8UbN7XnyujuR8ZZEBJn6w,Nahid All Gaming.99,2026-01-22 02:56:12+00:00,30,20,Gaming,5300,,,
1Oj8rOHiFco,1379,2,0,UCJBx6PI2A6bR41Dr9jbqEVA,Gadi Wala Gaming,2025-10-06 03:30:06+00:00,56,20,Gaming,449000,,,
HDJjeU35tNg,1323,21,0,UC615Ng78VDeJgETIfVnH8rw,esportstvid,2026-01-21 09:48:53+00:00,1630,20,Gaming,960000,,,
1KnZdl1enD0,1254,25,2,UC615Ng78VDeJgETIfVnH8rw,esportstvid,2026-01-21 12:28:03+00:00,1176,20,Gaming,960000,,,
1GDMapBmkM0,1796,41,1,UC615Ng78VDeJgETIfVnH8rw,esportstvid,2026-01-21 08:54:25+00:00,1401,20,Gaming,960000,,,
2XpcpopCnwk,3461,33,3,UCRlQqzSF4VCa3xhEMymfXig,TBX | Studio,2026-01-22 07:03:03+00:00,11,22,Gaming,135,,,
RMbZzVGUvUA,5850,0,0,UC_QPFIhza0ewveDm5Pw8KZg,GAMING_SUNIL_YT_01,2026-01-19 02:56:19+00:00,19,20,Gaming,5710,,,
jYqwfYWEvLc,5679,479,3,UCaVDF0OI1MWAD3a4MycbC8Q,CaTheftAuto,2026-01-22 05:45:23+00:00,24,24,Gaming,3890,,,
ABFDYKztgzU,5641,16,0,UCjAGA4vpsBqGmfg1Crb1ugw,ONE SIDE GAMING ,2026-01-19 06:38:44+00:00,7,20,Gaming,13900,,,
AKgx2Szesng,2759,26,0,UCixENXc5lZ3Vv0hvMx9lXbA,DM solo all gaming,2026-01-22 07:30:59+00:00,22,20,Gaming,63500,,,
9xQ9wGJXrqk,2458,19,0,UCOQMuHHfYAZ5CZYkUuDWUDw,@subway surfers game,2026-01-22 07:30:04+00:00,9,20,Gaming,73500,,,
8jeCupGbhxM,1463,22,1,UC615Ng78VDeJgETIfVnH8rw,esportstvid,2026-01-21 10:39:41+00:00,844,20,Gaming,960000,,,
aITS1Rfl3YQ,1718,7,0,UCOw3KjE9palh2dFa18JE1Wg,SHOOT ALL THEM GAME,2025-10-30 02:46:29+00:00,51,20,Gaming,1080,,,
hg0GKZxzcrI,885,3,0,UC97SAI8YrGgLD2a_mAqX5mg,Game Engine,2025-08-26 15:30:33+00:00,33,24,Gaming,14300,,,
fuY4tG30zqA,608,1,2,UCWf0viqKXXer303WW73tFGw,3D Gaming play ,2025-11-04 09:34:51+00:00,58,22,Gaming,3480,,,
p_mZ6d_SnBU,306618,8570,741,UCqwb69jPwmkvJ7Ti7Vmn-4w,JENI GAMING,2025-12-12 12:00:06+00:00,1390,20,Gaming,1400000,,,
-1rzeAu7xtw,1278,22,2,UCaDER4bud6rM0pD9G_T6f0A,TADEU THE CRAZY,2026-01-22 12:52:40+00:00,59,20,Gaming,296000,,,
h1iPtnsuWbg,4313,0,0,UC-pgoJy_WwIIaj2VihbmAUA,The_Donaldo,2026-01-22 12:28:15+00:00,30,20,Gaming,16700,,,
eOwZ9uT2-i0,1286,4,0,UCpG9l_pco80OSj8ECTeDXzQ,Unique Village Game ,2026-01-22 11:58:20+00:00,17,20,Gaming,4700,,,
RWB-uCWZeTU,329,1,0,UCsCpVzMqmu1pT6maXIqwoeg,MAFIYA GAMERZ,2026-01-22 12:00:03+00:00,24,20,Gaming,78,,,
enYITYwvPAQ,169872696,949384,26011,UCVl6ZdslZz2Zj-34bMJFPbg,Walk at Home,2019-04-17 14:59:55+00:00,1891,1,Fitness,5780000,,,
yL_dE81O_mw,160375432,2446521,75522,UCag7XoiJLutjBTsM0tAzUzg,Lucy Wyndham-Read,2018-01-29 11:48:36+00:00,683,22,Fitness,2630000,,,
vG_Bs0QLc3I,101310955,843050,14951,UCOD8lPSrcmelzjAsRbE4fzg,Zumba Class,2020-04-23 14:00:24+00:00,1443,26,Fitness,3270000,,,
1f8yoFFdkcY,97973832,1132523,17245,UChVRfsT_ASBZk10o0An7Ucg,Pamela Reif,2020-02-16 08:00:00+00:00,630,17,Fitness,10600000,,,
J4Ce-okhwvo,85300781,1049620,14848,UCPW6LgHyaHu17_KhqdlLyXw,EMMA Fitness,2020-10-21 15:00:13+00:00,1943,26,Fitness,2020000,,,
V7cdJ9-T6CM,67021224,772732,21269,UCDUlDJcPPOOQK-3UrxEyhAQ,Roberta's Gym,2018-11-06 09:57:52+00:00,636,17,Fitness,6780000,,,
gC_L9qAHVJ8,57684873,675055,28410,UCFjc9H89-RpWuIStDqhO7AQ,Body Project,2019-03-24 20:07:35+00:00,1752,1,Fitness,2470000,,,
_P63NrBN49U,62879345,1493566,19918,UCGUw3-QidUbuLHDVqJpLHKw,Senada Greca,2024-02-16 22:08:36+00:00,33,26,Fitness,1530000,,,
ml6cT4AZdqI,56842617,749313,20078,UCGiSCVGNukLqv8hwpKCsQKQ,SELF,2018-05-21 16:01:33+00:00,1731,26,Fitness,1380000,,,
LhL5SNZfnQs,49749613,628169,32022,UCDUlDJcPPOOQK-3UrxEyhAQ,Roberta's Gym,2018-11-05 08:23:53+00:00,1341,17,Fitness,6780000,,,
Cw-Wt4xKD2s,48142427,482501,7800,UChVRfsT_ASBZk10o0An7Ucg,Pamela Reif,2020-05-20 05:30:00+00:00,866,17,Fitness,10600000,,,
FyJqqHA-NiE,96950776,914432,767,UC9C9QZ9OK7_obZli-mJbZXw,DiepFitness,2024-10-31 12:22:39+00:00,6,26,Fitness,224000,,,
QO4tixOKdtk,61679986,1428813,5552,UCpe1CzY8UITC5qPr2I-MfUw,Wanyo mori,2024-10-02 06:31:21+00:00,60,22,Fitness,740000,,,
ow3hpYJqYEI,41520160,631126,10836,UCvGEK5_U-kLgO6-AMDPeTUQ,emi wong,2022-02-27 13:49:54+00:00,1817,22,Fitness,7390000,,,
qml_YVfm0z0,40070746,1063190,19876,UC1PbTiHsjT-Q_9OWHBHf-ZQ,Yash Anand,2020-03-20 13:33:17+00:00,354,26,Fitness,2090000,,,
8uUawnM-FD8,34618137,209008,0,UCDUlDJcPPOOQK-3UrxEyhAQ,Roberta's Gym,2018-06-22 18:06:32+00:00,706,17,Fitness,6780000,,,
CIxNJbit9BA,33644923,316474,11489,UCDUlDJcPPOOQK-3UrxEyhAQ,Roberta's Gym,2018-05-25 19:10:19+00:00,1916,17,Fitness,6780000,,,
IT94xC35u6k,33506928,604130,15452,UCpQ34afVgk8cRQBjSJ1xuJQ,MadFit,2022-02-07 18:25:28+00:00,1338,22,Fitness,11100000,,,
1Ose-sWFkAs,56559883,1069595,2072,UC9i5fwLq3maKVXAnu10YAuw,Neeru Saini,2024-12-23 12:30:01+00:00,20,22,Fitness,1020000,,,
M0uO8X3_tEA,29286645,645964,9713,UCwrXi5ZknKThspJc-Gai04g,Juice & Toya,2021-10-13 23:30:10+00:00,1743,27,Fitness,2410000,,,
ZCSGRrzHS7g,28117649,191695,2654,UCOD8lPSrcmelzjAsRbE4fzg,Zumba Class,2020-08-28 22:00:11+00:00,1797,26,Fitness,3270000,,,
a_JrHGIzThg,28245203,1819146,2373,UCSvoZtSPcju-jTBwxwh_29A,Ankit Baiyanpuria,2023-04-25 02:58:52+00:00,35,17,Fitness,4720000,,,
FeR-4_Opt-g,27394248,441115,3900,UCcaWyZrrxMaTKtVDkexK9Ow,Nobadaddiction,2023-09-12 11:00:09+00:00,1668,17,Fitness,1600000,,,
UNA_1DXsLmg,25873943,171605,5469,UCVl6ZdslZz2Zj-34bMJFPbg,Walk at Home,2021-10-20 12:00:12+00:00,1812,22,Fitness,5780000,,,
AldMMpZTejY,51718861,379036,1943,UCR5oDhM18tC-xWhZo_EapOw,Kivenro,2025-04-03 22:40:53+00:00,16,17,Fitness,1760000,,,
m1DBJhxKmiU,21290791,418232,14459,UCZUUZFex6AaIU4QTopFudYA,growwithjo,2021-07-03 15:00:11+00:00,1339,22,Fitness,8140000,,,
tZP8dglyvik,21456281,503566,1614,UCgU4wMJUxDI39xcJbvf776w,Javed fitness and 786,2024-12-27 02:30:36+00:00,41,24,Fitness,1860000,,,
HLVPYdOTLFk,47030312,489208,976,UCOhIm-zpAWM-6L5iBH9r3VA,Manjeetworkout,2025-05-31 08:09:19+00:00,10,24,Fitness,165000,,,
AzV3EA-1-yM,20671238,496876,16453,UCYC6Vcczj8v-Y5OgpEJTFBw,Fit Tuber,2020-09-18 13:30:00+00:00,1225,26,Fitness,8180000,,,
AdqrTg_hpEQ,20178266,172210,714,UCVl6ZdslZz2Zj-34bMJFPbg,Walk at Home,2023-11-06 13:00:15+00:00,894,22,Fitness,5780000,,,
zXyfhoK-oKQ,19860263,208835,7278,UCDUlDJcPPOOQK-3UrxEyhAQ,Roberta's Gym,2019-02-27 05:29:10+00:00,1875,17,Fitness,6780000,,,
NhMs4nuu6Rc,17984064,137949,2816,UCGHl13tfjRlOxc08m0JE0XA,SUPER HEALTHY FIT,2020-09-10 17:15:01+00:00,414,26,Fitness,374000,,,
StmyxV5Z5lA,17965115,245578,2090,UC4jbUUExSpxviNThUUbSWFQ,CARDIO DANCE WITH CLAU & PATY,2023-01-16 14:00:07+00:00,1690,17,Fitness,2990000,,,
Tl3ue_d4Y6g,17972463,831546,1916,UCPk2s5c4R_d-EUUNvFFODoA,Gohar Khan,2023-05-23 19:47:17+00:00,27,27,Fitness,7330000,,,
2_5zmm47IYU,64160589,450762,425,UCPwVOO6wjidWY_251vX8lEg,Fitness Tutorial ,2025-09-21 11:25:08+00:00,6,17,Fitness,145000,,,
wwn3YJyOzdY,16937176,89025,2038,UCVl6ZdslZz2Zj-34bMJFPbg,Walk at Home,2020-07-13 13:30:12+00:00,2258,26,Fitness,5780000,,,
fvFQU6NvJo8,16261561,464845,9443,UCQp0_CISXo8zgQgDE6xpGPA,Badri Fitness,2020-02-03 06:44:55+00:00,978,22,Fitness,953000,,,
BT-5Tl6BVYM,16175474,175782,3487,UCmXGmgUgjEHwGq6NR9SSi6g,Womens Workout Channel,2022-06-14 17:54:02+00:00,808,26,Fitness,2630000,,,
ZlQYdxxrDFk,17856201,569937,1016,UCEVydC2Z1ZkLbRnJ-IMvVtQ,FITNESS with SHEETAL,2024-04-28 14:44:59+00:00,15,22,Fitness,1010000,,,
yQqJFkgSqT0,14601020,207169,4510,UCaeQiOlLDAl76NmWWFUlHbg,DanceWithDeepti,2021-07-21 01:30:19+00:00,1811,24,Fitness,2150000,,,
X6gWQ1Lcvjg,14579332,211461,3644,UCpis3RcTw6t47XO0R_KY4WQ,Caroline Girvan,2020-07-13 18:07:02+00:00,1015,17,Fitness,4230000,,,
51VupvTTSno,14211674,754905,9245,UC12K7FCbzFG5BOMJrHn-sog,Yatinder Singh,2019-08-16 12:30:00+00:00,859,17,Fitness,5280000,,,
kfP_9z-BtmA,14169450,220095,7032,UCpQ34afVgk8cRQBjSJ1xuJQ,MadFit,2021-06-24 14:00:30+00:00,403,22,Fitness,11100000,,,
PvEnWsPrL4w,13906123,153477,6803,UCFjc9H89-RpWuIStDqhO7AQ,Body Project,2020-06-15 08:20:08+00:00,1774,1,Fitness,2470000,,,
pdsGv5B9OSQ,13741357,307484,2661,UC0G3ShKXy9CnfgyinX89kIg,마일리댄스 MYLEE DANCE,2020-11-06 12:00:19+00:00,237,24,Fitness,2540000,,,
yt2ZK0dReL8,16210920,390360,603,UCo4GpsxJVhDdjjc6RIo9fXw,Nk fitness muscle,2022-05-04 22:45:30+00:00,10,22,Fitness,244000,,,
bdCX8Nb_2Mg,13226690,129892,3461,UCGiSCVGNukLqv8hwpKCsQKQ,SELF,2018-06-05 16:04:58+00:00,1962,26,Fitness,1380000,,,
NMOemAMxFEQ,13438594,596741,4060,UCtoCSRviHk6uFIb-zqeo4yQ,Sean Nalewanyj Shorts,2021-09-18 12:30:04+00:00,46,22,Fitness,1330000,,,
dCavZetcTJY,13145079,665032,6411,UCwaPTAgqVs0NgbjYgIRWSPA,Davis Diley,2021-10-07 22:21:18+00:00,37,26,Fitness,2670000,,,
hwdzkjFbx-M,13558613,341661,516,UCvVEcGPPEkn3zSdc-rniGMg,Family Fitness,2022-03-01 06:34:23+00:00,16,24,Fitness,15600000,,,
_r3AAdEFVNM,12799322,171391,2810,UCBINFWq52ShSgUFEoynfSwg,PS Fit ,2019-03-24 16:00:26+00:00,1805,26,Fitness,6660000,,,
8oQ-WNJoYtM,12492581,103712,3767,UCFjc9H89-RpWuIStDqhO7AQ,Body Project,2020-05-18 05:59:30+00:00,1766,1,Fitness,2470000,,,
aTGb9NEH2NI,11961809,157468,2485,UCEQh2aDyPJb35GeuSYCx0Ew,Mukti Gautam,2019-07-17 08:03:12+00:00,923,17,Fitness,1190000,,,
n69-eVLtevc,11451006,277433,4189,UCg8LTugCdsOLuwtd9n0d8kA,Rowan Row,2020-07-22 12:00:15+00:00,647,17,Fitness,2240000,,,
iNW4lCU693Q,11234229,91377,3845,UCFjc9H89-RpWuIStDqhO7AQ,Body Project,2020-10-20 09:24:48+00:00,2551,1,Fitness,2470000,,,
agvdkRc_img,11129440,167746,3616,UCDUlDJcPPOOQK-3UrxEyhAQ,Roberta's Gym,2019-04-25 03:46:52+00:00,653,17,Fitness,6780000,,,
VWj8ZxCxrYk,11076019,197173,4325,UCpQ34afVgk8cRQBjSJ1xuJQ,MadFit,2020-12-11 18:16:27+00:00,1059,22,Fitness,11100000,,,
VFa0b_IIRac,11048421,17438,0,UCVcQH8A634mauPrGbWs7QlQ,Jack Hartmann Kids Music Channel,2018-01-15 20:16:16+00:00,290,27,Fitness,5340000,,,
brjOFJIcdfU,14921722,232618,1118,UC0pwYFKKRPhvuMPhAbloLhQ,Zumba 3D Workouts,2023-05-14 16:45:01+00:00,11,22,Fitness,261000,,,
eHiIYRpZfXY,11039579,586453,1385,UCwaPTAgqVs0NgbjYgIRWSPA,Davis Diley,2022-09-20 18:22:09+00:00,56,26,Fitness,2670000,,,
Cii54H_Xv1M,13110731,466566,1274,UCOsFVEylgXEcnxAEt9E0c4Q,Max Euceda,2021-08-22 20:31:54+00:00,11,17,Fitness,1200000,,,
Ba3qZjzPonI,10113420,77098,3095,UCFjc9H89-RpWuIStDqhO7AQ,Body Project,2020-03-10 22:14:02+00:00,1898,1,Fitness,2470000,,,
5kIdiukDgK8,10057364,115776,1606,UCokvR--MJCoGhQZRl4AFVcQ,Suresh Sonawane S.F.C,2022-12-02 07:30:08+00:00,1239,22,Fitness,490000,,,
t69IPkfC4vw,9946366,76273,1030,UCDUlDJcPPOOQK-3UrxEyhAQ,Roberta's Gym,2018-05-09 15:50:19+00:00,511,17,Fitness,6780000,,,
8oLmvxmdSuE,9851333,0,2122,UCbKLr8TZRWyjp17qdBqFmNw,Pankesh Fitness,2023-01-31 11:02:24+00:00,1699,27,Fitness,48600,,,
J212vz33gU4,9632996,174214,3474,UCJItL3dzLhLG1FGV1wZRS2w,Oliver Sjostrom,2022-02-28 10:00:07+00:00,900,22,Fitness,1670000,,,
rI_6l992GrA,9403355,192088,3056,UCpQ34afVgk8cRQBjSJ1xuJQ,MadFit,2021-06-15 15:27:56+00:00,1906,22,Fitness,11100000,,,
7U-IPdQ8pt0,9943920,490804,404,UCdY62-FmM5cKu9Yf4PY9uGA,SPORTS AND FITNESS TIPS (By Ankit),2022-07-20 06:19:07+00:00,16,17,Fitness,1560000,,,
zRf3iMKW87M,9231941,527426,4731,UCuOxudQSUtgikcXETRrzXCQ,JeetFix,2019-08-06 09:19:21+00:00,292,27,Fitness,6800000,,,
Qdvh-yssNqg,9016287,524788,1540,UCSvoZtSPcju-jTBwxwh_29A,Ankit Baiyanpuria,2023-05-21 08:02:00+00:00,21,17,Fitness,4720000,,,
IiaePoCD7zc,8967016,0,950,UCOD8lPSrcmelzjAsRbE4fzg,Zumba Class,2020-07-24 22:00:11+00:00,1246,26,Fitness,3270000,,,
6coSK5__cTE,8730502,99199,2534,UCDUlDJcPPOOQK-3UrxEyhAQ,Roberta's Gym,2019-02-25 05:45:49+00:00,1246,17,Fitness,6780000,,,
H0c-4nZjIWQ,8711114,77280,3215,UCFjc9H89-RpWuIStDqhO7AQ,Body Project,2019-01-09 03:03:44+00:00,1782,17,Fitness,2470000,,,
SWbVBnvIdYo,9237728,298587,1499,UC0svgcjc3jSgcryqo83spPQ,BetterMe / Better Me,2022-08-06 07:42:51+00:00,19,17,Fitness,372000,,,
p188evCXF0k,8447425,145432,4935,UCvGEK5_U-kLgO6-AMDPeTUQ,emi wong,2020-04-01 12:48:47+00:00,3755,22,Fitness,7390000,,,
eDxJG5UchIw,8325466,227958,1153,UCLclCK8G604rzyFih31Becw,UR Life by Upasana Kamineni Konidela,2019-04-20 05:31:21+00:00,54,22,Fitness,546000,,,
wCi78-7lQr0,8597539,661779,2172,UCwaPTAgqVs0NgbjYgIRWSPA,Davis Diley,2023-01-27 20:39:32+00:00,60,26,Fitness,2670000,,,
QG3TAwfo9iQ,8164471,188004,1901,UCpQ34afVgk8cRQBjSJ1xuJQ,MadFit,2020-04-03 13:30:09+00:00,727,22,Fitness,11100000,,,
O96NJ2ZlzUs,7935084,86470,1521,UCOD8lPSrcmelzjAsRbE4fzg,Zumba Class,2020-11-20 22:00:15+00:00,2808,26,Fitness,3270000,,,
bTSlpq_0os0,8867682,179736,114,UCFCMebUrB1mUJpUS8ze-KSg,Gym Hero,2021-07-01 12:33:41+00:00,10,22,Fitness,59900,,,
JyV7mUFSpXs,7875148,122426,1808,UCcRsTRCvh3PeR1Yog867hqg,Midas Movement,2021-07-10 15:00:08+00:00,659,17,Fitness,1400000,,,
lS6qBCIVFws,6403814,86527,3297,UCDUlDJcPPOOQK-3UrxEyhAQ,Roberta's Gym,2018-08-31 10:57:37+00:00,1030,17,Fitness,6780000,,,
Gs-zGU7usIM,6289269,76366,651,UCbqgDzBvusOKtSWvoePrjLA,Shemaroo Lifestyle,2021-12-22 02:30:09+00:00,815,26,Fitness,1270000,,,
KS9sqUls7H0,11504324,145223,394,UCM0vLUxYhHYxiFZV5ayUPzg,Damdaar Jodi,2025-07-28 12:30:19+00:00,18,24,Fitness,500000,,,
gElHCVftDag,6190825,187693,639,UCpy8VXKDK6Kfp9evUI-N8YQ,Coach Kel,2023-09-15 03:02:19+00:00,17,26,Fitness,497000,,,
iCQ2gC4DqJw,6078834,96903,2095,UCK9JEqf7LBBx3tkrPx2xvbQ,BullyJuice,2021-11-23 18:44:57+00:00,1231,24,Fitness,9860000,,,
Ao1tzPTm-40,6053457,102547,1140,UCQ2vUGzZrLpUBqsmsL_5EIQ,MIZI,2024-08-21 08:00:06+00:00,802,26,Fitness,2920000,,,
lA-diBuGy6I,5917616,133440,4453,UCDUlDJcPPOOQK-3UrxEyhAQ,Roberta's Gym,2019-01-10 07:46:00+00:00,632,17,Fitness,6780000,,,
pYvnfMZZer8,9726529,240406,1249,UCqSX1yJPNfhEyeOA49Ezguw,LITVINOV FIT,2025-05-15 15:30:27+00:00,20,17,Fitness,2080000,,,
F48Fz2XW3zk,17477058,122506,352,UC03OsIsvkd-wJTDe-3OkPhQ,Fitness campus ,2025-09-03 04:30:08+00:00,7,26,Fitness,246000,,,
Kl3ehsC9Ncg,7412883,176839,2202,UC_TEzhQ6V12x2HnYpi9KV_A,Aerobic Fitness South Africa,2024-08-25 15:50:10+00:00,18,17,Fitness,1360000,,,
fOgHLR-vhfk,9042318,208409,587,UC1ZyCHrt30UxdoadRVng_xQ,Rajabaron,2025-03-24 05:15:55+00:00,20,17,Fitness,1040000,,,
t27g9V58LJ4,5446754,20062,926,UCfEGp1lBYfS9W0agRwGJJUw,SIMPLE DANCE FITNESS TV,2024-05-24 17:23:12+00:00,3829,10,Fitness,189000,,,
edx3Xa6Qt7M,5412977,70134,1230,UCYE-AZnk0pOX174G6jPkAFg,Aunty Molly,2023-01-28 06:32:31+00:00,597,22,Fitness,123000,,,
uGytJAZA6m0,5294870,84369,553,UCdlArXhKkCBlaR0R6w7_x3w,5-Minute Fitness,2022-02-10 12:00:45+00:00,346,17,Fitness,2290000,,,
TtnpyBcxHSQ,5242332,50500,2132,UCDUlDJcPPOOQK-3UrxEyhAQ,Roberta's Gym,2018-10-29 10:45:03+00:00,1879,17,Fitness,6780000,,,
ZrLtXNWZ2W0,8123685,262875,1220,UCK0A_5z58s_XDo6Zs774tqQ,Shibir_desi_Fitness_0,2025-05-27 04:36:08+00:00,22,22,Fitness,49100,,,
xUoY-SzeQdo,5032595,128138,1376,UCQ2vUGzZrLpUBqsmsL_5EIQ,MIZI,2025-08-14 10:24:54+00:00,758,26,Fitness,2920000,,,
v3SGmJPDNVw,4936956,80434,1618,UC6TSBn2RAx036n04GaN6McA,Eleni Fit,2023-04-26 02:00:28+00:00,1226,17,Fitness,2280000,,,
Riwl7V69WH0,4933543,37921,255,UCObqz9gEwhZmouZ685Uk0fQ,FITNESS DANCE With RAHUL,2021-11-24 12:35:40+00:00,239,10,Fitness,817000,,,
jKTxe236-4U,4793890,87171,1313,UCpQ34afVgk8cRQBjSJ1xuJQ,MadFit,2023-04-04 15:21:49+00:00,1948,22,Fitness,11100000,,,
wt3ICXgApVw,4933775,145723,288,UC_wjX-d8hpP_DRSSt8OtOqQ,WORKOUT WARRIOR,2024-12-26 07:38:10+00:00,8,22,Fitness,571000,,,
DCpar5QDo6E,6025140,179204,525,UCIJwWYOfsCfz6PjxbONYXSg,blogilates,2022-06-19 16:00:10+00:00,12,26,Fitness,11000000,,,
XFpT41748hM,4473830,167214,3192,UCB2wtYpfbCpYDc5TeTwuqFA,Will Tennyson,2024-03-21 14:00:31+00:00,1127,22,Fitness,4540000,,,
0A3EgOztptQ,4482261,124175,2845,UChVak8_IyuqcErdf_jQUOHA,Mind Pump TV,2018-07-10 00:24:46+00:00,385,1,Fitness,803000,,,
Iga0h0p6DcI,4379037,99461,1586,UCSE72IaHOL-1Tv-m3JHE4Cg,wearecult,2021-02-01 12:30:12+00:00,1195,24,Fitness,2240000,,,
dQ_PK7Z-vv4,4349419,22538,0,UCTIwFB4ciFi5ZCIu-VlwaOg,Little Sports,2020-06-01 13:15:25+00:00,1707,17,Fitness,1370000,,,
wbbCqU0dBe4,4353218,66961,600,UC-YXnRQ1xTtcp6Vl8HXZhVg,Fitness Gym Workout Now!,2024-11-26 20:00:24+00:00,641,17,Fitness,86000,,,
9qqnYOcSpY8,4337241,82397,1037,UCOpsZxrmeDARilha1uq4slA,Heather Robertson,2020-07-06 14:00:01+00:00,1542,26,Fitness,2810000,,,
R2TbcQDAVkU,4277997,94398,773,UCy0-3xdx7dTXMYmJc1jMbBQ,Buddy Fitness,2021-05-13 12:45:21+00:00,430,26,Fitness,572000,,,
Vi2N9W7Il8U,4253708,44756,527,UCeHDD9_AWF1u7RZ3q1QRRag,Get Fit Fast,2023-04-19 11:30:11+00:00,302,17,Fitness,337000,,,
TnlBKjWBEZM,4240528,47578,0,UCyAgfkYxkAWDuHlZe6_R8lQ,GVO Kids,2023-05-06 13:00:19+00:00,823,22,Fitness,3670000,,,
Tr02uYva8z4,5406929,105242,344,UCam2oN3e5KdFsA-p7f_FeyA,Diana Ruiz,2021-09-25 14:13:19+00:00,16,22,Fitness,351000,,,
StetyUnY8jY,4173238,19632,0,UCyAgfkYxkAWDuHlZe6_R8lQ,GVO Kids,2024-01-20 16:30:09+00:00,712,22,Fitness,3670000,,,
avgDlgPKtoo,4161689,41552,1120,UCu0l8LEELZa2XqAjvMNZamg,ZUMBA Fitness With Unique Beats,2022-11-28 04:47:33+00:00,1380,24,Fitness,1530000,,,
9E06Nxeq-84,4787441,148335,557,UC_ldoavoLRVjGF5FtFg_sDQ,Nyle Nayga,2022-06-27 20:16:46+00:00,21,28,Fitness,517000,,,
v8CRs_JK_HA,4111987,29600,0,UCyAgfkYxkAWDuHlZe6_R8lQ,GVO Kids,2023-09-24 14:30:47+00:00,725,22,Fitness,3670000,,,
4XmoU5wlgns,4003368,2445,0,UCyAgfkYxkAWDuHlZe6_R8lQ,GVO Kids,2024-07-14 14:43:43+00:00,501,22,Fitness,3670000,,,
mDbH4Xpy804,4287247,206733,1276,UCIJwWYOfsCfz6PjxbONYXSg,blogilates,2022-07-27 16:09:30+00:00,16,26,Fitness,11000000,,,
QeN9ARgSXFM,3882320,74141,1660,UC0uZMMjfBsgeQNf41mRPWkw,BHANGRAlicious,2020-06-05 05:11:24+00:00,1455,24,Fitness,751000,,,
Mbtl6QxQFtw,3857228,146487,2603,UCht20FQcvP8KATxdKAxJL8A,Rewirs,2024-07-07 06:00:10+00:00,488,27,Fitness,2860000,,,
4iy4yEKa7W8,3793590,66952,1102,UCpQ34afVgk8cRQBjSJ1xuJQ,MadFit,2021-08-01 18:13:48+00:00,2155,22,Fitness,11100000,,,
n02tTQ5T20k,8706925,98674,628,UCS2TPapPQMG15XgqR4aiPrA,Aerobic Fitness South Africa Shorts,2025-10-08 10:01:19+00:00,15,22,Fitness,337000,,,
x6wiDew4sYU,3659825,41622,1171,UCTDTzy68kOwNdyJVLgDf8Og,ElderfitTV Experts In Over 60s Health & Fitness,2024-11-21 16:47:44+00:00,1538,22,Fitness,245000,,,
2TmrI31IJmU,3611283,111379,4877,UCgUNRhl07fJownkfzvTAL2w,and8 Fitness,2021-01-01 20:01:22+00:00,1340,24,Fitness,909000,,,
pbXc5E2tHOE,3771710,276054,915,UC1CVzH-XVr3E-kTT6D8hhfg,FitnessFAQs,2024-03-13 14:00:42+00:00,57,17,Fitness,2180000,,,
najcP5BIa8g,3606990,36931,495,UCuIdeavFLcp9D91KgQthqDQ,BurpeeGirl Short Workouts,2022-07-07 06:11:10+00:00,1249,17,Fitness,341000,,,
1O1mu1xaSrs,5860077,107235,399,UCtBSbtxzUe6RBplXLt0H2iA,Nisha Arora,2024-07-08 06:38:18+00:00,25,22,Fitness,1460000,,,
XJj4XjwDo6Y,3434184,58822,956,UCY-5x3wwmAKFhQHjMRV8FEg,VDS GYM,2023-09-24 07:00:14+00:00,1001,17,Fitness,1890000,,,
bSnNQaAr5l8,3327483,68388,330,UCVl6ZdslZz2Zj-34bMJFPbg,Walk at Home,2024-10-07 15:37:06+00:00,1269,22,Fitness,5780000,,,
Dq7r0mf-Tm0,3322305,54122,360,UCo7UQzNU3usEUOvlpXiPDCQ,Workout With Madison ,2023-03-17 17:36:01+00:00,702,22,Fitness,55100,,,
TKq11MghPqk,3243303,28835,516,UCzZM2XyXAogNCgvxKHnOd0w,Eva Fitness,2020-05-12 13:00:11+00:00,1241,26,Fitness,1720000,,,
cZuspnI9nf0,3239868,22621,0,UCyAgfkYxkAWDuHlZe6_R8lQ,GVO Kids,2023-12-02 14:00:22+00:00,872,22,Fitness,3670000,,,
BeI6Y-E8i7E,5348393,59438,88,UCZ3dCr-63txiF9k_WW3yDNQ,Amit Bliss Flow,2025-02-19 04:24:16+00:00,14,17,Fitness,36600,,,
R9Fk-N9fMxk,3088149,15648,0,UCyAgfkYxkAWDuHlZe6_R8lQ,GVO Kids,2024-02-04 15:30:04+00:00,900,22,Fitness,3670000,,,
x-XVCNb449o,10434032,91053,528,UCg_JXOaN0Hcqt8yiwbZ9xHA,Aesthetic Motivation,2025-04-29 16:30:32+00:00,8,17,Fitness,116000,,,
nardrbgqZ00,3058837,69416,1132,UCpQ34afVgk8cRQBjSJ1xuJQ,MadFit,2024-01-16 15:00:42+00:00,1373,22,Fitness,11100000,,,
vNaYoV2g2Zc,3013489,114493,1621,UCeovcmqzOxXAtXCUx62e9Xw,ReBorn Mindset,2025-08-03 12:31:08+00:00,440,27,Fitness,162000,,,
W7mN-i0J7M0,3003349,77721,3077,UCKO8zrU3WTo_L-QZw3VQ1aQ,Koboko Fitness,2021-02-10 16:30:07+00:00,877,26,Fitness,1880000,,,
C2dpA1O8dxA,4067102,77149,1208,UC_TEzhQ6V12x2HnYpi9KV_A,Aerobic Fitness South Africa,2025-01-23 19:57:36+00:00,19,17,Fitness,1360000,,,
HVfH-FcLlaA,2973771,70855,963,UC8a9CoFxHYrTjsfCvhjisCw,Healthy zone,2024-08-03 13:45:37+00:00,572,26,Fitness,2850000,,,
XQ8E55_Ecwk,11393896,0,271,UCaxTAACJccK8w8XHpaEhJKg,Master Arjun Yoga,2025-06-07 12:37:40+00:00,6,26,Fitness,160000,,,
mp8ulFl6oL8,6113554,131115,567,UCg8LTugCdsOLuwtd9n0d8kA,Rowan Row,2025-05-06 12:56:34+00:00,16,17,Fitness,2240000,,,
ewrf_rCHUdA,2846065,45765,941,UCMEiuHFc7nHTDq2_KzLu0bw,GCN Training,2020-12-28 10:00:10+00:00,911,17,Fitness,216000,,,
nIiYquMguZM,4730666,140201,311,UC4GJndVHEhdmqLFBHOCi97A,Jordan Yeoh Fitness,2025-01-09 04:30:31+00:00,22,22,Fitness,4480000,,,
AJUh03WB8F4,5813528,84678,209,UCcRsTRCvh3PeR1Yog867hqg,Midas Movement,2024-08-31 14:54:00+00:00,10,17,Fitness,1400000,,,
B12MXF0bSFo,2696620,67142,1134,UCERm5yFZ1SptUEU4wZ2vJvw,Jeremy Ethier,2025-01-05 14:00:11+00:00,1121,22,Fitness,7490000,,,
OVys9s4Q4TY,2681825,44683,1051,UCpQ34afVgk8cRQBjSJ1xuJQ,MadFit,2023-05-24 20:42:18+00:00,1219,22,Fitness,11100000,,,
frZpcWxA6ts,7585714,77874,164,UCuaUhw4942F-TiD5N9PL4rw,Workout Zone,2024-07-15 06:11:21+00:00,7,24,Fitness,39200,,,
HwES4OSc9H8,2616850,45584,1223,UCTDTzy68kOwNdyJVLgDf8Og,ElderfitTV Experts In Over 60s Health & Fitness,2024-09-19 15:29:33+00:00,1016,22,Fitness,245000,,,
xqA_T8qQB4g,2601801,46149,3092,UCSMPWn95qPnq-Z1wm8M8c1A,Improved Health,2022-10-10 05:00:21+00:00,1158,26,Fitness,491000,,,
ZrNXcyoy8-w,2602254,57717,1804,UCZUUZFex6AaIU4QTopFudYA,growwithjo,2024-10-28 15:00:11+00:00,1198,26,Fitness,8140000,,,
E6lsGDntAEM,2574343,35213,691,UCRp-32Yi0KC2YMgHIg6mTag,SilverSneakers,2021-09-02 11:00:06+00:00,1525,26,Fitness,530000,,,
0sDpboJBMdM,9075878,31689,49,UCDZY-sXXgl7DWKDSmRzxV5g,Jessica Broschart ,2025-07-06 20:48:12+00:00,6,22,Fitness,154000,,,
dDfhWE7Hu50,2557060,36684,1040,UC6I9xtXwwo87Dik1xMPgLdw,RD Fitness Unlimited,2023-06-26 05:00:24+00:00,1506,23,Fitness,1620000,,,
BsPkvVM4XoY,4404217,138088,395,UC1ll_4DblySYDARZcbOt3xg,Isla Rune Pilates,2025-07-30 00:00:12+00:00,15,26,Fitness,375000,,,
BegMhgIpPYk,5731658,66409,936,UCW-MYyZsL3Itac-EifW1SsQ,Natalia Bartholdi,2025-05-20 13:19:23+00:00,22,22,Fitness,201000,,,
heswls2iMng,4718174,89168,226,UCJItL3dzLhLG1FGV1wZRS2w,Oliver Sjostrom,2025-03-27 04:23:21+00:00,21,22,Fitness,1670000,,,
DVD_gIdPr-o,2451403,47513,1665,UCbt5DIGZXEfxsZZPyAN1Vjw,Tess & Yoann,2025-08-04 12:00:22+00:00,1907,17,Fitness,111000,,,
WHi_pVXHLsA,2428918,27047,647,UCu0l8LEELZa2XqAjvMNZamg,ZUMBA Fitness With Unique Beats,2025-03-05 00:00:06+00:00,1245,26,Fitness,1530000,,,
ysZsZzMyRSA,4290632,58302,59,UCMUOdGEeL0gufFThkGsLtLA,Tannuz world,2024-08-24 11:30:37+00:00,18,22,Fitness,146000,,,
IQx39C4xgo4,2427434,27447,632,UCu0l8LEELZa2XqAjvMNZamg,ZUMBA Fitness With Unique Beats,2024-08-12 12:45:06+00:00,887,26,Fitness,1530000,,,
Qkaco2atfQo,2433371,89748,881,UCo1bpycul1Xhpbo3gkhBBww,CallmeUche,2024-04-09 22:30:37+00:00,25,22,Fitness,239000,,,
UDATUfvf9cI,2335695,44061,919,UCBINFWq52ShSgUFEoynfSwg,PS Fit ,2025-03-02 17:00:35+00:00,1789,26,Fitness,6660000,,,
IyaYsLPSeLE,2301731,26021,1170,UCaeQiOlLDAl76NmWWFUlHbg,DanceWithDeepti,2024-12-03 11:30:06+00:00,1912,24,Fitness,2150000,,,
tpXzhZel7A8,4193671,69017,319,UCPp4sh_xnF5lQkZAn44R4_g,elevatemindhq,2025-09-03 02:09:16+00:00,48,27,Fitness,483000,,,
3MpfWcI_RdQ,2732718,101952,226,UCDQmJF6jndgLkv2lFdL1ICw,Lalit Ke Facts ,2025-10-03 12:54:35+00:00,33,22,Fitness,299000,,,
f2oEcRgH35Y,2242700,23058,387,UCzZM2XyXAogNCgvxKHnOd0w,Eva Fitness,2021-09-07 13:00:11+00:00,1809,26,Fitness,1720000,,,
IR0ejm2KRbc,2224097,17495,179,UCrMTmhoJ1SPwxn_S_6ap5jg,Cardio Dance With Thediscodude,2025-02-24 12:30:24+00:00,964,22,Fitness,16700,,,
Ebttuj5vr30,2212800,6928,268,UCfEGp1lBYfS9W0agRwGJJUw,SIMPLE DANCE FITNESS TV,2024-11-11 00:47:42+00:00,1622,10,Fitness,189000,,,
YUYK-ShexgM,2218114,28516,526,UCQ2vUGzZrLpUBqsmsL_5EIQ,MIZI,2025-09-04 02:42:23+00:00,865,26,Fitness,2920000,,,
CfvPJ8kH_L8,3707783,98432,125,UCJItL3dzLhLG1FGV1wZRS2w,Oliver Sjostrom,2024-08-22 03:02:51+00:00,15,22,Fitness,1670000,,,
oenu2K8e6oU,6799703,32357,182,UC9C9QZ9OK7_obZli-mJbZXw,DiepFitness,2025-01-02 10:10:24+00:00,6,26,Fitness,224000,,,
i7_bhe7oSc0,2165443,33903,840,UC6I9xtXwwo87Dik1xMPgLdw,RD Fitness Unlimited,2024-08-21 11:47:59+00:00,685,23,Fitness,1620000,,,
MV6VH4xfKUs,2505930,0,808,UCeTUmrVpk_iTUp6-Sh3b1fg,Get_MoeFit,2023-07-24 14:06:04+00:00,9,22,Fitness,292000,,,
byfc4pbgtC8,3117321,88760,181,UCfc3OO5JhAML__57DRyKbbg,Muscle & Mind,2024-04-21 17:35:42+00:00,51,22,Fitness,127000,,,
YslX2dqLvxM,4383801,74586,133,UC4B0t-aCny2L5ouDd6QmeQw,Ankit Punia,2024-11-28 08:30:17+00:00,12,22,Fitness,50100,,,
iyZeLxiLLtQ,4521595,101225,433,UC8Av1tO-ha143nNYzxmf1Fg,Pierre Dalati,2022-11-08 00:34:58+00:00,14,22,Fitness,1760000,,,
j-SiAqq6xng,2070018,24631,252,UCImDs2bgIdG1Sttrn-SwBPA,Official Deevy ,2025-04-18 12:31:01+00:00,502,24,Fitness,682000,,,
o5RcDd-ZCcQ,2056182,48904,1039,UCut7Y9sJkcEaHtwy7jz6p2A,Workout with Sabah,2020-07-13 21:54:52+00:00,966,24,Fitness,208000,,,
wg0WBu3H6Nc,5386086,126881,225,UC4vz0hqAXPBNBC5bpAo9z_g,Debparna Goswami,2026-01-14 05:00:04+00:00,35,24,Fitness,321000,,,
cU3PaJR7dMg,3364027,0,84,UCjvMBNcL4kiYAKodCQkQfUw,Asif Fitness ,2024-09-07 13:06:36+00:00,11,26,Fitness,61900,,,
jtl6H0liWf0,3381613,149153,816,UC1ll_4DblySYDARZcbOt3xg,Isla Rune Pilates,2025-09-29 23:00:50+00:00,17,26,Fitness,375000,,,
VqXLFffiU2I,1901376,33805,300,UCy0-3xdx7dTXMYmJc1jMbBQ,Buddy Fitness,2021-12-31 18:30:12+00:00,525,26,Fitness,572000,,,
q24y9Uu8Ud8,1909688,9308,126,UCxgICZsADcjQoxuobTAeefw,Fitness Motivation Music,2025-02-21 11:01:13+00:00,4149,10,Fitness,106000,,,
R28bLOoyGiQ,1991965,127871,1023,UCZUUZFex6AaIU4QTopFudYA,growwithjo,2022-10-13 13:00:16+00:00,53,26,Fitness,8140000,,,
gkw0JCdZO90,1847409,5202,0,UCK1vX4jd9Oom-LmpcRXuzMA,DJ Raphi,2025-08-28 16:08:19+00:00,251,24,Fitness,1410000,,,
SKg8BExwSI4,1829414,12372,249,UC_QsPkyvqmJz8pDYjmwKgig,Gnana Raju,2020-05-20 03:34:02+00:00,1246,27,Fitness,47500,,,
y2HJ0Iq6R8A,1823500,9098,171,UCOD8lPSrcmelzjAsRbE4fzg,Zumba Class,2025-01-06 22:00:11+00:00,1572,26,Fitness,3270000,,,
XQGmB3DpS2k,1988377,84153,294,UCiCRrC4A0RkgAFpJqQCyZBg,Nehafunandfitness,2023-06-02 18:09:41+00:00,47,26,Fitness,1500000,,,
2N-cE5nmBuo,3122114,45449,104,UC_TEzhQ6V12x2HnYpi9KV_A,Aerobic Fitness South Africa,2025-01-10 12:52:03+00:00,14,17,Fitness,1360000,,,
uu7eqMFhJEE,1766839,47671,822,UCVGzizTB6c4DkZUzINd8gMA,MDJ FITNESS,2023-11-12 17:42:23+00:00,1466,22,Fitness,823000,,,
Zvl5S4nc_dk,1941462,90223,655,UCduSVNApvBELfswY_ElMkOw,BarbarianBody,2021-07-15 18:02:05+00:00,16,26,Fitness,932000,,,
4KGFMnxHyG4,1698769,30204,390,UCvzKxHYDCTrtGWvU5tuV7Ag,INCHDOWN FITNESS,2020-11-13 09:14:18+00:00,446,22,Fitness,28700,,,
j1FTQvVDZEI,1691893,30006,330,UCMQI_urRA3mqMfW_XAKstWw,Analis Cruz,2022-12-21 23:00:02+00:00,1350,22,Fitness,346000,,,
abrrczIEE2w,2393004,0,211,UC9qX9VXSKYiX07Cx2AYLb6A,Healthy Life,2023-09-27 17:43:32+00:00,41,17,Fitness,8700,,,
3CnPydR-RWU,6103880,42622,38,UCsM8VaGIkUyy4LzY1Pt368Q,Tiya Baby 209,2025-07-21 18:45:23+00:00,6,22,Fitness,7720,,,
rc_4DPvenhc,3900174,46266,779,UC4Wnc3gwqqqgb7cWDLT9qMw,Health and Fitness,2022-11-22 02:36:45+00:00,12,27,Fitness,8430,,,
gcBp_V-f6Bk,2914239,24199,60,UCa_NRSB8AEcXmW52KvVj9UA,Sai Pooja Yoga,2025-08-19 15:40:00+00:00,21,17,Fitness,100000,,,
S6rqpxVGKZ4,1597803,71488,2791,UC68TLK0mAEzUyHx5x5k-S1Q,Jeff Nippard,2026-01-13 15:00:15+00:00,1396,24,Fitness,8110000,,,
dVEoiilZiUY,6039578,0,141,UCaxTAACJccK8w8XHpaEhJKg,Master Arjun Yoga,2025-06-30 12:01:20+00:00,5,27,Fitness,160000,,,
FZ31mvdCJgI,4705259,35460,49,UCuaUhw4942F-TiD5N9PL4rw,Workout Zone,2024-10-14 04:37:30+00:00,6,24,Fitness,39200,,,
KaIeBaxzIqs,1538676,26082,393,UCBINFWq52ShSgUFEoynfSwg,PS Fit ,2025-06-16 16:00:33+00:00,592,26,Fitness,6660000,,,
9nV8kCB2D_I,5546720,29696,46,UCkSkJdn_h6GmQt0NzRFV6PA,MOHAN FITNESS,2025-07-27 07:31:40+00:00,6,22,Fitness,169000,,,
tONvKzIiqqw,1523776,31383,345,UCuM9fe_QPFMTJT3uQmoNMFg,fitbymik,2021-12-17 17:30:04+00:00,950,22,Fitness,1150000,,,
ZBdZN0rmQHM,1517963,15142,330,UCu0l8LEELZa2XqAjvMNZamg,ZUMBA Fitness With Unique Beats,2025-02-05 00:00:06+00:00,1047,26,Fitness,1530000,,,
RoxKbyst0To,1516513,49357,468,UCgFItI58gEggW1-39DxjVbA,CALISTHENICS FAMILY,2022-10-03 14:23:36+00:00,382,17,Fitness,424000,,,
6z4TD1rQQc0,2989619,30723,380,UC4GJndVHEhdmqLFBHOCi97A,Jordan Yeoh Fitness,2025-04-12 06:45:21+00:00,11,22,Fitness,4480000,,,
mWekq0YalKI,1502851,74727,4746,UC0UGLd7T7IMaYxaWhETUqxQ,Mister Proton,2025-10-13 12:30:07+00:00,756,27,Fitness,4780000,,,
rOvKxiEEMKc,1871987,126979,314,UCxZ52JXOkElnzwqeUoqdXZg,Pandi sakthi,2023-08-15 16:13:27+00:00,61,22,Fitness,406000,,,
t9F9gZg42NM,1488697,21567,316,UCSE72IaHOL-1Tv-m3JHE4Cg,wearecult,2020-10-20 13:30:12+00:00,1645,24,Fitness,2240000,,,
N5ENAsa7Iiw,2815106,93661,797,UC1ll_4DblySYDARZcbOt3xg,Isla Rune Pilates,2025-10-20 23:00:25+00:00,17,26,Fitness,375000,,,
ZsDPYURKl0Q,1489414,17330,582,UCu0l8LEELZa2XqAjvMNZamg,ZUMBA Fitness With Unique Beats,2025-07-28 00:00:06+00:00,2748,26,Fitness,1530000,,,
wygQ_NmEAVY,4791238,33647,48,UCmFF9icQN9yHcLD-EwBE3Iw,N.S FIT,2025-04-09 12:58:50+00:00,8,22,Fitness,55800,,,
CRApVnJqd8A,1458595,17502,0,UCx88ElpPo8bSnR1k6D5h-Vg,RHYTHM DANCE & FITNESS STUDIO ALWAR,2023-10-28 03:23:34+00:00,1172,24,Fitness,35000,,,
xtiZ0Q9TBOY,1441538,23140,1257,UCu0l8LEELZa2XqAjvMNZamg,ZUMBA Fitness With Unique Beats,2024-01-07 00:00:10+00:00,2811,26,Fitness,1530000,,,
8VzRS_KKAEI,3878281,36449,90,UCfLM71bnqESJPzHqLe_4p-g,WorkoutEndomondo,2024-08-19 16:00:06+00:00,7,17,Fitness,114000,,,
W56Ve6s06hQ,4494313,31544,43,UC4TmjfODuUqVBIYpFcinyiA,Gymtopflix,2025-03-21 13:29:00+00:00,6,17,Fitness,9230,,,
qLgaf3pdFas,1572561,62892,97,UC9Awl_4qjLO8-SqJ2VkpMZg,Get Fit with SiGo,2024-03-24 08:44:27+00:00,19,22,Fitness,1440000,,,
7qprUYrEuRc,1426528,4121,0,UCyAgfkYxkAWDuHlZe6_R8lQ,GVO Kids,2024-06-29 15:30:10+00:00,813,22,Fitness,3670000,,,
EzxYTsfuB6c,1419719,20353,287,UCmTe0LsfEbpkDpgrxKAWbRA,Bob & Brad,2021-05-17 13:15:00+00:00,934,27,Fitness,5400000,,,
KF0M2mdycQ4,1916472,68602,314,UCPjMS6BU3ojDa3P1lIjMtCg,Tamil Health and Fitness,2024-04-26 05:53:15+00:00,43,22,Fitness,95600,,,
ibywaQB3L7o,1340742,19629,469,UCiWPU83VmOXjQ6xY0gIrhIQ,fabulous50s,2024-08-30 10:45:03+00:00,338,17,Fitness,2190000,,,
DpIeBMgh2OA,1333789,17956,177,UCoguzybAI8Fgdj4Aze5tE8w,Fit Media Channel,2023-08-26 13:00:10+00:00,1045,17,Fitness,2060000,,,
SYruySrzPE0,1677562,77519,121,UCPp4sh_xnF5lQkZAn44R4_g,elevatemindhq,2024-08-17 21:39:47+00:00,59,27,Fitness,483000,,,
AsC7Cyh4m2Q,2520171,68486,665,UC0nSR7Wn_mPxVBmctX6XMuw,slicey,2026-01-19 05:23:43+00:00,17,22,Fitness,87700,,,
w1uh3f8x_H8,3566417,34028,119,UCEitRqqiXZkDOui-_9771lA,HOME WORKOUT,2024-08-08 09:30:34+00:00,9,22,Fitness,8860,,,
QJo_H8Nl4jk,1544124,13359,27,UCYygwHUO7Y5_rpRqpbCjztA,V-desi dance fitness,2021-05-07 05:44:24+00:00,12,24,Fitness,468000,,,
rEnZIVR8Qzw,1220008,28009,277,UCSiZoFK15X9FuaDHc0BT0ow,Gaurav Jha Fitness,2024-08-11 12:51:22+00:00,464,26,Fitness,1090000,,,
1I9TCUnE8e0,1215259,16079,32,UCvzKxHYDCTrtGWvU5tuV7Ag,INCHDOWN FITNESS,2021-01-05 12:15:57+00:00,101,22,Fitness,28700,,,
WxrKIPbeQP8,1440851,27455,0,UCp8IrfyoobKSXtVuC53CvTA,Gerardi Performance,2022-05-23 22:00:11+00:00,15,26,Fitness,40800,,,
x56V1Ys95K0,3279025,25759,421,UCuGeoEfs9nSlXSAPkPH-BmA,The Fit Champion,2024-10-23 17:02:16+00:00,8,22,Fitness,74400,,,
UwZ3IlK43PA,1156182,4057,0,UCyAgfkYxkAWDuHlZe6_R8lQ,GVO Kids,2024-08-24 14:55:02+00:00,668,22,Fitness,3670000,,,
SQu1zKpSoZg,2432519,44616,270,UCVyc7FwuAm_0iKz6bQYDLjQ,Get Stronger,2025-10-27 06:39:44+00:00,16,24,Fitness,54600,,,
B1KbolzpWD4,2326210,41313,368,UCuGeoEfs9nSlXSAPkPH-BmA,The Fit Champion,2024-09-18 08:44:32+00:00,13,22,Fitness,74400,,,
jlN217tjnxM,1124141,11564,368,UCTDTzy68kOwNdyJVLgDf8Og,ElderfitTV Experts In Over 60s Health & Fitness,2024-11-09 08:43:30+00:00,1267,22,Fitness,245000,,,
XvsrmhsCWxw,1119878,17002,126,UCsCrgTwPv3kBrPF9omhQpzA,HOMEWORKOUT,2024-11-20 13:15:02+00:00,1806,17,Fitness,536000,,,
TmsRzA9Q890,3613269,23872,32,UC07RM2unzo1u5x2nK3xgC7w,Fitness Mantram,2025-04-05 14:30:17+00:00,7,22,Fitness,96100,,,
lrolFBYflLA,1420909,0,263,UCVGzizTB6c4DkZUzINd8gMA,MDJ FITNESS,2024-10-11 02:36:10+00:00,23,22,Fitness,823000,,,
sz6ERl0FecY,1087683,14477,153,UCMEVsJfCqDtp3pFh3L_0Y7A,Sports Guruji,2021-09-09 12:24:21+00:00,231,17,Fitness,215000,,,
Kx1Co_pHjmo,1309657,79974,150,UCDQmJF6jndgLkv2lFdL1ICw,Lalit Ke Facts ,2025-09-28 14:16:04+00:00,44,22,Fitness,299000,,,
Qymarl8FyEk,1058390,28259,1062,UCKRpf_HZfpLwxuIgyeYnsVw,GunjanShouts,2021-06-20 05:30:01+00:00,1918,26,Fitness,2980000,,,
zeHSxvNNRf4,1927666,15204,66,UCOD8lPSrcmelzjAsRbE4fzg,Zumba Class,2022-09-11 23:57:55+00:00,56,26,Fitness,3270000,,,
45_XKSfIbEI,1037746,13288,454,UCu0l8LEELZa2XqAjvMNZamg,ZUMBA Fitness With Unique Beats,2025-07-12 00:00:06+00:00,2230,26,Fitness,1530000,,,
Ki605EYP7_Q,1010127,15176,480,UCDUlDJcPPOOQK-3UrxEyhAQ,Roberta's Gym,2019-03-22 07:37:34+00:00,704,17,Fitness,6780000,,,
7GkMHPe_OXw,990851,19150,809,UCJASBOyF4Fkd26SIwRhLuZw,Tone and Tighten,2022-01-06 07:00:01+00:00,1309,22,Fitness,3080000,,,
RrzA1KCV5Cg,2273851,17952,56,UCOhIm-zpAWM-6L5iBH9r3VA,Manjeetworkout,2025-06-06 04:36:38+00:00,8,24,Fitness,165000,,,
NaAakg4ASJg,932173,11212,351,UC3lEhUBNqIrFMatB9Zgxo0g,Reps To The Rhythm,2025-02-14 12:59:03+00:00,1185,17,Fitness,234000,,,
L4QfjiVL_xk,1871350,29338,65,UCIMO4lpf9GMPufIritTFpUQ,Tarun Kapoor Fitness,2022-03-29 12:27:24+00:00,16,22,Fitness,161000,,,
2f461w0UOFc,1245409,0,283,UCEniETQY1BlJ3s-Np3YDApw,Gritty Soldier,2024-11-06 20:58:37+00:00,33,27,Fitness,262000,,,
UWo-lTkMRpE,893137,14725,266,UCC7OyKwNJ5vPa8617A_dhVw,Step-N-Rise,2025-11-17 13:32:39+00:00,2504,24,Fitness,31600,,,
GItOyVgxtKo,2026652,27631,296,UCY-RdDW_OiLc7z2oNARSi-A,Akshay Dhiman Fitness ,2025-10-16 12:30:16+00:00,18,22,Fitness,49300,,,
_T2OAXhe6IU,1906450,11269,18,UCd1npLhYsNHvRqf4J5ERNaQ,GharParSlim,2026-01-14 03:04:04+00:00,39,26,Fitness,25500,,,
w9R_KuW6uTM,798287,14090,1040,UCXOIoVgjs4clHi3C2KjGXrw,Being The Fittest,2022-05-16 23:30:13+00:00,2022,22,Fitness,115000,,,
pDfkvsgOTNg,2260756,29995,83,UCcox_iKO8v3Xy3f5Jxv7wBg,Fitness Health,2023-04-27 15:31:23+00:00,8,22,Fitness,2520,,,
kNWf2J-An4U,781240,6240,68,UCoUvFwmJcJguSJZtV5ZVk4Q,SHASHANK Dance,2024-12-31 07:56:00+00:00,1160,24,Fitness,756000,,,
tEnvOaw8ScU,764714,36310,2039,UCht20FQcvP8KATxdKAxJL8A,Rewirs,2025-10-10 13:30:56+00:00,572,27,Fitness,2860000,,,
TEClIcfJxao,1353843,55584,58,UCfpG70-Tt3-SC6NI_4iPczA,rdx fitness,2025-04-21 08:39:27+00:00,43,22,Fitness,184000,,,
-3xfed7Ck8M,758053,8422,0,UCx88ElpPo8bSnR1k6D5h-Vg,RHYTHM DANCE & FITNESS STUDIO ALWAR,2023-10-26 07:30:08+00:00,1120,24,Fitness,35000,,,
YfKf9a7A-n8,734797,13487,321,UC-pne1Uv8YkXZ3lbele30aA,emkfit,2025-07-07 13:01:09+00:00,1292,22,Fitness,635000,,,
s94Ji1qSsNc,723406,9022,324,UCu0l8LEELZa2XqAjvMNZamg,ZUMBA Fitness With Unique Beats,2025-08-14 00:00:06+00:00,1970,26,Fitness,1530000,,,
6_A4-3vX1j0,689810,25043,159,UCGiSCVGNukLqv8hwpKCsQKQ,SELF,2025-10-15 16:00:03+00:00,1025,24,Fitness,1380000,,,
LYvKEi-I_fs,1978180,0,92,UCf4ade54g7Pj-NH1TBLFZLA,JANI FITNESS ,2025-10-14 06:30:16+00:00,9,26,Fitness,37300,,,
p37JxftT_GU,639810,8008,325,UCu0l8LEELZa2XqAjvMNZamg,ZUMBA Fitness With Unique Beats,2024-10-25 00:00:06+00:00,1512,26,Fitness,1530000,,,
GYu0ExXVniQ,1821149,0,21,UCbTYmJcB2GJu8dij5PIB_rA,Fit Burner,2023-09-06 17:07:00+00:00,10,22,Fitness,11400,,,
ccBhzcniFzQ,1321755,26845,118,UCKcjxSpQq-ODrpQv8h8XcTQ,Bajrang_nayegamiya,2026-01-16 06:13:46+00:00,17,22,Fitness,57200,,,
f5JF5w5qbZo,634423,2475,71,UCeI_Ji5Wc1YQvG2dCHZJINw,MAX OAZO,2025-02-26 16:19:30+00:00,3492,10,Fitness,770000,,,
0kgDfB43F7g,1940363,20415,39,UC-YE7A2_6qvDDknpqR13iLg,Fitness Boy,2025-05-21 01:30:00+00:00,7,22,Fitness,42200,,,
WmO1mkkozyk,608027,7423,308,UCu0l8LEELZa2XqAjvMNZamg,ZUMBA Fitness With Unique Beats,2025-07-11 00:00:06+00:00,1972,26,Fitness,1530000,,,
IXBt541mHL4,1236290,18209,218,UC1nm4xrRgYdarG85AEo3egA,Jackson Carey | FitCircuits,2025-01-24 15:28:49+00:00,15,17,Fitness,28900,,,
gSDF_Bx-dmI,1302327,25759,140,UC8A_sScIu14gpM0CFmcYGBg,Exercise Universe,2025-10-01 03:01:58+00:00,19,17,Fitness,141000,,,
KUogYgdiFlw,1760054,24628,73,UCKjg-L3Lxh9KB8xWJFKTbLA,Body Fitness ,2025-07-16 16:39:15+00:00,10,22,Fitness,120000,,,
xCzzhnnGst8,598595,5232,118,UC_TEzhQ6V12x2HnYpi9KV_A,Aerobic Fitness South Africa,2025-01-07 15:01:09+00:00,2889,17,Fitness,1360000,,,
FiFVCZAACp0,598299,54244,2336,UCwJfDTNqtM5n-dQBfuuHzYw,Men's Health,2026-01-14 19:00:14+00:00,481,26,Fitness,1790000,,,
yNLqtA69WvA,566603,21808,793,UC12K7FCbzFG5BOMJrHn-sog,Yatinder Singh,2025-03-28 12:45:06+00:00,1990,26,Fitness,5280000,,,
bxYE_hcMQq0,565655,1246,0,UC5uIZ2KOZZeQDQo_Gsi_qbQ,Cosmic Kids Yoga,2024-01-09 17:00:09+00:00,1754,27,Fitness,1910000,,,
UqOB7pCLcSU,572374,7381,482,UCaeQiOlLDAl76NmWWFUlHbg,DanceWithDeepti,2025-10-06 23:30:06+00:00,1939,24,Fitness,2150000,,,
Xal1h8QpiBk,555769,7000,247,UCTDTzy68kOwNdyJVLgDf8Og,ElderfitTV Experts In Over 60s Health & Fitness,2025-02-13 16:55:19+00:00,1649,22,Fitness,245000,,,
oKEn23CVYIA,1133583,11425,76,UC8njLQ7m5wZDZfiLZUrQAPg,Sling Bungee,2025-10-27 01:12:48+00:00,12,24,Fitness,56400,,,
0ohIciNZ7ww,738261,19178,191,UCK6SY340gtvrossvVyy2LZA,Joel Del Rosario,2024-05-21 21:48:29+00:00,29,26,Fitness,38600,,,
3EKcdVsYdk4,524682,8970,244,UCPwxWbDnHIbOv0HqpNXOvUQ,재호 - Fitness,2025-10-20 08:15:00+00:00,1487,22,Fitness,736000,,,
yzPPqvs1Yxk,880730,43638,214,UCZSQNA00mkvXq9r6DXi6nNw,LilBigNanc,2025-05-18 22:32:30+00:00,19,22,Fitness,815000,,,
1YiTxZnDNr0,1078391,17339,207,UC1nm4xrRgYdarG85AEo3egA,Jackson Carey | FitCircuits,2025-03-28 15:06:07+00:00,17,17,Fitness,28900,,,
P4L6pN1SfUQ,507368,7388,152,UCCtiJ7tjhW45aZey4apA5Bg,fitgirl,2025-06-17 14:43:46+00:00,485,22,Fitness,424000,,,
A9Yp-HsqT68,1712433,14973,46,UCxj2pMO4hXCRe5e2DJnevJw,Full Cup Yoga,2025-08-14 02:40:54+00:00,6,17,Fitness,38500,,,
j1n7cczNVHw,1060754,19139,53,UC1Ye_E7LlCNsa--Q3oOgxKA,Anjali Fitness,2026-01-16 06:11:43+00:00,24,24,Fitness,581000,,,
bUQblTVYnwM,453738,4071,121,UCbLjLqxIq13n4M4UPLEq6Ig,Fitness Coach Swati Pawar,2023-05-16 06:24:13+00:00,1412,22,Fitness,27300,,,
RQBUwAnxCnk,445195,5992,233,UCu0l8LEELZa2XqAjvMNZamg,ZUMBA Fitness With Unique Beats,2025-09-08 00:00:37+00:00,2446,26,Fitness,1530000,,,
TlLLXCFe08s,973009,11998,411,UCIVwkkbWqImDYXcXajubQ-w,90 Day Challenge,2024-07-19 13:00:22+00:00,10,22,Fitness,641000,,,
5xxJP1WNNZ0,436215,14480,671,UC12K7FCbzFG5BOMJrHn-sog,Yatinder Singh,2025-10-03 12:50:01+00:00,2224,26,Fitness,5280000,,,
2Ij16TGTjGY,1519350,0,78,UC5pROVr4EN1VICnwVHQRoMA,Mr Motivate,2025-03-27 12:54:50+00:00,5,26,Fitness,75200,,,
4iHSbCujCmA,1067943,5748,10,UCdSor9iv6M4qqUqictOCMnA,Eternal yoga ritika,2024-11-06 15:21:21+00:00,11,27,Fitness,4830,,,
vnJH2Ba0CM0,429157,8071,194,UCag7XoiJLutjBTsM0tAzUzg,Lucy Wyndham-Read,2023-07-31 05:30:14+00:00,541,26,Fitness,2630000,,,
_Hfj_H3GJps,415401,6322,249,UCu0l8LEELZa2XqAjvMNZamg,ZUMBA Fitness With Unique Beats,2025-08-28 00:30:06+00:00,2205,26,Fitness,1530000,,,
IqaBBUVjLzY,737212,3551,19,UCLJQGP2VSDhtn0Uc8TY1TYg,Kannada TV,2026-01-13 05:45:47+00:00,16,24,Fitness,1320000,,,
N4OwkUVxJ68,395599,4977,108,UCC7OyKwNJ5vPa8617A_dhVw,Step-N-Rise,2025-12-01 13:30:31+00:00,2157,24,Fitness,31600,,,
r6AU5aaZrog,365729,12696,304,UCEniETQY1BlJ3s-Np3YDApw,Gritty Soldier,2025-09-21 17:04:41+00:00,1895,17,Fitness,262000,,,
mgdnWPaH8BI,359131,7079,209,UCPwxWbDnHIbOv0HqpNXOvUQ,재호 - Fitness,2025-07-27 16:15:05+00:00,1197,22,Fitness,736000,,,
0dswfMofM9I,1036539,12723,61,UCKjg-L3Lxh9KB8xWJFKTbLA,Body Fitness ,2025-05-19 00:15:54+00:00,9,22,Fitness,120000,,,
OlMN75a-OwI,438299,22311,271,UCAFVtGMKn8b2KjlKMPZ-3Hg,Nicci Robinson,2023-10-25 18:41:15+00:00,32,22,Fitness,271000,,,
wCaKQ5_K7dg,762762,0,22,UClhkaitY1TL3F6OE5VyS2JQ,Negi Kamal fitness ,2025-04-25 12:01:52+00:00,20,22,Fitness,17300,,,
ryzYR6pxhJY,1342906,12106,28,UCDRQlkMDDlEK9ErA0PSmzww,YOGA WITH SANDEEP,2026-01-12 16:15:10+00:00,8,17,Fitness,150000,,,
lk10MSbrs-w,438921,14818,32,UCpQ34afVgk8cRQBjSJ1xuJQ,MadFit,2022-03-07 21:22:25+00:00,22,22,Fitness,11100000,,,
wXDvjzxILvI,996946,7737,4,UCGdFmQ9U1Th3GVWNQoYCmbw,Netra Jha,2025-08-13 10:30:40+00:00,7,27,Fitness,198000,,,
oqo7iNdRoaw,307887,7946,192,UCVl6ZdslZz2Zj-34bMJFPbg,Walk at Home,2025-12-31 14:01:33+00:00,1831,22,Fitness,5780000,,,
6CWFlX2HJ_o,954949,5873,11,UCTyHhc5Pm-EfgZZEVUgDC5Q,Desi Health 2.0,2025-01-24 14:23:52+00:00,6,22,Fitness,234000,,,
j3wGl9Pv0f8,544591,0,34,UCVbjTIIOBuhUCU82jGC3CLQ,Workout Akshay,2025-09-07 15:43:43+00:00,33,17,Fitness,298000,,,
hax_NaKD_N0,563029,8821,36,UC50S7T5P6RcrobnnUIA0SUg,coach kenny24,2024-06-10 13:57:32+00:00,15,24,Fitness,689000,,,
eDC4Kaq15eQ,758631,10252,34,UCpElQAztqshYpJQiXJTHOfQ,Fit With Stefi,2025-08-29 14:01:11+00:00,11,17,Fitness,68400,,,
X7Nkm-umCBI,435916,13197,178,UCKlbjliltaUBa8eqchJq3fA,Adam Gooch - Kettlebell Training,2025-06-22 18:03:54+00:00,37,22,Fitness,30100,,,
pAdn3NhcyME,549631,5324,42,UCGFT6bu6lRjIrhvohSJAHig,Tare Home Fitness,2025-02-05 16:07:00+00:00,17,22,Fitness,141000,,,
QsFlAI7KVGU,639131,7984,11,UCFPTvzp_WKhz5j5dMvzYzqQ,WeGoGym - exe,2024-06-30 01:50:08+00:00,12,22,Fitness,4290,,,
5A4yu9AaC-8,258394,1599,19,UCOD8lPSrcmelzjAsRbE4fzg,Zumba Class,2025-09-19 22:00:11+00:00,1176,26,Fitness,3270000,,,
OkSExognqmg,255267,1628,36,UCOD8lPSrcmelzjAsRbE4fzg,Zumba Class,2025-10-27 22:00:11+00:00,1604,26,Fitness,3270000,,,
u-lX1asAO-g,249697,1399,31,UCOD8lPSrcmelzjAsRbE4fzg,Zumba Class,2025-10-22 22:00:11+00:00,1115,26,Fitness,3270000,,,
Xij_d-dKMOI,1032821,0,10,UCJ0Xpy6vt2YdKO2oXo2_dnQ,Health & Fitness,2026-01-12 13:09:20+00:00,4,24,Fitness,15900,,,
NcvTj7OuJAU,239578,454,7,UCUAzhf29GXORUO0p3zHyK1g,Immersive Workout ,2025-12-24 15:31:10+00:00,137,22,Fitness,1050,,,
6Un4P3NoOO4,233326,1106,26,UCT6IJgAXaBWr_xg76Fp9E-w,Quiz Jaguar,2025-11-24 19:45:01+00:00,484,27,Fitness,13400,,,
AGs8LleibEg,695273,5284,6,UCfLM71bnqESJPzHqLe_4p-g,WorkoutEndomondo,2024-09-18 16:00:09+00:00,7,17,Fitness,114000,,,
GnBbaPlj6Ls,424814,5953,13,UCYDfKtJ4TBLmIN5nFFTMaaw,Yoga & Strength with akhilesh,2025-04-15 15:36:25+00:00,21,22,Fitness,3480,,,
WIW_S7LrglY,707034,4332,14,UCsM8VaGIkUyy4LzY1Pt368Q,Tiya Baby 209,2025-07-23 18:37:27+00:00,6,22,Fitness,7720,,,
F-_jNz5vOpo,378743,6485,19,UCLpV8a6iR3SCla5g2E3zt1w,Becky Lu | Pilates & Home Workout,2026-01-12 23:48:53+00:00,16,26,Fitness,4580,,,
N-CabSh5dRc,648315,3589,3,UCcvOduMAw5ZSRWy1fuIEQZw,Health Care Workout,2026-01-15 03:00:33+00:00,6,22,Fitness,535000,,,
gwIvePNktEg,624448,4677,3,UC1boZPZy8XDj6Fgcp14LE3g,XTREME FITNESS ,2026-01-18 05:00:59+00:00,6,22,Fitness,843000,,,
Ag7Dui9Plys,179865,8916,479,UCe0TLA0EsQbE-MjuHXevj2A,ATHLEAN-X™,2026-01-12 19:13:32+00:00,800,26,Fitness,14200000,,,
0PVAW7vD5rA,305663,7953,157,UCVY3GFRy7t1fRY8rg2rWZ_g,Mei Monte,2026-01-12 20:37:08+00:00,15,22,Fitness,241000,,,
VNRn4jTWXbM,323215,5612,125,UC1nm4xrRgYdarG85AEo3egA,Jackson Carey | FitCircuits,2025-06-14 14:31:30+00:00,17,26,Fitness,28900,,,
_aDmJHc-DXY,161600,1169,42,UCOD8lPSrcmelzjAsRbE4fzg,Zumba Class,2025-10-24 22:00:11+00:00,1576,26,Fitness,3270000,,,
zYw0s-QgWRQ,343490,4384,18,UCvq1lOEkyEdnLc1ibbVqbJw,Dr. Robin B,2023-06-29 17:06:49+00:00,8,24,Fitness,131000,,,
tCUVxcU46JQ,278482,9490,135,UCd9qjNagvOP_FjwfRYcOQRw,Freya Loren,2026-01-15 17:18:39+00:00,14,22,Fitness,241000,,,
SG75iZZzHuw,470315,2546,13,UCiGLX92bICv2GUVXfYA2tvw,Doandfit,2026-01-16 05:30:13+00:00,6,26,Fitness,25400,,,
cxWhDviPeok,302495,6476,104,UCcWrSWnWd_hHLkUmO2CuDOw,Kashish Patel,2025-09-04 08:30:20+00:00,18,10,Fitness,6370000,,,
oZoba93B3Js,390715,0,39,UCuaUhw4942F-TiD5N9PL4rw,Workout Zone,2025-09-12 03:52:00+00:00,6,26,Fitness,39200,,,
IQf6-6-p-Z4,238138,5314,75,UCW-MYyZsL3Itac-EifW1SsQ,Natalia Bartholdi,2025-08-14 16:59:57+00:00,45,22,Fitness,201000,,,
g8oqs5IQuJg,171572,2635,5,UCDbv27C-lqyIq718B73m3LQ,Yoga With Tarannum,2026-01-20 13:28:29+00:00,32,22,Fitness,42900,,,
m0SdlsG5JpY,278929,3367,16,UC1Ye_E7LlCNsa--Q3oOgxKA,Anjali Fitness,2026-01-14 12:50:12+00:00,12,24,Fitness,581000,,,
PYDO3C-jeVU,235216,1781,11,UC8c2ETQ_BFkeel73k_DEqpw,BeFitAndFine,2026-01-15 07:29:10+00:00,34,24,Fitness,80900,,,
-5TfV4t4zdo,169414,0,2,UCUncMMZBLfy-kC65ni3mdeQ,Vikash Rao fitness,2026-01-16 11:47:17+00:00,38,27,Fitness,15900,,,
ED5bfNKP2d4,96088,2647,61,UCVl6ZdslZz2Zj-34bMJFPbg,Walk at Home,2026-01-13 14:00:32+00:00,744,22,Fitness,5780000,,,
jmkKfy_cx-8,202557,1684,28,UCoBOOKDfKx6MJy3DtCWkHYQ,We Kafawa,2026-01-17 04:33:49+00:00,8,24,Fitness,364000,,,
3TNhjbKFLZw,327114,1741,5,UC1boZPZy8XDj6Fgcp14LE3g,XTREME FITNESS ,2026-01-15 05:00:05+00:00,6,22,Fitness,843000,,,
FwcWDBJNZAM,148459,6761,42,UCkmw8JgDZy3NAyHEtUGpdhg,Shiv Wilson,2026-01-15 18:00:24+00:00,62,22,Fitness,248000,,,
irL2hjaD3ZI,184419,1792,10,UCy1_SSB76KFivVsHMP5UwxQ,Niyan Army,2026-01-12 15:47:07+00:00,12,22,Fitness,50800,,,
2u-PMrakd90,147942,3265,12,UC06cc_vgZtPJ3co9_jF2YLw,Mahnoor Fitness ,2026-01-16 01:30:06+00:00,16,22,Fitness,12000,,,
8taFMKGK3FA,137313,4695,53,UCKcjxSpQq-ODrpQv8h8XcTQ,Bajrang_nayegamiya,2026-01-15 03:14:45+00:00,17,22,Fitness,57200,,,
OBr_WI0dyxA,139452,1675,12,UC2waXe8q3J1Z7TLqPvc5G2g,Jamyra Ambrosia,2023-07-15 15:59:46+00:00,16,24,Fitness,415,,,
YyPA-T6qf34,239321,504,2,UCpN63-h-FTirhL1wamA7Ujg,@successpoint9649,2026-01-20 13:10:51+00:00,4,22,Fitness,27200,,,
ZQgUmxfdKwA,148694,0,13,UC4ZqoLh-FjgSj44_f92q8Yw,Grow with Priya,2026-01-12 15:42:54+00:00,18,17,Fitness,25700,,,
oRdQpP5LH3I,122522,2748,23,UC3kcoVA1__4Q4SFTkipIPzg,THE IRON LEG ,2026-01-18 15:53:16+00:00,38,17,Fitness,45400,,,
PUQ0sDz45B8,90417,3676,116,UClfw4odT_XwEdr8S9vtaa7w,Reshmi Fit,2026-01-10 14:55:14+00:00,36,22,Fitness,98500,,,
Wtql_sks2kg,129810,0,2,UCwBWRWH18XdtsG6YJTs2Z9g,Janus Medtalks,2024-09-18 00:00:14+00:00,6,26,Fitness,56300,,,
KlI7sf9P_vY,90256,1393,17,UCP0gZDnqe3HxwWrxmIzCDOA,Munzfitness,2026-01-17 00:29:21+00:00,17,17,Fitness,106000,,,
jDhcVIS1j8c,82730,1579,17,UCTLgfPFGD-Dm904mlILy1Ew,Simon Gronau,2025-07-08 17:53:23+00:00,48,17,Fitness,18800,,,
yb13UkCbArw,72716,1277,14,UCosHjdzZsvL-JRcE3guEncg,Bony Phairembam,2026-01-18 15:54:41+00:00,45,24,Fitness,41100,,,
1caGzOGnbyA,82197,3144,32,UC0nSR7Wn_mPxVBmctX6XMuw,slicey,2026-01-18 06:42:39+00:00,14,22,Fitness,87700,,,
_ndeUTSO1Qo,50162,3608,43,UCVAdOtoMngmOFBqmzH_cU8Q,Fit Minds,2026-01-21 15:21:02+00:00,56,17,Fitness,594000,,,
hD0tk3o_hHg,102395,626,0,UCGkt7c2Glkf5xFtfaYytnZA,fitness yoga ,2026-01-21 02:30:29+00:00,6,26,Fitness,12300,,,
Fja3FF1hxCo,99928,760,4,UCNbgWy_EeiCzX_89yvGkL0g,Muscle Manipulator,2026-01-20 11:38:04+00:00,6,26,Fitness,6480,,,
dkXLCvEHhAE,27772,435,9,UCPW6LgHyaHu17_KhqdlLyXw,EMMA Fitness,2026-01-14 15:00:11+00:00,1662,26,Fitness,2020000,,,
-FlmX8aC-4o,63560,1363,44,UCj0mCZ6TBxyZjVAdzdGWtyQ,Anatolynox,2026-01-17 02:41:39+00:00,14,22,Fitness,239000,,,
hAKFcUBfczM,92875,628,0,UCflhwG7MNkZTBD_4xBxoJmw,Yoga Journey,2026-01-19 03:15:03+00:00,5,26,Fitness,139000,,,
Ov3JEvNtCPc,71719,272,2,UCgE46IUXYPb36WFaPiucUGw,Healthyvibz,2025-07-09 15:00:45+00:00,5,24,Fitness,1240,,,
KtvfNWUPJMg,66165,581,4,UCiGLX92bICv2GUVXfYA2tvw,Doandfit,2026-01-15 12:30:34+00:00,6,26,Fitness,25400,,,
GBl5uOBTX6Q,41486,1328,2,UC06cc_vgZtPJ3co9_jF2YLw,Mahnoor Fitness ,2026-01-16 01:30:17+00:00,15,22,Fitness,12000,,,
oxSsyh8BvP4,54315,778,2,UCkSkJdn_h6GmQt0NzRFV6PA,MOHAN FITNESS,2026-01-21 14:35:39+00:00,5,22,Fitness,169000,,,
MHzHS0APRjU,37819,524,1,UCWxjTRVC66ZuWZIl-rF7siw,SAVITA KANADE FIT AAJI 💪,2026-01-16 01:27:53+00:00,24,24,Fitness,86700,,,
WNNjkez2raw,25029,240,2,UCw667ggV2s4LzQq818MM8FQ,WarpVibe Studio,2026-01-15 15:45:30+00:00,37,27,Fitness,6530,,,
oAIE40MSmgg,26040,1205,9,UCPjMS6BU3ojDa3P1lIjMtCg,Tamil Health and Fitness,2026-01-20 14:55:13+00:00,40,22,Fitness,95600,,,
GMWTFaWB2tE,53155,136,0,UCpwx1eGl3o-lcc5SLH0z-xg,Sk Usa fitness,2026-01-20 15:11:36+00:00,5,22,Fitness,146,,,
9I8F6E8TSv4,29636,295,1,UCQ8-5TGZ0P-go5F1WJtCyRg,Nuyouth ,2026-01-18 10:35:22+00:00,22,26,Fitness,5080,,,
7SOjJXtvbJM,23637,185,0,UCw667ggV2s4LzQq818MM8FQ,WarpVibe Studio,2026-01-14 15:40:35+00:00,34,27,Fitness,6530,,,
3XJnz4bpMCo,21863,793,8,UCoiqVMSWVkFQX99RmrR_AGg,Bernardo Rebeil,2026-01-21 00:59:13+00:00,33,22,Fitness,273000,,,
TfEbShtpgmo,23923,408,2,UCWxjTRVC66ZuWZIl-rF7siw,SAVITA KANADE FIT AAJI 💪,2026-01-18 03:04:21+00:00,35,24,Fitness,86700,,,
m5_udhPB_6Y,23162,620,66,UC-PeQvHgRJNx12KkNEyiVkQ,men of action,2026-01-18 10:41:08+00:00,26,22,Fitness,184000,,,
SrfxihCVSx8,24738,295,0,UC85r2UDTY42yrpR8nsDsGsw,Pooja wellness coach,2026-01-18 09:00:41+00:00,20,22,Fitness,22900,,,
KWKsc10NMG8,35592,372,2,UCGkt7c2Glkf5xFtfaYytnZA,fitness yoga ,2026-01-19 06:53:04+00:00,7,26,Fitness,12300,,,
9F6MSTUu_XY,22048,758,13,UC3kcoVA1__4Q4SFTkipIPzg,THE IRON LEG ,2026-01-20 15:38:06+00:00,37,17,Fitness,45400,,,
QZOo00itmdw,18374,309,0,UCcuP9uNlLTp971lHNe2oRgw,U.S. Marine,2026-01-18 21:00:21+00:00,27,22,Fitness,5020,,,
yZ5DUlCwWYY,22162,363,10,UCE5x_0gqKeLnjGSaCiGfRZQ,Ayurveda Health Tamil,2026-01-17 09:30:37+00:00,58,26,Fitness,185000,,,
HjJ0YyXrNts,16678,237,0,UCViwolyxFUnjBV4mF9XAJ7w,Kiran Priya Fitness,2026-01-15 16:28:02+00:00,18,22,Fitness,1580,,,
SYzYPIfYcyM,11738,0,35,UCZ4NFyeFUKb0j8vNzsdgsGA,Shivaji Fitness,2026-01-19 12:30:42+00:00,40,17,Fitness,15100,,,
my-Snb7LwkU,27666,225,1,UCGpzTuq--7HIyolsfz9nW1w,Women Fitness ,2026-01-16 01:37:59+00:00,6,22,Fitness,1890,,,
jJVHS_PAVrE,32956,148,0,UCpwx1eGl3o-lcc5SLH0z-xg,Sk Usa fitness,2026-01-21 00:31:10+00:00,6,22,Fitness,146,,,
FrW2C9kP8IM,15327,266,23,UC8gqqabexMqyDsnVoNQQCAA,Reiden Tizon,2026-01-16 08:33:00+00:00,16,22,Fitness,42,,,
dLLAjZapbzk,24247,95,6,UCafpsV2YhkS1cGRCQQmMa4A,Yoga Stretch,2026-01-17 11:13:44+00:00,5,27,Fitness,726,,,
qTdlD3ZcLW4,20655,208,0,UCchBPm8rkAbyxIKOYmSafjQ,Active Life & Wellness Club,2026-01-16 06:30:24+00:00,7,24,Fitness,2130,,,
P_OpyBRMe7k,17306,115,0,UCMwmJ3wJKX465n3SS3Acxlg,Fitness By Ranjan ,2026-01-21 03:25:05+00:00,7,27,Fitness,1110,,,
Oy_9ye9NZaY,10270,116,0,UCywGHVFwwgB8pjJjvAnJzig,FEMI ADETEJU,2026-01-20 12:32:47+00:00,13,22,Fitness,19200,,,
hFwoagLFyOk,15025,708,20,UCmQ8MioszStH5oNAHT5-CjQ,Sonu Sheikh,2025-12-29 08:06:13+00:00,9,22,Fitness,39900,,,
xHT9EdnmcSM,5716,221,4,UC5_i5V3xXxdqF5VKVmJWVZQ,Muscle & Strength,2026-01-21 20:04:52+00:00,82,17,Fitness,1200000,,,
YLTnB4e6jCM,9418,335,6,UC3kcoVA1__4Q4SFTkipIPzg,THE IRON LEG ,2026-01-19 16:06:10+00:00,13,17,Fitness,45400,,,
DXtyzgagtnk,8559,96,1,UCm3yRn3EkGeQJSprZGdr1IQ,DS_FITNESS ,2026-01-20 01:58:37+00:00,11,17,Fitness,433,,,
duScjdu8BIQ,9235,66,0,UCpwx1eGl3o-lcc5SLH0z-xg,Sk Usa fitness,2026-01-21 10:50:14+00:00,5,22,Fitness,146,,,
Bq4H2srje7o,9650,147,0,UCcvOduMAw5ZSRWy1fuIEQZw,Health Care Workout,2026-01-21 03:30:07+00:00,7,22,Fitness,535000,,,
3r14izRfanY,10733,59,0,UC5dquv1yJWFMeGqc51oMUYA,100 Million,2026-01-17 07:59:00+00:00,10,17,Fitness,265000,,,
XlUIRLiuNOI,10666,55,0,UC5XJKRA6eR0UdYWKB7PK00A,Sanju Jim fitness,2026-01-21 14:53:45+00:00,6,26,Fitness,345,,,
EPDB3yO8-20,15751,95,10,UCafpsV2YhkS1cGRCQQmMa4A,Yoga Stretch,2026-01-18 10:56:34+00:00,5,27,Fitness,726,,,
glTit5qu2mw,5426,11,0,UC2yKfPovXVidzyIdeh3gABA,Dharmendra family vlog ,2026-01-18 01:48:20+00:00,11,22,Fitness,853,,,
PDesrWL8OhI,8607,243,0,UCFSybbDWghXaGLd-8rPR08Q,Amayra Fitness classes ,2026-01-17 12:11:00+00:00,16,24,Fitness,5260,,,
hvG4vzvqMpM,10283,55,1,UCuQSMd4HXRmMrrjRVrJQEBA,bajid Khan fitness 786,2026-01-19 02:11:15+00:00,8,26,Fitness,1150,,,
cP8aRUhZcsw,5712,0,0,UC3SS9GqtP7uCRBKqNfQIZOQ,yogagirlanu 🧘‍♀️,2026-01-17 13:21:20+00:00,10,22,Fitness,270,,,
l_vIP5RLkyg,6618,0,0,UCVV4zY9dgs-sE3_emv3xX9A,FitZen Yoga 2.0,2026-01-21 00:35:01+00:00,10,22,Fitness,487,,,
vhBsHkgPV6c,3190,0,0,UCRv-_INRcwkR5TJ3Vh8H84A,Anjalikumari,2026-01-20 14:44:02+00:00,79,22,Fitness,581,,,
OU9ZSiqPVwY,6182,137,13,UCsEZeRF9Cn9nPaT0B5QWDZA,Orachusi Chinenye,2026-01-19 09:16:55+00:00,32,22,Fitness,386,,,
JoNOAtqmdRM,3859,0,1,UC-Z4mL25P5HNVdhTl9Yq7YA,Fear Shade,2026-01-19 18:25:00+00:00,32,24,Fitness,283,,,
cMXBIByCU2E,5991,22,0,UCsodUHq9L5KPgQOg7qnE79w,@ एक कदम मंजिल की ओर ,2026-01-19 06:42:37+00:00,7,22,Fitness,442,,,
7l_7v4b8jVc,4838,30,1,UCRW_Utlbxc9F3FWF7W3ouZA,Fitness sanu,2026-01-15 04:29:19+00:00,6,17,Fitness,3810,,,
_rJR0E_RekU,4473,800,74,UClb0iL6lA_TduAs_ik9TiSQ,Kaas fitness ,2026-01-22 01:50:11+00:00,19,1,Fitness,2890,,,
OFsHxutzVsQ,9257,0,0,UCuaUhw4942F-TiD5N9PL4rw,Workout Zone,2026-01-20 11:05:38+00:00,7,26,Fitness,39200,,,
0F20n9Y8D5k,1585,47,26,UCPBFHwoLNQui7tRdB5-seSA,Mallu Mom in Melbourne,2026-01-20 10:30:01+00:00,805,22,Fitness,7900,,,
TooUJeHHcUA,3093,82,2,UCOFD_XB71QPh7iPRiAQu1AQ,BeastMode Tiktoks,2026-01-22 00:30:21+00:00,17,17,Fitness,18500,,,
kEoKWp1v08I,6679,84,1,UCchBPm8rkAbyxIKOYmSafjQ,Active Life & Wellness Club,2026-01-21 08:30:24+00:00,7,24,Fitness,2130,,,
hsCWkklLXxU,3114,74,1,UCoFNpgCC93n56-7-ywyk4HQ,Ethee Franklin,2026-01-06 05:07:57+00:00,14,22,Fitness,844,,,
9CfB5qauFXc,7188,118,5,UCNCtWKts-e2hhF-_ojm7zUQ,TappBrothers,2026-01-19 16:40:41+00:00,51,26,Fitness,1200000,,,
4U58Rp4grIk,3725,40,0,UCchBPm8rkAbyxIKOYmSafjQ,Active Life & Wellness Club,2026-01-12 06:30:02+00:00,6,24,Fitness,2130,,,
dikZ-XN9lv4,1234,9,1,UCbksADKC9RMcBFOslqsghww,Eze Vitus Chinonso,2025-09-29 17:23:20+00:00,48,17,Fitness,1980,,,
c8LdTVYlaM0,8927,504,8,UCPG8CxOlWesGSPlKRR8B3zw,Grow Young Fitness,2026-01-19 16:31:36+00:00,29,22,Fitness,387000,,,
DJCoTELQ4cQ,2825,0,2,UC1hbphwyHph0mVFOYn0QtkA,Ankit yadav FitLine,2026-01-21 02:00:00+00:00,7,26,Fitness,750,,,
W1oFQqAnezk,1126,7,1,UCI7hZxq9Xf3aQNb14CuDq6A,Deepa fitness ,2026-01-20 05:23:25+00:00,10,24,Fitness,42300,,,
RMPm_n9z7mc,1246,23,1,UCbksADKC9RMcBFOslqsghww,Eze Vitus Chinonso,2026-01-19 16:02:32+00:00,10,17,Fitness,1980,,,
Od6yy7w5UWM,624,18,0,UCYn_Qw3zIgMGhQVTABlG8ig,Darius Sevilles,2026-01-20 06:21:11+00:00,45,22,Fitness,2970,,,
cZ3-kMVxoKU,1670,14,0,UCr4HilxSnxmS9Pz1fYWD11Q,mukeem@90,2026-01-19 14:09:09+00:00,14,22,Fitness,37,,,
iqlKP1g9oeI,149,3,4,UCpz5rWj2qCpvL4y6_thHNjg,Explore and Discover ,2026-01-17 06:18:36+00:00,20,24,Fitness,237,,,
_ubyRtofCCU,894,14,0,UC_wCZvYREsamFMfd39BwFtA,SANTOSH FITNESS SERIES,2026-01-22 12:30:51+00:00,11,17,Fitness,396000,,,
SdUmBM9GOGs,36,3,0,UCnY28d0wvlHZezTmxkez5wA,ZenofitX ,2026-01-20 14:59:02+00:00,15,22,Fitness,51,,,
VX8-aBetlck,8373069,238259,1450,UCdoDYkupTElV62K7ttA_E4w,TechBar,2025-10-22 14:30:32+00:00,73,28,Technology,5660000,,,
HI7XvaqtKe8,6547219,0,438,UC8SFy66JbVwPcYhvplWPm1g,Mahadev Tyagi,2024-11-27 05:30:12+00:00,53,28,Technology,609000,,,
uNHhc7gH9Cs,10570349,249645,1324,UCi7wDE2ZTiR5QYYrUY5WhtA,CarterPCs,2025-09-23 21:12:29+00:00,27,22,Technology,2070000,,,
PtyLfEo7yJs,8891140,490091,4934,UCClfFsWcT3N2I7VTXXyt84A,Salem Techsperts,2025-09-12 14:10:01+00:00,72,28,Technology,2450000,,,
gkJjEQmPPPM,4128012,265003,1560,UCMiJRAwDNSNzuYeN2uWa0pA,Mrwhosetheboss,2023-11-17 15:39:03+00:00,47,28,Technology,22200000,,,
kjNsf7aro10,4707459,117163,692,UCS261lQDXjMvc8Jck-2CQEg,Gyan Therapy,2025-07-09 11:02:29+00:00,57,28,Technology,4050000,,,
RvP-uVNwnXo,3471835,86628,2374,UCBJycsmduvYEL83R_U4JriQ,Marques Brownlee,2025-11-21 19:00:50+00:00,1014,28,Technology,20700000,,,
Y9JF_yYTNlw,3054417,101800,6263,UCMiJRAwDNSNzuYeN2uWa0pA,Mrwhosetheboss,2025-12-11 14:32:48+00:00,1291,28,Technology,22200000,,,
BBNjthn8O9Y,2389029,41879,1717,UCXUJJNoP1QupwsYIWFXmsZg,Tech Burner,2025-10-05 16:04:54+00:00,1011,28,Technology,12500000,,,
ZH2XE_vBD2Q,4152362,54290,342,UCOM7M4FxgLLQQlK7GgfvV8A,Technical Adda,2025-07-04 05:17:54+00:00,23,28,Technology,38900,,,
knZQ2eEfitI,3422071,56487,512,UCuVQmkiETvqmLviDcBtQw4A,Nothing,2025-09-16 15:01:21+00:00,36,28,Technology,1220000,,,
jtZYIEHOs_g,751304,33775,360,UCxVjtTQJ1oFkQ3iGhOngU3g,Techy Pathshala,2025-11-19 03:33:42+00:00,58,28,Technology,1540000,,,
qLr0ZTEBtrM,265749,10115,1033,UCuVQmkiETvqmLviDcBtQw4A,Nothing,2025-10-31 14:01:29+00:00,662,24,Technology,1220000,,,
HzUcUasDRfc,403931,11172,309,UCuVQmkiETvqmLviDcBtQw4A,Nothing,2025-09-26 15:00:39+00:00,46,28,Technology,1220000,,,
FV1yleJWkQY,86758,1917,0,UCww7CkBIDir0MHvXU9f_29A,Parvez Mobile Master,2025-03-06 12:30:23+00:00,57,22,Technology,16600,,,
v1ArEN0BRAQ,149193,1109,13,UC3BgIjx9ko9PjvrF1ej_13A,TECH AMIT ,2024-04-07 12:07:07+00:00,9,28,Technology,2610,,,
1ffhTJlcuag,75454,1760,20,UCp4P9ONE9rXE2z2hSFMM5Ww,ReehuTechie,2024-08-13 04:58:13+00:00,12,28,Technology,9200,,,
kusVjvUo9q4,63703,1208,32,UCLnIjhwjpGtFY6XHDZ-LpCg,Kieran Berry,2023-05-20 18:00:15+00:00,34,24,Technology,548,,,
cTKS5PR2zVk,103790,851,0,UCUxofTiQ3P1iC1lhuZW-KBQ,TechTRENDZ,2026-01-08 08:25:21+00:00,20,28,Technology,39300,,,
ZOLd-9rtiq0,86490,594,14,UCcqej8M5rpmPYQLe4RloE9w,prouser526,2025-08-09 08:26:40+00:00,17,22,Technology,261,,,
UQfWV3rIknQ,48049,58,15,UC272WCHi8rgJaW4C0e3zvpQ,JEDIJA,2025-05-09 14:19:23+00:00,460,28,Technology,6510,,,
aCLLMhuPD-s,61426,2201,10,UCrldy73PDXhPciL7Cd1HPFw,MoneyyApp,2022-12-12 13:30:20+00:00,57,22,Technology,735000,,,
nYqZiZ24Cjo,67217,3472,75,UCCiGY0qGJ6ArOh8FpwgmxJQ,ryan,2026-01-13 21:19:02+00:00,68,22,Technology,38800,,,
W8k8BcSg7IE,42539,733,31,UC3vO__6yaOqylwhqnZtn80Q,call me GD,2022-02-25 08:42:04+00:00,42,22,Technology,1170,,,
UDPl09yOMYA,47997,872,8,UCXpIVRiyfsMB2aXXn2yq6LA,Digit,2025-08-26 07:08:54+00:00,52,28,Technology,334000,,,
CdFBfWU550Q,30712,1262,13,UCGnOd7DTqSc5xk9q9fGyceA,SKS Guru Gyan,2022-12-14 14:06:06+00:00,25,22,Technology,913,,,
YCKR-7BJxUQ,56299,522,8,UCui0204qDxWccAiwZx7n2Pg,chiku_Kumar_72,2025-11-10 04:09:42+00:00,17,22,Technology,1440,,,
X6wjJ2-eCoQ,38414,0,9,UCH77Krz2g0tHpJsXbAssdxA,FANCII Benzo,2024-10-20 17:02:33+00:00,59,22,Technology,3660,,,
rDCGqiB5D3E,48690,2741,95,UCCiGY0qGJ6ArOh8FpwgmxJQ,ryan,2026-01-14 21:30:01+00:00,65,22,Technology,38800,,,
Ha-NjvEi5-s,41205,1481,93,UCEjOSTwjqNVxVKPnmi8BNyQ,Zoytec,2026-01-18 20:10:43+00:00,104,28,Technology,74800,,,
dYUAzwUSC7Q,38628,112,6,UC272WCHi8rgJaW4C0e3zvpQ,JEDIJA,2024-10-18 15:42:44+00:00,22,28,Technology,6510,,,
OonCtGs5LKg,38446,2763,131,UC6aGUUSw66uqr67cTHT7_6g,Maskmantoys,2025-06-30 11:00:42+00:00,47,22,Technology,4790000,,,
by_X_SPK3Do,22076,643,9,UCuHkd50AMPjL3-tiy5-ZDoQ,The unboxing king,2023-12-24 01:49:24+00:00,24,22,Technology,595,,,
8ZDZqT6EpVs,31390,1886,62,UCCiGY0qGJ6ArOh8FpwgmxJQ,ryan,2026-01-18 19:18:39+00:00,64,22,Technology,38800,,,
aLpKlDCSGFk,22375,530,25,UCji3hiBgpU1FfC35sTMltzw,Tayllor Lloyd,2023-08-12 17:56:11+00:00,58,28,Technology,37300,,,
ATL2vUQs6uY,17219,409,1,UC9p4dhCBmP5g8bojFZcLY2w,Unbox Mob,2024-06-12 16:04:18+00:00,55,28,Technology,4900,,,
pJTmH8yWzCI,28769,2860,105,UCHFij8cWpb0JgTpfLe0AYTQ,Duduxzin ,2026-01-20 15:06:59+00:00,62,22,Technology,42600,,,
cSoR0iWv4Oo,16086,557,0,UCL4F69IGyAB6LgAj5Dg_cnw,Nooruddin Shaikh,2024-07-12 10:18:52+00:00,19,22,Technology,7390,,,
ryTzZHbnzuI,19573,254,11,UCLdFtb2B3hwhcwLHYTJmXoQ,Nexa System,2023-09-13 12:30:49+00:00,36,28,Technology,57800,,,
tUExRjxpWv4,26827,0,1,UCOJYy6mtdJ_8YYAE_PhfVeQ,DoYouKnow_Telugu,2025-06-02 00:30:44+00:00,46,24,Technology,38000,,,
X06fOdVHLaY,19185,448,42,UCF-uGjlhuTZwdXGdeqMaPBA,Techno Jwala ,2023-09-05 07:41:12+00:00,43,28,Technology,140,,,
M8ixLr5u3xI,22833,184,5,UCfPiyiQGykvqBUVHH6CRlTw,Adarsha Ghosh,2024-12-15 17:13:26+00:00,40,22,Technology,623,,,
zOFgKC4iYq4,30423,419,4,UCDKnJWrGEdyNoc868aztREw,Harrison Niap,2025-08-08 16:03:24+00:00,17,22,Technology,24500,,,
hWn1apqUUdY,21274,0,0,UCesxW1qkw7GRY-T7ni8KnGw,Tech world,2025-07-31 15:56:59+00:00,19,28,Technology,576,,,
TZCEdabAv-g,13735,145,9,UCya42Vx8JQYZZ7gohNIRNKA,Technologia,2024-05-16 07:52:02+00:00,12,28,Technology,37500,,,
Blz4VUCFmZQ,20774,711,13,UCAQpvfptgfkFuFJI2_fmveA,IPO Review by Groww,2026-01-14 16:15:01+00:00,100,27,Technology,57600,,,
hzr91943Dms,13049,343,2,UCvSulBtx-EonEYdcg4AVEGA,Sakshi Tiwari,2024-06-15 06:33:26+00:00,29,22,Technology,3380,,,
ZXEY92USmKs,12950,407,4,UC27X7LwzT302GsPElzv9d0A,Nitesh Tanwar,2024-03-02 09:18:51+00:00,11,24,Technology,399,,,
FBbgTVJ7w7w,12905,456,112,UCElpRuEtQQ3FA_wSRjAVszA,Nate Dogg,2024-12-29 16:06:00+00:00,19,20,Technology,11100,,,
AcTFFXj67Cg,16198,270,11,UCzFcmsnTenuIb1gjQzZcuzA,StockBox,2026-01-16 13:35:36+00:00,104,25,Technology,15500,,,
On-pusiKzsk,11358,261,0,UCJRhzXHFswm9VbTItsbtFDA,Balaji mobile ,2025-01-13 05:16:37+00:00,15,22,Technology,3930,,,
qi_0xFTfa6c,17747,418,13,UCU76086y7xxOyHFec27dHUw,Alim Lalani vlogs,2025-06-27 07:19:03+00:00,58,24,Technology,801,,,
60IBQETgaIM,20369,218,13,UCF8e8zKZ_yk7cL9DvvWGSEw,Edmunds Cars,2025-07-04 13:00:20+00:00,26,2,Technology,589000,,,
lDiWuhha62Y,14328,134,8,UCDljKDjhUuWlgk2rXwxLbdA,Fit_wid_shubham,2023-07-30 07:54:47+00:00,20,22,Technology,1220,,,
XB8BGH27vno,9803,136,0,UCgSmJdlvkqdn0ZjAHIsNArQ,Low Cost Mobiles,2024-03-03 18:30:32+00:00,10,28,Technology,34,,,
bc0OavYyo7o,12495,0,27,UCgK_P36a4HQiiBEXBoptbXA,BeamAviation,2024-06-02 23:46:28+00:00,58,20,Technology,1680,,,
FRRhCPTwuiM,9632,378,3,UCAwGNRiy8yA5TBqnps-9NwQ,TECHNICAL JKS,2022-11-29 03:29:14+00:00,15,22,Technology,134,,,
Qxm9pUmpV6w,10783,565,10,UCSMfPXbRYUFavx41Ptt_yQw,Prapanchan ,2024-04-18 08:25:52+00:00,60,28,Technology,1080,,,
HXYCa7IRCKo,11581,188,3,UCsusNwq_ka3U-F8Rpa7-ubw,Investment Diary ,2025-09-30 07:31:55+00:00,122,27,Technology,7170,,,
MZ3k4z3H9Jg,8801,185,7,UCAQpvfptgfkFuFJI2_fmveA,IPO Review by Groww,2026-01-17 04:30:13+00:00,793,27,Technology,57600,,,
8BW9NUeB60g,7659,298,11,UCF6Q2O1-YBHek3r-AjH1cag,Assetyogi Wealth,2026-01-16 13:57:23+00:00,603,27,Technology,15900,,,
r14RVjlb_Ds,8264,124,9,UCPKtloUIP_HE6zkdeuZ5GAA,The Bonus,2026-01-21 09:30:26+00:00,552,25,Technology,1010000,,,
DHDDUmNL6Ps,9073,0,16,UCZIBrb9AnYYiZpLM_rnMpiw,AutoficionMx,2024-11-08 20:25:55+00:00,55,2,Technology,16500,,,
jdj8o92pJdE,12340,0,5,UCYZWCSLvxmwPxZtH1K3qTrw,Techi Aadi,2026-01-20 16:35:03+00:00,12,28,Technology,14800,,,
xZSdAh4wwCc,9595,111,2,UCHUgiTSumLiB6LuQJAhBmOw,AfroBawa,2024-12-11 14:36:12+00:00,21,1,Technology,3430,,,
45axLG2XcvQ,6828,231,36,UCrC0kfVcrUHAR1sTXi4ZGkQ,Sandeep Jain,2026-01-20 13:41:27+00:00,364,22,Technology,105000,,,
2D7OtXZp3DQ,9758,105,4,UC272WCHi8rgJaW4C0e3zvpQ,JEDIJA,2024-11-30 03:25:26+00:00,45,28,Technology,6510,,,
4FJwld3DgRY,7876,153,3,UCm3QK_QNta9Mue2Q70gtzVw,Android plus,2024-12-26 21:17:13+00:00,12,25,Technology,2660,,,
sIpGnYmzSi8,7044,105,23,UCaa-gKLvOKx01eMycxzvuOQ,Didjax,2024-07-24 07:38:42+00:00,51,28,Technology,2950,,,
oiA9SypR9oo,5919,140,22,UCbK1rgwHL8ms5uD5dVfl7vA,Ajay Singh Rathore,2026-01-17 15:20:03+00:00,504,27,Technology,34500,,,
LmhVdv7xyrY,9718,145,7,UCZ4ogyPl8D91_JMbojj7-Sw,Amk style,2025-09-19 14:44:46+00:00,19,20,Technology,242,,,
Sk-1kr-Z3OU,7250,126,7,UCSJfBkLBzvFmY075nSdA-5Q,Vasu Luthra,2025-05-10 08:06:46+00:00,139,22,Technology,510,,,
NFDV6PCLHQQ,4506,123,0,UCBTLMhg55OtgXsNtxqWN7OA,EXPRESS PIDDI,2022-02-25 16:46:35+00:00,14,22,Technology,1170,,,
pBwNgaJT0d0,61571,209,7,UCaPE_5GAYS-ZcWveRJon-UA,cam_pz4K,2026-01-13 02:00:55+00:00,21,20,Technology,45,,,
4nTnbXKJXsY,5517,345,28,UCQFOJ5KDb7lxuuhZAl_vDrg,Tech SAI,2026-01-17 06:46:38+00:00,92,28,Technology,347,,,
6zpiqWjEhyM,7266,105,9,UCl6JXplEkpB4tfbBC_S6PNA,Ogenius,2025-11-02 08:22:56+00:00,140,22,Technology,1880,,,
txTVEOlm7Go,5471,50,1,UC272WCHi8rgJaW4C0e3zvpQ,JEDIJA,2024-05-08 00:50:06+00:00,24,28,Technology,6510,,,
WiCLlrKpFNE,5606,90,25,UCqwc2P4fYR3eBZJG5MAgDAQ,Tech. D. Luffy,2023-12-25 06:31:08+00:00,45,22,Technology,43,,,
P9Hjm4rmnMk,4224,159,37,UCjQaaX0tWuKP_Ws48WEAQzQ,Market Investor,2026-01-15 01:30:19+00:00,394,27,Technology,2080,,,
exN9GjhvqRw,6934,71,2,UCI-tskeogv7VXg5OXgeO_QQ,Point Two,2026-01-20 14:13:17+00:00,41,28,Technology,47,,,
FOk3Y1AV7DE,3814,123,9,UC5Vf6HlMIji896FiHdC0A8A,CA Pradeep Rajput,2026-01-15 12:30:31+00:00,480,27,Technology,25100,,,
sqs_4mcmkqA,4069,225,14,UCfeVmO-2t8WQOHbkcVvVIbg,Yogesh Mantri,2026-01-21 09:02:57+00:00,464,27,Technology,44600,,,
ckEOHNlL3Jc,6500,76,0,UCWk_3fcHVFJJg8B1Bx2wSfA,Msapxp,2025-07-23 17:06:06+00:00,32,22,Technology,1630,,,
NFGT9zEt7w4,11835,0,0,UC3zlWFENAuXzb8ocHCNmMRQ,Swarup Dutta,2026-01-18 19:22:26+00:00,14,28,Technology,861,,,
_OeAAt4aIwQ,3632,65,9,UC2_F22sb5EPVPMkxY-yYgvA,Tech Bird,2023-04-10 10:54:23+00:00,51,28,Technology,103,,,
W1PeNStF764,3466,0,2,UCALLGdhs31WyRK6Xe_795vg,Next Gen Jayant,2022-12-23 12:38:39+00:00,7,28,Technology,5200,,,
sIn-DcrIegU,3783,111,3,UClsAcVJHRnshnMRNXn3rYJw,Mostly Unique Shorts,2023-01-19 11:30:24+00:00,51,28,Technology,7410,,,
t_Qz6OoNxig,3332,64,5,UCtBp5FUvxIQV-3Dn4K_43-A,Basic Gyaan,2026-01-20 15:24:25+00:00,311,27,Technology,1470000,,,
u544YhKF4cE,3450,77,4,UChmjpeSrsKtL841u3x9FN-g,Next Review,2023-04-12 14:24:00+00:00,28,22,Technology,1,,,
1NYwUtWozoQ,3784,42,5,UC5yJHLkoAZiakHb2edXoMqg,Osmosis Priya,2021-09-04 15:02:05+00:00,7,27,Technology,4820,,,
sPFwwlxd0zc,2885,108,0,UCuzmr5EwdAKHqAuKoY7zsng,Tech Domain,2022-09-21 10:19:43+00:00,40,28,Technology,916,,,
s_wV-crIsHE,2928,130,10,UCnJoHGrYvnnUe0iCw129gYw,Aniruddh ,2023-03-28 13:03:17+00:00,33,28,Technology,746,,,
8W-bHeFSGIA,3149,0,0,UC8Kntmbm_n8oeh1LuMe8N4A,Anubhav Raj,2022-11-13 18:30:06+00:00,15,22,Technology,121,,,
I7UlQ_U5vpo,3292,0,2,UC1sp1obvHhVhs5JKrX2tNaQ,Techy Tech,2023-03-22 06:47:35+00:00,46,28,Technology,33,,,
dSA6fx9Z3lI,5160,0,1,UCrwHdChkeK06ENkqEHulSxA,The Tech Haven,2026-01-20 15:46:34+00:00,20,24,Technology,13400,,,
wWrAU5e3FuU,5483,61,2,UC8idHpznmE0uyPwHXJOlscg,SHREE SHAYAM TREADER'S,2026-01-12 08:17:21+00:00,21,27,Technology,1610,,,
NUNqJaiKfuU,4626,101,1,UCgtHfpk-heAwUAPB-5zjagA,Best Latest Gadgets And Smartphone,2026-01-21 06:58:47+00:00,17,24,Technology,76900,,,
PvqUXywC3Ow,2962,34,1,UC272WCHi8rgJaW4C0e3zvpQ,JEDIJA,2024-05-08 00:51:13+00:00,19,28,Technology,6510,,,
G2MpLCSw1bc,2128,61,10,UCBC0Qqu3J4EIKLHBl94UcxQ,April Investments,2026-01-17 13:03:50+00:00,509,27,Technology,20500,,,
sIw-7Hn3Nso,1664,42,15,UCx5e1u7BX0aKwEj3sdYXdXg,Gadgets 360,2025-08-13 12:34:15+00:00,248,28,Technology,826000,,,
7KdPY0r1m_8,3586,0,0,UCi4hf6ru-LLhRBI_7X0Z_zw,Titu Tech,2026-01-20 12:00:54+00:00,22,28,Technology,3260,,,
UHSMJxfRdFM,1493,37,1,UCMWHz9ZxqzJSHbjZ3kYpg6A,Stock Market Tak,2026-01-21 13:08:07+00:00,411,27,Technology,167000,,,
_lLc-v_Ot5A,6365,409,4,UCeGHLFeoMLjQZJi1HT7-25Q,Isra Dt,2026-01-19 01:54:46+00:00,54,28,Technology,6240,,,
WZ_WZqbPdOc,10997,0,0,UC1cU9wJPYwKNUxGMRFHW2kg,FunnyShortsFactory-xy,2026-01-21 00:30:29+00:00,59,23,Technology,4370,,,
ItN8Sw6zZPA,2079,63,3,UCR4zRn0pa4Pb6ESWj1c7Gxg,Lusho,2026-01-17 17:42:26+00:00,56,24,Technology,5050,,,
E7y2cs_gbOs,956,13,0,UCIlUu260wDILGV_xIWEMzUQ,TECH WITH ROHIT,2025-08-24 05:46:20+00:00,156,24,Technology,924,,,
zQn-5Z3c9ms,1520,15,2,UC272WCHi8rgJaW4C0e3zvpQ,JEDIJA,2025-08-08 02:57:43+00:00,60,28,Technology,6510,,,
dNdtWZENgdE,1726,21,7,UCsxRA2E5BuyqHovp37lZa3w,TeqTeqy Akash,2025-10-16 12:55:47+00:00,177,22,Technology,9,,,
4CpSRtj7IC0,1361,0,2,UCgz1MP6IJcjn3aoDeAGRCtQ,Techno Treat ,2026-01-20 09:00:01+00:00,57,28,Technology,973,,,
svgAg6EqkDg,1618,37,2,UCQKzCa7uFt-gjuyXsk-zR5Q,Amit Kandpal,2026-01-17 16:24:24+00:00,83,10,Technology,34,,,
hpMqcO-5E6Q,1057,14,0,UCEV-fXuSEczayPJuqEFlGUw,Gadget Metrics,2026-01-04 06:30:34+00:00,74,22,Technology,12,,,
ujiKaTCbHes,1086,17,0,UCQwxSm6Zv8HePke73y5-e-w,AI Story Shorts,2026-01-16 11:14:07+00:00,31,27,Technology,482,,,
09_gwhsDluw,922,15,0,UCqNa6zeOgIwFhZOKbZzW2aQ,Suro Techie 🚀,2026-01-12 11:44:33+00:00,62,22,Technology,23,,,
aYbaKHL_AbI,1401,24,0,UCbZ-m4Ia4da0USex0C819Lw,SAMAR EDIT ,2026-01-13 04:20:30+00:00,23,22,Technology,30,,,
6Wz7ZuN_XTM,1379,23,0,UCReaD9-JgCOJeZiwLCLKMaA,Omprakash_singh018,2026-01-11 10:10:15+00:00,9,22,Technology,30,,,
JdkE27xp_uk,1370,35,0,UCC3R5RRL02Wj_4lepv4zeOQ,TechyBits,2026-01-17 06:26:04+00:00,34,28,Technology,324,,,
r6D1ycYYES4,919,28,2,UCLIdOLBlXjvFa34LPi9N0kA,Techweu,2026-01-20 14:04:53+00:00,20,22,Technology,2700,,,
eHHxLsu-NoA,1131,0,0,UCyQtzCTrDyVWjxUepIgZPFg,teem hand no 1,2026-01-19 08:18:00+00:00,12,22,Technology,43,,,
F66ON-1od2U,1117,12,2,UCZq5E6QsCyKu7e8qLPo8sMQ,AmulyaKarthik,2026-01-15 00:30:24+00:00,65,22,Technology,26,,,
mQa_F1w4rqg,1048,25,1,UCN2hhjagvm4nWo84NHmgOOg,gabrielthetaconew ,2026-01-21 02:13:58+00:00,55,22,Technology,72,,,
QC5M2867_MQ,3497,382,7,UC9a1fNpNdWRvyeqRGQy3sBA,Nexgen Harley,2026-01-15 06:48:46+00:00,58,28,Technology,75100,,,
LYjtNNc8KuM,1253,8,1,UCiXz4LD_1VdmxcpoDVvl_DQ,O_tech,2026-01-22 04:16:34+00:00,21,22,Technology,9,,,
2Awie9BKXUY,964,0,1,UCYzuCRjKzVBcZxzOxUryYQg,GioAvra_Tech,2026-01-19 13:02:29+00:00,144,28,Technology,803,,,
_Nnn1-fd2Fs,1187,11,1,UCsyiCgJftWUQ6Enxwon8Pyw,OCM Reviews,2026-01-19 21:09:35+00:00,96,28,Technology,16800,,,
NERKHI-EJg0,918,38,0,UCOI5SJMHDE5ec-YQZ9uaspw,bixbyvlogs,2026-01-20 07:10:31+00:00,56,20,Technology,133,,,
o4ZbVZEktm0,1372,48,0,UCKlGpGGkR8F3qxGujrAxB4A,KNOWLEDGE WITH PRINCE,2026-01-20 17:10:04+00:00,104,28,Technology,3350,,,
3eK_DO0e1p8,803,0,0,UCZ9Pw1NQCa3l5zImOFZU3EA,The Tech Knowledge ,2026-01-20 13:30:05+00:00,39,28,Technology,68,,,
R6gTfvzrsGk,1028,26,4,UCrWpkWrx9Ph8gx0oxPYJ7Rg,Bunch of Tech,2026-01-20 04:30:13+00:00,65,28,Technology,6480,,,
SsQeUDV9wPE,729,0,1,UCFqMkaVt39NwPAjymjiIORA,TECH DAIL,2026-01-20 01:30:23+00:00,38,28,Technology,290,,,
c2U4yV7yER8,1027,10,0,UCgTG0Qc0EBB6Mi9s7Tuusug,BIG TECH SPOTLIGHT,2026-01-20 17:36:31+00:00,34,22,Technology,82700,,,
VfbBNwbDPDQ,3070,489,3,UCls_uDOm2aY8LP8tP1Z4BOQ,Review Master,2026-01-22 05:36:47+00:00,129,28,Technology,39600,,,
ZXCs7u9Quoc,2718,214,7,UCVMpxgVy6eoMD8HrZa68K2w,Carlos Vassan,2026-01-21 15:04:29+00:00,179,24,Technology,2410000,,,
QpOKVaSIq-k,1824,120,2,UC3dZHM0o8Gb6raWHTpaXAhQ,Brucho,2026-01-21 20:08:54+00:00,53,20,Technology,28700,,,
WvV-mVDlgew,938,13,0,UCJwhneLZ1_5wJg7Tz3yrFnA,MOVESPEED,2026-01-21 15:45:05+00:00,39,22,Technology,121,,,
MG5AEbyV7V0,402,3,2,UCDswQmwC5AbiFR3Qm_gXlfw,kaushalfitness7778,2026-01-21 11:09:23+00:00,15,22,Technology,582,,,
lJym7ztHcH8,2533,207,4,UCMwthtk1Kkm6jBruDHKAI_A,JHawk,2026-01-19 15:31:37+00:00,135,28,Technology,109000,,,
rLTHFhVDVKc,48,5,0,UC5jxxAx8ZkjsfLWtI9-XVtw,Titan's Studio ,2025-12-23 17:32:37+00:00,90,22,Technology,17,,,
RJjGgh3DEyM,138,4,0,UCSceV7z8ji8c0DJKckGwJ8g,Tek ARAFA ASTOORY,2026-01-11 19:27:53+00:00,38,22,Technology,3,,,
RkGqVg66b3k,117,1,0,UCRP47SgWByb8rMfC4VpwfLg,sai naresh,2026-01-11 02:31:08+00:00,18,22,Technology,12,,,
L8OFEZPZ9CI,17,0,0,UCzcBZBS6gbVlOyHykM56Cyg,TechMind,2025-03-23 14:56:46+00:00,72,22,Technology,3,,,
z_kDtBLKr2Q,31,4,0,UCui0204qDxWccAiwZx7n2Pg,chiku_Kumar_72,2026-01-13 17:02:07+00:00,14,22,Technology,1440,,,
WeZoVxbCWJM,17,0,0,UCAIrd9GAPOMnn1PGCElqQRA,Skv gadgets ,2026-01-09 00:29:01+00:00,64,22,Technology,373,,,
j0WFBSaFBdY,15,4,0,UCugF0xB08nV2I4gLykNsezg,Crazy experiments boy,2026-01-13 06:40:02+00:00,42,28,Technology,24,,,
pqUCg6iwXBA,7,1,0,UCPiYxP2jM55oeLKvKSOVLkQ,Mobileboy ,2026-01-11 07:07:05+00:00,24,22,Technology,42,,,
rkZTtyI7LHQ,2,1,0,UC7jnU4iHLwbI74rgRNeDD_w,亗HanterLIVE亗,2026-01-12 15:04:16+00:00,16,20,Technology,53,,,
rhC-Z_Ed5-s,66,7,2,UCTa0jbxEI7UiS7pLrcYdvpg,BELAL Shorts,2026-01-21 06:13:53+00:00,24,22,Technology,410,,,
pGFmjFf4z9M,1,2,0,UCqrzT5gi6D3-OcyMW79QirA,SAPNS SAYRI  HINDI,2026-01-12 10:47:36+00:00,16,22,Technology,11,,,
9AG4n4r-zR4,1925,25,5,UCeuLu-3sLrT8289oPhlSdVQ,Racimbio,2026-01-20 20:36:10+00:00,51,28,Technology,18200,,,
WDLQMgGqi0Y,1,0,0,UC3VZb2ti0GDQCh9tk7agrRQ,TechyHub,2026-01-12 05:36:11+00:00,56,22,Technology,0,,,
0vDxwsGeo08,126,2,0,UC_QpVUpAiuYj9KZpfIX_tcg,The Technology Tinkerer,2026-01-12 22:58:20+00:00,46,28,Technology,54,,,
7HMD_BcoPfg,2,0,0,UC3VZb2ti0GDQCh9tk7agrRQ,TechyHub,2026-01-13 05:51:45+00:00,55,22,Technology,0,,,
Qe_dHjcRarw,1,0,0,UCQWWQGItM_0gON7SpwVE4Vw,Dexa ,2026-01-15 14:25:08+00:00,19,22,Technology,6,,,
oMUQNwzTFP8,2,0,0,UCQWWQGItM_0gON7SpwVE4Vw,Dexa ,2026-01-15 14:23:31+00:00,15,22,Technology,6,,,
Ky2Shgb-as4,389,0,0,UCZ6c-Q3ti4ROoqB8p92ucfw,ARSH YT 786,2026-01-22 10:32:05+00:00,19,22,Technology,11,,,
R1KN6mN0gZs,1,0,0,UC3VZb2ti0GDQCh9tk7agrRQ,TechyHub,2026-01-09 06:36:28+00:00,142,22,Technology,0,,,
o0Q5XqBRF2E,2,0,0,UCeRrDeyGfcouZjkvLLSnFlQ,Tech Fun,2026-01-20 13:59:00+00:00,54,28,Technology,3820,,,
isPF_3DIk6o,36,6,0,UCAj-WFq1Lx9mYhPw5Jtn6GA,BABUNA_SINGH_09,2026-01-20 02:00:00+00:00,13,24,Technology,312,,,
Es4R2-hwPfA,0,0,0,UCeRrDeyGfcouZjkvLLSnFlQ,Tech Fun,2026-01-20 22:30:00+00:00,49,28,Technology,3820,,,
p7HKvqRI_Bo,12483609,321413,20211,UCsooa4yRKGN_zEE8iknghZA,TED-Ed,2019-04-29 15:01:41+00:00,270,27,Finance,22300000,,,
f39oHo6vFLg,9413000,19805,0,UChF5O40UBqAc82I7-i5ig6A,Bloomberg Podcasts,2024-01-23 20:59:02+00:00,0,25,Finance,416000,,,
8A3s9WP_7l4,7097755,270172,5520,UC-CSyyi47VX1lD9zyeABW3w,Dhruv Rathee,2018-08-04 11:06:36+00:00,817,25,Finance,30800000,,,
jPI7ujTdtOE,24264477,552811,20068,UCIsotCCdTjStPCLyD9iBCCQ,Shruti Arjun Anand,2018-10-23 13:00:08+00:00,905,26,Vlogs,10200000,,,
LzpCldPiT0c,9330447,403593,14810,UC0QHWhjbe5fGJEPz3sVb6nw,Doctor Mike,2019-09-29 15:00:06+00:00,796,27,Vlogs,14600000,,,
wydZNJs1xPs,4400703,221376,1078,UCV-1IcZRrrBZFW4xzbOmShA,Varun Vasudev,2024-07-17 15:52:43+00:00,54,24,Vlogs,598000,,,
Qaek8-HwRvY,4474116,127789,704,UCgCAWRDocHJD32Arh7oa9eg,Real Khushboo,2025-07-16 16:50:00+00:00,56,24,Vlogs,572000,,,
KsfsxNF9ltc,2506917,46573,8667,UCENqBB_xNax3mLX_WGLf2Lg,Lauren Kennedy West,2023-06-13 18:13:44+00:00,1146,22,Vlogs,348000,,,
vowocP9zWD8,2261739,10696,7,UCJJ53lDxejaLLdAL0iRBNCQ,Cute Baby Yangyang's Daily Life,2026-01-21 14:01:33+00:00,8,22,Vlogs,899000,,,
3GF2uA22RSI,257943,9372,186,UChT0bE5RPVIrjqN1Qn_N7bw,lin💤,2025-10-25 10:00:06+00:00,438,22,Vlogs,92800,,,
OSD_FBzFK_8,94522,1844,313,UCNIwy_Q7EjUxLlsewfuhjgg,YoshidaAkari,2026-01-21 10:00:00+00:00,2662,24,Vlogs,999000,,,
MDpysQdhlSY,89321,2661,12,UCIncIAJqrw8z8ljbbKehMSQ,Chintan Khokhar Vlog,2026-01-20 14:15:04+00:00,55,22,Vlogs,352000,,,
XqXsE8Y3WDU,49420,2383,185,UCgRVJTM7NTbFWLZ1GaH_lHQ,Rein-daily life in Japan,2026-01-09 09:30:33+00:00,1193,22,Vlogs,29900,,,
Om6Mlvkulgs,48933,1530,249,UCjhAD2sapwYwEqAhYvNYSAw,takechu,2025-10-08 13:00:55+00:00,1111,22,Vlogs,107000,,,
L-RNJYJ76ZI,69553,4751,136,UCz7KUa6tuxfN3CfFo-ka4rQ,Abbas Daily,2025-08-31 09:28:46+00:00,52,22,Vlogs,77000,,,
YwyD29lbMmM,46689,3574,252,UCnMXbRupDg3mxvOiE35yoRg,Lou C.ルーシ,2025-12-21 13:03:30+00:00,2244,22,Vlogs,216000,,,
fdjuoLlLrIc,61856,1115,9,UC8hY_7yTMMTgQDgoef1zDQA,Glam Payal,2025-02-17 05:37:23+00:00,59,22,Vlogs,35600,,,
oo_niAwnK9M,39708,847,27,UCA2zoL0xXXc8mFfxBCuCzog,Monet Zamora,2025-12-28 16:01:18+00:00,1353,22,Vlogs,54700,,,
RP2zIEvAi84,39377,2541,75,UCnAU5I5d1jEPCMlCU0jz2AQ,Ginny,2026-01-20 14:55:32+00:00,744,22,Vlogs,126000,,,
EZp2aIdYDl4,38985,804,83,UCGdfzJIC-cRI3-p_pCglkmA,Tazridea ֶָ֢.,2025-04-25 08:00:06+00:00,321,24,Vlogs,3080,,,
Hxqvo0-zPBA,56073,3113,32,UCTZbP5fZmGLNXmb1RdYrJLw,Shikha Sharma,2026-01-04 06:30:21+00:00,45,22,Vlogs,115000,,,
IFC4Famec9I,29979,449,124,UCqWOeuVPLWRUuQseSU8ltWg,Simple Life UK,2025-10-22 14:20:59+00:00,1589,22,Vlogs,8130,,,
Dn63-T_nTIg,44886,685,35,UCL-LW86fWpQejgKbsoWrQqw,Mom-tastic By Shamsheera,2026-01-17 10:01:48+00:00,125,26,Vlogs,566000,,,
TLc6S0P73-0,27139,1032,124,UCbj8Nn5Jpj9PoG8Q2ehlV1Q,Tarab Khan Vlogs,2025-08-28 09:00:35+00:00,818,22,Vlogs,285000,,,
H8Ko3-Dy6Jo,34573,998,43,UCQAt4GOIPeZFgXHpFyvt9Vg,Seerath hameed 786,2026-01-19 06:30:09+00:00,58,22,Vlogs,16400,,,
ok9dC1A1LNM,34053,854,12,UCoTDRKO7KjEXmWhHfCpNJfA,Muskan Rajpal,2025-12-17 09:39:37+00:00,55,22,Vlogs,7410,,,
RvMlGBcqHEY,23425,1008,126,UCfRULe8m-_HfKElA_U-v0QA,Kitchen with Noonzay,2025-08-24 09:11:52+00:00,907,22,Vlogs,812000,,,
_Zpq2iZDx1Y,37127,858,35,UCQAt4GOIPeZFgXHpFyvt9Vg,Seerath hameed 786,2026-01-16 06:30:19+00:00,59,22,Vlogs,16400,,,
MRGgOyyK28s,37382,372,4,UCxnLm6FIohorBi4eGz2PyhQ,小可爱吃不胖,2026-01-16 09:30:14+00:00,42,22,Vlogs,117000,,,
VqtNGE6OvVg,23271,863,141,UCI-I30IJBfjJ0JmMhm4GVfA,Chris Must List RAW,2026-01-17 09:25:05+00:00,2250,19,Vlogs,39200,,,
Ju1ALStj_pw,51309,300,1,UCJJ53lDxejaLLdAL0iRBNCQ,Cute Baby Yangyang's Daily Life,2026-01-19 11:00:39+00:00,22,22,Vlogs,899000,,,
gqzQeL93NC8,39261,1447,23,UCoTDRKO7KjEXmWhHfCpNJfA,Muskan Rajpal,2025-12-29 08:44:09+00:00,64,22,Vlogs,7410,,,
znfI0D-S0v0,40773,0,14,UCSNDFTs15YCBKVpQH2PRSIA,Jikkus Mom in Japan,2026-01-18 13:53:45+00:00,30,22,Vlogs,228000,,,
jyl1ZoOfyS0,20030,461,53,UCBgI48u8xA5VrLcVwhlH0EQ,Harry Gill Show,2026-01-16 03:58:43+00:00,1638,27,Vlogs,190000,,,
DOKXDqAPxDU,45428,171,0,UCHdGfbhRcUPqRCiMxdyBfag,SPT baby ,2026-01-17 19:02:17+00:00,11,22,Vlogs,1870,,,
Y1UeGDgg2ho,41469,262,1,UCJJ53lDxejaLLdAL0iRBNCQ,Cute Baby Yangyang's Daily Life,2026-01-20 10:00:50+00:00,19,22,Vlogs,899000,,,
6sa1Ji3S3s0,32416,407,8,UCDC5FSk1GkWpYDnC5FEPbWw,Shhalini Chanchal ,2026-01-12 05:43:19+00:00,61,22,Vlogs,311,,,
kKPtV40EhoQ,19258,1208,163,UCCDXU_43IIkFb7qJcJei5cw,Mindy Minx,2026-01-16 19:12:02+00:00,1363,22,Vlogs,278000,,,
jUERq6fD7qg,28987,0,21,UCO5qqQ7I5hhtzZ6DKEn7XMw,veeru star vlogs ,2025-09-03 12:26:53+00:00,38,22,Vlogs,2350,,,
_eMii0UhusQ,16746,1133,341,UCJpFJ8HZRfEQ6M4tdKVXQYg,Jun's daily life in Japan,2025-10-12 12:01:04+00:00,1266,22,Vlogs,13900,,,
69L2n3GCz10,39979,313,1,UCJJ53lDxejaLLdAL0iRBNCQ,Cute Baby Yangyang's Daily Life,2026-01-20 14:00:08+00:00,12,22,Vlogs,899000,,,
fNa2hDqMnl4,16152,630,31,UCjdU8RRkbjSBFgTxQGLBA9Q,NISHU SINGH ,2026-01-03 12:36:29+00:00,566,27,Vlogs,13500,,,
u3nj-I8xOp0,22627,431,17,UC2I8CYuBE4tto_K45X7a9lw,Haseena yadav,2026-01-14 11:36:19+00:00,65,22,Vlogs,8380,,,
LR0I8Zu_CoQ,17330,0,138,UCPJZ-aDimJv88PtFzTXzAew,Lizz,2026-01-17 06:29:36+00:00,549,22,Vlogs,21800,,,
xK5q8PIS-E4,32015,276,2,UCJJ53lDxejaLLdAL0iRBNCQ,Cute Baby Yangyang's Daily Life,2026-01-21 11:01:42+00:00,15,22,Vlogs,899000,,,
sgnDPK0ojbU,21455,561,18,UCoTDRKO7KjEXmWhHfCpNJfA,Muskan Rajpal,2026-01-05 09:00:26+00:00,54,22,Vlogs,7410,,,
ecPJXf_YHJE,35986,170,0,UCHdGfbhRcUPqRCiMxdyBfag,SPT baby ,2026-01-17 19:02:43+00:00,10,22,Vlogs,1870,,,
Pmkitzj_xPs,33965,185,1,UCJJ53lDxejaLLdAL0iRBNCQ,Cute Baby Yangyang's Daily Life,2026-01-20 13:00:52+00:00,9,22,Vlogs,899000,,,
bBupX8g3Q_Q,11976,234,0,UCbStNHtlQRnxutFGMpyZAfQ,hema ki life,2026-01-20 09:25:06+00:00,888,22,Vlogs,1150,,,
u56m5x4Oy0o,23243,186,4,UCoTDRKO7KjEXmWhHfCpNJfA,Muskan Rajpal,2026-01-20 09:33:14+00:00,46,22,Vlogs,7410,,,
WB4OZ_yZJLA,68964,909,39,UCmcjTLXQLAY_803h9EPek8Q,GarimaaVLOG,2026-01-12 13:30:45+00:00,15,22,Vlogs,273,,,
jjylopuHbJI,10347,0,47,UCtnhUxDregQ0Nrr0Sw37mEw,Diya’s Digital Diary 🎀,2025-08-18 09:30:07+00:00,753,22,Vlogs,5050,,,
ZdMzcpwPWbk,27628,0,6,UCQ9K3Jc_FtQOUvZ-PxZuIVQ,Aarohi vlog,2026-01-20 03:53:30+00:00,67,22,Vlogs,46400,,,
ugzYbePAReQ,18060,492,12,UCoTDRKO7KjEXmWhHfCpNJfA,Muskan Rajpal,2025-12-22 08:50:14+00:00,61,22,Vlogs,7410,,,
OUTkX6erfwk,15675,181,3,UCxnLm6FIohorBi4eGz2PyhQ,小可爱吃不胖,2026-01-16 07:00:21+00:00,57,22,Vlogs,117000,,,
hWlBrAHVETw,16327,342,0,UCu7tLwRgOJi6yDC-vKjRJDQ,Womanism😇,2026-01-21 15:15:15+00:00,44,22,Vlogs,223,,,
OSfCMinLATo,13597,435,3,UCoTDRKO7KjEXmWhHfCpNJfA,Muskan Rajpal,2025-11-26 08:59:30+00:00,67,22,Vlogs,7410,,,
0VSdqiy7Oio,12823,261,14,UCoTDRKO7KjEXmWhHfCpNJfA,Muskan Rajpal,2026-01-15 11:43:16+00:00,48,22,Vlogs,7410,,,
KiFLqYyQIkk,13997,1169,5,UCZzX1noYlVDaeR8ETfAA5_g,It’s neelam vlogs ,2026-01-16 13:26:29+00:00,124,22,Vlogs,479,,,
Vr8dSyCMpNY,6245,101,49,UC7vNHvu7av8IZI4qVELPYTg,Daily life in England,2025-10-20 11:01:02+00:00,1134,26,Vlogs,1850,,,
FRl0arUxAN4,11848,152,3,UCMHIjBkMzr9PXxj_woCKxtA,Khushi Verma ,2026-01-19 01:30:11+00:00,75,24,Vlogs,9050,,,
pRvkSATqXSA,8968,147,3,UCoTDRKO7KjEXmWhHfCpNJfA,Muskan Rajpal,2025-11-29 08:51:58+00:00,60,22,Vlogs,7410,,,
IdIypG0CLLo,11110,175,9,UC_j-LCSsnGeoUasjqv1tODg,Shabana Eqbal ,2025-09-21 14:35:30+00:00,19,22,Vlogs,3350,,,
k3M4zCCGOLs,4690,948,82,UCdr5l_UBUQ-fxyd2pcdWEfA,Jenney Stephany,2026-01-18 14:45:14+00:00,1320,22,Vlogs,50000,,,
E_AloBohSMI,5578,196,16,UCS2s-IIyoVlCEFr8jvGsldA,佐野ぱんだ /PANDA,2026-01-20 10:00:21+00:00,1119,22,Vlogs,7430,,,
kyfHqFj9TGg,3782,162,36,UCxgNU33crBNI9joEm4Y_mXg,Eshin diary🍭🎀,2025-10-02 13:35:06+00:00,822,22,Vlogs,41500,,,
4YJ2Y6F-4FA,4074,189,29,UCDTW1YskS73xL1q09wTUm2w,What's For Dinner? 〜Yasuko's Cooking Diaries〜,2025-10-26 19:00:08+00:00,1097,22,Vlogs,12500,,,
1h4-yr-bxk0,3117,128,12,UCVZgBUcc4nWtZnhNiLgu0Zg,Mohit Musik,2026-01-19 04:30:01+00:00,522,10,Vlogs,6880,,,
g1lLcN7A54I,10418,45,0,UCWL2t7t8UcuN-tpIGqWu3dA,Gaushala Seva Sansthan ,2026-01-20 14:34:07+00:00,14,15,Vlogs,1140,,,
Q9KpUv6Tp7I,5574,106,3,UCoTDRKO7KjEXmWhHfCpNJfA,Muskan Rajpal,2026-01-18 13:59:25+00:00,64,22,Vlogs,7410,,,
vXPurhkBouA,3687,198,22,UCNRtQuVAqc18D5CD-pwtQbw,Nidhiinath study vlog ,2025-08-21 00:59:35+00:00,72,27,Vlogs,10500,,,
0m_b8hH6njA,1777,51,9,UCHBHP4GsdyAxpwHY6Vda9sA,Twins Vlog,2025-09-16 16:37:36+00:00,699,22,Vlogs,289,,,
ZyXH0rXK0oM,1882,146,20,UCoiHQzPwD8o6nMRrJ0YwANw,Ms. Amy,2026-01-21 14:15:05+00:00,1152,22,Vlogs,24800,,,
tu-5-X_8QNc,3110,92,14,UCzn26oarjfeFjj2FWuAKb4w,Pratima Singh,2026-01-17 12:47:32+00:00,41,22,Vlogs,519,,,
iUSuVRDSjYU,4410,156,7,UCoTDRKO7KjEXmWhHfCpNJfA,Muskan Rajpal,2026-01-17 11:43:16+00:00,50,22,Vlogs,7410,,,
tRknNq08iHU,15609,250,5,UC2jCsSb3cVnKm6q6q1g2A4g,Reshma's Life,2026-01-19 08:30:34+00:00,181,22,Vlogs,299000,,,
CX_fpBOqecM,2927,0,3,UCYLGBlVHgqb__506E8Ad7aQ,The Burner Vlogs,2026-01-18 08:28:21+00:00,58,22,Vlogs,690,,,
j6xu9rwXIK8,3940,68,0,UCQG-ip0u8Vr9L30xnJ6XY-Q,Altomari Emiko,2026-01-21 11:30:54+00:00,86,22,Vlogs,360,,,
6u-MIMLSSUQ,6367,24,0,UCOSO5WhPnSaLtrF1K-sA-pw,Ruhi family vlogs ,2025-08-05 14:14:02+00:00,115,22,Vlogs,1190,,,
j7ifKnse4JA,6706,241,11,UC0JhgiKCobkT3jUxfoDus_A,多乐麻麻,2026-01-21 11:00:56+00:00,44,22,Vlogs,191000,,,
xyq3309RLrQ,5973,191,1,UC0JhgiKCobkT3jUxfoDus_A,多乐麻麻,2026-01-21 11:00:33+00:00,49,22,Vlogs,191000,,,
8HulscRYGos,1815,28,0,UCTQNEEoyN6gY7PUT01sg_Xg,The Culinary Quest,2025-08-07 06:38:08+00:00,54,22,Vlogs,493,,,
CJ905BXBY2M,2951,0,4,UCXMp7CExXAsl8rkWCRMC0Dg,Shavox vlogs ,2026-01-18 10:30:12+00:00,24,22,Vlogs,108,,,
wQauNFa_Nqs,1602,32,2,UC0W-Z_M4cOzJ2sr8JXY8Jjw,Raghuveer Vlogs,2026-01-21 14:31:24+00:00,49,22,Vlogs,123,,,
jeDDgqc748g,1567,0,0,UCty4Uf-7uXRqlQStkoaiq2A,Divya Ki Baat ,2026-01-19 12:39:01+00:00,69,22,Vlogs,12,,,
qKF2c76SzH8,1357,56,4,UCUAqDkrRwaesndhIysqMaIA,Jiya sharma,2026-01-02 10:04:07+00:00,57,22,Vlogs,240,,,
uQKDG-ShH6Y,3224,0,1,UCmiWyROQ1cPA7TNQoLqsBBw,Chintu Rajsthani,2026-01-20 13:01:43+00:00,48,22,Vlogs,2710,,,
gEMBUrf9vS4,1861,31,8,UC9z3SYV9JtmOqXdLD9Y5GxQ, @kajalrana,2025-12-29 17:42:48+00:00,31,22,Vlogs,54,,,
WDmurCfL6eI,1909,63,1,UCZZyFzjC4eaeL-DGkUdE9xQ,Haidar Ali,2026-01-21 18:18:36+00:00,15,22,Vlogs,17000,,,
Exdj4IQdunc,2111,24,0,UC1BP8dDRZDzg4Uim90fjVXA,AnuVjVlogs,2026-01-21 12:32:47+00:00,67,24,Vlogs,1100,,,
i7GThY6auiM,1685,0,16,UCqj-uhC1UEOgjoHkh3nZ18g,Flourish Daily,2026-01-17 12:45:21+00:00,12,26,Vlogs,44,,,
8g7Y2CQcDIE,649,47,11,UCGRJVgY3II0L0PsQczuwZsQ,SHAIKH SAHAB AND FAMILY,2026-01-20 05:52:00+00:00,684,22,Vlogs,47800,,,
VdyFgyM43r8,1235,31,2,UC8g6uxmecwMVqw1yFTTFwQg,@kavitakathayat,2026-01-01 17:21:36+00:00,82,22,Vlogs,325,,,
M5SSJXWCx2U,1234,13,0,UCgrymU7Do3EOxQe4D9qBGdw,Proud Mom of Twins | Reet Sarna,2026-01-12 17:11:30+00:00,33,22,Vlogs,76,,,
8aSZXQyRiBo,873,10,0,UC6zwBC3z_RKHWuGVrJdof9A,Anjali Pandey,2026-01-12 10:54:38+00:00,35,22,Vlogs,12,,,
UhWkNepK5io,2120,21,0,UCQ-Ybua4iX_I3KW3yEPTMVg,xparida day ,2026-01-02 02:36:22+00:00,13,22,Vlogs,62,,,
jXMb3-EY3do,1043,157,30,UCr8Ls-eqTfnKtffF23VV5dg,GorlicBread,2026-01-22 01:01:44+00:00,394,24,Vlogs,19600,,,
jgsxvUJBWhc,507,17,2,UCWlN38PtnaB8e9PlPx0e2Eg,ゆうころぐ-Yukolog-,2026-01-21 20:00:00+00:00,2524,19,Vlogs,5910,,,
JbIbVjM2wGQ,2332,16,0,UC-dZXctotWwr_2mbnB-LGBQ,vibewithsaurabh,2026-01-20 13:49:14+00:00,48,22,Vlogs,491,,,
FYvAzpts9ak,1823,144,5,UC0z3zSqH8uj8kQeR52CuWiQ,Maya_daliy_life vlog 🙏,2025-12-29 17:20:31+00:00,12,22,Vlogs,78,,,
Cn27qgThpHs,1129,13,0,UCww82zPQmgO6DpYXlGfy6yw,Marry Curus,2026-01-21 06:28:01+00:00,20,22,Vlogs,74,,,
YU4tVuWbyE8,1479,20,4,UC0z3zSqH8uj8kQeR52CuWiQ,Maya_daliy_life vlog 🙏,2025-12-31 15:47:54+00:00,21,22,Vlogs,78,,,
2eQ_FWr7tqg,4992,174,4,UC0JhgiKCobkT3jUxfoDus_A,多乐麻麻,2026-01-20 11:09:15+00:00,51,22,Vlogs,191000,,,
oGE9oRAGd1Y,1234,0,2,UCVGcFDmBBHjeut4PGdz2orw,VlogerAryan1,2026-01-18 15:04:28+00:00,25,22,Vlogs,1770,,,
W1PuotsQaHY,1331,0,3,UC07a3osDgydUe9gpfyziXQw,Anuraggkevlogs,2026-01-18 14:00:13+00:00,37,22,Vlogs,279,,,
STBYJgZOLdE,2565,29,4,UCfy-owaIF1vCb69A9K1H7cg,Shalini Rahul Shakya,2026-01-09 01:59:32+00:00,44,22,Vlogs,102,,,
ZnmS87wL8xw,1408,0,17,UCxUzgi56zf_VCtSQdp8Vq0Q,Komal Kumaoni Vlogs.. ,2026-01-12 13:51:40+00:00,18,24,Vlogs,76,,,
9nH6ZV81SvQ,4085,53,5,UCmCHYSGV519-zEAvwy3dR6Q,upasana,2026-01-20 12:06:14+00:00,113,22,Vlogs,4420,,,
4RQy-Do2Pb0,470,58,23,UCvtN4RzkRqRujWN6zudOezQ,Kanwal's family ,2025-12-23 12:38:13+00:00,122,22,Vlogs,629,,,
kTdVmQUN9uY,1312,10,1,UCuFhCk2EtZ0oNKK_h64-8oA,Rohit Bagri Vlogs,2026-01-11 07:45:02+00:00,14,22,Vlogs,39,,,
Mlw640zOvOo,713,0,0,UCdhX7zsJkdvV0gs_ZExUIzA,Mydiary,2026-01-06 10:42:01+00:00,45,22,Vlogs,138,,,
DjSjRU9eSr0,836,8,0,UCQWskMRKNtyYKEpmA2g0zXA,AkhilNandha Official,2026-01-11 15:12:42+00:00,44,22,Vlogs,22,,,
ft8mLbSXXCs,600,21,3,UC1jpKh2tOSABqUtcAC7h6xA,official_aartibisht,2026-01-12 16:34:36+00:00,57,22,Vlogs,1080,,,
a-EZTJLeeoM,1047,0,13,UCv4cIQEbr1GfHKlh8fS7SZg,Meri shadi se jindgi tk ka safar 😍,2025-12-27 02:44:24+00:00,59,24,Vlogs,21,,,
PMY7JimgJPE,660,0,0,UChHs0YKUIyRL23AZ-NEYRFA,UnfilteredMedLife ,2026-01-10 09:30:18+00:00,20,24,Vlogs,439,,,
t5bihz7JExM,808,8,1,UC4-qcSIP4qAiKbJ_F-KDcSA,sivamfitnessmodel ,2026-01-12 12:07:30+00:00,61,22,Vlogs,216,,,
5KQJPipVhBg,754,35,10,UCr0WiwH7I8OXjDOlckGMB5g,Sarah Daily Life🇯🇵,2026-01-05 23:11:20+00:00,20,22,Vlogs,516,,,
hJvQ_aFgyws,1320,0,8,UCRhfARTOK4BUIrYjpCs8GMg,Aditya Tiwari,2025-10-30 12:07:15+00:00,24,23,Vlogs,1460,,,
hzWnD9YYSSo,709,8,0,UCgrymU7Do3EOxQe4D9qBGdw,Proud Mom of Twins | Reet Sarna,2026-01-11 04:17:43+00:00,138,22,Vlogs,76,,,
ALHyre-ofdo,267,10,6,UC0z3zSqH8uj8kQeR52CuWiQ,Maya_daliy_life vlog 🙏,2025-12-28 16:54:17+00:00,19,22,Vlogs,78,,,
MOgQ5e0bq-E,652,0,22,UCZR_Bu2zz6CJHJL6dFxZcng,simply shristi ,2026-01-10 09:31:10+00:00,13,24,Vlogs,84,,,
gDBSWaXTh5o,271,17,0,UCrL9g8jHvzKkxHa2wRKG37w,rani sahoo shorts ,2026-01-07 12:08:49+00:00,57,22,Vlogs,164,,,
vESjTVS7E0Y,236,23,0,UC0khL2pY_oXiaKRS5vp0MOQ,MS Desi 🇮🇳,2026-01-06 06:02:15+00:00,34,22,Vlogs,54,,,
c0mT_E7D8Ak,551,16,1,UCMetlMYyFOsSPXenCwtvWow,Vlogs Rishu,2025-11-18 11:17:12+00:00,27,22,Vlogs,3600,,,
kNnOgYhq5hA,248,7,0,UC804R-oFB7kYt7pAuJ9KtFQ,FUN STATION VLOG 07,2026-01-16 06:33:14+00:00,56,24,Vlogs,22,,,
HBSQflS2vno,22,3,1,UCl3ogs8MCxiUjPsZ2xYCW9A,Every Day With Arun,2025-10-21 02:30:13+00:00,717,22,Vlogs,54,,,
xapZm8Yzkhk,826,5,0,UCJJ53lDxejaLLdAL0iRBNCQ,Cute Baby Yangyang's Daily Life,2026-01-22 13:01:48+00:00,12,22,Vlogs,899000,,,
0OdGAyCp8fw,35,5,2,UCD0L1L4gfKod6yjj-nRdaPw,Meena Family funny vlog ,2026-01-18 15:31:37+00:00,11,22,Vlogs,44,,,
NcNzHAd_CWc,144,7,10,UC7TaeT9zdfVQu1h_dB_Zl8A,Rapchicknaina,2026-01-22 12:32:25+00:00,79,22,Vlogs,169,,,
6Xmo0nOzJVE,426,1,0,UCXjVszGrruExyAwIitgfGxg,SiddharthFSS (𝐕𝐀𝐍𝐒𝐇𝐑𝐀𝐉),2026-01-22 13:04:21+00:00,45,24,Vlogs,322,,,
CTC7LrUOCRI,163,2,0,UC5a850GC6ug9NhueWfB9HDQ,Bhuvi Vizhigal official ,2026-01-22 12:24:27+00:00,40,22,Vlogs,81,,,
9_WBQISVHnw,2307901697,2719637,0,UCK5Q72Uyo73uRPk8PmM2A3w,Genevieve's Playhouse - Learning Videos for Kids,2019-01-05 16:52:49+00:00,623,1,Education,49200000,,,
UMfsc47_09A,495133483,0,0,UCDExa93PiI4tz1V0VS5hIJw,Nick and Poli - Nursery Rhymes & Kids Songs,2020-09-07 12:00:08+00:00,228,24,Education,5390000,,,
irqbmMNs2Bo,50340112,695604,41887,UCBwmMxybNva6P_5VmxjzwqA,Apna College,2022-03-06 18:16:41+00:00,37927,27,Education,7380000,,,
rfscVS0vtbw,48284699,1111461,46049,UC8butISFwT-Wl7EV0hUK0BQ,freeCodeCamp.org,2018-07-11 18:00:42+00:00,16012,27,Education,11400000,,,
HXV3zeQKqGY,20356638,375178,11802,UC8butISFwT-Wl7EV0hUK0BQ,freeCodeCamp.org,2018-07-02 17:13:32+00:00,15639,27,Education,11400000,,,
ESnrn1kAD4E,15727830,184093,13580,UCBwmMxybNva6P_5VmxjzwqA,Apna College,2023-06-04 16:32:22+00:00,26304,27,Education,7380000,,,
BsDoLVMnmZs,14589473,350523,29860,UCeVMnSShP_Iviwkknt83cww,CodeWithHarry,2021-03-17 02:55:23+00:00,11472,27,Education,9390000,,,
vLqTf2b6GZw,11742691,268552,8077,UCBwmMxybNva6P_5VmxjzwqA,Apna College,2021-12-02 16:36:14+00:00,4632,27,Education,7380000,,,
Vl0H-qTclOg,11109871,184359,3239,UC8butISFwT-Wl7EV0hUK0BQ,freeCodeCamp.org,2020-10-28 13:09:30+00:00,8770,27,Education,11400000,,,
qz0aGYrrlhU,10559712,231178,6291,UCWv7vMbMWH4-V0ZXdmDpPBA,Programming with Mosh,2021-01-11 14:30:10+00:00,4174,27,Education,4940000,,,
kqV1woH5vd0,10541729,151416,4337,UC7LEEvPCzPAtHLbQeYuJo6w,RainbowGamerPE,2021-02-12 18:00:26+00:00,977,20,Education,795000,,,
YHSLkNzLuqc,10052025,281990,6955,UCrHDY6lrJ8NXCKxFppomr3A,Learn More,2020-03-19 11:30:08+00:00,13544,27,Education,2260000,,,
UmnCZ7-9yDY,9127949,184006,4949,UCBwmMxybNva6P_5VmxjzwqA,Apna College,2021-07-03 16:37:28+00:00,7475,22,Education,7380000,,,
cmR9cfWJRUU,8982314,114959,1473,UCpTi5sLZXyYVnQEyqM-2Kig,SourceCAD,2019-06-20 15:04:03+00:00,1057,27,Education,641000,,,
FJYgNUYUvZc,8068877,195095,10546,UCKU3N68Fo2B0RBL8LrqGeUA,Learn AI with Skill Course,2020-02-15 10:30:01+00:00,12589,27,Education,630000,,,
9zhvRNlcbEE,8111463,178601,6305,UCZhsAU2BvmRe11K2N2_CENg,markiedoesmath,2022-02-17 04:45:01+00:00,15,27,Education,162000,,,
iWKE8gtK7EY,7507581,109767,0,UCVrQ0C2k_zfzVlrhllvNHaQ,Penhaus Art,2022-08-08 16:09:03+00:00,34,10,Education,18200,,,
1jHvXakt1qw,7285796,63385,3807,UCjcQmKeifVUUH5s4E4OrMhg,Scratch Team,2020-11-19 20:14:59+00:00,304,27,Education,288000,,,
OX-iyb-21tk,6928108,219698,5389,UC3rY5HOgbBvGmq7RnDfwF7A,Rishabh Mishra,2022-12-24 05:45:00+00:00,4539,27,Education,515000,,,
HeHHqVVFQYY,6778412,146452,6635,UCCmQdMPztjKk_l82EdLtfWQ,Multi Plus Tv,2018-04-26 08:13:12+00:00,1738,26,Education,653000,,,
t8pPdKYpowI,6631811,167970,4018,UCdngmbVKX1Tgre699-XLlUA,TechWorld with Nana,2021-03-05 14:10:17+00:00,19890,27,Education,1400000,,,
JJ7hDeUYY3Q,16917918,248770,4041,UCyKeaEaELeBxOu5Z0TRVJhg,Raviraj Master,2025-05-02 13:30:22+00:00,46,22,Education,2260000,,,
F1Dv1aN9G1U,6122026,183967,3437,UC4iMgb53ktyDmHQbGFFKuDQ,GULAB GURU,2022-10-26 14:30:05+00:00,1609,27,Education,1880000,,,
5nxG0H2CDHs,6002576,100852,7025,UCPkctgt1mTeJWTGj4tq4dPQ,LKLogic,2021-11-23 23:20:30+00:00,28,27,Education,3180000,,,
fACEzzmXelY,5720701,92099,2122,UCTiyliqjYQm_xjXi065nQww,Presentation Process,2021-01-18 14:30:03+00:00,1244,26,Education,558000,,,
8hly31xKli0,5659816,148108,1956,UC8butISFwT-Wl7EV0hUK0BQ,freeCodeCamp.org,2021-03-18 19:48:53+00:00,19329,27,Education,11400000,,,
hb2bbfiNBXA,5275583,153373,2837,UCjJk212xU15y_NPYKuCsKQA,Ben Marriott,2020-05-28 13:00:22+00:00,609,27,Education,894000,,,
K3F580_nxqY,5119088,131989,2840,UClhuaOL76EwaL7mL_qaHL7Q,Basic IT Academy,2020-11-12 03:00:14+00:00,603,28,Education,908000,,,
EeiLMV81Ujw,4975593,138026,3355,UCTS6MKBP4KA7V4FQI-j9_nQ,Deepak EduWorld,2021-01-18 10:00:04+00:00,17657,27,Education,1270000,,,
_V8eKsto3Ug,4968222,78690,1843,UC8butISFwT-Wl7EV0hUK0BQ,freeCodeCamp.org,2019-06-06 14:12:38+00:00,7839,27,Education,11400000,,,
zUTZEk32tc8,4816764,40566,0,UCj7mFI8jm6bbPhJ-o0mQMpA,Tab Time,2021-12-01 17:00:14+00:00,1355,24,Education,140000,,,
JMUxmLyrhSk,4774291,89642,1000,UCkw4JCwteGrDHIsyIIKo4tQ,edureka!,2019-06-02 08:53:49+00:00,17571,27,Education,4430000,,,
ubmwp8kbfPc,4523032,89464,2717,UCfJT_eYDTmDE-ovKaxVE1ig,Kevin Stratvert,2021-02-25 08:00:32+00:00,1867,28,Education,4090000,,,
ezeM41vMXDY,4371450,125719,1790,UCgx8PiXOg7LMir3Tm2RLqfA,Micro Solution,2020-06-30 05:47:36+00:00,3078,27,Education,319000,,,
2HXwglVVKyQ,4973263,104929,967,UCZu7arpZtXYceHUPVrVT9xA,ELMA -Chinese teacher ,2021-09-14 03:58:56+00:00,16,22,Education,84400,,,
5wM0GCEFCic,4248019,147064,3183,UCf080waNXLQrLQ0roJR0Oaw,Computer Gyan,2022-11-12 11:45:00+00:00,4068,27,Education,1140000,,,
1SnPKhCdlsU,3633154,80322,5005,UCeVMnSShP_Iviwkknt83cww,CodeWithHarry,2020-02-11 03:48:43+00:00,9225,27,Education,9390000,,,
scfM20TKx2M,3593427,148108,877,UCqWCWFZ6nCqRdGGDy5_NDYA,Coach RAC,2023-04-24 12:59:26+00:00,36,22,Education,612000,,,
yWJp7gQqCQ8,3460898,73799,3292,UC0T6MVd3wQDB5ICAe45OxaQ,WsCube Tech,2022-08-22 14:00:35+00:00,11497,28,Education,4240000,,,
Jpv6CZm3rdo,3309840,73706,1698,UCMsxuWgLcCptDSShBmHtypw,ISHAN GURU,2019-05-29 13:30:00+00:00,1314,28,Education,1290000,,,
rHux0gMZ3Eg,3279143,54636,2261,UCWv7vMbMWH4-V0ZXdmDpPBA,Programming with Mosh,2021-06-28 14:00:31+00:00,3756,27,Education,4940000,,,
8JJ101D3knE,3244454,59600,1547,UCWv7vMbMWH4-V0ZXdmDpPBA,Programming with Mosh,2020-09-15 12:45:00+00:00,4153,27,Education,4940000,,,
VDDPoYOQYfM,3223834,59964,988,UCfJT_eYDTmDE-ovKaxVE1ig,Kevin Stratvert,2021-01-08 11:00:08+00:00,587,28,Education,4090000,,,
Nz1MI8nsFTs,3142952,86076,1910,UCZknyXD-6tETm9aN8GQCi8g,The Cutting Edge School,2023-05-23 13:30:09+00:00,857,26,Education,679000,,,
kbKty5ZVKMY,3011530,71076,1272,UC1bhYMFuSFREIQ5bgclLDkQ,Adam Finer - Learn BI Online,2020-11-11 17:09:30+00:00,1060,27,Education,136000,,,
GIqcZXtqh_U,2898203,96097,3344,UCE0HcS5Kgt5avBpeDMiRxLQ,Pride Educare,2018-08-02 16:24:46+00:00,636,27,Education,154000,,,
bju7lpVcKaM,2835976,74303,1925,UCa-sEIAlqi0C2KuS84MGGfw,Satish Tech,2019-11-08 06:31:00+00:00,2105,27,Education,294000,,,
g_jKTv3pLp0,2789414,34439,565,UCpTi5sLZXyYVnQEyqM-2Kig,SourceCAD,2019-06-20 15:04:08+00:00,1234,27,Education,641000,,,
OAqc8G67t1A,2908457,113633,1128,UCITRdg1QRLSgyKQCgqBYVig,Janhavi Panwar,2022-12-20 11:53:06+00:00,30,27,Education,2390000,,,
AlrC-XaKwew,2706849,42369,2267,UCO4Nw0vUpxgb0zsziJ1SaMg,Justin Brown - Primal Video,2021-11-28 10:09:46+00:00,994,1,Education,1870000,,,
DunMU8oY4lU,2563788,85422,2364,UCrHDY6lrJ8NXCKxFppomr3A,Learn More,2020-01-17 11:30:02+00:00,6005,27,Education,2260000,,,
1Y-Dg-Uja3k,2494151,66228,1432,UC4iMgb53ktyDmHQbGFFKuDQ,GULAB GURU,2023-02-18 00:00:00+00:00,22814,27,Education,1880000,,,
fHFOEnI8QaQ,2358286,49762,1430,UCE2q3AJQWnnsPLvwiVdU8xA,Tally Tutorial,2023-03-08 11:30:20+00:00,11595,27,Education,332000,,,
EyOD8CohvRs,2316546,25998,444,UCjd_zIvYtQymk0dPx3vTJcA,CAD CAM TUTORIAL BY MAHTABALAM,2018-10-06 11:39:25+00:00,719,27,Education,666000,,,
9EpnN7P3cVQ,2263389,44104,1132,UCSMsxXvvi-7XvygtsMWRBOg,Career Planet Computer Education,2020-08-19 11:50:50+00:00,1104,27,Education,1470000,,,
h1WdbfoHeac,2253203,40771,889,UC3Qe9c8dZqnjwcDD2vCZBKQ,PythonLife,2023-04-28 03:30:10+00:00,35034,27,Education,535000,,,
e5rW7qjd3BY,2250581,31177,480,UCM49GyZHNJOtv4ZSswMzy8A,Zumba,2022-05-13 17:57:47+00:00,692,24,Education,1430000,,,
gJjUYp7FLHA,2315273,49913,331,UCNDJ2HjcrvGZnGW72mOE0VQ,Vidya Connection,2022-02-03 08:23:50+00:00,31,27,Education,3840000,,,
R6u5EBWAssY,2209580,86475,618,UCh9nVJoWXmFb7sLApWGcLPQ,codebasics,2022-02-16 12:55:12+00:00,53,27,Education,1460000,,,
uyj_OljPlcU,1995293,33528,759,UCfJT_eYDTmDE-ovKaxVE1ig,Kevin Stratvert,2019-08-31 04:40:12+00:00,557,28,Education,4090000,,,
fr1f84rg4Nw,1932095,64672,1891,UCeVMnSShP_Iviwkknt83cww,CodeWithHarry,2018-10-11 14:26:32+00:00,1057,27,Education,9390000,,,
d56mG7DezGs,1922420,34708,953,UCWv7vMbMWH4-V0ZXdmDpPBA,Programming with Mosh,2022-05-23 13:00:18+00:00,3868,27,Education,4940000,,,
xyq4N0GC2bU,1923318,17785,362,UCIuttkZwigpfg1CfYS08ldg,PrimeGuide,2022-02-15 06:06:06+00:00,186,28,Education,257000,,,
gtGz4elezS8,1849525,42983,1536,UCApUMSkgDT8ayJZU8jBweYw,Endless Knowledge,2019-09-24 02:30:01+00:00,1120,27,Education,1070000,,,
Gh0qoV9TdBI,1814339,47896,3142,UCnRAMJhTu7s77QjkJcYpAcQ,JR Tutorials,2022-07-26 12:30:07+00:00,1758,27,Education,2270000,,,
6M5VXKLf4D4,1592380,25907,1032,UCsvqVGtbbyHaMoevxPAq9Fg,Simplilearn,2019-06-03 14:30:00+00:00,352,27,Education,5930000,,,
4PyxISDyGV0,1789014,61559,97,UCIJr9qiD_TtLgEcLxiRQTUA,Learn Basics,2022-04-21 11:28:08+00:00,49,27,Education,193000,,,
gOs6Mdj7y_4,1450436,12470,302,UCqKRlX8Pi6xg-lAAzkt3wfA,Skills Factory,2021-02-22 11:00:14+00:00,587,24,Education,514000,,,
zeQY2ScYmuo,1457964,128786,4858,UC9dyrsYEmD4iGJ8Oz1G5dpw,Dear Sir,2021-11-27 06:30:05+00:00,46,27,Education,21600000,,,
3JNQh6hyEXg,1342552,22640,666,UCTgIx37pJ-FpbegrhYOZ_vQ,Kyle Sinko,2021-06-18 11:30:14+00:00,2187,27,Education,141000,,,
TENAbUa-R-w,1324290,23345,623,UCfJT_eYDTmDE-ovKaxVE1ig,Kevin Stratvert,2022-11-14 08:00:11+00:00,2951,28,Education,4090000,,,
3RTqLQ1MaQU,1278471,35970,919,UCqyBfm_H9ugGirk1ufYA2YA,Learn Skills Daily,2022-08-23 01:01:33+00:00,22770,27,Education,1020000,,,
5Y3Q2e4U810,1259822,33605,1093,UCSMsxXvvi-7XvygtsMWRBOg,Career Planet Computer Education,2020-08-14 12:19:59+00:00,904,27,Education,1470000,,,
JsAcQsidyIA,1272020,45698,290,UCZhsAU2BvmRe11K2N2_CENg,markiedoesmath,2022-03-25 17:00:24+00:00,47,27,Education,162000,,,
YDA2ZOx-cCc,1434165,18366,386,UCZTqZV0W5gihQTiZzisTupg,"Susie Gronski, PT, DPT | Pelvic & Sexual Health",2023-03-25 16:00:36+00:00,61,27,Education,112000,,,
TvefCbe9s30,1236940,27223,875,UCY8msY7MJB7Rw37dxs7jvgw,XL n CAD Malayalam,2021-05-15 12:15:01+00:00,1722,27,Education,235000,,,
DiViSlmyHBM,1221328,13065,745,UC00MExfC3vuP9680IUW0jLA,Hector Garcia CPA,2022-01-14 19:43:45+00:00,13562,28,Education,327000,,,
MeKL_n6SiYY,1189531,14003,697,UCqyBfm_H9ugGirk1ufYA2YA,Learn Skills Daily,2019-11-29 17:00:11+00:00,7012,27,Education,1020000,,,
w7myTbYmmK8,1081219,28967,1437,UCf080waNXLQrLQ0roJR0Oaw,Computer Gyan,2022-04-30 11:45:02+00:00,2872,27,Education,1140000,,,
zpdMZK6LlDE,1081176,16391,526,UCFBi30B8oBGrl48RdxgIiRA,MasterSketchUp,2022-06-24 19:04:42+00:00,617,26,Education,158000,,,
_UWPaPer1MY,1021300,11890,658,UCqyBfm_H9ugGirk1ufYA2YA,Learn Skills Daily,2020-09-04 16:00:08+00:00,4704,27,Education,1020000,,,
7rLd3pL1hH0,1005376,4913,0,UCA7XR5JuG8bjPACU1YFB5iw,Cube Area FUN,2020-11-26 17:13:53+00:00,750,27,Education,19700,,,
dTp0c41XnrQ,1008049,28055,488,UCv6eC6SWlm6p_fPbCwSYTjQ,AmanBytes,2022-11-12 15:45:10+00:00,636,27,Education,44400,,,
POSNBF1K_xE,1246169,43421,191,UCW1qyE8JYj6aARBa9ZT1uvQ,"Malke Asaad, M.D.",2023-04-10 11:36:39+00:00,60,27,Education,97600,,,
eikR73_7w20,1477295,19483,203,UCXJhrvWgd1v3jb8X1SZfcOg,Suresh Aggarwal,2023-05-23 15:42:54+00:00,47,27,Education,330000,,,
jHzIGGU-Ph0,904132,18145,700,UCGYLHay7yEcoJGQidfaZsFQ,Nick Boardman,2022-05-30 11:00:18+00:00,2426,27,Education,26100,,,
B2mI--uy99U,897631,13518,0,UCNa2XVW-mWw3DG8fnvtSSdg,Edusquadz,2022-01-17 13:30:03+00:00,609,27,Education,243000,,,
we3b6ogUnJA,1093403,15563,21,UCIJr9qiD_TtLgEcLxiRQTUA,Learn Basics,2022-04-20 05:19:15+00:00,22,27,Education,193000,,,
NmMky9Pg8Yc,748139,6720,141,UCKS34cSMNaXaySe2xgXH-3A,Education 4u,2019-05-28 02:19:44+00:00,414,27,Education,951000,,,
Yt1y0JHYyzc,742699,17497,627,UCf080waNXLQrLQ0roJR0Oaw,Computer Gyan,2022-05-07 11:45:02+00:00,2317,27,Education,1140000,,,
rG_eHA3vN1I,737027,14935,492,UC30KMy77vMwgJ_O2HmS7JHA,Tutor Joe's Stanley,2021-02-01 02:18:23+00:00,38229,27,Education,533000,,,
WlOb8UVNWI4,737921,31439,296,UC5WrH0a9KI6i0D7OHNWYNAg,Dakang ,2022-05-16 10:19:21+00:00,55,24,Education,3430,,,
AFt4bRwRIyc,659616,16768,1135,UCo7vKaNRpQzOrY0IVvoztkw,Chalk Talk,2020-06-19 06:30:03+00:00,573,27,Education,177000,,,
3H4IVQejlDE,647240,4520,0,UCVQSB-SZUy3QakBMnemPOAA,Daily Trading Tips,2025-12-05 08:53:10+00:00,0,27,Education,69300,,,
n88dPg2GIQs,729972,22241,81,UC_-_MtdvcJC3m-STIvwLzgQ,Dream English Education,2022-09-02 07:00:58+00:00,60,27,Education,80800,,,
OVnII7vx-D4,711194,9328,0,UCnQVcJqxWaLoQoZS1bVs2DQ,Learning and Exploring Through Play,2022-09-03 09:00:11+00:00,11,27,Education,44100,,,
pSH9DVii1iM,1270465,16280,671,UCZhsAU2BvmRe11K2N2_CENg,markiedoesmath,2022-03-25 03:00:30+00:00,16,27,Education,162000,,,
BAkaxcscAPw,560854,4368,59,UCtECANr4IagLmwTNJLjMPEQ,GinnyxBeauty,2021-06-27 16:00:10+00:00,246,26,Education,35700,,,
DP2r4v_dWPs,694169,13176,153,UCPkctgt1mTeJWTGj4tq4dPQ,LKLogic,2021-11-11 23:28:14+00:00,46,27,Education,3180000,,,
IWYKfzx-M1E,527945,15270,456,UCrHDY6lrJ8NXCKxFppomr3A,Learn More,2019-08-27 04:54:23+00:00,3755,27,Education,2260000,,,
8OnWYTfx8GY,876448,11626,23,UCIJr9qiD_TtLgEcLxiRQTUA,Learn Basics,2022-04-19 08:43:03+00:00,19,27,Education,193000,,,
QXHuRxjcek8,497198,8722,304,UCugfZrsRFwE32HcHcLbUTAQ,Animaker,2021-12-30 14:49:57+00:00,1208,1,Education,187000,,,
jz3xkOBl5Tw,497433,1858,0,UCEc7koXK6HY4aOhw7u3N9Xg,Teacher Aya Online Tutor,2024-01-10 01:12:54+00:00,5655,27,Education,1480000,,,
KRXsAGEYrwo,494253,10916,544,UCdUNVXOCR2F8nzpjYGnBn1A,Programming GuruJi,2022-08-15 11:30:05+00:00,673,27,Education,133000,,,
sndPMzJHhbA,488273,8795,347,UCvcHrh4YSF56HDPAkyP4V3w,Online Flute Lessons,2020-09-16 12:29:30+00:00,648,22,Education,68600,,,
pHIyDSQFXFg,479490,6906,160,UCnDslcDrBIUhd5PcDM3BXTQ,TheeTube,2023-02-18 09:01:20+00:00,1534,28,Education,882000,,,
9DiPXgd-Zjc,784355,12200,0,UCX7A3ilu0F4j0nfK4FfZoLg,Fun With Hindi,2022-05-24 15:02:35+00:00,58,22,Education,5670,,,
u7ilc5KgrKo,512701,15475,82,UC76TbffoX3vr1XpnHacmGnQ,Online Teaching with Nidhi,2022-11-25 12:20:24+00:00,58,27,Education,263000,,,
_5Je78ztAWc,406054,4193,90,UCkaYLGPwWf4ANrhx6kKPVHg,Burn to Learn,2022-11-01 19:13:34+00:00,331,27,Education,25900,,,
Su4XdzqW09w,405288,10129,267,UCsEBnIRqUBcWOqXWS6_WeXw,RBE Revolution By Education,2023-06-07 03:30:14+00:00,3081,27,Education,1140000,,,
oNFiRSyiTCE,437673,8818,127,UCEAXQi1NM73KyCNNozI6jEA,Mondly by Pearson,2021-12-29 09:44:48+00:00,23,27,Education,529000,,,
J_ZTfYUh2p8,392645,13799,0,UCE0HcS5Kgt5avBpeDMiRxLQ,Pride Educare,2018-10-04 15:56:48+00:00,655,27,Education,154000,,,
V3Enem1SHKg,491714,22993,342,UCz1aZrCXVDCLk9vUFWMrspA,The Science Classroom,2022-10-14 15:00:19+00:00,60,28,Education,124000,,,
bqrDMyEsVTc,497142,31781,69,UCeRR3gl2xCB68ZO7O_z7cmA,Kunal Malhotra,2021-06-27 05:30:03+00:00,28,27,Education,1480000,,,
PVfkFD45hL0,376596,1500,119,UCs11kDx8jj5CU5XSCvTIkiA,Canvas Student Tutorials,2018-02-20 23:55:20+00:00,408,22,Education,3340,,,
2pu4onVRNPY,375381,12221,284,UCncDwfMDiFbh40_IIDH7Uog,Manavisuals,2023-06-18 05:22:18+00:00,1299,27,Education,116000,,,
3Lfs5fAc1bU,370001,3219,240,UCvxCGKv4WSq49LfNIfZEEtg,Lisa Crosbie,2023-02-21 11:30:34+00:00,2839,28,Education,106000,,,
oBaHatRNmLY,486423,9820,118,UCZhsAU2BvmRe11K2N2_CENg,markiedoesmath,2022-04-09 04:00:18+00:00,26,27,Education,162000,,,
Y7_ucipnYKQ,358865,2835,0,UCz4EZ4sjW1eXIahYr7S1rfA,Silly School Education,2022-01-11 13:00:30+00:00,277,27,Education,105000,,,
pT8HG2EeahI,347167,2141,0,UCEc7koXK6HY4aOhw7u3N9Xg,Teacher Aya Online Tutor,2024-06-21 04:12:18+00:00,3580,27,Education,1480000,,,
8L5kVBays24,337739,12678,283,UCWX0cUR2rZcqKei1Vstww-A,Harkirat Singh,2023-05-17 12:30:07+00:00,739,24,Education,596000,,,
DAWqcLRqMQk,540152,4650,0,UCKuOke3IVE2sG8hQCIm1Lfg,GIGIL | STEM Activities for Kids,2021-09-25 21:55:01+00:00,27,27,Education,16100,,,
lXalx9RLMlQ,342621,17035,110,UC7btqG2Ww0_2LwuQxpvo2HQ,ProgrammingWithHarry,2023-04-09 12:15:04+00:00,55,27,Education,277000,,,
azI-ENecvdE,314672,6437,403,UCri-InoRmyWOEbTqljDOBPg,The Flute Guruji,2022-12-13 14:50:00+00:00,190,10,Education,58500,,,
KoImNhX2QSw,364252,18535,310,UCFfplI9Nnvb2kZGLpDxs2tQ,Enjoy Math,2022-03-25 02:45:00+00:00,50,27,Education,41200,,,
pCPCibzTj84,330024,10742,156,UC6qYGx_P4jH6hwCW2wjAygQ,YoTricks,2022-07-17 14:00:26+00:00,59,27,Education,469000,,,
ydSdcxRokEA,541679,11589,68,UCs0oWh0CPnizJQ__REB2Yig,VRR Tutorials,2024-05-27 03:10:39+00:00,61,27,Education,482000,,,
DqVepBy0dfY,270565,5405,130,UCY8msY7MJB7Rw37dxs7jvgw,XL n CAD Malayalam,2023-06-17 11:30:05+00:00,1988,27,Education,235000,,,
3YWrLksIaAY,466269,3097,10,UCT_sUXRRaP8WzMG15xXptiQ,Promova,2021-12-23 10:22:06+00:00,14,22,Education,195000,,,
QishJJqHd7o,472857,2749,0,UCMrcaRVxJJkDZho0E1e6mYw,Meemak Academy,2021-12-06 16:08:33+00:00,20,27,Education,54700,,,
uA2gq2414Rk,261115,17185,62,UCh4f3NyOzqGwZfwTSX78QfQ,PW OnlyIAS,2022-03-24 15:05:38+00:00,58,27,Education,1990000,,,
aPNKGSCoTgM,249715,2088,0,UCEc7koXK6HY4aOhw7u3N9Xg,Teacher Aya Online Tutor,2024-06-11 01:27:21+00:00,672,27,Education,1480000,,,
ewLMmYmCueY,244095,4715,114,UCZhsAU2BvmRe11K2N2_CENg,markiedoesmath,2022-04-16 20:00:18+00:00,29,27,Education,162000,,,
Wy1epDhSJy4,270830,10063,222,UCtKb4XNb_C8DHdlUXqDy-gw,Nicholas GKK,2022-01-01 05:49:14+00:00,60,24,Education,135000,,,
HtNV_WAjOrE,237207,0,0,UCqKVhpbNNQav_lU9m8pm9ZA,superb study 📚 & facts 😉,2021-08-19 05:00:04+00:00,60,22,Education,11700,,,
hthnvopfLCw,216179,2029,68,UCqyBfm_H9ugGirk1ufYA2YA,Learn Skills Daily,2023-05-31 14:00:34+00:00,6149,27,Education,1020000,,,
h3xQsCpT3Zo,212609,5420,14,UCL9SviT6aaAQtS6m8ptrpng,Janus Academy - Learn Chinese & Japanese,2022-06-04 16:00:17+00:00,37,27,Education,85600,,,
lQhWekj2jak,434181,2598,0,UC0_B5qoFp64gO3AbxTkJJtA,Toddler Zoo - Nursery Rhymes,2026-01-14 15:30:29+00:00,29,10,Education,2970000,,,
idUH2fZpO54,216073,11338,71,UC_ltCdLVMRZ7r3IPzF2Toyg,Najam Academy,2023-01-29 13:22:41+00:00,59,27,Education,1130000,,,
Xdz3Diy7Prc,198515,8566,78,UCMjf6P1rYTP2S_WX-9rqACg,Learn4Exam,2022-07-05 11:17:49+00:00,53,27,Education,306000,,,
OD3q4lQaA-E,182338,3102,80,UCYUPLUCkMiUgiyVuluCc7tQ,Technology for Teachers and Students,2019-12-23 13:15:00+00:00,621,26,Education,1850000,,,
brgzTJwHIKI,166110,3449,114,UC63URkuUvnugRBeTNqmToKg,Sundeep Saradhi Kanthety,2021-11-30 04:30:09+00:00,5562,27,Education,671000,,,
qu_pRuJlYhI,166510,1577,235,UC-iH79-1cUC-uEddE6v6mSQ,Tutor Terrific,2018-12-17 20:00:05+00:00,1551,27,Education,5340,,,
KkQATIXBY5w,160427,2460,97,UCEaZ92FpOJX4aSYLN9Evj5g,GorkCoder,2022-05-16 14:40:47+00:00,6586,28,Education,21400,,,
T0dvLHYjizc,202832,7762,50,UCIV2qtwmgaAr7zLICGAUc8g,Crystal Greene,2021-10-04 15:20:50+00:00,59,22,Education,101000,,,
NjjBTx1ADwY,232364,2529,47,UCZhsAU2BvmRe11K2N2_CENg,markiedoesmath,2022-06-08 04:00:32+00:00,21,27,Education,162000,,,
52NjAAvxqXg,151645,1836,80,UCDWYbhR94ZYFUXd4NJvAHYQ,Kit Betts-Masters,2020-04-16 07:28:34+00:00,548,27,Education,63600,,,
TtnodUZ7xnQ,147691,10106,80,UCHa8J-xnRYOg5VuudfWpBgg,ColorCode,2023-01-08 12:30:10+00:00,58,27,Education,99600,,,
5qjyi70_X6g,177064,3914,52,UCZhsAU2BvmRe11K2N2_CENg,markiedoesmath,2022-04-08 22:00:02+00:00,25,27,Education,162000,,,
2fhj8AmifwY,151996,4646,146,UCHneoy5YBJrmfsrd7Ei_y9Q,Wonderful Ida,2021-04-14 21:19:51+00:00,277,27,Education,43700,,,
XvFS5-Jx8Xg,127537,4676,311,UCA-Akk409x2kmLI2hinIWew,Indian Music Guru,2022-05-26 08:09:25+00:00,727,2,Education,194000,,,
GkCpSmEQlIY,124486,817,0,UCEc7koXK6HY4aOhw7u3N9Xg,Teacher Aya Online Tutor,2025-06-06 14:53:48+00:00,1701,27,Education,1480000,,,
PxIjEex3hSM,128452,3570,13,UCIJr9qiD_TtLgEcLxiRQTUA,Learn Basics,2022-06-06 04:39:40+00:00,59,27,Education,193000,,,
iMlMfrXJYSg,101085,1533,34,UCgnr2Lkl1LZf0IOKRDAoJ2g,Amit Thinks,2022-05-21 14:33:08+00:00,2042,27,Education,315000,,,
aIAFkSHDnFc,111234,2807,19,UCBKayasmdPX098C21gkJfwQ,Modern Statistics with Dr. J,2022-01-24 04:50:37+00:00,60,27,Education,1480,,,
ZB_gGP_bXBk,88988,1851,232,UCq2agUyP5DizUftyOhZehDw,WP Academy,2020-06-05 13:53:50+00:00,7146,27,Education,127000,,,
PtSRvqsIc9M,84349,2577,91,UC0yk_PT0avZq5s1x0uAxW-A,Moti Jacky,2021-08-20 15:58:31+00:00,311,27,Education,4450,,,
kjA6dhbHCXY,260102,1793,13,UCFSEA_7roz6mjqOQTtK-gnA,Maths Magic,2026-01-16 09:45:11+00:00,24,27,Education,4420,,,
HZRHwIXeDOc,113385,4743,97,UC_HxfVCRBEf8ihK7ZApY4Ag,Actual Education,2021-08-11 21:24:08+00:00,60,27,Education,11300,,,
MW_tGcL5YzU,48867,3138,32,UCVEsINXoJ3v4s0C-LT5jxFg,Papa ki ladly odia vlog,2024-11-06 12:48:15+00:00,60,24,Education,118000,,,
5skJ-phd18g,47842,2178,38,UCRpHWrcuQAj5R5g3cYJiK0Q,MD and More,2022-05-11 08:07:57+00:00,60,22,Education,291,,,
7Kk2q9Hprkg,31938,105,1,UCYbfBifZi4qCs9lJkVkyK4g,tech pump with me,2025-06-03 15:12:21+00:00,51,27,Education,265,,,
egDVcmyzcLE,54810,911,11,UCjdV7QZWoie4CeqqYPsi7hw,Yours Truly Shilpa Bala,2026-01-13 11:52:35+00:00,73,22,Education,318000,,,
wfZqbFI76uI,30834,1533,40,UCv4ysEy2CYGxkK2dbLq5CHA,The Janish Verse,2026-01-21 13:02:05+00:00,49,27,Education,40200,,,
g9lRcorNkEs,30438,121,1,UCqxCRsOUzqFlFWraQUevuYw,HARISH ENGLISH ACADEMY,2026-01-03 13:02:46+00:00,18,22,Education,4780,,,
xkrriVAdzNg,38794,0,8,UClk5m3VXvEihuzxAmXg8zUg,Linguabright ,2026-01-20 05:56:20+00:00,36,27,Education,234000,,,
RH4xp_l2yuA,26657,648,25,UCDxJZ_KbL6n_hhHScI6LQQw,AR SQUAD,2026-01-18 13:30:33+00:00,51,27,Education,193000,,,
zTUbZ2clSRI,36177,263,27,UCnAFcfRfXJOksd8Z-CwOcdA,Senan Tech Shorts,2025-12-26 11:31:41+00:00,5,28,Education,1490,,,
qyhGp-qqpbY,31038,564,1,UCBHlj-Piv6jbzFy5Fnc25bA,English MasterClass ,2026-01-20 04:00:51+00:00,35,27,Education,305000,,,
0Lc6YStptcg,18474,174,0,UCIiNfDTPwfQjUYMrd3EkZ7A,BlinkyPob,2026-01-19 13:30:01+00:00,41,24,Education,811000,,,
Kky2KA6EKNk,19314,228,1,UCzhuW46CbevJ_I7wU5s1O3A,English with Mohim,2026-01-18 15:06:49+00:00,29,27,Education,499000,,,
D5kfW3htghw,15417,217,10,UCBHlj-Piv6jbzFy5Fnc25bA,English MasterClass ,2025-12-14 07:00:18+00:00,32,27,Education,305000,,,
1FLspXYId68,13408,193,0,UCBHlj-Piv6jbzFy5Fnc25bA,English MasterClass ,2025-12-20 05:00:04+00:00,31,27,Education,305000,,,
gzqy0wW3hks,12308,117,2,UCzhuW46CbevJ_I7wU5s1O3A,English with Mohim,2026-01-20 14:40:59+00:00,22,27,Education,499000,,,
cLTZLjU7Q7M,6672,40,7,UCqxCRsOUzqFlFWraQUevuYw,HARISH ENGLISH ACADEMY,2026-01-04 07:44:02+00:00,27,22,Education,4780,,,
1V-pAi2XO0Y,15437,262,11,UCHQg8RSK-YrnNGA8d1lsYGw,Avikedu,2026-01-18 05:18:54+00:00,38,27,Education,14400,,,
yoyx4nsUu8Q,14309,216,1,UCBHlj-Piv6jbzFy5Fnc25bA,English MasterClass ,2026-01-17 03:30:47+00:00,33,27,Education,305000,,,
O7LT8Va8I7Y,10523,96,11,UCYvspvVp9FJ1XTqLmoz56PQ,Learn English with Bennet,2026-01-20 02:52:13+00:00,10,22,Education,2520,,,
Uwx4t8ER-M0,5284,93,0,UCqxCRsOUzqFlFWraQUevuYw,HARISH ENGLISH ACADEMY,2026-01-03 08:00:46+00:00,33,22,Education,4780,,,
kntI9kT6Lzw,4965,53,1,UCqxCRsOUzqFlFWraQUevuYw,HARISH ENGLISH ACADEMY,2026-01-04 09:03:23+00:00,35,22,Education,4780,,,
AaDRwvXdq6Q,5103,39,2,UCqxCRsOUzqFlFWraQUevuYw,HARISH ENGLISH ACADEMY,2026-01-05 09:47:49+00:00,37,22,Education,4780,,,
Hn_D4qiwu_k,1968,103,13,UCdtwz-J26vtvqA3rTZbFokQ,Marvel Tutorial Center ,2024-08-13 17:38:01+00:00,96,22,Education,7420,,,
5D49h8o-Wh8,11122,98,4,UCV9m9sq2yVSqwdsmeVjnSlg,Learn and Success ,2026-01-19 12:00:09+00:00,8,27,Education,135000,,,
66qolx0inDM,4352,21,2,UCqRUyxk0Opgkz7bn3vcAGKw,Shivin saini,2026-01-19 05:49:32+00:00,25,27,Education,502,,,
pqkMAcaw_xM,4641,106,0,UCBHlj-Piv6jbzFy5Fnc25bA,English MasterClass ,2026-01-21 14:01:25+00:00,23,27,Education,305000,,,
2YvtE5X0kgs,2179,26,2,UCqxCRsOUzqFlFWraQUevuYw,HARISH ENGLISH ACADEMY,2026-01-04 07:41:07+00:00,43,22,Education,4780,,,
r6zcUm-9DxA,2648,36,3,UCDMT6B12OfUR5sTQO1IxP-w,STUDY WITH SAKSHI ,2026-01-20 03:03:31+00:00,34,22,Education,484,,,
hRtjx5x0c0s,1696,32,0,UCqxCRsOUzqFlFWraQUevuYw,HARISH ENGLISH ACADEMY,2026-01-05 09:46:29+00:00,34,22,Education,4780,,,
yT2zbKb1RvE,729,13,4,UCM3mutT2jaaAIrqiMqom11g,Smart Teach,2025-12-29 14:01:48+00:00,402,27,Education,397,,,
Ai_afjXZmfA,1152,38,1,UCqxCRsOUzqFlFWraQUevuYw,HARISH ENGLISH ACADEMY,2026-01-04 07:46:12+00:00,70,22,Education,4780,,,
zztBSb4qGXQ,1357,19,0,UCqxCRsOUzqFlFWraQUevuYw,HARISH ENGLISH ACADEMY,2026-01-04 16:01:42+00:00,30,22,Education,4780,,,
UJJ9x2ia3Ps,1063,4,0,UC_a9bJzVoBf-A13d52sVqBw,Ansuma Ramchiary,2026-01-20 08:41:37+00:00,24,27,Education,,,,
rQxTxgcU9ac,724,39,1,UCdtwz-J26vtvqA3rTZbFokQ,Marvel Tutorial Center ,2025-03-24 18:21:31+00:00,27,22,Education,7420,,,
YVnVEQTJNOk,1289,24,2,UCBHlj-Piv6jbzFy5Fnc25bA,English MasterClass ,2026-01-22 04:00:27+00:00,26,27,Education,305000,,,
u6sIq-oVNdo,1110,27,0,UCqxCRsOUzqFlFWraQUevuYw,HARISH ENGLISH ACADEMY,2026-01-07 05:08:07+00:00,39,22,Education,4780,,,
zC3fovUnF3o,1133,25,2,UCqxCRsOUzqFlFWraQUevuYw,HARISH ENGLISH ACADEMY,2026-01-05 09:49:09+00:00,38,22,Education,4780,,,
q5BWClNSx-g,5952,117,0,UCBHlj-Piv6jbzFy5Fnc25bA,English MasterClass ,2026-01-20 14:01:25+00:00,23,27,Education,305000,,,
DCOSqPgJvG4,2234,0,6,UCmnM389M_ozbbChOVxGR7pw,English With Rumi,2026-01-20 07:00:18+00:00,29,27,Education,6590,,,
KOExn2ripI8,994,18,0,UCqxCRsOUzqFlFWraQUevuYw,HARISH ENGLISH ACADEMY,2026-01-11 06:36:28+00:00,40,22,Education,4780,,,
HGgKsMLBVts,791,19,0,UCqxCRsOUzqFlFWraQUevuYw,HARISH ENGLISH ACADEMY,2026-01-12 00:52:13+00:00,44,22,Education,4780,,,
xr_26omQ_nI,1187,9,0,UCqxCRsOUzqFlFWraQUevuYw,HARISH ENGLISH ACADEMY,2026-01-07 05:09:21+00:00,41,22,Education,4780,,,
rqRdRcoTt1M,1340,7,0,UCqxCRsOUzqFlFWraQUevuYw,HARISH ENGLISH ACADEMY,2026-01-11 06:36:54+00:00,36,22,Education,4780,,,
jvv7pUlgvsU,620,4,0,UCqxCRsOUzqFlFWraQUevuYw,HARISH ENGLISH ACADEMY,2026-01-18 03:56:17+00:00,38,22,Education,4780,,,
2hpgaW9XFDs,828,5,0,UCqxCRsOUzqFlFWraQUevuYw,HARISH ENGLISH ACADEMY,2026-01-11 06:38:49+00:00,52,22,Education,4780,,,
8FCNkcGxvOU,1101,2,0,UCqxCRsOUzqFlFWraQUevuYw,HARISH ENGLISH ACADEMY,2026-01-06 15:59:37+00:00,24,22,Education,4780,,,
_mEi75CSyBo,1347,17,0,UCqxCRsOUzqFlFWraQUevuYw,HARISH ENGLISH ACADEMY,2026-01-06 11:40:44+00:00,24,22,Education,4780,,,
4qWb5NiVY3Q,1002,7,0,UC_a9bJzVoBf-A13d52sVqBw,Ansuma Ramchiary,2026-01-20 12:38:00+00:00,29,27,Education,,,,
hUVD9FQEt3s,524,0,0,UCZyW1I6li0FXmvoKEajWs1Q,Minakshi's Makeover Academy MS,2026-01-19 06:06:08+00:00,94,22,Education,73,,,
HJ2uxdQT-Rk,1043,11,5,UCiZDdlLZevp_uDu7Sj7yX4w, ★SHREYANSH YT●,2026-01-08 07:41:02+00:00,8,22,Education,137,,,
vqo6UzH3lXw,600,25,1,UCcEZmMJEqhBYHwULXaNYgaw,chineseteacher_nili,2026-01-18 13:35:16+00:00,120,22,Education,398,,,
oKQvt_lqTh8,181,0,6,UCkXjZwJwi7h1yDi1pBUo1cw,A1 IT Training Institute 20k 2 hourse ago         ,2026-01-05 12:54:02+00:00,982,27,Education,1650,,,
e0AxSt1XOXk,491,6,1,UC9mLreEe6u1TZGU2f9zwzQg,RGR Academy,2026-01-12 15:01:15+00:00,24,27,Education,37100,,,
EmMppmNas2o,220,27,4,UCRUwmrW1eIvQjD5xh7ibvHA,RSC KAMENDRA SIR INDIAN आरएससी कामेन्द्र सर इंडियन,2025-07-31 12:42:49+00:00,59,27,Education,768,,,
4axLwvuZZ3M,427,6,0,UCOFZt57Ig5m-6HNieHV4s7w,A cool dude,2025-10-12 04:44:37+00:00,8,22,Education,298,,,
YdqerGJ2ll0,628,43,1,UC2kEU6aFETvHc92xW7aVDgg,Bashir Din,2026-01-19 06:03:14+00:00,141,27,Education,20400,,,
fpFdrRVYdWA,109,0,0,UCm5TvXJnKOYZDqkyhM46qJQ,Story Time 77,2026-01-18 17:01:10+00:00,162,24,Education,1360000,,,
VdEy-SyiSo4,343,15,5,UCHQ7SdVqJzDDXA5OQ-ppqTQ,Maths Course,2025-06-14 11:30:23+00:00,59,22,Education,583,,,
2Mxr37iB_kM,509,4,0,UCMfRU8WrqjWzL359XnYyivg,Basic Education ,2026-01-18 17:27:11+00:00,69,22,Education,22,,,
l5nNzTwk3lY,1499,10,0,UCV22EYGSWRj3G664ZdwMd9w,Nabijon ,2026-01-20 20:40:43+00:00,38,28,Education,165,,,
QwFwa5tFjBQ,742,5,0,UCtFgJ3AmlfvpelnPbtzs-yg,Magic Math,2026-01-19 17:55:42+00:00,57,22,Education,128,,,
psgQCD6ggkk,247,9,0,UCPXx6TYPL4K7RtgGLaVH2pQ,Aprende Ingeniería Lab,2026-01-19 19:10:00+00:00,60,22,Education,1430,,,
Xg_JLxzjWd0,77,6,0,UCSvtpI3naBvXNRDvHGxnwkA,FunForKids,2026-01-20 09:20:51+00:00,84,27,Education,30,,,
fErCXMQbG4Q,1780,11,0,UClj-tZWH0RcclLTJAETF-yg,GJ7 tutorial ,2026-01-19 03:51:43+00:00,16,27,Education,1590,,,
JCLJeR9GiCQ,39,6,1,UCNOcPYbrazj7YG2A_-dnBeQ,rutvi learn with fun,2025-12-23 14:19:11+00:00,68,22,Education,12,,,
hJSGAkJ85Gs,32,3,3,UC-hHzYfiS1nVhHOI8NwUDMQ,GYAN GANGA by VIKASH,2026-01-20 08:35:01+00:00,177,27,Education,69,,,
5BVxK5AprYs,26,3,1,UCYmwFe_OPr-jHzBHRQI97Xg,SSC MATHS with Deepak,2026-01-21 07:54:18+00:00,32,27,Education,3,,,
zXkBn1M0uDs,29,4,0,UC-AZvPuuaNsAkUDzhUvEgXA,Lokesh Tawri ,2026-01-19 09:33:49+00:00,113,27,Education,208,,,
HNIJUfq9oeU,11,3,3,UChmg2vDdIPn8kZUkk6d8rnA,ruhina kamal,2026-01-19 06:18:37+00:00,137,22,Education,76,,,
cdR9xxYuBs0,11,2,2,UCdMfFOBzHz2GrHoItOh2VKg,MATH ENGLISH GURU ,2026-01-18 05:49:50+00:00,106,22,Education,1,,,
S6NByqbaoMU,1001,12,0,UCtFgJ3AmlfvpelnPbtzs-yg,Magic Math,2026-01-21 09:58:06+00:00,53,22,Education,128,,,
oX3Pe7XtoJs,7,1,0,UCE9yxd7VPUt_3OtHvweXByw,𝙻𝙴𝙰𝚁𝙽 𝚆𝙸𝚃𝙷 𝚂𝙰𝙸 𝚂𝙸𝚁,2026-01-22 09:34:01+00:00,65,22,Education,319,,,
BweK0DBa7IE,1476,6,0,UCXYrKiuNm1KGW-yYkmbvRwQ,লাবনীর রান্নাঘর,2026-01-20 03:23:17+00:00,37,22,Education,48300,,,
zYz-hZiL9ag,104,1,0,UCchP3uqSlRnslJTi43Bj5-w,English With Monali,2026-01-22 12:31:35+00:00,43,22,Education,4950,,,
QashDWdu_Tg,965,8,0,UCO4Yg6JgqA44TfE8Nr1KHaA,Essay Insights,2026-01-21 18:20:18+00:00,29,27,Education,8650,,,
JOV6mXJAwUk,89,0,0,UCy73Sr-XW1bTWuJ2bkdTpyw,DMPGH,2026-01-22 01:06:47+00:00,86,27,Education,45,,,
zI4maT8eVNk,759,7,0,UCPvr7K3o22H5b7ce3RVg5wA,Learn with diksha,2026-01-21 01:53:29+00:00,37,27,Education,493,,,
d3zcxIOXBlk,39415361,820846,7402,UCuN4A3GCUq5-0wJDSiJoxRQ,Anaysa,2019-05-17 13:00:17+00:00,363,26,Beauty,13600000,,,
7xzX8dK5yPE,12684181,459744,2089,UCrmWkC3GFSG3Sx1KwoymtsQ,Wendyskin,2024-08-26 21:19:57+00:00,56,22,Beauty,3540000,,,
B3U0pRf5OW8,2973863,41406,0,UC0Mr5QcX7nG0oSfBrcf-IYw,The Daya Daily,2019-03-30 18:15:38+00:00,849,24,Beauty,1780000,,,
qUIQJhtrzFE,2008282,32934,1661,UCnk1idRUmwhdpy_5Il1unfw,Hang with Hope,2025-07-17 14:30:42+00:00,1364,26,Beauty,2020000,,,
jfyXN5DjhIk,3447940,54722,198,UChFLk9AyQa5ypvxcF2kX_Xg,Christi Fritz,2025-10-01 22:33:50+00:00,38,22,Beauty,896000,,,
gzAf3J7R_nI,1970483,44859,367,UCv9eESCQ1FUupTWxBVxGdEA,Ayiah Soufi,2024-08-22 23:55:26+00:00,24,24,Beauty,1060000,,,
QOYRS5iJM-Y,1991485,61186,93,UCpK0OmWgjd58g_9AjZFA6bg,Sheelove,2023-11-13 06:06:04+00:00,60,22,Beauty,311000,,,
aih5gdFb30w,2109250,88462,1492,UCInSzlia-kS-XTHPaAoBObA,Brianna Renee,2024-09-14 19:33:31+00:00,18,22,Beauty,1970000,,,
7IUv-9HSaMk,1825480,43001,83,UCcEwwzA67WfoS9sAxrCicXw,Brianna Roman,2024-12-01 17:10:09+00:00,26,22,Beauty,355000,,,
DTLzrYV1PI8,1863936,38752,349,UC14BAf3yCzcgfD88aF2yF0g,Vibe With Paaru,2024-07-29 05:44:18+00:00,60,22,Beauty,773000,,,
GmGt-Cc8iDI,1804771,23158,1110,UCGeNsYOMXp0WIp0b3qrrryw,Garza Crew,2024-08-22 20:14:17+00:00,10,22,Beauty,1780000,,,
EW4QIkBN-DY,2201588,25979,68,UCcEwwzA67WfoS9sAxrCicXw,Brianna Roman,2025-05-26 21:53:33+00:00,21,22,Beauty,355000,,,
GnTxlghPDDA,1634880,95311,199,UCb4l6L58yYFDhQbaFC0fPWQ,Vanessa Faga,2024-03-13 16:17:39+00:00,23,22,Beauty,669000,,,
u2Hc3YkO0WE,1192558,69459,400,UCzQtGpWcgOyG0iCc-si1MWw,Aylen Park,2024-03-31 16:05:35+00:00,60,22,Beauty,1560000,,,
NI5-ztZoPwY,1244356,43263,107,UCkYTCoRI2zIfKPJAzsExNyg,Matt Randon,2023-10-13 20:12:35+00:00,16,26,Beauty,1570000,,,
C_5jCYX8Xb8,1772230,41504,1824,UCK6ESmFnbh4Nj7TjABKHEWQ,Leanne Page,2025-04-07 16:39:57+00:00,31,26,Beauty,1010000,,,
_Q5GjNNml_o,1115182,79729,2596,UCRXiA3h1no_PFkb1JCP0yMA,Vogue,2025-09-19 16:00:11+00:00,614,24,Beauty,16100000,,,
UEw_MYK3KXo,1336212,36429,1423,UCekQVAT4dls6GfK0R5PR85w,helvetica,2024-10-16 21:44:02+00:00,29,22,Beauty,5960,,,
mVdCzIwYx98,971454,10929,766,UC_rykNjdtD-2oFwzYmr_SnQ,Miss Charli,2025-09-14 11:01:25+00:00,1525,22,Beauty,608000,,,
JkcI8Kfv3xA,1271246,25506,1177,UCDqK0AWAzHk43FsDIB9Ng-A,Christi Rose,2024-08-07 16:00:16+00:00,10,24,Beauty,643000,,,
ZFtOK4YwnXQ,1773637,22231,39,UCcEwwzA67WfoS9sAxrCicXw,Brianna Roman,2025-05-07 20:44:27+00:00,24,22,Beauty,355000,,,
iS3DrqUB9Dc,1308507,21961,167,UC_CdKMu84HMZdkDzLhw3ljw,SUNFLOWERS,2025-01-31 10:36:02+00:00,36,22,Beauty,67100,,,
Vt9Ymtyvxsc,2052037,25627,243,UCDqK0AWAzHk43FsDIB9Ng-A,Christi Rose,2025-05-15 17:00:39+00:00,9,24,Beauty,643000,,,
LPpqS3Q9bnQ,902051,38451,143,UCeeMfDGVTlPzOH_Zx52-tXA,Valeria Stephanie,2024-05-27 15:59:05+00:00,43,22,Beauty,335000,,,
_1WVRgBjVss,856035,11090,151,UCjCYh53xVWdB8op50Et0Vpg,Mitsuisen,2025-01-11 05:19:02+00:00,481,22,Beauty,946000,,,
mng67yF8aoE,1327711,50159,3462,UCInSzlia-kS-XTHPaAoBObA,Brianna Renee,2025-10-18 21:06:40+00:00,27,22,Beauty,1970000,,,
PGhVG_xJp0Y,1816914,36481,228,UC3mGhLq57s_o9dTdwTz00rA,Chyler Emery,2026-01-15 16:40:57+00:00,35,22,Beauty,330000,,,
h6_UjTkZyCM,1677985,17802,170,UC14BAf3yCzcgfD88aF2yF0g,Vibe With Paaru,2025-07-23 13:35:22+00:00,60,22,Beauty,773000,,,
fs2yrwPUIOM,1656587,32406,230,UCPMcy_Atb0pYvHFTM4pbPwA,Bubble T Cosmetics,2024-11-03 13:25:07+00:00,16,24,Beauty,11300,,,
ZKifnkydPEU,1706732,18065,196,UC3mGhLq57s_o9dTdwTz00rA,Chyler Emery,2026-01-09 21:00:59+00:00,8,22,Beauty,330000,,,
SurCjOt2hy4,1252648,41578,103,UC1U8GdEx7RGpx0lHHelLTMQ,Arishfa Khan,2025-05-02 11:45:36+00:00,44,26,Beauty,2960000,,,
hhHwrwq7orY,1284267,21804,146,UChFLk9AyQa5ypvxcF2kX_Xg,Christi Fritz,2025-10-03 20:21:07+00:00,48,22,Beauty,896000,,,
RIS3VVcFs5s,845251,29099,206,UChFLk9AyQa5ypvxcF2kX_Xg,Christi Fritz,2024-11-07 01:09:24+00:00,61,22,Beauty,896000,,,
SE0D5XZQ6wk,739265,23155,653,UCRXiA3h1no_PFkb1JCP0yMA,Vogue,2025-11-04 17:00:02+00:00,809,24,Beauty,16100000,,,
DMpDRsqHLMQ,735740,8524,225,UCjCYh53xVWdB8op50Et0Vpg,Mitsuisen,2025-07-17 21:00:25+00:00,481,22,Beauty,946000,,,
WwKmXFBmWJU,703498,40286,2548,UCGB2bzMjIZhnaSDUDy2LEZA,Jooshica,2025-01-05 16:00:06+00:00,2075,22,Beauty,2650000,,,
kTsPYQlWJ00,1341566,25443,89,UC3mGhLq57s_o9dTdwTz00rA,Chyler Emery,2026-01-05 19:55:00+00:00,40,22,Beauty,330000,,,
3pSV1lYhoNY,1519069,15942,340,UC3NF-gPK2PRua_EMaeukFwA,chicshn,2025-04-27 15:46:40+00:00,10,22,Beauty,20200,,,
KpifE_Eg988,836967,25047,155,UCvAwDqiTSqwCD1BiEEr_X7w,Makeup focus,2024-09-21 11:45:05+00:00,59,26,Beauty,203000,,,
mwVhANMw1Sc,1083250,30876,419,UC12klzzYwR81g6tjOr69RCQ,NicolePamela,2025-04-08 19:34:29+00:00,55,24,Beauty,495000,,,
HNjmmpix_b0,876200,15218,274,UCRRR_gmsItT7-nyindgY-Ig,Kelsey Denise,2025-01-16 21:10:00+00:00,10,22,Beauty,107000,,,
iVzil1ddaFw,855982,16364,157,UCkYTCoRI2zIfKPJAzsExNyg,Matt Randon,2024-07-05 20:27:20+00:00,30,26,Beauty,1570000,,,
wBrmDtXBhGM,991171,26637,269,UC3mGhLq57s_o9dTdwTz00rA,Chyler Emery,2025-12-28 20:03:37+00:00,74,22,Beauty,330000,,,
qSMS76OubLc,1012932,67038,1688,UCkl_XiJromwpLF337t_8YfQ,Aditya Madiraju,2025-07-02 01:26:01+00:00,172,22,Beauty,512000,,,
nabwuTwtlnM,575313,19090,383,UC4Od06BfmUtZ6yb_Wb0uU3g,kelly,2025-10-02 19:22:06+00:00,1086,22,Beauty,268000,,,
GkDMJfxMoks,955408,16376,188,UCjnhJddb_RvyQUT-MiT0UDg,macysgrwm,2025-11-24 22:36:32+00:00,34,22,Beauty,337000,,,
z_ihBnX7ka8,1526322,0,23,UCzjTbWCjUYfGH1gVBwe3jOg,KK Beauty ,2025-06-26 08:31:27+00:00,11,22,Beauty,3970,,,
sMEESgsY9LA,1062834,28111,149,UCGhXgPi0bPzyFNOzE6fkMxg,Lea Felicitas,2025-07-05 14:01:26+00:00,16,26,Beauty,2150000,,,
rfbhlD6JaBs,647684,8802,79,UCjiBUVdw4rWcll2ayTL-6uw,RARA ,2023-06-24 17:43:19+00:00,35,26,Beauty,1240000,,,
ziAXgkmp-84,950277,16095,72,UCF6B5EhKbQ8tS8h2ghhfFuQ,chaaunhi ,2025-11-06 14:49:19+00:00,32,24,Beauty,99100,,,
NJOzA43fn3Q,551355,3240,909,UCVnEvilFBSA4BRgP1xRJ92w,Life As We GOmez,2025-01-15 15:00:28+00:00,916,22,Beauty,1730000,,,
25BepaKd0WU,986198,15621,68,UCcEwwzA67WfoS9sAxrCicXw,Brianna Roman,2025-09-06 19:30:09+00:00,26,22,Beauty,355000,,,
l1cA13YB_eg,976166,20366,92,UC3mGhLq57s_o9dTdwTz00rA,Chyler Emery,2026-01-19 23:28:51+00:00,37,22,Beauty,330000,,,
RRuHfAr6pWE,966718,20849,207,UChFLk9AyQa5ypvxcF2kX_Xg,Christi Fritz,2026-01-16 20:21:32+00:00,86,22,Beauty,896000,,,
34Q19LN-Omo,801585,13100,249,UChFLk9AyQa5ypvxcF2kX_Xg,Christi Fritz,2025-12-12 02:02:53+00:00,61,22,Beauty,896000,,,
w1gcc7UlW-U,568102,16948,95,UCcEwwzA67WfoS9sAxrCicXw,Brianna Roman,2024-12-31 17:30:48+00:00,27,22,Beauty,355000,,,
yCvQLUUzWPM,827475,15161,165,UChFLk9AyQa5ypvxcF2kX_Xg,Christi Fritz,2025-05-20 16:58:16+00:00,40,22,Beauty,896000,,,
hC83uvOBLTk,736526,11841,316,UCEogcDBA1X1wWMeBEqANUow,The Mir Fam,2025-10-18 17:20:47+00:00,48,24,Beauty,3070000,,,
hRuGqC30G_A,852908,10236,487,UCmZm85tPxA4tglmWNSd_50g,Bella Mir,2025-07-15 18:53:22+00:00,37,22,Beauty,134000,,,
njqxp0d8NG8,764491,17942,62,UCf_35VVsKHPmWAQjXrDOvtw,Kayla Ryan,2025-03-15 15:35:14+00:00,16,22,Beauty,580000,,,
wvKVU69UWZA,529569,12854,7,UCtjUeDrfQvlaY7qEQU7k4CA,Tamil Beauty Beats,2024-09-27 12:46:09+00:00,37,26,Beauty,1140000,,,
v04ZU3hoZQ4,618294,22701,427,UC5GkFDlVG0_zW6WJtwG-2Aw,EllaGLife,2025-05-24 20:14:25+00:00,57,24,Beauty,1320000,,,
Sc4gJiQpM0g,695588,12690,565,UChFLk9AyQa5ypvxcF2kX_Xg,Christi Fritz,2025-08-23 21:19:25+00:00,55,22,Beauty,896000,,,
k0aXrjr3TKo,440793,0,270,UC0RLP9Ve6Z6DTtOp6l2VPQg,Mustika Riana,2025-05-09 01:31:50+00:00,991,22,Beauty,126000,,,
NAY71_2xEnw,703839,13338,52,UCcEwwzA67WfoS9sAxrCicXw,Brianna Roman,2025-02-20 21:00:15+00:00,12,22,Beauty,355000,,,
v5OXVIFZ7wo,561255,5816,111,UC6PfsVUpZ92pKugDT-Tb4OA,🙋 Pumpkin's Princess 👸,2024-06-07 16:00:28+00:00,29,26,Beauty,233000,,,
Z057euquycY,602868,11883,105,UClhp9r6NXY_OecSPL_AOJcQ,Caitlin Thexton,2024-11-20 11:24:59+00:00,10,26,Beauty,224000,,,
o9vCbj7X_wA,792384,12698,175,UCnZgKDblxRHmo8YwgdWUYKw,xthetic_queen,2024-10-16 13:11:48+00:00,12,22,Beauty,172000,,,
QAcgoVTvXSg,705718,13851,1584,UCy6xvE5VPT0DkJvSuY82Z1A,Starly's Diary,2025-10-25 17:30:34+00:00,60,22,Beauty,104000,,,
hPue6LvL9o0,673263,10692,94,UCMArFaARI-grTlxyd5AJg9g,wenhangvvv,2026-01-10 15:55:40+00:00,65,22,Beauty,33700,,,
66LA3GN5N74,591279,26351,2476,UChFLk9AyQa5ypvxcF2kX_Xg,Christi Fritz,2025-12-07 20:18:18+00:00,176,22,Beauty,896000,,,
zZIHgcQ1WLg,710437,4269,7,UC-jSuJc1pcezxej2nljSxqA,She Style Makeover ,2023-01-29 13:51:25+00:00,13,22,Beauty,20100,,,
lMtyS5-5Q9k,640346,4378,228,UCqdfK6_O_QzxtKJyE-Pj7Iw,Girl-to-Girl Beauty,2025-07-13 17:33:03+00:00,25,22,Beauty,1410,,,
e1Tr7Vj4rQg,348681,9569,299,UC4Od06BfmUtZ6yb_Wb0uU3g,kelly,2025-01-24 21:17:28+00:00,776,22,Beauty,268000,,,
amyC9G3T7fU,686892,10231,83,UChFLk9AyQa5ypvxcF2kX_Xg,Christi Fritz,2025-10-22 22:06:02+00:00,20,22,Beauty,896000,,,
C1QmSotHVxg,617339,7543,110,UC3NF-gPK2PRua_EMaeukFwA,chicshn,2024-09-18 19:00:50+00:00,10,22,Beauty,20200,,,
STDZQcKnD2k,798290,11450,423,UCfDuUSwHZLjjiSVEfbyOimA,London Taylor🍋,2025-08-10 22:25:52+00:00,6,24,Beauty,23400,,,
0j778Qs0ZAA,628416,3965,76,UCOXko5Q61TvfPJmuSsyMFeA,md studio,2025-07-17 03:18:39+00:00,19,22,Beauty,9110,,,
JHHwpAlwRG8,547764,11142,147,UChFLk9AyQa5ypvxcF2kX_Xg,Christi Fritz,2025-10-21 19:44:17+00:00,37,22,Beauty,896000,,,
1-7m9j3WVtM,547457,13801,790,UC3mGhLq57s_o9dTdwTz00rA,Chyler Emery,2025-10-04 16:14:16+00:00,45,22,Beauty,330000,,,
m36EOB6rjYo,406208,12215,71,UC0BSJnx8FbmeXAx2dtGjLjg,Preeti Shah ,2025-10-03 13:45:43+00:00,60,22,Beauty,941000,,,
cTkw1w5ftjQ,537437,13943,352,UC3mGhLq57s_o9dTdwTz00rA,Chyler Emery,2025-12-21 16:18:12+00:00,59,22,Beauty,330000,,,
pCToh39hov4,528297,23591,2392,UCRGkzuXpYq4hCDGKe-9P50g,Olivia Olfactory,2025-12-16 00:32:27+00:00,64,24,Beauty,275000,,,
zadZsvox10k,450742,8668,57,UClhp9r6NXY_OecSPL_AOJcQ,Caitlin Thexton,2024-08-30 02:10:05+00:00,10,26,Beauty,224000,,,
M14Xuk2q4Xs,562959,13087,286,UCF6B5EhKbQ8tS8h2ghhfFuQ,chaaunhi ,2026-01-12 14:06:04+00:00,34,24,Beauty,99100,,,
PZlPRcos62s,449618,23024,78,UCCdRHTOSx50HFbA4NQLe1yg,krystallee,2025-03-27 17:48:16+00:00,59,26,Beauty,327000,,,
_XdA6yOwATk,600641,5432,122,UC3NF-gPK2PRua_EMaeukFwA,chicshn,2025-08-24 15:43:18+00:00,11,22,Beauty,20200,,,
5rhkBiMf5kg,631776,10308,402,UCckxTseOtNqU0oipfiviMkQ,Sam Cushing,2025-05-13 22:43:31+00:00,20,22,Beauty,218000,,,
Sued4KBSSaw,283829,14325,184,UCm5etnYLYFRiGud35RCRAuQ,Via Li,2025-09-22 16:55:54+00:00,887,26,Beauty,972000,,,
QfETjpo4HZ0,486020,11583,83,UCxNw60YWZ0qy5zKa0yMhIuQ,leeskin,2025-07-09 12:39:18+00:00,44,26,Beauty,286000,,,
PPiIUrBnqNc,291439,3209,49,UChFLk9AyQa5ypvxcF2kX_Xg,Christi Fritz,2025-01-10 16:42:12+00:00,34,22,Beauty,896000,,,
po7bZc70Tok,619822,0,33,UCML2jZAd9z6FjcZj7lXRaMQ,Makeitproductive,2025-07-08 09:35:07+00:00,14,22,Beauty,4630,,,
c7RIkcNwqiw,492706,2888,75,UCb3zOEshkq23EZSeoGZLMxA,RedGirl🫶🏻,2025-06-17 09:15:35+00:00,40,22,Beauty,28300,,,
_f8TZhm_AoQ,574526,3536,2,UCgBH6tODtr5J-vhglGdCTdw,ASMR Planet Makeup,2026-01-15 21:05:00+00:00,15,27,Beauty,65400,,,
cTilciJZ120,571446,11042,1372,UCy6xvE5VPT0DkJvSuY82Z1A,Starly's Diary,2025-09-20 16:35:00+00:00,9,22,Beauty,104000,,,
1iskqIhyXO8,355072,6221,13,UCSROVFkAVNDa1jW35uG2Qxg,Alessa Miki,2023-06-30 01:00:01+00:00,27,22,Beauty,34800,,,
AGr2AiNAxQI,364005,10735,143,UCviM8CYG6KGTZ_6tZKYpGzA,saliha Shajahan vlog,2026-01-21 04:31:31+00:00,99,24,Beauty,1380000,,,
HQsS-sfB96M,385655,7920,114,UCcWocq1qh35OSRuglK2YGBw,Barely Blushed,2025-06-26 12:42:15+00:00,26,22,Beauty,389,,,
6GM60Hw1uFI,415802,16714,245,UC3mGhLq57s_o9dTdwTz00rA,Chyler Emery,2025-10-19 18:16:40+00:00,79,22,Beauty,330000,,,
BrPC9O-GCdc,351106,14870,94,UC2duq_Gv2k9CZPHfIjGrH6w,hellopreksha,2025-10-14 12:33:26+00:00,48,23,Beauty,497000,,,
fgZxjuL6sbE,351966,14835,74,UC4B9WdU2U6E6GQoDBKcVeSQ,Mridul Sharma,2025-11-28 11:30:43+00:00,86,26,Beauty,1010000,,,
cWgg86bIPn8,454781,13268,500,UC98efBSzX49JBodmhQ3NW2w,Anna Dyu,2025-12-30 17:15:00+00:00,69,22,Beauty,142000,,,
NTdpKUo0SbI,239903,5005,92,UC8f2CDyLibpGYSN3O2LfDwg,Beauty Within,2025-08-31 14:30:21+00:00,1421,26,Beauty,2710000,,,
qOe9YdafxLw,399841,8474,78,UCDqK0AWAzHk43FsDIB9Ng-A,Christi Rose,2026-01-16 21:22:54+00:00,34,24,Beauty,643000,,,
NJkTffHE3CM,506478,3140,35,UC_AnVx5KwAY0m3hSL3ndgVw,Curly Cravings🌻🎀,2025-05-28 06:30:12+00:00,11,24,Beauty,761,,,
6OcfQ07oqyI,469148,4184,74,UC3NF-gPK2PRua_EMaeukFwA,chicshn,2025-07-27 16:30:53+00:00,10,22,Beauty,20200,,,
n2MWPvx6GHI,310315,16180,291,UCK6ESmFnbh4Nj7TjABKHEWQ,Leanne Page,2025-01-29 15:48:11+00:00,16,26,Beauty,1010000,,,
IlTgzzDUUzc,384811,3866,86,UC5IqT5UPMh4y5i7KvtJPqig,Lucy Berg,2025-05-10 15:58:35+00:00,13,22,Beauty,1270,,,
HT4gXrMQMdk,229318,8694,616,UCKTUKf8uPdjeabrjC9iZ96w,veganbeautyaddict,2023-03-03 17:42:02+00:00,15,26,Beauty,7990,,,
2XJChY0VN3M,226073,11185,104,UCsfYvsdpjzTZyglmse0eolw,Sarah Palmyra,2023-10-20 17:28:50+00:00,59,26,Beauty,464000,,,
DvEUwyJshUs,393023,2246,6,UCi0PCc7Esu31izuGh-THPVA,Double Cheesse,2025-11-05 14:22:21+00:00,27,22,Beauty,353000,,,
FnIEXlxa8r8,487637,6591,211,UCixV-Z0S_TltSPVsa7LYrZw,Catherine Sanchez,2025-09-02 16:35:17+00:00,6,22,Beauty,100000,,,
8gtqeRmtBEQ,307093,1450,42,UCM03MVB9X-ZV2Q5p050Ajhg,Karen Das,2025-02-01 06:00:03+00:00,21,26,Beauty,5830,,,
ik4hVrB7xrc,342605,4811,109,UC3mGhLq57s_o9dTdwTz00rA,Chyler Emery,2025-12-16 23:28:10+00:00,16,22,Beauty,330000,,,
Yhz_PTgir_c,348104,7865,74,UCTsZ_6nzWPEqImWFQarniEw,DR.UTERUS ,2026-01-20 20:19:58+00:00,51,22,Beauty,4190,,,
Wnm3Lh4_ryg,307033,15126,46,UCYVFeFY_4-755hqdPfB2qpw,Mia Yilin,2025-01-09 04:56:03+00:00,51,22,Beauty,398000,,,
kafyZxkrpUw,356646,7529,86,UCF6B5EhKbQ8tS8h2ghhfFuQ,chaaunhi ,2026-01-13 12:47:35+00:00,35,24,Beauty,99100,,,
yq9kagJhfTI,376237,3020,98,UC3NF-gPK2PRua_EMaeukFwA,chicshn,2025-06-09 19:30:51+00:00,12,22,Beauty,20200,,,
B-aIAeqqQoA,304703,2754,41,UC7brtmEEDqqd1vY4jiI7ojw,su this side,2024-09-29 07:48:45+00:00,20,22,Beauty,191,,,
ivEusIwBZb8,369095,4239,42,UClhp9r6NXY_OecSPL_AOJcQ,Caitlin Thexton,2025-04-22 01:44:41+00:00,11,26,Beauty,224000,,,
qdB0zwi0a3c,356960,0,0,UCKIFRx_Cv82s5HhlCMh1C0Q,Petals Beauty,2024-12-22 13:35:21+00:00,60,22,Beauty,1710,,,
mm0rSQMcA1g,232601,10457,124,UCw6NSoIWDs6iDZYqOTSQt0w,Sofya,2026-01-06 16:54:38+00:00,77,22,Beauty,432000,,,
0obsJVrgj8A,338079,5656,52,UC9YX5x_VU8gfe0Oui0TaLJg,Sephora,2024-10-10 16:32:36+00:00,11,26,Beauty,1490000,,,
Rl5VTl10qL8,306951,4121,29,UCjlzaYx-hHUkQ3eHPKly-sg,HellooTinaa,2024-09-06 04:49:56+00:00,14,22,Beauty,4030,,,
v4KOZ8uYKJQ,375472,1339,1,UCG38NOX4gQOL_mHAy0ZpYOw,MAYA INDORIYA,2026-01-19 11:12:35+00:00,7,23,Beauty,52800,,,
noUmiWhD_dQ,146622,6966,101,UCIpnAD8s6m4db87-1xI4fWg,Neetu Bisht Lifestyle,2024-08-16 07:27:17+00:00,17,22,Beauty,2510000,,,
0CTSwvmCTSg,251610,7287,30,UCF6B5EhKbQ8tS8h2ghhfFuQ,chaaunhi ,2026-01-12 13:22:27+00:00,36,24,Beauty,99100,,,
npO9l7H2AsY,267427,6436,64,UCF6B5EhKbQ8tS8h2ghhfFuQ,chaaunhi ,2026-01-18 13:48:25+00:00,22,24,Beauty,99100,,,
vjW3KAKLlcc,207899,6303,68,UCF6B5EhKbQ8tS8h2ghhfFuQ,chaaunhi ,2026-01-17 12:56:01+00:00,33,24,Beauty,99100,,,
T2PU1czvumA,296618,5627,723,UCy6xvE5VPT0DkJvSuY82Z1A,Starly's Diary,2026-01-17 16:53:50+00:00,22,22,Beauty,104000,,,
BqHi-GETQ8w,159492,4937,40,UCp0cbR8V7yHGlBfWYSpVaSw,Prerna Joshi ♡,2024-10-15 13:21:10+00:00,23,26,Beauty,29300,,,
LK7yljKhI60,211700,9414,30,UCzg5Bs_9zizQNq7i8rwOpCg,jenny,2025-04-22 10:00:39+00:00,79,22,Beauty,68800,,,
503-m20juCI,227680,1603,31,UCRQx4enFVfGd6whhJEzK9Yw,Would You Rather,2025-03-07 21:53:18+00:00,20,22,Beauty,249,,,
OV4EmoAxjlA,189235,4796,131,UChFLk9AyQa5ypvxcF2kX_Xg,Christi Fritz,2025-09-24 17:14:28+00:00,27,22,Beauty,896000,,,
nmGHxavZ-fg,214007,8387,58,UCGqfcm2F87BnqFs_Ivz62uQ,Heyin,2026-01-15 13:21:52+00:00,73,26,Beauty,36900,,,
iukmBkICa7g,224472,4780,918,UCy6xvE5VPT0DkJvSuY82Z1A,Starly's Diary,2026-01-15 16:52:39+00:00,28,22,Beauty,104000,,,
UXRkKEGUO2g,162485,3560,179,UCmZm85tPxA4tglmWNSd_50g,Bella Mir,2025-10-09 19:55:03+00:00,43,22,Beauty,134000,,,
BbmlXCT8mzI,94955,2038,35,UCJ6v6fO3o2UgpYsoM2ImiWw,andrea cano,2025-09-19 19:00:19+00:00,700,26,Beauty,206000,,,
Jn5jnVibhgg,176575,5597,63,UCF6B5EhKbQ8tS8h2ghhfFuQ,chaaunhi ,2026-01-19 12:40:24+00:00,43,24,Beauty,99100,,,
KCyagJOS4DE,212544,4742,1419,UCy6xvE5VPT0DkJvSuY82Z1A,Starly's Diary,2026-01-12 16:26:57+00:00,17,22,Beauty,104000,,,
ivBGxRCPBNM,74192,2255,67,UCOzVEwcVSu_2xDQFyMReDRA,Haley Kim,2025-12-13 15:00:29+00:00,2573,26,Beauty,1340000,,,
nC7COJkPrQ8,152636,1122,9,UCFhmwvQNdOfE4OPFusVt6PA,Xadicha Cosmetics,2025-10-10 14:22:48+00:00,19,22,Beauty,45300,,,
QBLt63-2wiM,107416,3421,512,UCy6xvE5VPT0DkJvSuY82Z1A,Starly's Diary,2026-01-19 17:55:21+00:00,58,22,Beauty,104000,,,
y7Qm1wRF3Vs,69723,1889,58,UC7jFOIyw9Nk_uQpNOsL8ULg,The Soni,2022-03-31 05:07:46+00:00,54,27,Beauty,1120000,,,
s6CJADdyLX8,136034,1869,30,UClhp9r6NXY_OecSPL_AOJcQ,Caitlin Thexton,2025-07-26 21:35:50+00:00,13,26,Beauty,224000,,,
2Ke57NGcZMU,91831,5295,87,UCw6NSoIWDs6iDZYqOTSQt0w,Sofya,2026-01-18 18:06:39+00:00,138,22,Beauty,432000,,,
6ctsNz326i8,59854,2129,67,UCUITKhflrJnU5NJGLD3Rdhg,SIMRAN KAUR,2023-03-19 14:57:46+00:00,59,26,Beauty,298000,,,
yvhgX1OK0Zw,98324,3197,63,UCF6B5EhKbQ8tS8h2ghhfFuQ,chaaunhi ,2026-01-14 13:47:23+00:00,32,24,Beauty,99100,,,
4UvGpxUbOyo,141120,1852,5,UCDq477PyAPbt2O3-5jXMc8g,Lamaleeno,2026-01-16 07:56:47+00:00,16,22,Beauty,15800,,,
t3qPQ5zwu6M,97189,1903,8,UClhp9r6NXY_OecSPL_AOJcQ,Caitlin Thexton,2025-12-13 05:22:39+00:00,36,26,Beauty,224000,,,
ZL8ff_edqkE,49939,1867,120,UCOqyMweUarWcy27ZlOJX7mQ,livjunkie,2025-12-29 10:01:12+00:00,2425,26,Beauty,544000,,,
199EuPaNlao,94216,2817,42,UCF6B5EhKbQ8tS8h2ghhfFuQ,chaaunhi ,2026-01-18 13:18:39+00:00,24,24,Beauty,99100,,,
QY_QE1vEd8w,154731,2198,293,UCixV-Z0S_TltSPVsa7LYrZw,Catherine Sanchez,2025-11-19 16:14:55+00:00,7,22,Beauty,100000,,,
l7-iDSDvBy8,50789,3707,22,UC5npCq5fXfznYBxz90haLHQ,Marie Alcaine,2024-10-05 18:00:23+00:00,59,22,Beauty,65400,,,
nsTiLvrK9C4,107685,2489,363,UC2LfEFQN1OVwPBramVMHuZw,Aysu Başar,2025-12-22 14:42:15+00:00,47,22,Beauty,88600,,,
ETS38YL_H48,71402,1205,57,UCemUYXzfnz1U6mXjwv6XekQ,ASMR Restocked ,2025-06-25 12:45:54+00:00,46,26,Beauty,46100,,,
DfmSvFmJQQs,86712,1177,24,UC3NF-gPK2PRua_EMaeukFwA,chicshn,2025-11-18 18:55:13+00:00,11,22,Beauty,20200,,,
9Bd0ZhQcZNM,73023,2794,34,UCF6B5EhKbQ8tS8h2ghhfFuQ,chaaunhi ,2026-01-21 13:45:45+00:00,30,24,Beauty,99100,,,
omFkb2cwfPE,73546,1185,29,UClhp9r6NXY_OecSPL_AOJcQ,Caitlin Thexton,2025-07-20 03:46:15+00:00,11,26,Beauty,224000,,,
I4dO-nA2Ao0,67499,990,14,UClhp9r6NXY_OecSPL_AOJcQ,Caitlin Thexton,2025-12-26 05:13:52+00:00,10,26,Beauty,224000,,,
FvEqtuwk8dw,51953,1971,39,UCOxHRD8-XUUSmcGA9aDTcNA,Abhignareddy Lakkireddy,2026-01-21 14:03:37+00:00,58,22,Beauty,173000,,,
X-Cj4dJRUG8,77782,584,29,UCFtRwgDqD7b6CBYTBXU_YYA,Shivani Taneja,2025-12-19 15:40:46+00:00,977,26,Beauty,484000,,,
rc1wViqiOVE,60597,513,15,UCPTdcbFdrXZZl5en87qxE4Q,Samantha Zazz,2026-01-16 00:02:00+00:00,21,27,Beauty,53700,,,
b7WtfpMvV98,61903,2410,29,UC0RCbuy2jN3zE5VTPJC4NVA,Freya,2026-01-16 12:40:38+00:00,60,22,Beauty,85300,,,
WY_PYA4_m0w,27564,298,2,UCyole87mAtBgLAr91JmqPUA,Amisha Salunkhe,2023-06-19 11:22:15+00:00,16,22,Beauty,15100,,,
aumef8rt2AE,42134,366,12,UCcDKVGCpoznyx5nb6x3fijw,Isadorra cosmetic,2026-01-19 13:07:17+00:00,31,22,Beauty,6760,,,
Wcht5_1gdt4,36324,384,13,UCcDKVGCpoznyx5nb6x3fijw,Isadorra cosmetic,2026-01-18 16:00:47+00:00,61,22,Beauty,6760,,,
k1hav_60oNg,38618,773,4,UClhp9r6NXY_OecSPL_AOJcQ,Caitlin Thexton,2025-10-29 15:13:59+00:00,24,26,Beauty,224000,,,
SNf9TaZSGDA,37071,2866,7,UCz8baCHaDWQaFjiSg9s-UYA,Kiyoko,2025-09-26 07:17:04+00:00,39,22,Beauty,70400,,,
QHhHlZDeK3U,39350,781,6,UClhp9r6NXY_OecSPL_AOJcQ,Caitlin Thexton,2025-09-22 00:41:47+00:00,11,26,Beauty,224000,,,
lklosquFoAs,27739,214,3,UCa0Tc1mjdjIQnZP4UsscNgg,Cherri -z,2026-01-15 08:51:01+00:00,40,24,Beauty,8450,,,
qIwjLljcGrY,26578,698,23,UCoUXS6YTjqY_05QnwInSLMg,Cozy Glam Life ,2026-01-18 16:48:13+00:00,41,28,Beauty,1110,,,
v3RIzI01Lfo,40037,798,8,UClhp9r6NXY_OecSPL_AOJcQ,Caitlin Thexton,2025-09-07 03:58:39+00:00,11,26,Beauty,224000,,,
PEoTOwHNFHY,27491,519,30,UCAM8JJafMwy5Mfd8novkSNA,Jaycey Buerster,2025-11-09 01:56:09+00:00,123,22,Beauty,11000,,,
kusbW7lE4vs,31653,532,27,UC3NF-gPK2PRua_EMaeukFwA,chicshn,2025-10-13 13:52:56+00:00,17,22,Beauty,20200,,,
F-bKIj5_9W0,34693,387,4,UCsibYiLWy4rGlNTvp5__KeA,Beauty with muqadas  vlog,2026-01-12 19:49:36+00:00,67,26,Beauty,1390,,,
7ZfxkVbLm7U,24160,1480,5,UCF_Rw7PKLr_b5dfwQPRaXwA,Sunshine💫,2026-01-18 12:37:21+00:00,91,22,Beauty,234000,,,
lQMfvJNdkW4,26051,360,1,UCc3dULTnQ0X8eDHQv6bDmoA,MD Foundation & Skincare ,2026-01-21 12:05:59+00:00,23,22,Beauty,22400,,,
JBtWcspdK7w,27262,2634,73,UCAM8JJafMwy5Mfd8novkSNA,Jaycey Buerster,2026-01-15 23:20:55+00:00,146,22,Beauty,11000,,,
xqcuZJC_uZU,21013,590,9,UClhp9r6NXY_OecSPL_AOJcQ,Caitlin Thexton,2025-10-22 20:58:44+00:00,25,26,Beauty,224000,,,
gNHST2Qs7tI,21114,814,7,UCLzcvn_uVboeNrWxkfCkNCg,Nay ,2026-01-21 17:12:59+00:00,16,22,Beauty,6680,,,
SDnB_4NwMjE,22675,2020,45,UC-2DVwE7hiwp7EDeRzqK3BA,Madison Handley,2026-01-20 22:42:19+00:00,95,22,Beauty,20000,,,
6S_YF6XRw4s,14408,224,6,UCcDKVGCpoznyx5nb6x3fijw,Isadorra cosmetic,2026-01-18 13:00:10+00:00,60,22,Beauty,6760,,,
ODCKOpqbaRQ,14098,1037,53,UCAM8JJafMwy5Mfd8novkSNA,Jaycey Buerster,2026-01-20 02:05:41+00:00,164,22,Beauty,11000,,,
R2Mw3D9oGR8,14029,264,22,UCRRR_gmsItT7-nyindgY-Ig,Kelsey Denise,2025-08-07 20:00:16+00:00,11,24,Beauty,107000,,,
abiTIB7mJCc,17327,63,0,UCa3h8SSi4Pw6ARYGc61tdOA,Sakshi Narang Sakhi,2026-01-19 08:54:11+00:00,16,24,Beauty,10800,,,
r8E8hFdX6kw,15570,462,2,UClhp9r6NXY_OecSPL_AOJcQ,Caitlin Thexton,2026-01-19 21:55:45+00:00,21,26,Beauty,224000,,,
moI8yvNGfe4,10049,174,1,UCE3-DqktAtBksAungdffvzg,Lydia Fernández López,2026-01-19 12:28:01+00:00,58,22,Beauty,48900,,,
mq1Oke7Zfu0,12577,0,38,UCDqK0AWAzHk43FsDIB9Ng-A,Christi Rose,2026-01-20 01:45:03+00:00,6,24,Beauty,643000,,,
U0h3shAja2M,10054,275,0,UCCoekLTJ93-f6QtelZW0TXg,XIMENA ,2026-01-18 03:08:54+00:00,31,22,Beauty,111,,,
DgHfncDWc8M,15179,190,1,UCcbgUNegfqA8VwSqXTtmnkw,Dhruv Malhotra,2026-01-18 05:59:49+00:00,19,24,Beauty,53500,,,
f0-i6kih9Tg,12726,456,30,UCAM8JJafMwy5Mfd8novkSNA,Jaycey Buerster,2026-01-13 23:29:49+00:00,148,22,Beauty,11000,,,
z4FYoGWJc2g,10746,280,0,UCA6vyKa0zEKrGD6-_pv95bg,Glow Mantraa,2026-01-20 15:45:10+00:00,19,22,Beauty,1900,,,
RW24HjBcYu4,4281,492,95,UCuIU_YrGYP2zexkdr3NNtug,Ambra Raza,2026-01-20 13:01:22+00:00,1824,22,Beauty,151000,,,
3eAuSlG5JZA,8438,120,11,UCRRR_gmsItT7-nyindgY-Ig,Kelsey Denise,2025-08-17 18:15:01+00:00,8,24,Beauty,107000,,,
kcY6E_O6kZM,10984,378,7,UCYyRt2nufv1mHBKMbgzBewA,J A S M I N ,2026-01-20 17:36:26+00:00,88,22,Beauty,14500,,,
H0Nb6UrBROA,7999,60,2,UC84bgZXVQ2oKo6TnO2pqdfg,Glow by Hanna ,2026-01-18 13:36:25+00:00,15,22,Beauty,615,,,
HvoYzkgF-0Q,5938,83,2,UCcDKVGCpoznyx5nb6x3fijw,Isadorra cosmetic,2026-01-21 08:29:36+00:00,19,22,Beauty,6760,,,
wLYG2qCU2E0,5379,209,3,UClhp9r6NXY_OecSPL_AOJcQ,Caitlin Thexton,2026-01-21 20:12:21+00:00,30,26,Beauty,224000,,,
5Jk_7tdCtnU,3835,35,0,UCoUXS6YTjqY_05QnwInSLMg,Cozy Glam Life ,2026-01-15 11:31:33+00:00,34,28,Beauty,1110,,,
UiTLSINTuDI,5415,26,0,UCJhFuepnbVJM5vsxKQwxqrQ,Shexnaze_xan,2026-01-20 05:01:16+00:00,18,22,Beauty,9530,,,
bul3pLBC52A,17853,89,1,UCh8Ad7PTBWzBWaR3ij2kYzw,Heng Kimpheng,2026-01-21 15:06:46+00:00,16,22,Beauty,663,,,
Wv6b50TMurI,2816,40,0,UCR9qTRVdqVuzHP5mujrxbKQ,ayesha,2025-10-11 18:47:45+00:00,29,22,Beauty,29,,,
HYG53Ye92P0,4809,328,31,UCTM3ZKFfj5tN2IRyxLA_eQA,Magdaline Janet,2026-01-19 02:28:59+00:00,124,26,Beauty,102000,,,
KCxWcHk0A7k,5300,33,8,UCZlyUQyY6THYXeuAh9WjaLA,Theruby~N,2026-01-19 15:21:06+00:00,21,22,Beauty,237,,,
crEW2WjTBNg,2426,14,0,UCoUXS6YTjqY_05QnwInSLMg,Cozy Glam Life ,2026-01-14 11:52:07+00:00,27,28,Beauty,1110,,,
wEmkNLji1OM,4585,28,3,UCa4Q69ULlVN1j4Xn60mP7MA,Natalie Mitchell,2026-01-20 23:44:37+00:00,13,22,Beauty,1740,,,
qVJXuJ21kXM,1522,7,0,UCoUXS6YTjqY_05QnwInSLMg,Cozy Glam Life ,2026-01-14 14:13:36+00:00,61,28,Beauty,1110,,,
32mRXA6KaDQ,2788,121,4,UCAQ3fOgey8T8BeOV2GmTveg,𝑫𝒆𝒏𝒊𝒔𝒆 ^ྀི,2025-10-08 07:07:31+00:00,24,22,Beauty,1290,,,
zuYVDPbRVwc,5456,38,10,UCQ0ZqxagSZV8UCw_7annybw,Kayotic 🌻,2026-01-20 14:06:35+00:00,179,22,Beauty,1000,,,
MorxSxJoMjI,2883,12,0,UCyWK71Sd19Faqq3ju8Seivg,Làm Đẹp Dễ Dàng,2026-01-20 04:16:12+00:00,13,22,Beauty,67,,,
jHp6bO-1TVE,2963,33,3,UCZKSUa3qB0Aub73VWhOhoaw,Unboxing with Aliza Shaikh,2026-01-21 10:22:26+00:00,18,22,Beauty,1310,,,
j9w3hLVpzpM,1175,9,1,UCoUXS6YTjqY_05QnwInSLMg,Cozy Glam Life ,2026-01-12 16:17:47+00:00,56,28,Beauty,1110,,,
BINrJaN1I0E,1575,8,0,UCmWc8e73Nz9NenHmcDY7iaA,Laura Goldie,2025-09-28 20:46:35+00:00,49,22,Beauty,107,,,
RKbIACJGm8o,983,7,0,UCoUXS6YTjqY_05QnwInSLMg,Cozy Glam Life ,2026-01-15 07:31:23+00:00,41,28,Beauty,1110,,,
RN4iwQ2bnY8,1019,7,1,UCoUXS6YTjqY_05QnwInSLMg,Cozy Glam Life ,2026-01-13 08:51:57+00:00,41,28,Beauty,1110,,,
1zbTkxxGgnA,1607,23,2,UCVLehZs0v8rqJEMRMH-Ka6A,Sara’s World ,2025-12-29 04:20:04+00:00,22,22,Beauty,849,,,
RvMb_3FV6Zg,921,5,0,UCoUXS6YTjqY_05QnwInSLMg,Cozy Glam Life ,2026-01-12 16:36:30+00:00,61,28,Beauty,1110,,,
EYXCcpgWEoM,887,17,0,UCoUXS6YTjqY_05QnwInSLMg,Cozy Glam Life ,2026-01-14 15:48:30+00:00,43,28,Beauty,1110,,,
xketgQhuZ8M,5933,176,3,UC2mgKAmg8gdtFBkaRvrk6Nw,Tutti cosmetika,2026-01-19 10:23:32+00:00,20,22,Beauty,5600,,,
Kv3_u6avkiI,1839,20,0,UCeEdHB9TCfP5q8cz9NndltQ,Ваша Отзовичка 🌹,2026-01-20 03:48:37+00:00,42,22,Beauty,1540,,,
cPqPk1rnTic,768,32,2,UCrTY-5A0WfIByLIL9qtUwlw,The look up,2025-10-14 20:08:11+00:00,167,22,Beauty,639,,,
N9UD3sQuoBU,2418,8,1,UCoUXS6YTjqY_05QnwInSLMg,Cozy Glam Life ,2026-01-15 11:42:56+00:00,10,28,Beauty,1110,,,
3QDf5IrD-mY,1410,0,27,UClAMxmj97SKrloj_ej5G0_g,Cosmetic wholesale ,2026-01-15 11:59:34+00:00,32,22,Beauty,386,,,
Pt-gLk9JtDo,1495,124,3,UCrAq0l1vognyU1piS23hViQ,Hi Lauraa,2026-01-22 06:08:35+00:00,180,22,Beauty,18300,,,
PI1u72acaxQ,1004,17,0,UCJeHwTA99NaFK0KsRJMiifQ,ASMRS ,2026-01-19 04:14:57+00:00,148,22,Beauty,6,,,
9fBuCUEtzFA,1349,27,1,UCLSTYBmDQOEUMI72KCtQq_w,Aly makeup🫧,2025-10-12 14:08:48+00:00,14,22,Beauty,9770,,,
d686pTlI2rA,1180,20,0,UCYkdamQpvgNKuSXtiSRi3xg,Cinmi Does Makeup 💄💗,2026-01-21 12:01:21+00:00,46,26,Beauty,385,,,
76iaz2r0fAM,1228,11,0,UCVMmv-CRori1_MqkZ41yWtQ,blushwithneeru,2025-08-24 06:38:13+00:00,57,22,Beauty,43,,,
VwnA_ilxmfs,390,24,1,UCTtml3sNV8z8wEQBG31AjBg,Daily Informative PK,2026-01-22 11:00:51+00:00,1877,22,Beauty,483000,,,
ime8box8J5w,1190,29,0,UCdi3eZft9E3K9XKaLBTxZTA,Tiwik Fajar,2026-01-19 08:56:52+00:00,42,22,Beauty,313,,,
mba7VNtNEyw,1415,3,0,UCI1Rnz4KBvS6-mm2tSeyMuA,makeover by adeeba ikram,2026-01-21 15:29:28+00:00,30,22,Beauty,552,,,
IokLfZqAH9M,1176,31,3,UCSerf4yBThJbpXaO8G-5T5Q,SuzyKirei,2026-01-19 09:16:20+00:00,60,26,Beauty,9,,,
q7AQQ8rZ1z0,1419,13,6,UCQczPQMvOzC7fu0WxO7QNYA,Marina Bogdanova,2026-01-19 21:04:12+00:00,42,22,Beauty,812,,,
hueFccl92A8,2236,8,0,UCgBD5kpg7_vJMqQrROsOmrg,Belinay Çetinalp,2026-01-22 10:28:18+00:00,61,22,Beauty,593,,,
B3Shi7vk2b0,1149,7,0,UC30lVrSkgG-xjfaHT_D9a8g,Nush_KBlush_97🌷,2026-01-20 15:15:52+00:00,45,22,Beauty,19,,,
X1NRbAp7_-I,1208,8,0,UCgENQHH4hjNWVQKo_Xtx19w,alışverişdelisi,2026-01-20 18:18:16+00:00,10,22,Beauty,21,,,
zuclW77jcn0,2288,2,0,UCPSdmEY2BclBo9G-x1C-mPw,Ashley Galvan,2026-01-20 23:48:45+00:00,47,22,Beauty,899,,,
64o9cJB5PIE,1712,4,0,UCvFPC3hOaMDlZVlHqyNqZyw,Glamika Skin,2026-01-20 08:54:03+00:00,7,22,Beauty,25,,,
3D2aS9Qym5E,2460,24,0,UCGH2p8gO2-0H0DmmOTOj5Xg,Coquettebestie🎀,2026-01-20 07:32:45+00:00,29,22,Beauty,561,,,
S5HHfSxYcAU,2224,50,6,UCqnWKBBV2DZ9YJtJXshWRRQ,Laura Posse,2026-01-19 18:30:00+00:00,39,26,Beauty,6570,,,
cKFOwoyLhXM,872,6,0,UCNqEzY4RR3F_YDDdBejj7sw,andinii_sekar,2026-01-19 23:13:35+00:00,60,22,Beauty,239,,,
ZLJMCo4hKoU,1449,0,0,UC5sd0hdnr-TX3sglNL5gj9w,BlushBloom studio,2026-01-21 11:18:17+00:00,5,22,Beauty,45,,,
VOHqF3Q5XYs,2781,0,1,UCnklD24XaVPaF5Q3t_bNWnw,Eli,2026-01-20 17:54:25+00:00,7,22,Beauty,1150,,,
o4DfS2le2C4,3151,4,0,UCnjuBR3UahCtLfc9LQW-4FQ,GlowUp with Sanya,2026-01-21 17:37:53+00:00,18,26,Beauty,681,,,
LWf8C85zcGg,3735,18,2,UCsRGZv4y2sQA0_vEmENFiRA,Georgia Eliza,2026-01-19 21:25:36+00:00,181,22,Beauty,162,,,
69WTyRLHYmA,801,0,0,UCR_ypFa3kZlHVsaBkJLUWNg,Navneetkaur,2026-01-21 15:30:07+00:00,30,26,Beauty,232,,,
SxO8GTIYmu8,1675,8,0,UCGNG0oyhscQTw9GY9JFo91w,Johanna Liriano,2026-01-21 20:54:40+00:00,38,22,Beauty,5,,,
EO_vKPpku7s,2564,45,7,UCICTa9aSChpxDvQj0-Ouc3Q,Oliviaaaa,2026-01-19 22:11:23+00:00,44,22,Beauty,76,,,
pgDaz7DCKiY,6619,338,3,UCc3dULTnQ0X8eDHQv6bDmoA,MD Foundation & Skincare ,2026-01-22 08:39:25+00:00,17,22,Beauty,22400,,,
5UbTcFtOYWM,1211,19,2,UC2SbjLQ9O_OWyVhqRDsvRGw,Shades of Divya ,2026-01-21 09:14:10+00:00,27,22,Beauty,293,,,
rLRI9A3HbA8,1223,15,0,UCuA7SyVZHBotZmGHXK2-sAw,Sakshi Carmount,2026-01-19 22:35:45+00:00,32,22,Beauty,7,,,
FcmAA8zpw0M,726,14,0,UCq77ZWy6na9yRTqLUgQZDow,Twenties Beauty,2026-01-20 17:14:50+00:00,18,26,Beauty,2760,,,
6Wpoixh0yC8,1211,17,1,UCSKCXqrsUCeStcBIKUKMgZg,Min March - มินมัช,2026-01-19 14:39:16+00:00,48,26,Beauty,34,,,
GBaO9KI2Pbw,1204,0,0,UCqCg8gfPTA_4giCDF1-a0fw, ๋࣭ ˖ 𐔌 Self-care with desi girl_21🍒 ࿐ . ۫,2026-01-22 08:15:06+00:00,11,26,Beauty,570,,,
_XW-qtfYOXo,1584,8,0,UCvbTrYRXPMwj8GsqBVi4qsg,Beauty Care,2026-01-21 16:20:31+00:00,14,22,Beauty,45,,,
zz_cP7XVdIU,705,7,0,UC4HArvGfoZiQSxCRNBnzfog,Tiadina Makeup,2026-01-20 19:50:51+00:00,22,22,Beauty,487,,,
ScKzn5nFSIc,1187,12,0,UCeEdHB9TCfP5q8cz9NndltQ,Ваша Отзовичка 🌹,2026-01-21 04:45:37+00:00,34,22,Beauty,1540,,,
RZUOehNx0ow,1917,0,12,UCLkm8nLojHENQ8ORyOLK_0g,Dr Palki sharma,2026-01-22 12:21:10+00:00,175,24,Beauty,102000,,,
CFz20ps_dUc,260,1,7,UCoUXS6YTjqY_05QnwInSLMg,Cozy Glam Life ,2026-01-10 16:10:25+00:00,14,22,Beauty,1110,,,
xCjx9E8M7Ic,973,42,3,UCgR7xOyzHbxEVVO1grAzbWg,Yonny,2026-01-21 21:42:44+00:00,48,22,Beauty,2290,,,
NX2rFFQzAcM,204,2,2,UCoUXS6YTjqY_05QnwInSLMg,Cozy Glam Life ,2026-01-14 07:32:12+00:00,61,28,Beauty,1110,,,
ZJdyTSWPQJI,251,0,0,UC7rUB6y6SB4XRFv-2ATxquQ,Sonalika Mundyal,2026-01-19 11:19:13+00:00,18,22,Beauty,5,,,
90t8h6aCqfk,1448,16,1,UCF_Rw7PKLr_b5dfwQPRaXwA,Sunshine💫,2026-01-22 12:01:29+00:00,122,22,Beauty,234000,,,
lox1wTQSh9s,246,0,0,UC932aDdAJd98_n15NftAhJg,Sharifa Shaikh,2026-01-04 21:44:58+00:00,103,22,Beauty,3,,,
oQZBjaOO8aQ,89,0,0,UCm-jGM0pOChtXg3iFi4VFtA,Kp Cosmetic centre,2026-01-11 01:21:48+00:00,19,22,Beauty,1,,,
xj1L5GL4Dxs,78,2,0,UCoUXS6YTjqY_05QnwInSLMg,Cozy Glam Life ,2026-01-15 14:26:07+00:00,33,28,Beauty,1110,,,
JXbWNLaLfRs,15,0,4,UCoUXS6YTjqY_05QnwInSLMg,Cozy Glam Life ,2026-01-08 03:35:50+00:00,61,28,Beauty,1110,,,
KPSWkzI0TNY,1381,12,2,UCYztF7ZqP_cAnkTKANnXpKw,glamupbymakeup,2026-01-21 13:05:24+00:00,36,26,Beauty,64,,,
uXG0xjw6vEw,227,3,0,UC8c2ETQ_BFkeel73k_DEqpw,BeFitAndFine,2026-01-22 12:48:57+00:00,61,24,Beauty,80900,,,
UPKRdVNqnFk,354,4,0,UCLC-J27w5ZFv6yzXdXcfjAA,Makeover with Deepika,2026-01-20 06:14:51+00:00,18,22,Beauty,62,,,
AGEiTe1p0eg,7,1,3,UCoUXS6YTjqY_05QnwInSLMg,Cozy Glam Life ,2026-01-12 17:09:15+00:00,11,28,Beauty,1110,,,
4E0fovvfsRQ,712,7,0,UCKZmDZYhHbo07SlnkOiHsOQ,Mini Verma Vlogs,2026-01-22 12:38:58+00:00,14,22,Beauty,6380,,,
bfY-YU3t054,4,0,0,UCaDdFhthWoy9UMoqFNfsJeA,wholesale_market_com,2026-01-15 12:16:08+00:00,39,22,Beauty,4,,,
Hpctjj1GsHY,626,14,0,UCtkY479oqaTpzWLITMAS_7g,Aysha ♡,2026-01-20 12:40:26+00:00,20,22,Beauty,22,,,
WwLuqZUKrHw,0,0,0,UCUCLzOUfgoWnDgi5gzQyFdA,Michelle Hardin,2026-01-22 00:47:17+00:00,61,22,Beauty,0,,,
R-MkLVxbQoc,670,6,0,UCgfYcCXaLomu_zfojv45g1w,Jackiebonita,2026-01-21 13:55:15+00:00,127,26,Beauty,28900,,,
5re7hyjb53I,7,2,0,UCoUXS6YTjqY_05QnwInSLMg,Cozy Glam Life ,2026-01-22 05:41:16+00:00,14,28,Beauty,1110,,,
36YnV9STBqc,192597408,591047,2,UChs0pSaEoNLV4mevBFGaoKA,The Good Life Radio x Sensual Musique,2020-03-28 00:19:07+00:00,0,10,Fitness,856000,,,
8qDDtm6BOfw,128662202,2353389,37340,UCce7Uuc8LILSkgzavNyDL9g,April Han,2020-02-27 12:02:13+00:00,569,26,Fitness,3320000,,,
mEgmcvjYIlo,60332829,62757,0,UCQ2FzqIvWSE7ysvL1sLWQ5Q,Gracie's Corner,2022-06-29 14:43:52+00:00,183,27,Fitness,6090000,,,
j64BBgBGNIU,54341134,763597,16356,UCCgLoMYIyP0U56dEhEL1wXQ,Chloe Ting,2019-10-02 11:17:08+00:00,658,26,Fitness,25900000,,,
sETqHpTSqKg,49984531,1450595,46899,UCqgvtXUdw9j4FS4ycUq64bQ,OppServe,2020-09-23 21:00:48+00:00,1050,17,Fitness,941000,,,
hjDhA0TzpwI,45344572,438472,3820,UCPW6LgHyaHu17_KhqdlLyXw,EMMA Fitness,2021-07-28 15:00:12+00:00,1548,26,Fitness,2020000,,,
yV7fDgNlYKM,44891079,905449,16795,UCa_JUG9hl8D7S6jH7nWTURA,getfitbyivana,2020-08-22 13:56:17+00:00,743,17,Fitness,2770000,,,
nO3fVMzvDrs,31184940,730340,18774,UCTsM1dSAiXqiV5oZjuNw_Bg,Lilly Sabri,2020-08-24 16:30:05+00:00,498,22,Fitness,6530000,,,
RVTnQMtBGTU,28452240,617366,17778,UC8-9mdGBP5dtxEKJM2E9bHA,Workout 4D,2022-04-08 11:14:56+00:00,1265,17,Fitness,4820000,,,
iZPjHyWhoDw,28140765,623849,14218,UCTsM1dSAiXqiV5oZjuNw_Bg,Lilly Sabri,2020-04-30 17:25:20+00:00,528,22,Fitness,6530000,,,
niLch13u0sc,27289588,365538,13878,UCjinxlXYQgPOsZJH87WUaAw,s h y,2021-07-18 22:00:16+00:00,634,22,Fitness,42500,,,
9p7-YC91Q74,25018161,501418,11044,UCyiNCEHLyKbSUrrncVr9KvQ,Fraser Wilson,2019-12-20 15:30:00+00:00,602,24,Fitness,2110000,,,
iXjMzbSzEdo,44215888,968903,3729,UCpOEa82lsC0u_cmfBfefNOQ,VIS Calisthenics,2025-09-20 18:50:32+00:00,13,22,Fitness,43900,,,
D2CKOIiabfg,20869281,164545,2182,UCZEBdD2MviGVsQpBFH7HFfw,7 Power Fitness,2024-05-18 13:14:32+00:00,1730,10,Fitness,120000,,,
Lscqihirc3c,18620463,365420,11742,UCCgLoMYIyP0U56dEhEL1wXQ,Chloe Ting,2019-04-29 11:07:32+00:00,1600,26,Fitness,25900000,,,
Y-qYoVsuFtc,18927920,347365,1822,UCyhzFAVz23DXM_-O2VTdxXA,Ardikatamps,2023-05-19 11:12:23+00:00,61,17,Fitness,2640000,,,
GViX8riaHX4,16114760,247306,6167,UCpis3RcTw6t47XO0R_KY4WQ,Caroline Girvan,2020-08-03 12:21:05+00:00,2188,17,Fitness,4230000,,,
6rDlOwn4q0Q,15143677,253813,5385,UCQ2vUGzZrLpUBqsmsL_5EIQ,MIZI,2023-03-29 08:00:02+00:00,577,26,Fitness,2920000,,,
VecbXgWY0DI,14480473,224197,3398,UCg8LTugCdsOLuwtd9n0d8kA,Rowan Row,2020-07-30 08:32:56+00:00,602,17,Fitness,2240000,,,
JYNa_9pYLGw,14352167,70570,1438,UCxgICZsADcjQoxuobTAeefw,Fitness Motivation Music,2024-08-24 11:00:17+00:00,4211,10,Fitness,106000,,,
d8OL6m0ZblA,14294109,93230,1720,UCzMxEa-lDX2AfgotszScOFg,Epidemic Pop,2019-08-10 22:00:04+00:00,3672,10,Fitness,1060000,,,
PcuL6L8xqRE,13943397,209461,4842,UCM1DEXV1lMw_LuPzHDpb-LA,FITSEVENELEVEN,2020-04-29 07:37:42+00:00,1539,17,Fitness,468000,,,
Ta8_ASDu9yk,13567061,169796,6321,UCyiNCEHLyKbSUrrncVr9KvQ,Fraser Wilson,2021-10-12 16:30:07+00:00,625,24,Fitness,2110000,,,
R7rRmBEQjlw,12304721,140080,4728,UCaeQiOlLDAl76NmWWFUlHbg,DanceWithDeepti,2024-09-02 23:30:06+00:00,1812,24,Fitness,2150000,,,
2nI14gB2_mw,16757684,770405,2342,UCu82b8CiypeRujfLWKWNSpg,Captain Kalo,2025-10-02 16:55:43+00:00,49,17,Fitness,372000,,,
GnY20VHLxAg,12175866,30908,404,UCaZOvb3KGdRDcc1Wh3OGZuA,Immersive Fit,2025-11-21 20:39:37+00:00,381,17,Fitness,96100,,,
aTRuRaxAYLA,24972149,384155,1569,UCEUP1Sy0Eq58tBBGjxhfiQQ,Vivek Fitness 777,2025-06-28 15:23:26+00:00,17,27,Fitness,145000,,,
aRewl4eJ2LQ,24248436,432146,1149,UCpOEa82lsC0u_cmfBfefNOQ,VIS Calisthenics,2025-09-11 21:34:00+00:00,10,22,Fitness,43900,,,
oR6jkKsORUI,11512574,192386,3450,UCaeQiOlLDAl76NmWWFUlHbg,DanceWithDeepti,2022-08-30 11:30:09+00:00,1949,24,Fitness,2150000,,,
P1mInEK7BEU,11233866,210735,7131,UCqjwF8rxRsotnojGl4gM0Zw,THENX,2021-04-19 00:00:04+00:00,2007,17,Fitness,7830000,,,
sCHHzKFSElw,10968764,140316,866,UCKPsLBZfDVuNkXItcKJZ-PA,WORKOUT NATION,2022-09-11 04:30:11+00:00,1830,17,Fitness,1540000,,,
d7eZsOADCos,10786675,74162,1327,UCk3pfsWjTwMffBENP1jRH6A,VDJ Mahe,2024-01-17 23:11:18+00:00,831,10,Fitness,163000,,,
uNyoNldFLzI,21955305,226413,279,UCDQmJF6jndgLkv2lFdL1ICw,Lalit Ke Facts ,2025-10-05 13:17:52+00:00,23,22,Fitness,299000,,,
e13yvYaOyqg,10644609,188288,849,UC7t6QJ4u8qF8pI-vibX-BUQ,WORKOUT,2021-12-16 12:34:12+00:00,507,17,Fitness,8580000,,,
JnbVVR_oITI,13604894,194108,929,UCMxqrbQqoniurqQkrydZoXg,Kams0,2024-12-13 16:43:13+00:00,20,23,Fitness,43900,,,
7SUQzX4djtc,10020912,143063,1044,UC4jbUUExSpxviNThUUbSWFQ,CARDIO DANCE WITH CLAU & PATY,2022-01-19 02:10:29+00:00,1524,17,Fitness,2990000,,,
n4rAP5vcwUU,9196478,0,10363,UCq9nua7h5vCQ6-W-xxwMDTA,nikola’s pilates,2025-01-25 17:12:15+00:00,369,22,Fitness,3180000,,,
T4WYWIoRcDI,9104061,29706,240,UC4LuNyTK9sGFb-C0s-eMU9g,Immer Play,2025-12-15 21:00:36+00:00,434,17,Fitness,83900,,,
pSiGcMs9zw8,9035062,86850,1951,UCag7XoiJLutjBTsM0tAzUzg,Lucy Wyndham-Read,2021-03-29 08:00:16+00:00,551,26,Fitness,2630000,,,
qfe4vzupWjI,8835775,74388,3383,UCFjc9H89-RpWuIStDqhO7AQ,Body Project,2020-12-28 08:02:09+00:00,2021,1,Fitness,2470000,,,
hw-xiFZiMb8,8710821,50202,1447,UChT8EcTdZbLjr1e9ku-MThA,TheGymBeatsOfficial,2024-03-26 13:09:25+00:00,1804,17,Fitness,219000,,,
iRVso0KwACU,10364411,203121,818,UCjxWxydn11vEYH1_upyYS6A,FIT4DUTYCREW OFFICIAL,2024-12-03 22:35:30+00:00,13,22,Fitness,51500,,,
x9Sib-TEivI,8628336,307926,4160,UCBMnpDRvvEHPdH0L7u3xGlQ,Hailey C.,2023-01-24 12:00:39+00:00,906,17,Fitness,704000,,,
22YOogULJ8s,8269379,81918,2436,UCBjkIxM3xOuq9H9eFgZASBw,BurpeeGirl,2022-04-07 05:49:45+00:00,2110,22,Fitness,1410000,,,
No2EK22mshc,15242891,65785,100,UC823cERueVzOBXiSNP4OVcw,Huy Hoàng,2025-07-06 14:42:26+00:00,18,22,Fitness,68800,,,
LZH3DCJ02ZY,8125464,0,9638,UCq9nua7h5vCQ6-W-xxwMDTA,nikola’s pilates,2025-02-23 08:00:51+00:00,325,22,Fitness,3180000,,,
SUZSmgYJN8U,8090048,210984,3488,UCZUUZFex6AaIU4QTopFudYA,growwithjo,2021-07-01 15:00:12+00:00,959,22,Fitness,8140000,,,
IrA9dvgRKR0,8086049,138243,701,UC7t6QJ4u8qF8pI-vibX-BUQ,WORKOUT,2021-12-21 12:31:48+00:00,625,17,Fitness,8580000,,,
2L6gsn7rGqI,236395379,3342873,5001065,UCV4iYJ7wTDWrRGbGZEvQsSg,5911 Records,2020-09-03 02:30:13+00:00,287,10,Gaming,2530000,,,
SbAKYgfYET8,190118117,929703,29347,UCGie8GMlUo3kBKIopdvumVQ,Still Watching Netflix,2024-12-31 00:00:00+00:00,75,24,Gaming,10600000,,,
oadhHk2xs6c,166097603,1687766,15556,UCR1yd7JFrY7agCcYU1Ddzew,Chris Isaak - Topic,2021-06-03 10:06:48+00:00,287,10,Gaming,3650,,,
7v8h4PolOPw,154047838,299437,6408,UCGie8GMlUo3kBKIopdvumVQ,Still Watching Netflix,2025-06-28 13:00:00+00:00,63,24,Gaming,10600000,,,
Fgo8XJi9tt8,114668969,279492,2215,UC6wqSmqyMcqaMIAkU7DAHMQ,Scary Teacher Family short,2024-01-13 01:15:04+00:00,640,24,Gaming,3320000,,,
Ilx_xJHuhAc,108411255,4585620,1143572,UCX8pnu3DYUnx8qy8V_c6oHg,Techno Gamerz,2021-01-20 03:30:00+00:00,153,10,Gaming,49400000,,,
h__gJFybVxU,102211370,272061,0,UCvlE5gTbOvjiolFlEm-c_Ow,Vlad and Niki,2020-09-25 06:45:03+00:00,202,24,Gaming,149000000,,,
OfEF-LbNQ44,77500849,363264,2834,UCzCe130p2PDhDRUrnfqpNdA,LTT Game Nerf Guns,2022-04-21 08:12:02+00:00,937,24,Gaming,6730000,,,
LLXGMDf7fS4,51152348,244523,1499,UCssQVbjdZ80qx2fG8lNfrBA,Daniel Sfilms,2025-09-10 22:29:33+00:00,173,22,Gaming,934000,,,
FZI5RMI19MQ,52865157,825302,1963,UCkHHRGuPLTSTbZTt-2TGB9Q,BabyDuck,2025-03-07 09:53:32+00:00,18,20,Gaming,7410000,,,
68DPVaC1TyM,46761431,128334,0,UC52SeLpjEEjQOMD-N2bWrAg,Scary Teacher JQK29,2025-04-08 09:00:07+00:00,629,20,Gaming,395000,,,
zNQseDrbRr4,35962812,350822,6372,UCZSNzBgFub_WWil6TOTYwAg,Netflix India,2024-12-31 06:30:21+00:00,1528,24,Gaming,28400000,,,
D9UKmj5Jd0I,51797838,2048810,609,UC5k3-qwva5_gxzaDGfqk0pw,Aanganwadi Ke Bacche,2025-07-05 12:55:24+00:00,82,23,Gaming,22000000,,,
zwhYF34-fC8,59912960,573352,5644,UCtM58H2QaTXTi7OIRAVgAGg,Spizee,2025-07-20 16:49:11+00:00,43,24,Gaming,21100000,,,
CIA_Jf6vPjM,40157394,975914,530,UCHCgMmZzmULPJjIhSR1tSCQ,Baccha Party School ,2025-03-08 14:07:46+00:00,60,23,Gaming,5500000,,,
SeYgoLpzFlM,45514486,265261,841,UCSnyFNVsXYlBLv7J75yr32Q,One Man's Choice,2025-01-16 03:18:46+00:00,9,24,Gaming,1140000,,,
BTs1xzuVArg,50355507,519911,1237,UCzLKlc6VfmJJGCu2eivhXyw,Sahu original,2025-05-14 09:37:47+00:00,69,24,Gaming,10800000,,,
1KMjkX7eQDQ,26982635,97075,0,UCMK2MVNthSkVfb8oPcQpMdw,Firodaliso FunAnimation,2025-10-17 14:06:32+00:00,703,24,Gaming,1310000,,,
-3PnkQO_y_M,26396494,92098,1702,UCZSNzBgFub_WWil6TOTYwAg,Netflix India,2025-01-24 12:30:00+00:00,682,24,Gaming,28400000,,,
PvsRQttHskg,26342993,102462,563,UCXAIs1TouUcSaPF56dw0MRg,Follow Me,2023-05-16 09:29:15+00:00,973,24,Gaming,3270000,,,
tK4Km2rXC1c,45521184,255018,621,UCE3kjt1mqvR6AlXWvUmkh1w,Keizo & Friends,2025-05-16 00:30:51+00:00,24,22,Gaming,6640000,,,
FZrbrXtiOs8,21207862,96059,2429,UCTVH3nURdynszSGRsDJznNQ,Snow Gaming FunSahure,2025-11-22 12:02:14+00:00,443,22,Gaming,48000,,,
5N3gkqAkjvk,20315280,58163,1375,UCkTgQinse-3f-K5vPgDnRNw,Boss Animals 3D,2025-08-28 05:04:40+00:00,933,22,Gaming,127000,,,
UIVoiQGgZJk,18359939,47458,686,UCRqs0TZOqe5nrwP-BrdnCjg,jaanvi patel,2025-06-08 08:00:37+00:00,471,22,Gaming,29900000,,,
VvBNuMqm2xk,26219427,435352,245,UCgZJkec_8uEBcL1yjefWwnw,sumit farkale ,2025-04-29 12:28:50+00:00,95,23,Gaming,8350000,,,
a_hbm-IfisU,17573005,92228,1682,UCPuEAY09CtdTzFNWuqVZgDw,Topper Guild,2025-02-22 13:00:05+00:00,4595,24,Gaming,84000000,,,
6F571nnD9Xc,33700537,276866,157,UC4wEPe5mrHGAUjjTfXH_C-Q,Anaya Kandhal,2025-08-02 14:05:03+00:00,27,24,Gaming,67400000,,,
te2rzrLqxm8,16739482,372915,8489,UC4-79UOlP48-QNGgCko5p2g,MrBeast 2,2026-01-09 17:00:01+00:00,1214,22,Gaming,55300000,,,
__JR5-qSs1w,16275248,125226,2726,UCKPDKDddJgtFoZz_XvqP1VQ,Piyush Joshi Gaming,2025-01-08 08:51:06+00:00,660,20,Gaming,7080000,,,
GmL0BjAUsJs,29785409,245211,144,UCHCgMmZzmULPJjIhSR1tSCQ,Baccha Party School ,2025-04-13 14:19:15+00:00,60,23,Gaming,5500000,,,
sBVZ4T6j8XI,15726236,37909,218,UCPxgZz2C4cOeMUlAq_LrisA,Bittu Sittu Shorts Official,2025-05-16 02:45:13+00:00,843,23,Gaming,1780000,,,
AfTFb92DmyY,15553793,32980,175,UCaHaG7vcPLIrc1wFv3505nQ,Scary Teacher 3D Hile,2025-07-21 12:00:30+00:00,697,1,Gaming,5080000,,,
DZzKu_AIOWk,15418082,46246,222,UCc2RL8jvY1rJPuCnJVsIQWw,MSToons,2025-06-14 17:00:28+00:00,664,20,Gaming,1170000,,,
q-7TKF6V1To,15374625,55338,383,UCeqMTpWWdiA9wpEfKMFb4jg,FLife TV,2025-05-25 12:01:24+00:00,1327,24,Gaming,7480000,,,
OBKcg_yOYJ0,15249437,114777,1823,UCpUjiASHMm8GHswYLjdlt3w,Love Animals,2025-07-20 14:04:49+00:00,1592,22,Gaming,234000,,,
A49PF87bvvE,22807792,682207,1009,UC2ViPu8EVMP8Eo1Ob7yWEkg,NRFM-VLOGS,2025-02-23 11:30:04+00:00,60,24,Gaming,12600000,,,
2FE7pOBbRn8,15038519,515761,59832,UCIPPMRA040LQr5QPyJEbmXA,MrBeast Gaming,2026-01-17 17:00:05+00:00,1285,20,Gaming,53700000,,,
vqY8U8g2uQY,14616499,37266,710,UC7YiaeYv3lWj08lWzQhEI2g,MelosQuest,2025-10-04 18:44:24+00:00,184,22,Gaming,4040000,,,
vOKKC-9nfZQ,14069450,57507,1822,UCIhQ0AFnLJ_dzjZ-FNgjH4A,Jin,2018-04-29 02:32:52+00:00,691,20,Gaming,194000,,,
WDzHCos957w,25453078,361697,3228,UCoJ5osZ535ar2kzHwQMnLsA,Double Date,2025-02-25 10:09:53+00:00,10,22,Gaming,29600000,,,
3jTUVTZkq1M,12291461,32430,62,UCuXEmFf5kXim3bQq1gBFdtA,Dino GamePlayz,2024-01-21 08:00:04+00:00,488,20,Gaming,65800,,,
HU4qv3RZv78,11456984,27019,263,UCo6rWX5ntJ95QX8HK0SJhXQ,Scary Teacher QKA,2025-09-06 13:00:25+00:00,636,20,Gaming,38800,,,
8iLMIKL5PNU,18332983,337560,155,UCcJPMMSYk8y-_MS3qWe_j7g,KC Indian,2024-07-21 03:35:00+00:00,56,24,Gaming,899000,,,
Hlue9MJUz0E,21274528,0,491,UC3B4XxhsUHzKfx3AVdjy3qQ,Young Hee 2.0,2025-06-24 16:19:08+00:00,15,24,Gaming,69900,,,
mTJ_F01iypA,16079374,577156,6314,UCLGHEUaREx_FtNrqfJ8gXIA,Box Of Vengeance,2025-08-31 03:30:40+00:00,51,22,Gaming,28700000,,,
0PVU-lvQ61Y,10549786,23167,249,UC4ubYKusgqF48dgvRGIDz2Q,Squid Game Prank,2025-02-18 13:00:02+00:00,1226,1,Gaming,366000,,,
pjrHFOjG9Ps,20254243,223330,204,UCJTeKtGJKvQuWKxChR2mdDg,DA Entertainment ,2025-05-31 12:30:59+00:00,60,22,Gaming,1510000,,,
myRFPkTBdQU,10138525,47422,1788,UCJHBJ7F-nAIlMGolm0Hu4vg,Maizen,2025-07-26 11:03:06+00:00,1017,20,Gaming,15800000,,,
wSh8fAFWEWs,17550651,533719,10907,UCX6OQ3DkcsbYNE6H8uQQuVA,MrBeast,2026-01-16 19:00:01+00:00,28,24,Gaming,463000000,,,
TYERniNaaiY,10557530,438875,641,UC_GYQT7DtaHaRbSeXyWBZyA,Arun Karthick,2023-11-25 13:45:02+00:00,60,23,Gaming,4360000,,,
Sjq3kLgtz-E,9722552,31274,363,UCoOUD6jjiMev9SY3Wg5dtTQ,MissT LOL Moments,2025-09-02 09:42:44+00:00,1259,1,Gaming,63500,,,
D5kSVfK0FM0,17714330,150490,2902,UC8FqLpnbxRNpNmDuxNHuHHA,PR PRESENTS,2025-09-20 14:53:55+00:00,52,24,Gaming,10700000,,,
_XUGjoIjTeE,9749290,11005,125,UCj1zOi-DwGk3gxSC8cR-X1g,ACDR brothers ,2021-09-23 10:24:18+00:00,11,22,Gaming,25700,,,
o8I8eCeQ2J4,9563087,28627,0,UCEeVJghkDlGMTqm4AZYwQdw,GUDDU GAMING-YT,2024-12-27 07:42:46+00:00,260,22,Gaming,39000,,,
GYZT2ZncUpw,238712188,5050591,0,UCSlXUynEQ0KKKOAK03kFt8g,Mr. & Mrs. Prince,2023-06-26 02:46:06+00:00,60,24,Beauty,13700000,,,
Sz5VawAbNYw,244627309,3738784,5114,UCPW0F3QPcwARHVFULyMMr0A,Sujal Thakral,2023-12-10 11:30:17+00:00,60,23,Beauty,40800000,,,
VJ4IefDw9QA,184058796,2964678,16410,UCc6YTHugsln7EQnq4nhZfaw,Miss Garg,2023-07-03 08:52:22+00:00,30,22,Beauty,5780000,,,
wV3m7NGDOaU,150413533,3400638,11427,UCGhXgPi0bPzyFNOzE6fkMxg,Lea Felicitas,2024-07-05 19:00:27+00:00,59,26,Beauty,2150000,,,
X2uSaUrTsfA,156748001,2560256,3385,UCI_OvtzK82eTL8KIRQ8G_EA,Candy Superstar,2025-02-06 15:42:30+00:00,26,22,Beauty,15900000,,,
9s0mRCfWU9s,269366472,2486406,6250,UCTDqUZmXXcYBAIoFOkJ0WOg,Om Bhakti Prerna ,2025-07-11 01:39:27+00:00,20,10,Beauty,358000,,,
mnW8Yj2JedY,177132255,1158784,4152,UCrhNOddgHG9ONYpxJzbfArg,Anupreet Bakshi,2024-03-31 14:52:47+00:00,11,22,Beauty,681000,,,
A9aFn-X-Sg4,114202159,2666589,5976,UCc6YTHugsln7EQnq4nhZfaw,Miss Garg,2023-10-19 09:51:41+00:00,60,22,Beauty,5780000,,,
lxMWH-cr3Uw,115055702,1841510,23882,UCk4KMUR122Ope7kYg2aJ8EA,Wedding Nozo,2023-01-02 05:01:51+00:00,20,26,Beauty,2950000,,,
B18zYEAlryc,102524137,1627615,3532,UCOyBUZwP-37A_2nGPPQFRnA,Gillian Grace,2024-04-29 23:33:41+00:00,50,24,Beauty,677000,,,
bKBN4-8_x1Q,119867328,1457323,98630,UC8ZidgQbe5w4iLEtRhbiF5w,Atarah Mayhew,2025-03-01 13:15:04+00:00,60,24,Beauty,7710000,,,
RDHyE_hBphA,84975007,2649871,23575,UCv-aQgb2xc0PZ8VSULqQmfQ,Pamela Pedroza,2024-05-29 18:02:34+00:00,60,22,Beauty,766000,,,
tNDM5aVUhPE,95945875,2682344,4649,UCHwQ2fiRDyd7hikKan5s4Sg,Makeup by Parul Garg,2024-07-10 06:30:17+00:00,38,22,Beauty,11200000,,,
ybw-6VPqIlY,81224987,3030863,5956,UC8_PN2r5U3l8bagk0ozjbJw,SURREAL BRIDAL MAKEOVERS,2023-01-21 07:06:16+00:00,46,22,Beauty,443000,,,
2Wiso1meVeY,87372809,860909,471,UCrd936cqeQz8_ZsLQ0vvG2g,Pooja Makeovers,2024-06-27 13:49:02+00:00,28,26,Beauty,233000,,,
8Yi3RiHMdoY,75436676,1972478,1676,UChY7S_wiZZ8kqRcNTN3odIw,Wils Pat,2022-11-26 15:10:59+00:00,28,24,Beauty,3080000,,,
6C-Q6Dm-viU,70448663,2653537,140975,UC8ZidgQbe5w4iLEtRhbiF5w,Atarah Mayhew,2024-03-30 14:00:07+00:00,55,24,Beauty,7710000,,,
W7kiubaCtD0,59746945,269533,5147,UCKo9E6a6-E40CC6OdSbvcdA,스마일밤 SmileBam,2021-01-26 11:45:01+00:00,328,1,Beauty,5930000,,,
UyS3s2NW2v0,69800296,2203831,3528,UCHwQ2fiRDyd7hikKan5s4Sg,Makeup by Parul Garg,2024-10-14 06:17:00+00:00,30,22,Beauty,11200000,,,
NpgAtdt54gg,74872933,1594849,3514,UCWc8CackfCo4q46FpEWBcPg,Jeenie.Weenie,2024-11-27 14:00:32+00:00,42,23,Beauty,12700000,,,
Ri61X2TlOI8,60593716,1534437,4175,UCHwQ2fiRDyd7hikKan5s4Sg,Makeup by Parul Garg,2024-05-24 05:30:37+00:00,35,22,Beauty,11200000,,,
BkU8LMa6GSI,55820550,1662913,2340,UCHwQ2fiRDyd7hikKan5s4Sg,Makeup by Parul Garg,2023-10-15 06:35:55+00:00,26,22,Beauty,11200000,,,
q2eX9WKgb8U,51352848,0,11666,UC9-zGIwgl36EtbzuT7pmLSw,Payal Panchal Vlogs,2023-09-11 05:25:34+00:00,60,22,Beauty,5050000,,,
LjpmHBLEs8c,51631344,1080025,3056,UCxw_JBZaRWtL6JKvyxdUx5g,Celaine's ASMR,2024-07-09 19:01:47+00:00,59,24,Beauty,2040000,,,
rVOVOzdxiws,56583815,1484292,1235,UCHwQ2fiRDyd7hikKan5s4Sg,Makeup by Parul Garg,2024-11-09 06:16:00+00:00,37,22,Beauty,11200000,,,
46HVglI5RPo,51624812,1034718,3956,UCx8jkoy24HPHpe3_4KNOgbw,Anastaiizha,2024-04-17 13:23:16+00:00,59,22,Beauty,230000,,,
VuWJnj3Xuok,53589854,1960711,9944,UCkJ9Iy3S-jDp6BGeaMkLz7g,Anju Mor Vlogs,2024-06-06 09:45:46+00:00,60,22,Beauty,9350000,,,
yuGKEPFvY80,45991469,715849,4359,UClGcTNKu6bc0NeO0vQenwpw,Makeup gives happiness,2022-12-10 07:42:49+00:00,60,27,Beauty,3090000,,,
N-10pYpfcUc,49039248,850374,6656,UC2aE9o5CPNK5MaXipSOiBUg,Real Payal,2024-10-04 14:30:10+00:00,60,22,Beauty,1510000,,,
T2m3Y55GkXA,54797293,533608,209,UCUL9We-R1aCC3GAe-RvOx5g,The geeta gurjar,2024-11-21 07:44:24+00:00,24,24,Beauty,40500000,,,
OCUJU-YPzrk,47096525,319330,595,UCRPBFRJYNu5QJ7IaIM6sjgw,Lipstick and makeup 💄,2024-10-28 04:51:37+00:00,12,26,Beauty,423000,,,
SMrHJDmx_yY,66476320,813849,1315,UCy9LbG8HGtE04-PQkOXKyAw,molchanovamua,2025-06-12 09:40:31+00:00,25,22,Beauty,6710000,,,
0M_vU8hspdE,36577627,1058905,1779,UCHdvDr-TS-TdxaPEMyI6FOw,Lavanya Eugine,2023-09-14 03:39:06+00:00,61,26,Beauty,1310000,,,
Y897VtXxyhM,33032740,121140,2333,UC1YFNhBvZmipb_SBFRSderQ,Shashi Music Production,2024-12-31 01:30:06+00:00,241,10,Beauty,130000,,,
YeYiQy_GJVw,32793054,355118,11264,UCnwmETac0hF66cL5YAhqHuw,Sprunki Cubes DIY,2025-08-08 11:01:08+00:00,778,24,Beauty,541000,,,
PhuNenA94Kg,32605681,43872,931,UCVvmmL6qhpMlBnlPeQpZIFA,Tales & Challenges,2025-10-23 00:00:36+00:00,290,1,Beauty,269000,,,
_N5FehLvz7k,55792028,847663,2624,UCWJ6XES7QgYOdaVtY8igW2w,Continental Shorts,2025-04-03 05:07:05+00:00,22,22,Beauty,308000,,,
8yN4UXMrOGU,63970902,886453,8075,UCpPyzEkyQcODmdDyxkxzXEw,Glambby,2025-07-09 04:08:07+00:00,61,22,Beauty,411000,,,
Sk7Ktg-WBx8,31236613,425864,628,UCFS6DCM-Fse-4P3wtG9x-vQ,Fabiosa Stories,2023-12-13 16:22:47+00:00,21,1,Beauty,12800000,,,
RaLVdAFIweg,36935510,701581,776,UC2YEsYjJOz5OHOcRD9YtaZg,Milyutka,2025-02-06 11:33:45+00:00,38,22,Beauty,2300000,,,
cj10ybJbS9k,30940673,601298,732,UC8Eh4tUONLeRq4FB6VCdMNQ,Saumya Singh 🖌️Professional Makeup Artist 💄,2024-06-20 14:20:56+00:00,54,22,Beauty,125000,,,
UAr_NBuPRHo,30901981,380125,2015,UC-YrqL_PDIJu7rCKl9CtM3g,MissSumanYT,2024-03-18 11:42:33+00:00,60,26,Beauty,893000,,,
t5IJcb14kMQ,30643974,839335,10557,UCmt6ANTxFIZL8XhLprxgJmQ,Maria Khan,2024-01-13 04:30:27+00:00,60,22,Beauty,6620000,,,
pOd8JvGV54g,54026847,632253,1887,UCpPyzEkyQcODmdDyxkxzXEw,Glambby,2025-07-10 18:33:08+00:00,60,22,Beauty,411000,,,
RuEF3CYhCbQ,36836555,714904,2206,UCMO0fL9oNCKscgzJQgrfbmQ,Fit beauty,2025-01-31 13:08:18+00:00,58,26,Beauty,6050000,,,
t6kd4b38PTA,44377289,648047,3734,UCTKJREAH1cMVGpoKjE-MEbw,Julianna Claire,2025-03-18 18:25:32+00:00,47,22,Beauty,492000,,,
KHbfVQ60uFI,29300813,0,7224,UCbbliRFZprB2w7VerXY6kRg,The sasta makeup ,2024-11-05 10:37:08+00:00,60,22,Beauty,933000,,,
zKvH4OrxiY4,24831669,150434,4425,UC-rd2-8tSZIRIRJVCuYA_wg,ASMRplanet,2022-07-15 18:05:48+00:00,1599,22,Beauty,1480000,,,
Yxx7ekXLNCk,45766145,345564,0,UCDiZ9kiK_Lw-vIpO5ag49ag,Darshika and Mamma vlogs,2025-06-27 13:57:54+00:00,37,24,Beauty,3920000,,,
5f0I_Ey7OVc,40692415,354148,0,UC62S07wo4U2GShn7akF6Zuw,Alpacandy,2023-09-13 09:29:42+00:00,61,22,Beauty,1470000,,,
SJlQmHckTkI,28818765,0,4065,UCbbliRFZprB2w7VerXY6kRg,The sasta makeup ,2024-06-25 10:30:07+00:00,34,22,Beauty,933000,,,
z7WoEvL6bvY,23062123,100693,1652,UCFYQ9CBAkWM8sBA3J45nItQ,Bhojpuri Superhits,2025-07-29 12:01:50+00:00,7391,1,Beauty,5690000,,,
QWoT6CICv90,24355486,471266,2007,UCTwjH6j9CnmtXdXraKgHOvA,Makeup of things,2024-10-15 14:01:34+00:00,59,26,Beauty,2720000,,,
miHh9FcUczQ,41545899,560864,679,UCkn7QWNmJftBg-yHla3EJjw,Life with Priya Rao,2025-07-11 12:21:01+00:00,44,22,Beauty,9060000,,,
wDA5oHqcXRc,30498782,338711,535,UCrhNOddgHG9ONYpxJzbfArg,Anupreet Bakshi,2024-09-16 08:52:43+00:00,17,24,Beauty,681000,,,
miceCzzU-n8,23843996,505162,2089,UCwSnPeFrCe8-c9KdMoZqr4Q,Bongo Rumi,2023-05-20 15:12:45+00:00,61,22,Beauty,276000,,,
B_OCCQWmYlI,22962051,684196,1142,UCHWcTUlaLVO-HhIefZZXGEA,Princy Parikh,2024-05-31 12:46:57+00:00,60,22,Beauty,3690000,,,
5v6ALDsDAhU,34303787,816222,2656,UCkJ9Iy3S-jDp6BGeaMkLz7g,Anju Mor Vlogs,2025-07-10 10:29:50+00:00,60,22,Beauty,9350000,,,
X-T7mAFfy8o,26967595,324467,203,UCSlXUynEQ0KKKOAK03kFt8g,Mr. & Mrs. Prince,2024-09-21 02:54:56+00:00,60,24,Beauty,13700000,,,
bXGgwJNEwGk,25446705,0,19113,UCbbliRFZprB2w7VerXY6kRg,The sasta makeup ,2024-06-23 14:30:19+00:00,30,22,Beauty,933000,,,
tyvt0Mf5Lzo,37791804,759391,815,UCHwQ2fiRDyd7hikKan5s4Sg,Makeup by Parul Garg,2025-04-19 06:16:00+00:00,31,22,Beauty,11200000,,,
VPSdmD6OchA,40825718,402983,496,UCQjmz2APw8B7Qjwnwnh7YYw,makeupbyeen,2025-05-19 23:16:54+00:00,12,22,Beauty,23900,,,
KVC0KJAqDfA,32138268,772105,3192,UCiyLsTsGwf0FB_P9rQZmJeA,Daizy Aizy Vlogs,2025-04-02 07:16:45+00:00,34,22,Beauty,5080000,,,
AdS1ZG_KPFw,28700599,782009,22482,UCmt6ANTxFIZL8XhLprxgJmQ,Maria Khan,2025-04-07 04:30:04+00:00,73,22,Beauty,6620000,,,
s3MumJDY958,30763801,271747,661,UCn11OXk3wHbnC44DxnwbKjQ,FORSURPRISE,2025-05-21 10:01:34+00:00,23,24,Beauty,2700000,,,
tjyNrF_fVMA,37560675,282220,155,UC45pg1clkq6SqRLQlxxbJ4w,The Advika Sharma,2025-12-01 03:33:37+00:00,35,24,Beauty,2890000,,,
gdTnyIyc7Ac,18713676,776941,2372,UCJZqkPpOCwlM4gooRYFq8WQ,Real Aman,2024-02-18 15:00:27+00:00,60,24,Beauty,15000000,,,
dajt1oAiWkU,21767308,738495,135244,UCngVKppNKRXO3xkEvJ7yCdw,Nilanjana Dhar Shorts,2024-11-24 06:33:00+00:00,60,24,Beauty,5550000,,,
uNKOrQ-FeeI,23390809,475989,4444,UCvFZBAcThsoAL9cqPXc1ALw,Mildreamy ASMR,2025-06-24 11:03:15+00:00,60,26,Beauty,220000,,,
P4ZVmFzgUFs,38324600,270448,237,UCA4xcFuh54YFLyBNlM1TC_Q,asora dream Rsl,2025-10-12 06:16:30+00:00,11,22,Beauty,239000,,,
SLpV5Nisk1w,17564432,773240,4905,UCngVKppNKRXO3xkEvJ7yCdw,Nilanjana Dhar Shorts,2022-12-26 08:34:00+00:00,59,24,Beauty,5550000,,,
Bsb_bt6o8BE,25676485,963159,9982,UCzTKskwIc_-a0cGvCXA848Q,NikkieTutorials,2025-06-18 18:54:27+00:00,174,26,Beauty,15000000,,,
YgEP_hjaC9A,32806745,363070,3725,UCfZz_Ch_hbtBwgEtOxbLxXg,Satpal Singh,2025-04-26 12:50:13+00:00,17,22,Beauty,584000,,,
j7QxTd9VYeA,30240453,250100,1318,UCz-_g3nVpinMkvs-n9XZf_A,Kat Longoria,2025-06-11 13:40:32+00:00,32,22,Beauty,5450000,,,
6DrFtT90t5Y,15397057,26214,328,UCbrbheF7aaugHFelvsnkl-g,FROG TIME,2025-11-19 01:05:41+00:00,1258,20,Beauty,118000,,,
FDwv6munoiw,15234295,948492,3425,UCcfdYcNHsLEGUw0Sf9UlPEA,beauty only 아름다움,2022-08-02 14:06:03+00:00,60,26,Beauty,181000,,,
ctKjLNoiRKE,30885759,127109,807,UCHcVHa8W40Hzgq16hsPtSWg,Julia Tiffany,2025-07-12 10:23:10+00:00,12,22,Beauty,134000,,,
eCEYD26frDA,17677947,0,4433,UCDVyUmEzsu-ezA7wGzh7s_A,Olio2,2024-04-14 08:02:23+00:00,60,24,Beauty,76000,,,
e6CdO5AljQM,24285876,685033,1351,UCHwQ2fiRDyd7hikKan5s4Sg,Makeup by Parul Garg,2025-07-08 06:17:00+00:00,35,22,Beauty,11200000,,,
nEi-nctEExY,28417901,159706,201,UCEd6TS36rYKswksRi7Kk5Tg,card throwing master 💥🥒,2025-05-23 07:04:14+00:00,18,24,Beauty,51300,,,
30HTNoaofQI,15516336,279111,7886,UClGcTNKu6bc0NeO0vQenwpw,Makeup gives happiness,2023-11-27 09:30:00+00:00,59,27,Beauty,3090000,,,
BSIZY7g8-5w,14901011,384095,1715,UC_fN0WiQB_R9wFvuMWe19Bw,Lifestyle With Arpita,2023-11-15 07:16:50+00:00,60,22,Beauty,110000,,,
l1MBptdMFrk,13474835,417377,7355,UCqtcff-ZcwKimkBtiLPJyPA,ARSHI SAIFI,2023-06-01 11:50:22+00:00,60,22,Beauty,1440000,,,
MlkFIyEn2b4,23646761,204637,42,UCClnAYyfIvXVX5N__HmOk8g,Mr & Mrs Rv,2025-05-30 00:30:31+00:00,55,22,Beauty,3600000,,,
wdm_GFPho7I,24664988,566833,2467,UC7P70u_4ICFp8g6u0fynBbw,Ammu beauty and beauties,2025-06-10 07:12:33+00:00,36,22,Beauty,54700,,,
EgpiEPrN_aA,17029184,563630,3768,UCMRJk4BD5m2XX-6WyJaShmQ,dkrobiyul,2025-07-09 05:52:17+00:00,61,25,Beauty,251000,,,
G3kDMdJ1cbA,15608940,501208,3021,UCmt6ANTxFIZL8XhLprxgJmQ,Maria Khan,2024-10-19 04:30:06+00:00,60,22,Beauty,6620000,,,
tKv7gkHAN7I,14635423,343157,491,UCi_J8Z5o9kf0l5vsqUeXBUQ,makeup.vitamins,2022-06-09 14:13:30+00:00,60,22,Beauty,72200,,,
xtHct5lfSwA,18914216,254468,1239,UCL2pPumWjhbKB2R3hFMXgXg,Mpo Ocha ,2025-05-29 03:27:37+00:00,119,22,Beauty,922000,,,
MRZkyj-2WGE,20255747,115982,978,UC-gD0GEU6vJR3gHc8UfYprA,Riienn,2025-06-06 09:22:01+00:00,56,22,Beauty,22800,,,
qkoDSs2ulKg,20655442,222454,375,UCHFxiwt59yX7nTHxZgZ6KVQ,Baby Mom Monti,2025-05-17 09:30:26+00:00,74,22,Beauty,8650000,,,
qFo49Huf6DQ,32371169,118706,245,UCnhbAXrPC7EwgKdtrL7l3Bw,Monika Sharma,2025-06-09 19:58:38+00:00,7,26,Beauty,90400,,,
rjj1rOvKznU,12203597,452302,1325,UC0TYGSVcwmdhS1wQJKBiaVw,Soundarya with varshini - tamil,2023-05-26 05:33:23+00:00,47,22,Beauty,4440000,,,
ypdT4UahO_c,20914693,185210,2515,UCz-_g3nVpinMkvs-n9XZf_A,Kat Longoria,2025-06-02 13:50:20+00:00,31,22,Beauty,5450000,,,
DC709DoS4zQ,14423721,427429,1891,UCOQQdp7R24aOG-d6F_vUBNA,SWAGGER SHIVANI VLOGS,2025-02-28 13:22:39+00:00,59,26,Beauty,2070000,,,
xZorHodP2dg,18599602,218760,3167,UC5gxP-2QqIh_09djvlm9Xcg,Alan's Universe,2025-12-29 13:01:51+00:00,44,24,Beauty,99300000,,,
ua5gBOAChOw,22694884,209243,704,UCK1FEfPZw-mE7EVo4CcW1cg,Beauty & MakeUp,2025-06-14 17:52:07+00:00,12,26,Beauty,282000,,,
1MN9zR2uhC8,14493512,330797,17894,UCZOBNKrUL9zvh5ETJBbv67w,uwucutesingle,2024-10-05 17:37:16+00:00,34,20,Beauty,15900000,,,
5pwyufEKaT8,25462823,785191,6072,UCduTDhyZ5SnepKW2bGMacLw,Melissa,2025-07-21 03:58:51+00:00,8,22,Beauty,56700,,,
SHBs7y5iO4A,12392416,190978,3243,UC4Fc_cNgniXXepGJgijA4RQ,Monamakeupdoll,2024-10-01 01:52:29+00:00,18,22,Beauty,125000,,,
OBijL7IxnT4,13520433,495241,3077,UCiyLsTsGwf0FB_P9rQZmJeA,Daizy Aizy Vlogs,2024-10-16 14:09:39+00:00,40,22,Beauty,5080000,,,
N0NyW6vonyk,9914772,35823,859,UCdBTtiZ2H7BgTecNeITZwDw,Neken Dana,2024-06-13 10:23:52+00:00,1820,22,Beauty,750000,,,
78RyEDiurmU,12886583,229846,521,UCrZG-gVkP86hieDK46ubk8A,HavenFlow ASMR,2025-11-13 06:40:18+00:00,31,26,Beauty,179000,,,
y6itWKjmWgw,15848878,288567,451,UCblHlycgKS5k4IbhCD7hLMw,Xlminds,2025-08-30 13:01:50+00:00,42,22,Beauty,48400,,,
5kFUYZpqFU8,17547633,275856,199,UCht7PxU9rTUhlHFKXIGezLA,KhushiGupta ,2025-04-04 06:01:13+00:00,18,22,Beauty,35400,,,
BtXYGZzuegE,11074506,389427,2863,UCmgaEzWAbBVrSS1jLnOyiuA,Veezee vlogs ,2025-02-08 14:00:12+00:00,56,26,Beauty,359000,,,
cnaftjAyfvQ,11877813,137340,0,UCajbPQfnPSNa_uNUj-Pdrkw,Manisha Swami,2023-12-24 10:31:03+00:00,52,22,Beauty,789000,,,
Xb7fbKgnqv8,18992358,71913,558,UCxlNdsSkdTF4AfrkJZqQMhQ,Murrrkotka,2026-01-05 09:09:44+00:00,12,22,Beauty,132000,,,
K3jspIkALcQ,15560987,204502,12496,UChXWl2P-ADCvKp1v7AGRCuw,Glow Horror Lab ,2025-08-21 03:17:34+00:00,45,22,Beauty,160000,,,
5i2J34WGtjA,11597421,162890,570,UC1J7puPhNHMONfKfCsNdTjQ,Essie Peasy,2025-09-08 19:46:33+00:00,59,24,Beauty,377000,,,
A0TZ6Ap6uwI,13109534,267851,3272,UCHLBKw7-dpAPAXXK2yA-bCA,JUSTJULES💖,2024-10-16 21:24:08+00:00,11,22,Beauty,5070000,,,
4tZ6Mp8QdT4,16901923,0,49,UCMPQ8iPq_yr0r5bcuys6SNg,Surya K Gadgets,2025-09-26 17:16:00+00:00,18,24,Beauty,5450000,,,
3Yg-VAjXoLg,12344186,262764,4795,UCmt6ANTxFIZL8XhLprxgJmQ,Maria Khan,2025-08-26 04:30:01+00:00,61,22,Beauty,6620000,,,
Dy9_LeK33Sg,15047005,119471,309,UCHC5BWAN4Zw6KMhi4x1Yplg,Makeup Tips,2024-12-02 05:14:40+00:00,13,22,Beauty,137000,,,
TYbPEzLLlQ8,12501984,249304,6102,UCde3UOqD6Adc_eceRgXDZmw,Mukeem Khan,2025-07-08 04:30:28+00:00,72,22,Beauty,1500000,,,
eTDm5N2cecA,17622367,241723,1056,UCixV-Z0S_TltSPVsa7LYrZw,Catherine Sanchez,2025-12-19 15:57:23+00:00,7,22,Beauty,100000,,,
kxhpdb5d01Q,7346859,181726,982,UCc6YTHugsln7EQnq4nhZfaw,Miss Garg,2023-06-19 08:50:47+00:00,60,22,Beauty,5780000,,,
oxDIYNmX1fk,15521290,113585,42,UCPaoyliKSRqce3rQKdBezLw,Epic Vibes,2025-10-17 02:00:53+00:00,15,24,Beauty,246000,,,
35d0V9lBtTU,11854420,0,254,UCrAhpdDkf7pOgJGsqLXAaew,Prince of Craft,2025-07-29 08:00:38+00:00,51,24,Beauty,1990000,,,
-9Q96vIOunk,11329301,77256,75,UCuUNd5FHPYZ0BcC-1mIxV7g,Shushmita Singh,2025-09-19 07:17:13+00:00,60,22,Beauty,1230000,,,
4vFWjpT2i3o,13121329,105707,127,UC52bkNh7wnpyyuvwznMZm1A,Simmi punia,2024-11-08 05:55:13+00:00,38,24,Beauty,286000,,,
SiPYo1cpAyc,13784027,64539,216,UC3PVrjhjXPggSpyZM9QDknA,Kirti rawat7878....Makeup artist जय बाबा की 🔱,2025-04-26 06:57:29+00:00,11,22,Beauty,7150,,,
U4OkLydkkrE,7352056,7932,0,UCoA47H0DOybmgZH_yHTOLcw,Alice,2025-11-08 13:14:05+00:00,1107,27,Beauty,5830000,,,
ocZC6py_MKU,8974971,311537,7818,UCmt6ANTxFIZL8XhLprxgJmQ,Maria Khan,2025-07-14 04:30:35+00:00,81,22,Beauty,6620000,,,
OpQ4L8cjrLY,10333995,211236,15602,UCufg0EtuB4qMrADZfs4Y-Uw,Miss NidhiTech,2025-10-24 11:30:40+00:00,36,28,Beauty,935000,,,
9g-c-pZ6JSc,10028044,329214,1509,UCePAQws2orUxThrsD6bpxhw,Erin Dugan Jurchak,2026-01-15 18:22:27+00:00,60,26,Beauty,658000,,,
UFpQeTwW4Hs,10069127,107690,78,UCi0vNSEiufwGS3H_7oTm7Ww,Jessica ,2025-09-01 06:47:06+00:00,16,20,Beauty,29800,,,
To9i85NQ_QY,6501119,146896,1202,UCsUGQ3eJjYOv00609MFs1wQ,Chillin' with Rachel 💛,2024-03-01 20:33:43+00:00,40,24,Beauty,3780000,,,
d6zmXy4VeRI,7644063,290943,362,UC4_rP2XEoIZjrVawtumcdtw,Jenni MJ,2024-06-30 11:30:20+00:00,60,22,Beauty,3840000,,,
HyquxIHWAJ4,9777376,218115,210,UC4_rP2XEoIZjrVawtumcdtw,Jenni MJ,2025-06-22 12:00:07+00:00,60,22,Beauty,3840000,,,
QX5p1E7T6Kk,10723222,0,576,UCiD1NGYaaO1BkG_aRyCU_Pg,Pawzu,2026-01-06 22:45:03+00:00,42,22,Beauty,169000,,,
v0Gpg8l9SII,9770532,108849,637,UCTwjH6j9CnmtXdXraKgHOvA,Makeup of things,2025-07-08 12:09:18+00:00,60,26,Beauty,2720000,,,
N3KAtUkz174,7139755,108289,263,UC4NlloMQKVeeqPwRDL8BYrA,Ruby Roberts,2024-10-02 20:01:07+00:00,60,20,Beauty,28200,,,
kNXS8Zk0YbQ,8194269,154701,376,UCPhpbYD7oJb_WoDTTVxEWXQ,The Inside Beauty,2024-10-23 09:30:16+00:00,16,26,Beauty,39900,,,
5PRxur03TjA,10855089,96130,1231,UCpKTVhA8qunah_LNgzCxcQg,famousmunda13,2025-06-07 11:25:13+00:00,16,26,Beauty,353000,,,
cWTs2hvRn20,8930801,99080,2259,UC1JYmUSJmPibN0U1ibGCqbQ,beautiful,2025-06-21 14:52:10+00:00,54,22,Beauty,84000,,,
fmOkWqg9N7I,6373119,107696,30372,UCqkPyuGwGOYU_AF3SjpqF8A,seri,2025-06-13 00:33:42+00:00,105,22,Beauty,457000,,,
VXr2dYwwhvo,5543052,212810,5437,UCw_C6yoOwHDIwVY3DsNAG2A,Dividharsha ,2024-02-13 00:30:21+00:00,61,24,Beauty,885000,,,
br9O_FOEa00,7716982,102607,1708,UCmLoY3AJ1FX4_8W7cWSjlOA,Nozanin YONIS,2025-06-10 11:24:23+00:00,56,22,Beauty,142000,,,
4Hdwcbfo4f0,6230619,0,1440,UCOcBePwvcGYRxSGzfZ8zlVQ,Nursema,2023-06-29 12:19:57+00:00,36,27,Beauty,8140000,,,
WP1L9uahefo,7316870,98869,931,UCPHuYCxf9QJArw-4ZXXC7Ig,Sydney Morgan,2025-10-29 16:02:14+00:00,44,24,Beauty,9860000,,,
eRxqeNVHeyU,4858260,7259,46,UCB-1rNOVLoMfp41-rJNC-ZQ,Clay Miniature Life,2025-11-21 12:01:22+00:00,575,26,Beauty,266000,,,
49UMMKsT-oo,9380649,89228,1219,UCOF7EQ57_H5jfQsjNiMbe0g,Blogger_Girls ,2025-12-12 15:23:44+00:00,16,24,Beauty,251000,,,
2DSaJBKWOjU,8261362,76572,2020,UC03VZ9sCHT72op10cvAHbEg,Tuki's Makeover,2025-10-08 13:15:32+00:00,60,26,Beauty,121000,,,
qIvWQBNdb9E,13819414,148116,19937,UCixV-Z0S_TltSPVsa7LYrZw,Catherine Sanchez,2025-12-31 16:07:31+00:00,7,22,Beauty,100000,,,
laBtmCXfP5g,5373091,0,436,UC6_Sno37JbqFFmrPPHm4NPw,Posh N Classy,2024-05-10 07:00:30+00:00,57,26,Beauty,132000,,,
ppg3LUHGCEU,4616307,7689,59,UCeYX5-RL4AkAWzNZ7lYLlWg,Amaira gurjar vlogs,2025-10-15 08:33:00+00:00,317,22,Beauty,2580000,,,
dNyf8Ocd4AE,6889888,98020,5457,UC0wermHVBWYoHbf5EsGEHGQ,Challenge With Pallavi,2025-06-13 13:25:05+00:00,60,26,Beauty,143000,,,
kwhKv1k-HwY,5556814,195445,318,UCeOYuu2H5rIjvFuqAvooTYQ,Tanuja Choudhary,2025-02-16 06:59:28+00:00,50,26,Beauty,557000,,,
uo0spU_R7HE,6974795,0,4422,UCLhMAmZJYV1nE2IrySBLoMg,Speed Zone,2025-09-25 05:15:03+00:00,61,22,Beauty,1730000,,,
dIAVoQlkSKo,4320411,11665,0,UCtaEISDP67p0divK0Q6HiWA,Diya Ishwarya,2025-09-07 14:50:25+00:00,547,24,Beauty,10200000,,,
EpBoBDaIfQA,7428818,59942,330,UCFxgxTp926xnRdaEyj6zPeg,Makeup Artist Riya Hudut Das,2025-07-30 14:02:47+00:00,60,26,Beauty,455000,,,
89DSROygtGI,4561823,147306,3751,UCMO0fL9oNCKscgzJQgrfbmQ,Fit beauty,2024-07-01 14:49:55+00:00,60,26,Beauty,6050000,,,
1G5qx_jtl0U,4312200,6267,65,UCfZyOJ8zBqKQMbiQ3Q8VXGA,Smiti Choudhury ,2025-12-05 09:03:30+00:00,472,24,Beauty,15900000,,,
PNbeHR9DBJM,7286322,258670,813,UC_wooFaNCqeugAmqvTRYpRg,alena,2025-11-18 23:14:35+00:00,62,22,Beauty,1010000,,,
StQvcaY0bpU,6692522,78834,301,UC3DSUUffgUDT4KfO6mxPYkQ,Hey Jehiely!,2025-10-18 19:00:32+00:00,57,22,Beauty,378000,,,
OMxms59B95U,7190182,105188,1052,UC5l_FXxQ7vaknoUgq-4rMEA,Precious Makeup Academy,2025-07-23 12:00:45+00:00,44,24,Beauty,116000,,,
UOcfZVX-rws,6645373,79451,122,UC6rRGY3EnAAkjpuB_FkeHfg,We Wear Cute,2024-10-05 23:50:55+00:00,13,22,Beauty,5530000,,,
aGYfFPFBLNg,9121017,45339,89,UCavV2fhNp0rm9EAf4vbLAPw,SMOL WOW,2025-07-11 12:15:45+00:00,12,24,Beauty,6420000,,,
MGu-YF7MzyE,8074746,36018,107,UCxiFQnP6kNfRhsodHzJacig,alert truth,2025-04-21 12:13:34+00:00,18,24,Beauty,1770000,,,
0xbysHyc4fU,6057209,102323,1573,UC_uV_0UeFDzd6FKblyhWfbQ,Sunita Gaba,2025-11-07 08:30:00+00:00,45,22,Beauty,1220000,,,
hie_YEZzf2Q,6539153,62886,17755,UC0wermHVBWYoHbf5EsGEHGQ,Challenge With Pallavi,2025-08-29 14:42:55+00:00,60,26,Beauty,143000,,,
Up8ptec7OG4,6266377,0,699,UCedMHpA4XySuZGR5U_0XIHg,IMRANEDIT30,2025-06-03 10:30:30+00:00,28,24,Beauty,147000,,,
mNziMGq-374,6845745,58270,168,UCBSqU8DL9gGzpPkQiY7CXFQ,Sanskari girl shorts,2025-08-31 14:29:42+00:00,59,24,Beauty,1560000,,,
MysRWtvTsHU,4481289,69591,394,UCe-W0CsNNhCBCz9Mxs0yrZw,MUA Ankita,2024-10-29 11:17:37+00:00,59,22,Beauty,21000,,,
g3IYiEXbBSk,4813917,66084,132,UCBZDZEocJ2kBIp6hn0SSEeQ,Cosmetic Plus,2025-07-06 13:01:21+00:00,38,22,Beauty,257000,,,
JYRh29tsa4k,6371977,45467,31,UCZzRdz2QwW5GF7c2mJBMPVw,Yeshvi and Dikshant,2025-12-11 15:14:25+00:00,44,24,Beauty,4250000,,,
eS16rWc2XWQ,6860761,65203,408,UCIqb1iLcuUlolbjZm4E7T8Q,SHIREEN QURESHI,2025-05-13 15:45:05+00:00,38,27,Beauty,323000,,,
8WHUR3eBhFc,5376474,84111,487,UCeAqIKKGI42tAP7YR51ciCw,Ashu Makeover,2025-03-21 15:16:11+00:00,57,26,Beauty,89100,,,
7wTsrEryDPQ,3259403,158255,733,UCdfIvktkt56cN1iV23TihbQ,Hana Paper DIY,2025-08-27 12:22:31+00:00,1521,22,Beauty,111000,,,
wp1WFL8UJyU,7214384,36088,89,UCxlNdsSkdTF4AfrkJZqQMhQ,Murrrkotka,2025-12-31 09:06:51+00:00,15,22,Beauty,132000,,,
I7opuuIAGVA,4178794,150893,478,UCj0mvwdwUeKuVQW_o9LVXHA,Debopriya's Beauty Bar,2024-02-01 05:11:21+00:00,60,22,Beauty,181000,,,
gbyd8YMmlHA,6403969,50011,98,UCyb-ylV9W2ixW3z4OjZZsKA,Anaya vs chintu,2025-10-15 02:00:46+00:00,40,24,Beauty,135000,,,
DpmrWfxeFG4,4620080,223605,1717,UCOal8SYUcsJlMvuaNPrrCBw,Tao,2025-08-18 17:40:14+00:00,24,22,Beauty,185000,,,
ScLDzw80ghQ,3233587,64716,288,UCnwmETac0hF66cL5YAhqHuw,Sprunki Cubes DIY,2025-09-03 11:00:23+00:00,813,24,Beauty,541000,,,
MlLW-4DVfy0,6880868,62595,498,UCfZz_Ch_hbtBwgEtOxbLxXg,Satpal Singh,2025-04-28 14:27:05+00:00,16,22,Beauty,584000,,,
uEQQcbYTB4Y,5861173,143699,585,UCqtO1uV6zfVCMc7VOIin0_Q,Shreya Siddharth Arora,2026-01-12 14:35:08+00:00,60,22,Beauty,3240000,,,
32Ye1eC4GOg,5173964,61167,151,UCM5BTltbVs4Qi0so7k616iw,Glam with Astha,2024-10-16 08:01:28+00:00,22,26,Beauty,105000,,,
4f7fPnNZe64,6198083,37386,86,UCsCeiiFVrZf-XCEN5tDJUiQ,aachal churi ghar,2025-10-10 14:00:07+00:00,15,22,Beauty,38300,,,
7FtUqPDjULU,2951577,18137,461,UCg_hERiwL5Jduv368a1u0XQ,Rupa's passion HUB,2025-05-07 12:39:33+00:00,974,26,Beauty,52400,,,
Vm1GSDEcsN0,2921972,65736,2699,UCAM2fyCjEdROyELretVTiiw,HopeScope,2025-11-22 15:30:27+00:00,1436,26,Beauty,8030000,,,
4IHAROGz1WQ,4034735,55037,20,UC8mhtWiYdupzRrUGkh5uNcw,Rainbow Candy Magic,2025-08-04 16:20:00+00:00,23,26,Beauty,257000,,,
0sOGToe0Q8U,5970137,130137,383,UC21FluxmvDsPXkEycq8oD-g,Yoursdeepikaarya,2025-08-24 11:47:07+00:00,58,22,Beauty,57000,,,
hP0s8iMvxEA,3353482,94693,2032,UCc6YTHugsln7EQnq4nhZfaw,Miss Garg,2025-02-22 07:40:01+00:00,60,22,Beauty,5780000,,,
S0k77LiT_b8,4505573,0,11624,UC95mh8LVUNHYl88MUJhAEsw,JH BOYSS,2025-06-15 00:50:05+00:00,22,22,Beauty,763000,,,
OUtoRGId1BQ,4550625,141769,377,UCpgdRSmCjq5cv1ZFnRfmKBw,Marshallese Sisters,2026-01-17 06:19:55+00:00,72,22,Beauty,208000,,,
a24rJaP-1uM,3106439,115412,159,UCa43NrBoxm_RnwLDdnh-KdA,Anaysa Shorts,2023-02-19 11:00:00+00:00,33,26,Beauty,5530000,,,
8sepiCGIC2U,3915483,57820,6049,UC0wermHVBWYoHbf5EsGEHGQ,Challenge With Pallavi,2025-06-29 12:51:13+00:00,59,26,Beauty,143000,,,
z3PDD9Y-t1U,2523115,28913,128,UCnwmETac0hF66cL5YAhqHuw,Sprunki Cubes DIY,2025-09-04 11:01:56+00:00,812,24,Beauty,541000,,,
_kUZAmbyVvQ,2583559,101102,805,UCPHuYCxf9QJArw-4ZXXC7Ig,Sydney Morgan,2024-08-28 21:00:23+00:00,43,24,Beauty,9860000,,,
GQTUYAhJzY8,1128446716,17865538,44657,UCIH9-O5pX3Qr9bESZB3LYdw,Littos Media,2024-03-20 13:27:10+00:00,15,26,Education,8480000,,,
Bq_znt--GTU,694147736,3487962,0,UC4SVXIfxAWDE-3ZBIyvgg8Q,Los Meñiques De La Casa,2025-06-23 23:30:27+00:00,14,24,Education,10600000,,,
2VjtN73iJFE,124881770,2168154,2898,UCVXKdSXb9LASC7H2CRHyPQA,Isabel Giannuzzi ,2021-12-11 15:04:50+00:00,23,24,Education,2840000,,,
dhBUYFwsJ1U,91789824,2755309,17715,UC_1lRCXL1CmSiLBLvu-w5Ng,Shelove,2024-09-24 02:24:39+00:00,27,22,Education,3210000,,,
EZRKWP3e-E8,83636452,1019639,5549,UCOvhoVORR8CqsMYr9IJq-JQ,SOFÍA SOFÍA,2021-05-17 16:17:45+00:00,15,24,Education,1430000,,,
_HonL1arbaA,85765714,3289758,8280,UCM4mUayOV-yfqPNzePbHKsw,Fitwaffle Kitchen,2021-04-19 18:54:45+00:00,25,24,Education,3360000,,,
sH0Iyyrlhio,75797588,1709074,4879,UCSroAcG9_AicUQmpdQHEnEw,Yvngmik.e,2024-09-07 17:07:03+00:00,35,22,Education,617000,,,
NRqE6pxsUIM,140497885,1174657,0,UChIy8c7lNB8p957ZiQvgq_w,Salsabila Poetri,2025-05-25 12:43:36+00:00,60,22,Education,1130000,,,
5m80z19WZ_I,144612199,2094105,5646,UCWi7KHXTNPGdVh_bStskL5A,Trevor Hannant,2025-04-17 13:59:09+00:00,13,17,Education,2020000,,,
mBypSR83m1E,97818748,1311186,0,UChLtqw3IyToKaDcffqjOBmA,profe Jesús ANDRES,2024-12-17 21:21:12+00:00,60,23,Education,8190000,,,
w6XEkcYxEpU,57586091,1928255,3791,UCSroAcG9_AicUQmpdQHEnEw,Yvngmik.e,2024-09-10 10:42:40+00:00,30,22,Education,617000,,,
Yty6sZkuqpA,70935015,1408028,7573,UCxwgLvvUQ0nDEk-YiX_lAqA,Ángel soy yo,2024-09-15 04:59:53+00:00,25,24,Education,1500000,,,
tngBuABB7mw,83776612,1243083,1780,UCgAyRZINP1gPvQUl8hK487w,PIN KORO,2025-03-26 12:01:18+00:00,16,27,Education,7440000,,,
s_KnOjsWvk0,51629360,1413187,5137,UCUnmH8N8k4E7y3dKfCzDKKg,Brandon B,2021-01-10 12:56:09+00:00,60,24,Education,16200000,,,
bUOcNI8RBGk,48379427,208710,6528,UC_vH8DvvkrMB3D69NBdjLnQ,Severina,2018-06-26 10:39:40+00:00,228,10,Education,807000,,,
G93NodTztKM,83599513,0,6993,UCKMYdnHrn9DCh3SQpsZWOKA,Nat Hearn,2025-04-13 14:00:29+00:00,24,17,Education,2520000,,,
onefil8tYrg,49443463,444496,499,UCCzY4KCWLjVzTZfIY0xZtog,Mr.dhyanmagic,2023-03-12 13:52:00+00:00,11,22,Education,7360000,,,
l0df1dYkk3c,87510651,1131408,3092,UC_E64hwkI8yGqj0Orilwrow,PreppyBracelet,2025-07-06 16:01:19+00:00,15,22,Education,208000,,,
YUBTYbQxTi4,43086701,1016130,2569,UCDh0HyrAEfzl4LBVknIW2kQ,SLY,2024-09-12 17:31:47+00:00,27,22,Education,1550000,,,
W_G4t1C8PaU,40222862,81744,707,UCy8fj_SsFy11IE6EH5gjJtA,Gerardo Coronel El Jerry,2024-04-04 02:00:09+00:00,204,10,Education,1120000,,,
hKFeYDUzmQQ,54080476,0,2992,UCgVX9yL0pP-MPXGOGnDgnMw,Crazyspinz,2024-11-08 22:52:09+00:00,14,22,Education,83700,,,
HPz7mh-9bO8,37431881,1107209,4948,UCjxD8X9aRy_iHMRFnTqAd5w,Senne Jackson,2025-02-02 17:29:00+00:00,34,24,Education,2320000,,,
_cPqnVahtPk,40056110,650606,2287,UCN9KJcXJVRfZ8BXb__fjMhQ,tiehole,2021-10-25 01:22:02+00:00,59,26,Education,301000,,,
AbvoX0SRqIo,69808220,601891,2284,UC5OVPGQqCUm0CCyVzELGITQ,Jasmin and James,2025-03-31 11:03:23+00:00,15,24,Education,26600000,,,
w9bfOnl8VWc,75967847,360433,1160,UCoJ5osZ535ar2kzHwQMnLsA,Double Date,2025-04-02 11:57:54+00:00,8,22,Education,29600000,,,
BuGyhsG90f4,31764775,692905,579,UCgAyRZINP1gPvQUl8hK487w,PIN KORO,2024-11-21 12:00:24+00:00,16,27,Education,7440000,,,
7CYP17urQXQ,36847548,871704,1111,UC2pWRqJjn3PAtN9I4uoRNAQ,Los Fuchis 3D,2024-09-03 14:42:00+00:00,14,23,Education,1080000,,,
RVxFr8ZEPx0,38276363,756349,8265,UC_1lRCXL1CmSiLBLvu-w5Ng,Shelove,2025-01-17 15:11:40+00:00,36,22,Education,3210000,,,
JCPYWnfV9ZE,30489614,526014,6468,UCOvhoVORR8CqsMYr9IJq-JQ,SOFÍA SOFÍA,2021-07-30 17:33:08+00:00,15,24,Education,1430000,,,
5ELpK_yQeJU,33429944,850223,556,UCgAyRZINP1gPvQUl8hK487w,PIN KORO,2024-12-05 12:00:07+00:00,16,27,Education,7440000,,,
WwyMMLxmjeA,30969818,935145,2343,UCKVqnev2idvmUNKc2b91B8g,SUGAR Cosmetics,2021-01-17 13:24:08+00:00,58,26,Education,2130000,,,
geIPPUQBUh8,31758401,505149,4348,UCW_r-BPnPkn2kYZsi6zsFcA,Vanessa Victoria (viva_vici),2022-04-04 11:29:27+00:00,16,22,Education,148000,,,
9FjeUcY3NVI,29766862,717610,3959,UCF0e4oTaZk9qr0f2qT-dzhw,Paky Official,2024-09-03 21:00:05+00:00,15,22,Education,4050000,,,
uvY6u7z_RUM,35086941,331239,262,UCSa1tSD_QFzSpJ0ECx_BNEA,그린보이,2025-01-28 10:56:23+00:00,43,23,Education,2550000,,,
wlyXg3ELbSU,25083620,1308349,2374,UCeucHLghixKF-n4g6lkUiQw,Alex Destreza,2022-03-02 08:33:37+00:00,36,22,Education,4770000,,,
oUfliO9RlcA,27568710,623854,2111,UCPhHBEtG6dVZ5fJKoNArcJw,승비니 Seungbini,2023-11-02 09:55:00+00:00,28,22,Education,30400000,,,
b9IIYcq_HcM,35797106,456306,0,UC9tKnjYhtoH_dH3jqPbhcQg,Creative handcraft (poonam),2024-02-25 07:35:26+00:00,18,26,Education,110000,,,
14kST-0HI2o,24657967,707949,1989,UCw8TZmtlQOIcpVli-dXGANw,Michael Jackson Dance Tutorials,2023-05-15 18:29:38+00:00,29,22,Education,85400,,,
YjytYZNBzfg,25857964,0,7316,UCr-QB2DohAszkLY-W-aC0uw,Holly Auna,2022-07-05 23:45:47+00:00,57,24,Education,1060000,,,
WQKRQ37eqD8,51091149,364400,971,UCmaPlbMX6i0B6tY8n7OmpdA,Straight To The Point Tutorials,2025-04-08 23:45:27+00:00,10,26,Education,197000,,,
xebXGmgjAdk,38441325,484226,299,UC06t_jFLBtqHQ30g_38Qk9A,Lakshita jetawat,2025-01-10 16:17:58+00:00,17,24,Education,87700,,,
qPEJk_ga_6Y,23036627,567444,911,UCwSMEI5G2AU8M3yw_vwQkVw,Aata Sandeep Dance Master,2024-07-14 17:37:20+00:00,61,26,Education,1590000,,,
64XvAdoNGgw,22313412,926923,1547,UCbnN_cpPMkr7kKkppKDpWZg,manoj kumar,2023-08-11 12:45:15+00:00,19,22,Education,489000,,,
S3FAjSFCOb8,21322548,667782,414,UCgAyRZINP1gPvQUl8hK487w,PIN KORO,2024-11-28 12:00:28+00:00,16,27,Education,7440000,,,
eEX4KLmThZk,30197844,764771,0,UCxPHxQ1AuFFRINc-XFtpGaw,Melissa Seabra,2024-12-06 14:47:29+00:00,62,24,Education,5410000,,,
aQ2JIAfs0hc,21962474,653472,22313,UCIYMgDtU7R_2uf3xhtoocew,Shab & Kassie,2023-01-16 13:46:55+00:00,28,26,Education,6080000,,,
rW2XeKPB3Uw,40679938,318691,441,UCbgMWCTDVZppPwvnbipZMxg,MUSICHELPDUDE {MHD},2025-08-05 15:30:28+00:00,47,27,Education,6220000,,,
xqSufMfIXRc,20842073,588410,2987,UCNKYY8S3ie7qA474E48WrWQ,Groovetime,2024-07-12 19:13:54+00:00,25,24,Education,179000,,,
Rh-J8YcjneY,20638934,938465,2767,UCaRXBUrylj6O6VvAyqYFICQ,Monmo 21,2024-03-20 22:13:26+00:00,60,24,Education,1820000,,,
OuyjtM0NRtY,22317984,405597,2692,UC5OVPGQqCUm0CCyVzELGITQ,Jasmin and James,2025-03-17 14:10:00+00:00,8,24,Education,26600000,,,
TTHAMJNZv2k,20947461,319319,110,UCX65gNBHeNbRTI8uJ6hJ6yg,irfan4official,2024-08-30 06:20:43+00:00,60,24,Education,829000,,,
S0NQsTABBxM,22514510,409320,496,UCX0qiHmF9ytSuDD6Q9ZYtOw,Makeup 💄 hacks ,2025-02-23 13:46:46+00:00,40,26,Education,51300,,,
ZtbYwgPnQaQ,19613456,288293,765,UCTCguaYwB9n_GDni3a1jCTg,Fun Tutorial,2023-05-24 12:16:49+00:00,56,22,Education,1440000,,,
Y0l9726_2Es,19056444,516091,4601,UC34DW5iueY4HMvEuvCnJUog,凯恒Kai Heng,2023-10-30 08:36:18+00:00,20,22,Education,382000,,,
wub7lifn6Fo,18695854,801916,2896,UCaRXBUrylj6O6VvAyqYFICQ,Monmo 21,2023-12-11 22:55:14+00:00,42,24,Education,1820000,,,
i6rMVEvBEAc,19647444,388780,5383,UCOvhoVORR8CqsMYr9IJq-JQ,SOFÍA SOFÍA,2021-06-10 21:05:48+00:00,15,24,Education,1430000,,,
V3CitNoZQoE,18242345,566725,2593,UCUnmH8N8k4E7y3dKfCzDKKg,Brandon B,2020-11-25 15:00:17+00:00,60,24,Education,16200000,,,
Igc056h9YRM,19316305,532580,3116,UCv8Qtxv4JuElQeiBoDFhw2Q,김경섭,2025-02-18 08:07:35+00:00,20,24,Education,89400,,,
L9s3Pr_81rk,16599424,444921,323,UCgAyRZINP1gPvQUl8hK487w,PIN KORO,2024-11-14 12:00:22+00:00,16,27,Education,7440000,,,
a7zt88B3bu0,17252850,451357,2858,UC4n8KUIz4X-Xg54-F5RnBaA,Hi Julia,2025-03-08 12:42:28+00:00,12,22,Education,34800,,,
ODU1YSG3I58,30650741,264347,0,UCUkmk9ptMhdF9NythRQuZbw,Anafi Juega,2025-07-25 16:29:44+00:00,37,22,Education,402000,,,
uk7Wrjj7tJw,33485035,191958,952,UCuTKQx84XfjD1KuOPbG4i6Q,JuanFe Castro,2025-09-02 21:06:07+00:00,19,22,Education,10300000,,,
IlXaWm9xWm0,27847600,368481,3684,UCGvGMmyEWp9hxDqmfLJbpkQ,Cadel and Mia,2025-04-04 13:44:18+00:00,41,22,Education,19000000,,,
8q3XfgxSPQM,14255450,369511,505,UCJhnB4YQ7u_Za7QVFkcfQEw,MultiOut,2024-07-08 14:30:03+00:00,15,17,Education,1700000,,,
wAKZjllBB0w,33163924,119793,181,UCp-oS-GBudIPdLrfV_EuSxQ,Sabse Bada Maker,2025-04-08 07:29:47+00:00,12,26,Education,5970000,,,
VClCI6JGB_k,15365199,294808,0,UCUkmk9ptMhdF9NythRQuZbw,Anafi Juega,2024-12-03 22:24:19+00:00,58,22,Education,402000,,,
t4Et0K3MI34,13297731,667326,5884,UCaRXBUrylj6O6VvAyqYFICQ,Monmo 21,2024-06-16 21:45:54+00:00,60,24,Education,1820000,,,
nf8ySuesAPg,12238188,206129,5222,UCXoY0ZeHZBe0p-ByCiYP_XQ,Denitslava Makeup,2020-08-06 13:30:05+00:00,1070,26,Education,8210000,,,
OyPPFOzpGic,24129277,252168,392,UCisyQfxdd57UgDG194t_IVw,TAMAKOU / football creator⚽️,2025-06-05 15:42:32+00:00,15,22,Education,1840000,,,
3jcGwiyFCDQ,23048056,266539,633,UCvJqqqT-NgPCRZinyUfJxBg,the.footyboy,2025-08-25 17:10:46+00:00,10,22,Education,65800,,,
9KnX5LyGdHU,20096839,157781,0,UCZ5FV000uOKva7-9p34bVQw,MEOWJI,2025-10-22 15:30:08+00:00,32,26,Education,10700000,,,
hPs5cj_tdAM,13229445,233817,1097,UCvrHpsyTMiwH8UmuAdtBbkQ,The Ruby Piano,2020-11-09 22:48:50+00:00,14,26,Education,1180000,,,
AgqKTgwHaKs,21854671,143681,1870,UC50_B4lI9UIlZBXWPaQ-vQA,VIKTOR PEPPER,2025-06-10 14:07:08+00:00,22,24,Education,6810000,,,
OYX3fRuxde8,11011540,376628,2114,UCslA-53ZFvH17GI_-AVrBbA,HellFrozen,2023-05-31 16:13:57+00:00,60,20,Education,5620000,,,
olQymw9KEU4,20796740,155842,179,UCJDLx-w_6FLxJVXs-DYWXRw,AJA_IS_SAXY,2025-08-08 17:53:24+00:00,20,22,Education,543000,,,
Nkw3zMcrJ1Y,19939396,197854,307,UCDP5VtuESLUk-gSOFfvXjBA,PUCKY PACHECO,2025-07-23 18:21:28+00:00,32,24,Education,8400000,,,
mC7T7WO4yN0,20914209,166465,4395,UCjX-pvk95UwhHkMBtXvhusA,Nazareto,2025-10-28 15:00:29+00:00,16,20,Education,160000,,,
8BNjMDitSE8,19919197,115855,415,UC2Ynl82iZzds8sMqp5nM6bg,Rhythm Media,2025-08-09 17:01:46+00:00,21,10,Education,59500,,,
KSIYt8EESyU,23777576,202308,536,UCmM7hCFX8ZZb7hUD_WMwCRw,Dragonpool,2025-06-28 03:16:18+00:00,11,22,Education,2710000,,,
rehsT4GDGHY,16511097,183761,0,UCyjCEg2bNO5HflPYLmDiDUw,Isabelle McFive,2024-12-21 19:31:30+00:00,59,26,Education,490000,,,
X48VuDVv0do,9712222,120574,4799,UCdngmbVKX1Tgre699-XLlUA,TechWorld with Nana,2020-11-06 15:41:47+00:00,13015,27,Education,1400000,,,
neig4y2uSkw,10142644,512303,1981,UCaRXBUrylj6O6VvAyqYFICQ,Monmo 21,2024-03-22 23:12:54+00:00,60,24,Education,1820000,,,
ddgtzPCxR10,9708233,309764,1355,UClIY142FYmcdfvlu-L3Xs4w,BETBLUE23 ,2024-06-12 16:36:12+00:00,54,22,Education,1780000,,,
n5OAA0SeWnA,9235906,92065,68,UCsiMxHAf0sS4VzwOy9P0lvA,Kate Brush,2024-08-09 14:03:47+00:00,10,24,Education,12900000,,,
tHMCXjsc4RY,14835164,338068,1879,UCkuetEE7uMVbNzFkoEJ_s3Q,The Daily Princess Diary 🍓,2025-07-07 04:38:01+00:00,59,22,Education,603000,,,
5efemeD4VNY,10793269,126369,445,UCEjqSW4qoXvSpzh38WLP4nA,Salamander Creates,2024-10-22 16:39:39+00:00,15,24,Education,433000,,,
iLZl4Mar6Yw,18516136,110170,0,UCk07_1VJzJRKsyQEjYl_oTQ,LİLİ LEMON,2025-04-11 09:50:32+00:00,30,24,Education,532000,,,
orjAYDDB2go,14512937,103203,620,UCAN3MXVzhO3SWDDriytwN9w,Alba Benavente,2025-01-04 21:03:44+00:00,16,26,Education,587000,,,
TdFkfFf8iuo,8343651,311872,1978,UC_1lRCXL1CmSiLBLvu-w5Ng,Shelove,2025-01-13 12:37:42+00:00,30,22,Education,3210000,,,
fjgDFwW23v0,8047445,7181,0,UCsasPMe7Jaa8RM4B_j8Qhxg,Forex Education Live,2025-07-17 21:44:21+00:00,0,27,Education,169000,,,
H0qQfljdhCg,9492667,263952,1129,UCVvN7D1VmV1n-dURG4dlxNw,Patenco_x,2024-04-07 20:04:25+00:00,17,22,Education,230000,,,
yV9IoR4AF9A,13602568,129729,12988,UC50_B4lI9UIlZBXWPaQ-vQA,VIKTOR PEPPER,2024-12-06 17:01:05+00:00,11,20,Education,6810000,,,
scy6UAu6AXk,7934040,37072,2873,UCpvWX_Lf3Uite9pHevZtNGA,Mary J Black,2024-05-07 13:13:44+00:00,895,2,Education,952000,,,
jkB0QhwEABk,13184712,242491,2076,UCGvGMmyEWp9hxDqmfLJbpkQ,Cadel and Mia,2025-04-04 21:55:14+00:00,41,22,Education,19000000,,,
5o1QFsGgMx4,19329193,125558,3644,UCi1-U13rkPX2C_SkeT7LCUg,velvyn077,2025-04-21 15:35:46+00:00,15,22,Education,19600,,,
Kq1IBFERDM4,8670234,108174,49,UCX65gNBHeNbRTI8uJ6hJ6yg,irfan4official,2025-02-13 03:41:10+00:00,60,24,Education,829000,,,
7KvLdeOUbpI,13205801,298617,1941,UCaRXBUrylj6O6VvAyqYFICQ,Monmo 21,2025-08-22 21:38:46+00:00,86,24,Education,1820000,,,
zTg5Y-c20yY,7507083,344708,1622,UCVvN7D1VmV1n-dURG4dlxNw,Patenco_x,2024-05-05 07:33:48+00:00,20,22,Education,230000,,,
6VLy5trbXCc,9145148,212856,1246,UCYSGzneQZ4_LPUlxiRuQ3wg,Rampage the Dancer,2022-06-04 16:00:03+00:00,15,22,Education,750000,,,
eWAd6hxGuPE,8367331,233135,1545,UCz-_g3nVpinMkvs-n9XZf_A,Kat Longoria,2023-09-20 15:27:36+00:00,22,22,Education,5450000,,,
yciClCvV8zo,13257630,140957,863,UCF0e4oTaZk9qr0f2qT-dzhw,Paky Official,2024-12-29 00:00:40+00:00,10,22,Education,4050000,,,
6dS_t8TRtJo,8159127,233171,1505,UC-S5SUTuhAFDovS8cpiIB_A,Loft Studios,2025-01-06 20:54:02+00:00,49,24,Education,865000,,,
jztEKDykm7A,12326053,166634,547,UCijjYypSXku4VmuJPeHjV0Q,3D DANCE ACADEMY JAIPUR,2025-08-13 12:24:26+00:00,60,22,Education,1480000,,,
S9fIz4yAZd4,9284465,294906,3107,UC4w4_Dk-s8rksqxn_eVGRGw,Sunshine 🌻,2024-01-13 05:08:12+00:00,22,22,Education,15300,,,
LTImk6oyOps,6981536,105330,5414,UCCkgpmGZMS_fO316XuOXYnQ,OZIIE TV,2023-01-10 09:19:15+00:00,1043,24,Education,5630000,,,
aIwaWesQVXg,7488239,149679,557,UCSroAcG9_AicUQmpdQHEnEw,Yvngmik.e,2024-09-16 14:12:08+00:00,26,22,Education,617000,,,
EKlJuNt5uLk,6732704,35587,1181,UCyNzGHUit975ntjD82_0zLQ,Cẩm Nang Sống,2025-03-12 12:00:18+00:00,3652,22,Education,305000,,,
nq8H-XWHI0c,14140391,83978,533,UCuTKQx84XfjD1KuOPbG4i6Q,JuanFe Castro,2025-08-10 17:34:50+00:00,15,22,Education,10300000,,,
vkJ375FaPGI,14606822,121788,219,UC8dqycZUg6i6-6GFzNFN_4g,Pooja Makeup #19,2025-05-31 14:35:34+00:00,14,26,Education,59000,,,
ps7lSAG1nIg,6640818,122831,4921,UCcx52IM2OikhWgVF_TPzqrQ,VivCrochets,2021-06-11 15:00:20+00:00,841,26,Education,592000,,,
M3L5xEdDOuQ,15208203,91592,618,UCAN3MXVzhO3SWDDriytwN9w,Alba Benavente,2025-05-23 19:33:23+00:00,12,26,Education,587000,,,
_hhwQzn5CH0,11712705,135104,1840,UCjxD8X9aRy_iHMRFnTqAd5w,Senne Jackson,2025-10-14 19:09:00+00:00,25,24,Education,2320000,,,
Ox46vABFgI0,6261223,228085,444,UCTOkjUZwih01I5fUOc6zb_w,Renyaaa,2024-04-22 05:00:16+00:00,39,20,Education,990000,,,
evA--MHGIGY,6482905,170293,1753,UCNKYY8S3ie7qA474E48WrWQ,Groovetime,2024-09-27 20:29:44+00:00,12,24,Education,179000,,,
mCdtN0tPMYA,6667785,399522,1473,UCLYqpLGnCoQfcD7BdDKsSxQ,Mariano Razo,2022-09-22 00:20:31+00:00,22,22,Education,37200000,,,
Vh1TxK2bMCk,6125636,3476,140,UCts9lFixyOqwhGCEbXErPwA,PHianonize,2025-08-30 14:14:32+00:00,116,10,Education,2310000,,,
tzDpd0L7rnQ,6106972,12403,222,UC3xZYc4SZUGfRERIvDRGqDQ,Skip the Tutorial,2024-11-27 15:03:00+00:00,307,20,Education,10300000,,,
VlPiVmYuoqw,5925386,72052,3889,UCBwmMxybNva6P_5VmxjzwqA,Apna College,2023-12-21 14:39:41+00:00,42434,27,Education,7380000,,,
ksNOgII3wh8,14314242,185645,2333,UCiqkIF0F_6y6psq0ullRYdQ,kirkiimad,2025-09-03 15:01:21+00:00,10,24,Education,5590000,,,
ct-IIengnX8,6311328,357095,3340,UCRTxNlV2Jj_q-aweYnQTOkw,iiNoodleDoodleii,2023-12-23 00:00:19+00:00,19,22,Education,770000,,,
9xi_uXQUYf0,14146402,130794,4784,UCvtqX43iD-benQF1zwxr9aA, Blue Dream,2025-08-08 15:49:57+00:00,26,22,Education,141000,,,
4Gn8ENgeDew,5756454,356183,1923,UCoo2k7__mB4Wwk4HbJ0SwTw,Artcoaster,2022-04-09 13:35:11+00:00,52,22,Education,1990000,,,
9FRaLCYF44w,10379769,257084,2857,UC715SWdMNYEheAiwAxDfViA,iFres,2025-10-08 19:07:00+00:00,57,20,Education,2640000,,,
kpF2InGTxYQ,10103711,101552,0,UChIy8c7lNB8p957ZiQvgq_w,Salsabila Poetri,2025-05-06 12:36:06+00:00,60,22,Education,1130000,,,
fVSGdG_YbpU,5660713,140789,1212,UCBpHM_NVYnxsWZ8Ns3kG6mA,Just Elias,2024-06-22 15:45:00+00:00,13,22,Education,688000,,,
D70VAOG-4nY,11609759,176444,1654,UClM7Pi-jKmVoKajNLLa8EUg,zafchan_art,2025-12-12 13:43:13+00:00,21,22,Education,249000,,,
3pHvhad4HzQ,8999949,352458,2584,UCaRXBUrylj6O6VvAyqYFICQ,Monmo 21,2025-07-13 21:47:19+00:00,167,24,Education,1820000,,,
XPXFDoAYceU,10511773,239443,1597,UClM7Pi-jKmVoKajNLLa8EUg,zafchan_art,2025-08-04 10:02:18+00:00,22,22,Education,249000,,,
VxEmLfoAt4o,10363364,136574,460,UCXtL7iy_Ga0gos3NLY28-cw,MIDNYT DANCE STUDIO,2025-09-28 16:51:36+00:00,15,22,Education,175000,,,
B1uR-IgN12Y,13178047,60892,207,UC-vPeJMByzSXTETbyuMDyNA,Karate king 👑,2025-07-10 08:31:08+00:00,8,1,Education,550000,,,
kUXXjApmS-E,5261125,335359,1408,UC_pT_Iz6XjuM-eMTlXghdfw,Max the Meat Guy,2021-08-27 00:00:17+00:00,38,22,Education,8840000,,,
P3tWt35we6o,5513113,220066,839,UCaRXBUrylj6O6VvAyqYFICQ,Monmo 21,2024-12-03 22:23:27+00:00,109,24,Education,1820000,,,
Ooo32utNkUw,10937820,69447,189,UCJDLx-w_6FLxJVXs-DYWXRw,AJA_IS_SAXY,2025-08-12 17:56:08+00:00,18,22,Education,543000,,,
9c-w3487-lw,9529340,173846,1096,UCfP32aiFOIOUULH-mSdQpmA,Yano4kaa,2025-10-07 14:04:45+00:00,56,26,Education,1160000,,,
Syf4bi2zb2M,11426386,93540,287,UCOTJo56uqclwHW_QXHB_DcA,Keys Tutorials ,2025-03-18 20:10:49+00:00,16,22,Education,1100000,,,
NFLM0mUMnIc,5183881,67667,43,UCTCguaYwB9n_GDni3a1jCTg,Fun Tutorial,2024-01-06 12:59:59+00:00,60,22,Education,1440000,,,
fY7To6Tq_nM,9257894,116808,429,UClM7Pi-jKmVoKajNLLa8EUg,zafchan_art,2025-10-11 12:28:40+00:00,20,22,Education,249000,,,
WUqBFor4VyA,4742153,113110,680,UCBpHM_NVYnxsWZ8Ns3kG6mA,Just Elias,2024-04-24 04:29:59+00:00,30,22,Education,688000,,,
arjdh5bCm5E,5994516,520489,2381,UCR42EvE-UkLexFhQ0EbLmLQ,parako ♡,2025-03-03 14:46:16+00:00,60,24,Education,505000,,,
5Epe6LfaNaI,5316544,155019,2364,UC5PPBcw8sWFzUCYJooz6luQ,mangolume,2023-01-18 10:51:24+00:00,14,24,Education,40000,,,
gz25VcU1ZJA,4912695,88886,854,UCBpHM_NVYnxsWZ8Ns3kG6mA,Just Elias,2023-03-29 16:34:18+00:00,12,22,Education,688000,,,
hq9BZBN3VS0,7085749,114170,0,UCcVLr2oFhRFSx3mcOlMZRTQ,Melli Art School,2024-05-16 10:00:44+00:00,22,24,Education,4160000,,,
2oIAof__Gxg,5073118,166097,1390,UCM4mUayOV-yfqPNzePbHKsw,Fitwaffle Kitchen,2021-03-25 15:17:10+00:00,17,24,Education,3360000,,,
eAhHgPZASYQ,4423449,200168,1761,UCm5108VByLkHnu4-b-moBLQ,조맹 Chommang_Drawing,2022-07-29 09:12:13+00:00,853,26,Education,2130000,,,
yCFkM9_jitk,6025305,125689,561,UCoEGtFA11ahS-dTJnao3mdg,Chinese furries,2025-03-09 00:58:38+00:00,28,24,Education,209000,,,
tuhPrIzCITk,8742488,114062,2085,UCFExJBswSThqvOn1Jf60BQw,善善ShanHERE,2026-01-08 16:11:03+00:00,32,22,Education,91400,,,
VFhcF3fWSa0,5889551,283337,2020,UC19IrD98XSqxDf_uTC8nrcg,Sarinart,2025-06-28 13:55:20+00:00,61,22,Education,239000,,,
V-7nSV5M3Bk,4211504,53761,2936,UC_fpxqB2Rb3hHP6e6kiqVbA,Kawai Sprite,2020-12-01 18:06:29+00:00,68,10,Education,402000,,,
hPjEg2FIYmw,8901749,94951,709,UCAN3MXVzhO3SWDDriytwN9w,Alba Benavente,2025-04-18 19:33:56+00:00,14,26,Education,587000,,,
fIOV7IyYO3c,8216175,92369,757,UCPI6yHx4SjbVsu2Hzt4J7NA,Janice Yoong,2026-01-11 10:07:13+00:00,33,22,Education,105000,,,
wtplBpnw5SQ,8918442,138486,16647,UCwgFBJhSrb-wUTEeNkosqNw,Chanieme,2025-06-19 11:07:22+00:00,19,10,Education,3650000,,,
piSwPc3JhJw,4195294,61899,373,UCNKYY8S3ie7qA474E48WrWQ,Groovetime,2024-07-20 22:03:00+00:00,16,24,Education,179000,,,
MozPiOTUgOg,7031123,63017,29,UCTCguaYwB9n_GDni3a1jCTg,Fun Tutorial,2025-05-26 14:31:50+00:00,58,22,Education,1440000,,,
HhbOrTk5lHI,6892425,116687,622,UCukdJQNKVkTxnuJ14WQcprw,Areeza Zainab ,2025-07-18 10:22:52+00:00,62,22,Education,150000,,,
q0VQkB3uPB0,7118140,61043,348,UClM7Pi-jKmVoKajNLLa8EUg,zafchan_art,2025-10-17 13:10:10+00:00,19,22,Education,249000,,,
irGWOMyOPwc,5927631,83093,632,UC5OVPGQqCUm0CCyVzELGITQ,Jasmin and James,2025-03-01 20:45:40+00:00,17,24,Education,26600000,,,
tPf18x8j6D8,6838355,54155,232,UC3sre2yiLrS7ExYQMTRlAgw,Flipping Awesome Tricks,2025-04-22 15:54:21+00:00,25,22,Education,129000,,,
fyN1ma-xzFk,7643356,78052,812,UCVHztgKwf25FSMkEQ5OP0gg,NONPIANO,2025-07-05 14:40:02+00:00,21,10,Education,659000,,,
47UKF8K1Xhs,3862151,131223,715,UCWavuOpKwQH72kaEAkDNqyA,Merle Loosen,2023-09-09 11:00:05+00:00,39,24,Education,471000,,,
MXGuXYK3GA0,8457697,56492,4298,UCvtqX43iD-benQF1zwxr9aA, Blue Dream,2025-03-16 15:33:46+00:00,9,22,Education,141000,,,
KAfU4rPtZTU,4053464,92326,558,UC5OVPGQqCUm0CCyVzELGITQ,Jasmin and James,2025-03-21 14:48:23+00:00,43,24,Education,26600000,,,
K3zbPOn4OPs,6157881,55349,273,UC_1lRCXL1CmSiLBLvu-w5Ng,Shelove,2025-06-19 15:17:39+00:00,28,22,Education,3210000,,,
e9zQNd_edF8,3787972,78020,225,UC1MG2-t8fQou8aNJ-c_8l4w,Tutoríales de Baile,2022-05-02 21:01:05+00:00,9,22,Education,142000,,,
3Ws38Z73no0,3647844,235087,722,UCaRXBUrylj6O6VvAyqYFICQ,Monmo 21,2024-05-23 21:31:29+00:00,59,24,Education,1820000,,,
hmDPa3SpSyA,5015161,134405,533,UCmZnWpeUeSEm-LHgfCeYj8A,Angelina Jacob,2025-04-24 21:00:12+00:00,60,22,Education,733000,,,
gsV5xkAP_MA,6509944,77515,360,UCAN3MXVzhO3SWDDriytwN9w,Alba Benavente,2025-07-27 17:46:26+00:00,22,26,Education,587000,,,
ttE9a7DaK6Q,5073072,56174,585,UC_1lRCXL1CmSiLBLvu-w5Ng,Shelove,2025-04-21 13:28:59+00:00,37,22,Education,3210000,,,
wj6Wg1AgrwQ,2901042,47777,623,UCm5108VByLkHnu4-b-moBLQ,조맹 Chommang_Drawing,2023-08-20 11:57:41+00:00,1731,26,Education,2130000,,,
14oQPhQjPpI,3057824,145199,1056,UCddVaDxOhJE5Wl2P0zwBKIg,Kaida,2024-04-12 23:54:37+00:00,26,22,Education,109000,,,
P-xZoDj3Evo,3063216,55883,302,UCAN3MXVzhO3SWDDriytwN9w,Alba Benavente,2024-08-29 18:43:43+00:00,16,26,Education,587000,,,
EoWve36O0A4,2818997,23367,583,UCAYId2u4oLsabGp6MmIrcLg,Sabrina Acosta Flexibilidad,2022-01-15 21:46:35+00:00,735,17,Education,176000,,,
8NK4jT_RaZc,5450254,186420,816,UCTWe-pqdd7CMZ0dlavtBPLg,Aya Brush,2025-08-13 11:35:40+00:00,20,22,Education,158000,,,
wPW3Rzz06Ek,2685760,19094,753,UCFJfRJxHYc81y2gh_JItTKA,Bizzy Boom,2025-07-06 02:00:39+00:00,769,22,Education,306000,,,
UoALayD1p3w,4525988,49359,141,UCRRe2aIvv4HlEM-M3X5rl5g,Trending Rankings,2025-10-16 11:00:52+00:00,32,24,Education,146000,,,
VcFFC5WEv_I,3091785,49450,334,UC50_B4lI9UIlZBXWPaQ-vQA,VIKTOR PEPPER,2025-03-18 12:00:58+00:00,15,24,Education,6810000,,,
IXKUcW26mQs,2624145,73784,666,UCpr2xBv9-0cVjFiFigH3lMg,Syd the Yogi,2023-04-27 16:59:40+00:00,22,17,Education,171000,,,
b85W5a7HUQA,2399941,109458,4021,UCrwnxoM7xsfKXVsAs8TDDNg,Pabrik Cuan,2025-03-18 09:15:02+00:00,549,22,Education,119000,,,
gyDRYoz9yAw,3202905,0,1150,UCUlFo1jlYURiV2_ldmeP2Ag,eslis,2024-09-24 02:08:45+00:00,11,22,Education,1330000,,,
jOZxrJJKbA8,4129290,59016,590,UCKqiAZXF0fiGtk4aeCR6GFA,ELASTICO KING,2025-07-11 14:15:17+00:00,38,17,Education,716000,,,
LLPXdknSJqk,3347772,36765,632,UCe6XlMMfgFLSgAwqU2ao_JQ,KAKAOLA TV,2025-09-16 10:57:59+00:00,55,24,Education,2610000,,,
vtkgNOhkvLw,2408207,96365,256,UCM4mUayOV-yfqPNzePbHKsw,Fitwaffle Kitchen,2021-05-01 12:01:26+00:00,30,24,Education,3360000,,,
zi9I5jhPAQo,2699057,108867,364,UCOTJo56uqclwHW_QXHB_DcA,Keys Tutorials ,2024-05-13 16:03:45+00:00,33,22,Education,1100000,,,
EYCn439NN5s,2630539,75566,284,UCtylR6FhzJnWZ3rax2oAO2A,Dance with JRDN,2022-11-14 23:57:04+00:00,30,24,Education,44400,,,
gMDabDUfs2c,2039678,36505,4050,UC2pHFDaynlQcXzA5rj_srdg,Lith2ium,2025-09-13 14:49:02+00:00,73,22,Education,218000,,,
Ueb9dKfTe00,4243606,64806,187,UCndZRPeKW2xUGs9s5em--wQ,SANJAY EDITX7,2025-02-24 15:04:30+00:00,14,22,Education,58800,,,
m-qE7irNMFY,2592887,46180,379,UC_4jR-Dl0YHGAoPcWxV8rzw,Showder,2025-02-03 20:08:53+00:00,23,22,Education,62900,,,
2n4AcIRbAA4,1954546,55721,1409,UCLESI66b8Efqw9EjFteMbbg,SpideyHypnosis,2020-11-01 15:30:00+00:00,809,27,Education,456000,,,
pNlXSXizrKs,5001681,44857,2988,UC86ELfzKLvHusz0feqzvElg,@ZahraSaladGoreng,2025-05-18 00:31:55+00:00,23,22,Education,20300,,,
JLKgJDryTlM,2895990,199161,755,UC5vK_xyMGgFmtOvS_DVcLMQ,Nirami,2025-09-29 20:33:35+00:00,21,1,Education,2780000,,,
WU5lH5o3JLI,4190383,32349,269,UCAN3MXVzhO3SWDDriytwN9w,Alba Benavente,2025-09-11 18:45:02+00:00,16,26,Education,587000,,,
WiGYM3nNXiw,3765606,38438,1701,UCFExJBswSThqvOn1Jf60BQw,善善ShanHERE,2026-01-05 14:51:30+00:00,33,22,Education,91400,,,
jMA3nAqUirY,2776691,53591,229,UCAN3MXVzhO3SWDDriytwN9w,Alba Benavente,2024-10-01 20:41:56+00:00,13,27,Education,587000,,,
UPQeaeV0S7U,2033365,32866,730,UCCBU1Q8xvC1fOW69tI0hIzg,haeryn,2024-05-21 12:04:24+00:00,40,22,Education,633000,,,
yFiNw9EsJfI,1822009,108125,972,UCeJFgNahi--FKs0oJyeRDEw,Hybrid Calisthenics,2020-12-03 02:05:44+00:00,59,22,Education,4440000,,,
UyAogf4is_0,1779308,46054,164,UCTOkjUZwih01I5fUOc6zb_w,Renyaaa,2024-05-27 05:00:16+00:00,37,20,Education,990000,,,
vspC_bxzoTQ,2193728,92850,839,UC2JplYdlWAkyBCckC5xmMlg,that.generic.fairy.🌿,2025-03-01 19:57:57+00:00,22,22,Education,21300,,,
VJSKGfzAjKE,1588155,3279,64,UCDcTMqejXColQz4bRgxokrw,Blockical,2025-09-06 12:00:57+00:00,481,20,Education,3060000,,,
X1Ri2BiqCGA,1566420,33504,252,UCDZHS8AWZ_cGKcHOemjMgAQ,Samantha Caudle,2023-02-10 19:40:42+00:00,993,27,Education,138000,,,
XmRtHuCWQ40,2297033,51367,133,UCKqiAZXF0fiGtk4aeCR6GFA,ELASTICO KING,2025-01-06 13:35:45+00:00,18,17,Education,716000,,,
pDTvqS2GMVo,1555716,15295,319,UC8LaBH9v0bSEcEFck0RAfeg,DNCR Dance Tutorials,2023-01-19 16:00:24+00:00,57,26,Education,3020000,,,
fYInlAmPnGo,1523116,32744,789,UCjiVhIvGmRZixSzupD0sS9Q,Electronoobs,2020-11-15 14:00:44+00:00,1370,28,Education,636000,,,
5JNeOk0T_KE,3205540,5339,153,UCnq7vEbdDR31eaOvYq11khQ,tips dan trik id,2025-09-04 13:41:25+00:00,21,22,Education,64200,,,
33dudpD1G8A,1425453,15932,361,UCoJffiMQnlNNABZamYsdVpA,guca owl,2023-07-13 09:00:04+00:00,219,22,Education,51900,,,
2a_BANzGmbU,1412215,10957,558,UCqXD_Lp4KyBrotd4epusGlQ,Aries and Pia,2020-11-01 08:47:15+00:00,382,27,Education,33200,,,
piucUl_bI0k,1637501,110141,477,UC4tS4Q_Cno5JVcIUXxQOOpA,Ricis Official,2024-04-21 11:00:42+00:00,28,24,Education,48700000,,,
8PGLfDmMiAw,2528934,44501,164,UCAwyF5R8jkZNAmdrOrRhkuQ,Prographix,2024-10-19 13:25:00+00:00,18,28,Education,9710,,,
GXcKj1FikFM,1925951,120405,236,UC_MHTUWaGvp22SxVajvdFQg,Varhypen,2024-07-10 13:00:28+00:00,11,24,Education,85200,,,
wdIrerKJ4tA,1355837,32285,1889,UCh5VlNcGFpLFwOeU7bcazBA,Fer Jalil,2025-08-29 00:26:27+00:00,1746,24,Education,8060000,,,
X1Rt2cD2I6o,1345210,21863,1998,UCozktxpHgfTN4UYspXmKepw,Imperfect,2025-05-16 21:54:39+00:00,93,20,Education,261000,,,
Tfo4egMFyZo,1318865,23283,1242,UC-S5SUTuhAFDovS8cpiIB_A,Loft Studios,2024-06-22 15:02:59+00:00,194,24,Education,865000,,,
zlpFQRAYnOo,3218683,24509,0,UCcVLr2oFhRFSx3mcOlMZRTQ,Melli Art School,2025-08-15 13:12:24+00:00,28,24,Education,4160000,,,
CZR4LjSt6gs,1282246,49352,0,UC2V-OGycOYuUrKGmgrlVdoA,LEIA 리아,2024-03-19 16:03:48+00:00,624,10,Education,1060000,,,
eE8YP5t_L4o,1695487,24154,116,UC2DLakraUx0maHTgwDFKpOw,Azi Rahmad Syahputra,2025-01-29 10:15:04+00:00,23,20,Education,694000,,,
Nk-j0k7b2Q8,1265188,11241,544,UCIqXcsoRi1BXNPPkNiR9a-g,Jasmine M,2021-07-31 13:58:35+00:00,371,26,Education,126000,,,
2VL5Sd4uYAA,1253774,17476,768,UCGhsqEpxxv2NrMkrQLNTqoA,Hyde,2023-12-10 13:00:10+00:00,1357,24,Education,862000,,,
_UCt9YAOzAY,1240037,19675,461,UChpb6vANvLjfU8OqhaZoJEA,Bengali Poetry,2018-03-24 02:30:00+00:00,266,27,Education,239000,,,
G5EYwcGvLBA,2161339,33283,3130,UCzNE8exxGmt9Qye36N7yFlA,[itz]Griniks🍄🍃,2024-06-22 12:03:54+00:00,13,22,Education,168000,,,
sYXAM_A5pl0,3015160,21286,0,UC4TBNNCkfgoeptVgjQ28lYg,Danis10,2025-06-09 22:36:53+00:00,23,22,Education,4240,,,
lxz9HDzbZW4,2166135,28379,423,UCjxD8X9aRy_iHMRFnTqAd5w,Senne Jackson,2025-04-27 15:59:00+00:00,25,24,Education,2320000,,,
g9ZhNzyWKis,2137044,14914,10,UCTCguaYwB9n_GDni3a1jCTg,Fun Tutorial,2025-12-02 17:32:27+00:00,60,22,Education,1440000,,,
rY2ATCxkNAM,1127566,27329,259,UChqjU-iSJ-ZLP6gVsrDWEHw,Jayanta Bhai,2024-10-16 04:49:03+00:00,697,26,Education,292000,,,
8TiUhJtz1h4,1982002,51643,725,UCVTCM-b0FY55Y4nqTL64TmA,lunette,2024-11-14 13:03:12+00:00,17,22,Education,5860,,,
hpIrLFJgMmQ,1607806,49408,0,UCFIc7y7LvfsOEwtAQ2lCeZg,Criosphinx,2025-09-15 23:15:01+00:00,55,24,Education,133000,,,
QkdkLdMBuL0,1073404,44333,832,UCdngmbVKX1Tgre699-XLlUA,TechWorld with Nana,2025-02-19 14:10:45+00:00,1113,27,Education,1400000,,,
_p9M59tEFXw,2156210,37838,275,UC3XGo-0NmZfxNjFda4I5p2g,Mbuu Art,2025-11-20 06:24:14+00:00,19,22,Education,430000,,,
nk_FvH6ZT_s,2210307,27838,456,UCPwuyW8s3P0Fqe4uwASZv_A,MUNDO DA MANU & CIA ,2025-07-16 21:02:00+00:00,26,24,Education,3180000,,,
DGfjKJAi718,1605549,17544,3,UCTCguaYwB9n_GDni3a1jCTg,Fun Tutorial,2025-07-28 15:39:29+00:00,60,22,Education,1440000,,,
4SKMQEP9ezg,1045615,1629,173,UCGvGoCLjgemK80bvUc-21pg,Yellow Notes,2025-04-13 11:16:18+00:00,25,27,Education,350000,,,
ZgLjgLvuvlE,1048468,0,85,UClbMjnMI3v8MG1Sn-t1p5BQ,Piano Ke Badhsha ,2024-07-03 10:47:58+00:00,30,10,Education,4250,,,
YQfc6gLppx0,2413499,16267,163,UCVvN7D1VmV1n-dURG4dlxNw,Patenco_x,2025-04-06 15:37:41+00:00,15,22,Education,230000,,,
BF1DIYVA6q8,1034739,17317,1324,UCTm85BOt0RS91Vjp3xQuKig,Itsmisabell,2024-12-08 14:07:08+00:00,841,24,Education,463000,,,
lgI59N1aac4,1605553,12749,0,UCUkmk9ptMhdF9NythRQuZbw,Anafi Juega,2025-10-04 13:59:02+00:00,42,22,Education,402000,,,
2uGHIYEIvhw,2078299,32187,242,UClM7Pi-jKmVoKajNLLa8EUg,zafchan_art,2025-12-09 12:01:55+00:00,18,22,Education,249000,,,
2NamVSMWHu0,984417,15777,609,UCO4Nw0vUpxgb0zsziJ1SaMg,Justin Brown - Primal Video,2023-10-12 04:00:01+00:00,1061,1,Education,1870000,,,
FgP9IZQT8h0,982435,13098,1043,UCayM50DpX0gk73GSK2iTqIw,❤️NiNi,2025-08-14 22:07:32+00:00,561,24,Education,1310000,,,
JEM0qbqOpqM,1481136,18264,19,UCTCguaYwB9n_GDni3a1jCTg,Fun Tutorial,2024-10-15 14:22:12+00:00,60,22,Education,1440000,,,
UsW7iBrTvXU,933332,26064,368,UCtD5eppAUZpxghwrQ1PnRpQ,Edit with Bk,2024-11-04 06:21:43+00:00,821,28,Education,181000,,,
GUSASt5YhKI,1467469,19695,79,UCMOcGPRqTIAqkAKDZgS1FIw,Ana Bensig,2025-08-28 13:07:16+00:00,44,22,Education,299000,,,
31_RCPZ4aK8,1922566,25847,0,UC8k3V5mSxUGIQqDp9KJvfVg,Vania Arts,2025-08-30 18:13:39+00:00,29,22,Education,71100,,,
oudceV8n5co,859561,23811,1116,UC73sF-7Ihcs1HpnXEEXZ2ew,Brooke Monk,2024-12-11 18:14:58+00:00,1488,22,Education,10500000,,,
WbA4TBJ7L1w,862883,579,22,UCBPKuFurBC5OOWV0dlG2kIA,相沢みなみ,2025-09-11 13:01:06+00:00,93,22,Education,3950,,,
rthmEWGYDRY,1233619,16101,4,UCTCguaYwB9n_GDni3a1jCTg,Fun Tutorial,2025-08-25 14:33:02+00:00,56,22,Education,1440000,,,
UO57_suiX2w,844930,23106,4675,UCM55RjebjSevVWPnj2LEymw,viyaura,2025-09-20 14:59:50+00:00,998,24,Education,1210000,,,
PS0xZPwrhlA,2233251,9164,192,UCvtqX43iD-benQF1zwxr9aA, Blue Dream,2025-07-04 14:37:45+00:00,14,22,Education,141000,,,
iR04JwGwf1Q,812343,6877,273,UCuTKQx84XfjD1KuOPbG4i6Q,JuanFe Castro,2025-07-16 23:51:19+00:00,614,22,Education,10300000,,,
DndHOVJaVuw,777591,1068,17,UCyYc9FTwOpdkZAAhB5cAMwQ,TPlus,2025-09-04 11:00:20+00:00,101,22,Education,33100,,,
vG2UeTqEVEI,1598018,16869,125,UCc8JDGCBSGMjdWCYitNyiAw,Uzumaki PROJECT ,2026-01-05 03:31:00+00:00,18,26,Education,15000,,,
qgojgsKgxO4,738547,7215,235,UCMOcGPRqTIAqkAKDZgS1FIw,Ana Bensig,2025-08-14 06:56:01+00:00,1493,22,Education,299000,,,
1h3Z2fhLz-s,1178001,34408,881,UCOvhoVORR8CqsMYr9IJq-JQ,SOFÍA SOFÍA,2025-01-16 19:29:04+00:00,15,24,Education,1430000,,,
08u3jsa5N60,725239,20639,803,UC2hXOg5FxL_eHNm8041TyPQ,PresLee Faith,2025-10-17 17:00:06+00:00,1913,22,Education,927000,,,
cRjrsqFVhkc,1540524,9993,0,UCKE0Xnj818IDaHvIcRiq0Bg,KIDZ BOP,2025-03-13 15:00:52+00:00,16,10,Education,5380000,,,
nSTwNVGHCsE,711854,6388,171,UCuTKQx84XfjD1KuOPbG4i6Q,JuanFe Castro,2025-07-14 19:54:29+00:00,369,22,Education,10300000,,,
Elb8eMxYzyY,1415017,7636,1248,UC3BdWDW7jjLtzKZqnYFuXwg,BAGASZZ,2025-11-24 16:52:54+00:00,17,22,Education,20200,,,
NYozt-B7Ayg,1206486,8826,6,UCTCguaYwB9n_GDni3a1jCTg,Fun Tutorial,2025-09-26 07:33:23+00:00,60,22,Education,1440000,,,
bqumRFc2LJk,1263753,16091,250,UCMUlEIK67T-9rKbSTUJIBdA,Ma Come Si Fa?,2025-07-19 19:20:34+00:00,33,24,Education,115000,,,
b8Q5362OeCY,1679791,11765,198,UC_ImfTqN7AKiIIcnXOpbt7A,Alakh Naad,2025-09-11 13:19:26+00:00,11,10,Education,19800,,,
XHEd_T7HGek,1162914,15153,234,UCuTKQx84XfjD1KuOPbG4i6Q,JuanFe Castro,2025-08-12 00:00:40+00:00,30,22,Education,10300000,,,
JfYrlKw12jk,1172616,8723,0,UC0EwNtudhuJ7dMD_N528TyQ,Your Boy Xander,2025-08-31 17:41:53+00:00,35,24,Education,67100,,,
zdM5n-OswmU,606429,19030,451,UC9m3H8GjKrhu7098exLYc7w,Elena Rachitskaya,2025-08-22 16:04:18+00:00,1321,26,Education,442000,,,
G9DDScbP0Ao,601644,7014,536,UCno3Kug5L1m6txBRW6nKLPw,Kawaii Crafties,2025-09-01 19:41:16+00:00,2359,26,Education,70400,,,
FPlCy6n9Eh0,912183,17486,0,UCJgTLRae1PrLIXkQnvmYWeg,Kasey's Music Method,2023-06-02 01:00:04+00:00,31,27,Education,216000,,,
UKr5fcbE2_8,1152840,0,63,UCJ8rdq-wMp2SFN1c5PyaBOw,M'ewn (뮌),2025-07-11 17:46:12+00:00,17,22,Education,5930,,,
a5-ZnI4tDyI,547278,4563,186,UCMOcGPRqTIAqkAKDZgS1FIw,Ana Bensig,2025-11-18 12:30:01+00:00,579,22,Education,299000,,,
6T9ClulRXB8,546846,27475,1129,UCjX-pvk95UwhHkMBtXvhusA,Nazareto,2025-10-20 16:21:22+00:00,528,20,Education,160000,,,
HDBgY6Znhrc,536992,7584,104,UCaIlZB9zrFwmZOb-MBoVMgg,SHERO,2024-09-15 18:30:34+00:00,193,24,Education,96300,,,
x3vxD_Dgt5M,534805,23069,953,UCkpLHXz3MGVqBuBCx53almQ,Pablo Quesada,2025-03-09 21:58:04+00:00,30243,1,Education,37200,,,
Tk5XqZ3alTg,534208,14599,340,UCjsNZfvw3xsqbe2cg2E-DCw,S TECHZ,2024-11-14 16:30:09+00:00,1311,28,Education,172000,,,
Ykp15rruCtM,1065528,11737,10,UC5CWvuy-zdZGibXZzLEYp6A,Devyanshu Fitness,2025-07-30 06:39:18+00:00,17,22,Education,14000,,,
7yzXNFZkF2M,1020767,5956,117,UCVvN7D1VmV1n-dURG4dlxNw,Patenco_x,2025-08-03 08:38:14+00:00,16,24,Education,230000,,,
gu2P2laQGm8,512857,19039,453,UCqIXR1dZ2uStDlGfXpzU6WA,Tami Tutoriales,2025-05-14 23:41:43+00:00,1701,17,Education,384000,,,
ldgbtEXsN-A,823895,28788,165,UCqTfPI2JjQ-Mt3phfuR9FmA,Pashh ,2024-02-03 13:16:51+00:00,22,22,Education,7520,,,
96-uXUU6MJQ,586501,4347,0,UCnmkPMsIIkLEEyafdodKBXQ,ChloeD_Gymnast,2025-08-28 10:55:32+00:00,114,17,Education,814000,,,
DgxKmchnRyg,911215,7838,0,UCMUlEIK67T-9rKbSTUJIBdA,Ma Come Si Fa?,2025-08-23 09:42:29+00:00,32,24,Education,115000,,,
xfw2VBZyXcg,1054040,14995,42,UCEzfaLiOfdvV8V44pzGGdrA,Yu Kagawa 카가와 유,2025-08-23 12:46:32+00:00,24,24,Education,421000,,,
oPAels54f2w,473527,8605,201,UCMOcGPRqTIAqkAKDZgS1FIw,Ana Bensig,2025-03-21 10:01:09+00:00,923,22,Education,299000,,,
TCM_eADif8A,941168,26657,486,UCM55RjebjSevVWPnj2LEymw,viyaura,2025-09-07 14:51:50+00:00,18,24,Education,1210000,,,
LaYrtXumoeA,457756,14110,562,UCMhP9J6Ps0KHb07VpoljzYA,Catlinecrafting,2025-07-25 13:00:41+00:00,4456,20,Education,80900,,,
o20g0ZoptQg,455070,2870,87,UCpDNnvxEf3iWuJbtmUk6DnA,WiederDude,2025-08-31 04:06:03+00:00,1800,20,Education,15300000,,,
jk0oXRUSNb0,863559,11062,199,UC-I0Sbm2ETO0nf2RNuFQlWQ,Slickback Kid ,2024-01-01 04:04:51+00:00,16,26,Education,15900,,,
hg8owt63dLs,869406,12598,133,UCFeAZduCXFe1130SKbrfB8Q,DTM_art,2025-12-19 15:30:35+00:00,19,26,Education,261000,,,
reESTuBX548,784943,26502,72,UCqPlwBBY4FxE7OmLrjyHEUg,Jing Huang,2025-10-12 06:39:33+00:00,51,24,Education,113000,,,
5eXMcG1HvyM,445321,7938,249,UCMOcGPRqTIAqkAKDZgS1FIw,Ana Bensig,2025-08-27 14:30:03+00:00,2184,22,Education,299000,,,
onBX2eiB0UE,446480,4866,119,UCMOcGPRqTIAqkAKDZgS1FIw,Ana Bensig,2025-10-17 09:30:24+00:00,777,22,Education,299000,,,
o3QNuPaXnz8,430394,11405,132,UCeqigiSxgIThCWqecQPb4Zg,DANCE MARINE,2025-06-02 13:53:14+00:00,774,24,Education,281000,,,
uqZWY_uvEU0,429755,4586,54,UC2rXIMbvJhviecadnGBaChA,Josephine Tips,2025-12-15 16:00:50+00:00,63,22,Education,7320,,,
8sa1HU7z2Rs,419768,11972,199,UCMOcGPRqTIAqkAKDZgS1FIw,Ana Bensig,2025-08-24 02:00:08+00:00,849,22,Education,299000,,,
nESaz92SJ0w,418562,16541,713,UClX5lGGHeZ7OILb1ozSNtOg,Brad's Art School,2025-02-20 13:59:46+00:00,1775,27,Education,620000,,,
RXPDHDSF-D4,567777,7986,52,UC9WDdfvgUbylPrFTUqBnQYQ,Piano Tutorial Easy,2022-11-30 11:04:45+00:00,21,10,Education,679000,,,
ogkB_rNWgVg,401069,1186,0,UCucW4GpwaBXNrWBpxithFYw,Zaine Marshup Trending ,2025-11-30 14:26:38+00:00,211,22,Education,985,,,
kGZgxhowvsU,380669,11697,367,UCRgDyjwpeLQ9ZbWWhsEIa6Q,yummypastel,2025-08-02 18:38:12+00:00,185,22,Education,39400,,,
TpI4aZdDxio,379859,17879,582,UC1RBtw5rvaGYgXo2S0dfdXw,Luvv Sophi,2025-10-18 04:09:04+00:00,850,22,Education,21500,,,
RWn5eOfmo-g,378905,444,13,UCJ22oM0icvA7vCXa-RRpzdw,Mama Helth Care,2025-08-29 09:30:14+00:00,55,22,Education,4130,,,
rklXM_SUEEA,721584,10871,50,UCai7mj_xnDvvmKLl3yT0sDQ,Ayopiano,2024-11-05 19:50:48+00:00,29,22,Education,54800,,,
wFk-3ovzRdg,638237,17307,56,UCXjUd1dgS0wh74N26BaQA-g,Daniela ♡,2025-03-02 21:35:00+00:00,18,22,Education,202000,,,
JRr7a85sE-k,543546,6588,9,UCTCguaYwB9n_GDni3a1jCTg,Fun Tutorial,2025-11-23 10:33:34+00:00,60,22,Education,1440000,,,
ifRYhUjBfws,352003,6497,310,UCu-sL8_lGDglno_MGL46Lvw,XREMUS,2025-09-03 17:54:21+00:00,862,22,Education,190000,,,
Vpcest4DeqU,343802,5311,142,UCdtwPYK_0LG3ll1Op0iAMkQ,Tech Life Unity,2023-07-11 16:00:31+00:00,274,27,Education,791000,,,
lu2UR4FJ54c,516269,14362,371,UCWQIXE6qx-kBPYUoBuqv0xA,Awlia Pii,2025-04-26 10:26:59+00:00,48,1,Education,511000,,,
KhfFyuL7-jE,816531,3421,1,UCIXc265M13uEqmpslxr1bEQ,Bite guru 24,2026-01-15 03:15:04+00:00,13,24,Education,59600,,,
QFLQJf7dX-g,597210,32232,328,UCHnRhJwAwA7h_iAPzamNQyg,Tomixity-!,2025-09-06 12:23:35+00:00,35,1,Education,939000,,,
47HnlKngrb4,410949832,1218849,0,UCvlE5gTbOvjiolFlEm-c_Ow,Vlad and Niki,2023-02-22 06:00:01+00:00,945,24,Entertainment,149000000,,,
G1Lxvkf4T9Y,399862968,709728,0,UCE5OKyfB1ZnuroaQQzlRGvw,Where's Chicky? - Cartoon in English,2021-10-06 18:00:04+00:00,1847,24,Entertainment,4420000,,,
Y84MjrsWUwo,395188078,943704,0,UCvlE5gTbOvjiolFlEm-c_Ow,Vlad and Niki,2022-08-24 11:39:42+00:00,1802,24,Entertainment,149000000,,,
jdY4fJHhLUA,287824269,159711,0,UCi3onjs7UU2Z64i3RrVci-Q,D Billions,2022-12-16 11:00:35+00:00,124,24,Entertainment,36500000,,,
VoMA24oXzAE,251101443,169739,0,UCo0ZBPbg3aVEO88tNwLwdDA,Kids Funny Songs,2023-05-09 11:00:23+00:00,399,24,Entertainment,7250000,,,
d2u4ywJL0jY,202812287,107594,0,UCo0ZBPbg3aVEO88tNwLwdDA,Kids Funny Songs,2023-03-18 11:30:14+00:00,709,24,Entertainment,7250000,,,
Mt_CIBlEGos,195643474,273007,0,UCbCmjCuTUZos6Inko4u57UQ,Cocomelon - Nursery Rhymes,2019-07-02 07:00:01+00:00,191,27,Entertainment,200000000,,,
yUH_B98TZzI,237869756,3211502,2553,UC5NE6lZOCLMerHHxH80dABg,V5 Family Show,2024-11-09 13:33:25+00:00,60,24,Entertainment,16500000,,,
EIlBlzJByKg,181988285,3399911,7223,UCWaOde99oeUVoXbIj3SNu9g,Sagawa /さがわ,2023-10-08 09:30:03+00:00,59,24,Entertainment,38000000,,,
SFVxTRmGWeo,151475742,250843,0,UCvlE5gTbOvjiolFlEm-c_Ow,Vlad and Niki,2025-01-18 10:00:21+00:00,930,24,Entertainment,149000000,,,
Db8tM_YnB_c,146395149,390877,0,UC6O6zgWfyA-Yvu3r7E55Miw,Cute Cute Baby,2025-02-04 09:31:57+00:00,186,22,Entertainment,2060000,,,
5uUPCp5ZSeE,127363153,322331,3242,UCXAIs1TouUcSaPF56dw0MRg,Follow Me,2023-12-26 09:04:38+00:00,4043,24,Entertainment,3270000,,,
IqY6BhfiEXI,111333615,211687,0,UC626aF7WA8GaBBEGBXr_iEg,POWER KIDZ TV,2023-09-08 13:00:24+00:00,214,10,Entertainment,1330000,,,
JhQ3fOXqBXI,113288289,3223829,4174,UCUfvYoFXdCJCIb6zT0YvOMg,Nitin Narware,2023-05-14 15:32:51+00:00,60,23,Entertainment,8720000,,,
MIOKDgprFN8,114374023,1772741,3977,UCl2xCE4a7GG5h0m-3yGVmAg,Siyapa - The Laughter TV,2022-11-26 09:43:59+00:00,16,23,Entertainment,326000,,,
iFEVX-4a8ks,109440648,4091997,7155,UCvmmTtQCfB0aphHYItxR0gQ,杰克大魔王㊣,2023-12-22 10:00:27+00:00,57,22,Entertainment,10200000,,,
qcoQZqRxNfY,114172818,2042573,10928,UCjp_3PEaOau_nT_3vnqKIvg,Junya.じゅんや,2023-10-01 09:30:14+00:00,56,24,Entertainment,38700000,,,
9VN6xUjXdo8,156892315,2023201,5394,UCQPTbtadNWcPYuoS3JqkpYw,Baccha Mat Bolna,2025-04-09 05:47:15+00:00,77,23,Entertainment,9810000,,,
gyhXMlxdL4A,175086616,1029973,4143,UCw5laSluKZol8QuE1fOToTQ,Kritika Channel,2025-02-03 13:38:35+00:00,9,22,Entertainment,36200000,,,
Ns2-XQcnMT0,107085479,0,504,UCVPP_lAuPWl_tBZ8R7rQPxQ,SANSAR COMEDY BAR,2024-12-08 02:35:34+00:00,59,23,Entertainment,12600000,,,
qZE4VK4vL0Q,74902929,1602397,1444,UCSgVw2iWODCXSlVZA0SO86g,Allari Aarathi,2022-10-01 05:16:54+00:00,59,24,Entertainment,7370000,,,
pJ3vqXTF0zM,83442384,1200064,2332,UCKZbU-tgwz6RSRBLUxGZWUQ,Silly Billy,2024-11-29 11:08:10+00:00,74,23,Entertainment,1240000,,,
20PlxmdUU6E,62793793,91349,3839,UChsFzlDgXxa4MDlFp-28FxQ,The Fun Squad,2025-09-06 11:15:07+00:00,230,24,Entertainment,12800000,,,
WwNEtz-Qdr8,62784130,1218829,1565,UCJRoUjCbVLWvA20rCbh1qfQ,4M Animation,2023-04-27 00:00:11+00:00,25,24,Entertainment,3170000,,,
ueXN1hRCozw,97507592,906139,1543,UCIsQ1zXc6P0oYbCsrDbtuqw,Choch Maa,2025-04-20 14:09:26+00:00,58,23,Entertainment,1180000,,,
-55jShs9owk,118985727,812680,3637,UCD8EF2_byGKzQZckdD-eB1g,mr chill,2025-08-09 13:54:16+00:00,21,24,Entertainment,543000,,,
_-MqPiWPp9E,97994208,1483391,13706,UCYi8oidYRCzf4r9pLAEkSBw,MaxiRanks,2025-08-05 16:01:03+00:00,34,22,Entertainment,497000,,,
yRrXSP78z8o,110804895,1076968,1126,UCEYlNI8wno2Xp7YUNdMN22A,Panda Shorts,2025-04-01 14:35:21+00:00,28,23,Entertainment,23700000,,,
1MGjcMVEHuU,53285866,104449,0,UC8ZzGxJlMj7HC3rTv--YaWA,Kids Creation Cartoon,2024-05-16 13:00:01+00:00,182,1,Entertainment,174000,,,
NwHBHRGrQLA,131889865,698906,1674,UCmF-YxEvIOYiEfVtzX4LVUg,Fun Factory 07,2025-07-29 14:11:42+00:00,8,1,Entertainment,173000,,,
KrdSOt0TNuE,112055282,1512400,16371,UCgHPjaBY9ElpElTkXZZWYpQ,The Jones Fam,2025-08-07 03:07:04+00:00,20,24,Entertainment,1390000,,,
B7MREueJhtA,93715316,1157362,1732,UCQPTbtadNWcPYuoS3JqkpYw,Baccha Mat Bolna,2025-11-12 05:01:39+00:00,58,23,Entertainment,9810000,,,
3kZefYdy0XI,46314194,100846,677,UCl6_axGwQ0p8x5H4yP67M9A,MK Fun Tv,2023-03-31 03:00:03+00:00,483,22,Entertainment,1350000,,,
42WgA7pnL5E,88462067,557559,1879,UCD5Bq1i3pZPKIw4bJ856yZg,Alex & Annet ,2025-08-31 11:00:18+00:00,60,24,Entertainment,2050000,,,
g3vBcVNHkD4,58454807,478657,1255,UCw5laSluKZol8QuE1fOToTQ,Kritika Channel,2025-01-27 12:54:22+00:00,8,22,Entertainment,36200000,,,
kqQaME_vOsg,106332383,641769,1978,UCIhI4zdL7ZmrRc8Amx3gsxg,prettysiya1M,2024-08-10 07:05:00+00:00,9,24,Entertainment,400000,,,
ODI9gUxT1h0,42437043,0,16233,UCQz4680niDQNDEJB_36Vg5w,Highly Meme,2024-02-06 23:41:50+00:00,60,23,Entertainment,99100,,,
kh8w8La_hgw,65461215,594401,908,UCDwhsmzFDLc5hOB6SUglAjg,Neetu Bisht,2025-01-07 04:30:20+00:00,7,24,Entertainment,38700000,,,
PCvrgPWRBXA,47460483,631885,309,UCHGax7YcKkxALK5UFPmu8cA,Thawfeeq Times,2025-01-09 11:26:31+00:00,37,24,Entertainment,3020000,,,
iIm-bCnM83c,39367550,1271033,6814,UCHca_G30cvIF6fNFHdUrbIQ,UG Toons,2024-02-06 07:54:49+00:00,37,1,Entertainment,1950000,,,
Ctxv8OMTkqc,39945563,823546,326,UCKRC2_zPMIOmukNocxXXHUA,Chhotu Motu Vines,2022-10-05 11:09:34+00:00,18,22,Entertainment,187000,,,
EtOqgYF8kPQ,81185083,524864,706,UCr-KG8Ffr6xztQwV5MAyh3Q,Ketan mehta,2025-04-26 10:34:00+00:00,15,22,Entertainment,15100000,,,
JYx-oi3RuuA,93327709,421758,2513,UCkrY79Mv83UQ684hb0HgDYA,Aarav viral shorts ,2025-02-19 11:30:02+00:00,7,24,Entertainment,2760000,,,
VIRk7ZlpzgU,60290785,390556,389,UCr-KG8Ffr6xztQwV5MAyh3Q,Ketan mehta,2025-05-26 08:35:01+00:00,31,22,Entertainment,15100000,,,
f2oTc0CLNaA,56118974,756414,667,UCQPTbtadNWcPYuoS3JqkpYw,Baccha Mat Bolna,2025-02-06 06:22:32+00:00,13,23,Entertainment,9810000,,,
H90sFhho1AA,38166399,403793,658,UCOKmmEnURmEWs-YvVces5cw,Lantam Channel Official,2024-09-08 01:39:08+00:00,28,23,Entertainment,2830000,,,
m52AUk2kOJ4,57060167,517515,342,UCvi4a7mPeq1cv1EYQK4tzRA,OLIDA  Vlogs and Vines,2025-07-19 11:01:32+00:00,47,23,Entertainment,11400000,,,
XQGxlOrOVz4,28909448,40887,367,UC9pK7shVDkHkBeRiXpzXbcQ,Bindas Fun Nonstop,2025-08-20 04:30:20+00:00,355,23,Entertainment,2680000,,,
lYhtWFB-5Xw,33987308,1851470,8487,UCMEnk7UnqU9zbB0Kfy3mMiQ,mason,2023-10-27 20:05:23+00:00,17,22,Entertainment,25900,,,
zBFaOrJFG_c,34402009,496113,774,UCRoPbQfAMpZkxOGiXTIexcA,omg fun,2023-07-18 21:30:09+00:00,25,28,Entertainment,76300,,,
mjaNqXqk-6c,33776212,400417,4147,UCuALfQGHNTaWvKWzxQX7nKQ,MC Squared90,2024-05-16 21:11:11+00:00,23,23,Entertainment,4170000,,,
8W7RA8Akfxo,43391745,1112835,21090,UC6it9nf-sLW6ps3bOTefYag,repilus,2024-11-07 17:27:54+00:00,10,20,Entertainment,621000,,,
gXKy3GQJRKA,26926816,52611,705,UCYfOElZVy5mtF2T84ecopsA,YabaiFunny,2025-11-24 14:08:46+00:00,999,24,Entertainment,132000,,,
bUzR2Uubxlg,25431806,65428,0,UCUG3iQNbOMhvozIPzQTvADQ,MikuTV Rhymes,2025-09-12 08:00:53+00:00,471,24,Entertainment,470000,,,
njYS-brDsoY,46869834,272178,439,UCajbPQfnPSNa_uNUj-Pdrkw,Manisha Swami,2025-03-21 05:01:40+00:00,26,22,Entertainment,789000,,,
mjQUK1VP1Sw,35979989,262411,844,UChfbDnK4dTmT_UfoqBjETEw,ELB Funny,2025-07-28 11:01:33+00:00,60,24,Entertainment,52000,,,
hH25IcnnGKM,24442605,44981,0,UCkAsj9oTI_O7ISvlDhdtZhw,Happy Rhymes House,2025-09-05 03:50:17+00:00,234,22,Entertainment,67500,,,
8-p_j8lBvbo,23950404,17039,0,UCo0ZBPbg3aVEO88tNwLwdDA,Kids Funny Songs,2024-12-06 11:00:08+00:00,94,24,Entertainment,7250000,,,
eZmqn_3tSBs,43052704,1103543,703,UCVge8FcdNub_Lc4gqPjYyDg,TwinCoconuts,2025-06-19 18:52:01+00:00,57,20,Entertainment,1230000,,,
G-RmbWHqUdk,22959111,37817,455,UC8bRoTup4RoG9LqgK82gDlg,Fun Tv 22,2025-09-16 06:31:26+00:00,503,23,Entertainment,1760000,,,
CxlT75dDvGI,22813662,248510,376,UCyY4jVInowKG9Nm20xXGHFw,The Wingrove Family,2023-06-11 16:04:34+00:00,30,17,Entertainment,3440000,,,
G0Yjipjz4cU,22179784,170978,6042,UC5kLI5F-FXLn_bR4uj3FEag,DC ROCK STER_2,2025-01-27 15:50:16+00:00,394,22,Entertainment,91100,,,
W-H_Sttb-DY,38519404,962130,2204,UCtAXJ4DNpshfVjLIMq9pIRw,Rohit & Kanupriya,2025-10-21 14:40:29+00:00,101,24,Entertainment,3200000,,,
HJlBhIVB7Us,18998849,183481,0,UC0YefMXEl0E6yHzroTWdatA,MonKey 4 Kids,2025-11-11 11:44:46+00:00,647,24,Entertainment,78200,,,
9zw5EnXoW64,18799822,38785,314,UCUL9We-R1aCC3GAe-RvOx5g,The geeta gurjar,2025-07-06 14:18:44+00:00,414,24,Entertainment,40500000,,,
9nLTKqyjC30,18775311,11078,0,UCo0ZBPbg3aVEO88tNwLwdDA,Kids Funny Songs,2025-09-03 11:00:29+00:00,136,24,Entertainment,7250000,,,
ExeSwtygmgQ,31847278,411100,1070,UCtDwU9g52dv6muo4IWdqbUA,Nadeem gujjar ,2025-05-03 03:24:50+00:00,17,23,Entertainment,66300,,,
aTgPefqZESg,38858718,333993,1279,UCFV-NIePsfZGJD-Rn6VZcgQ,Epic Fails Reels,2025-09-02 05:00:00+00:00,19,22,Entertainment,631000,,,
hZ7emreNWbY,23557081,398281,935,UCDv5MGPqEPhcZ9n-oJ36-AA,TV Man Sho,2024-09-17 06:25:29+00:00,56,23,Entertainment,3230000,,,
KzWjAUbXdl0,17922203,32516,0,UC0diwQUtMEzwS9JH4QqTgfA,Neela Tota,2025-11-17 01:15:02+00:00,296,10,Entertainment,569000,,,
RAMS0HIGoOU,17551720,44293,0,UCVBqGZrGmtCwks54PMyQQMA,Crafty Hype,2025-02-08 13:00:28+00:00,783,24,Entertainment,786000,,,
qdaAyCKH940,17262591,32135,348,UCMuz3501Iy7n-yPIFi1KldQ,Our Fun Tv,2025-11-05 08:46:01+00:00,500,23,Entertainment,7150000,,,
j0Ndik5dsD4,37545465,0,303,UC-w6HHhgOTCbKRZVUyg1WmQ,𝐎𝐟𝐟𝐢𝐜𝐢𝐚𝐥 𝐧𝐢𝐤𝐡𝐢𝐥 𝐑𝐚𝐰𝐚𝐭 100K,2025-07-18 13:48:21+00:00,9,22,Entertainment,37300,,,
Tr56Zdz5xms,27532174,295377,247,UCxx0xX_KjH0O4nMXiFKgHDw,Raheem Ekka,2026-01-14 14:00:52+00:00,93,23,Entertainment,890000,,,
PwMfk-1_-v4,35915587,134190,0,UCZ5FV000uOKva7-9p34bVQw,MEOWJI,2025-06-16 15:00:42+00:00,17,26,Entertainment,10700000,,,
VxzygJXS3RY,27277651,225472,221,UCmH6lvysZOJ0mWvkmzlIFfA,sonu.indori,2025-08-14 14:38:28+00:00,48,23,Entertainment,12900000,,,
X_Sb47fxIe8,20066879,472742,5390,UC9vVKzlbWF2hMUEx2LdK_JQ,RankReactor,2025-08-09 00:24:27+00:00,60,22,Entertainment,46500,,,
IPd2XuC87Z0,25688798,310067,1549,UCqs4XSLWPF_bswg61PwCtSg,Faysal 2.0,2025-05-04 10:05:17+00:00,60,22,Entertainment,1250000,,,
tRSLXR4lVvg,14376036,810401,15467,UCfLuT3JwLx8rvHjHfTymekw,Triggered Insaan,2026-01-09 13:31:12+00:00,1738,22,Entertainment,25300000,,,
e9Gd8egyaHQ,21453297,0,130,UCVeKw_LUFwX1Z2gHka4kMQg,Juneed Entertainment,2025-01-11 13:50:00+00:00,41,23,Entertainment,770000,,,
Tjrho4MWuTM,23140796,216571,1348,UCEYlNI8wno2Xp7YUNdMN22A,Panda Shorts,2025-01-02 12:35:46+00:00,30,23,Entertainment,23700000,,,
Z_JXka91NC8,29778251,185946,265,UCTrv0IltHsH9aWe7TyXfVjQ,Seema & Radhika Maroo,2025-04-06 15:45:04+00:00,17,23,Entertainment,1050000,,,
imlW8AvXmYI,28265527,244099,329,UCSgVw2iWODCXSlVZA0SO86g,Allari Aarathi,2025-05-13 02:30:29+00:00,38,24,Entertainment,7370000,,,
XandCEsFWoc,24247354,232232,393,UCet9FEXim3LTgRYf3I8F5nA,Asif Dramaz,2024-12-02 13:50:00+00:00,13,23,Entertainment,2600000,,,
4NiS0mApLwQ,25342736,328834,269,UCOpdlJDsxqzq9rxZUyigUWQ,Kaamini Shorts,2025-10-01 14:23:18+00:00,44,22,Entertainment,5230000,,,
OkEx8vRAH50,22981358,241753,378,UCQPTbtadNWcPYuoS3JqkpYw,Baccha Mat Bolna,2025-03-22 05:44:34+00:00,26,23,Entertainment,9810000,,,
0BQYKOQGmkg,22387603,495998,560,UC5apxzE3aEOpvP0XkeuW8mw,Bobby chourasiya,2025-05-01 05:42:50+00:00,53,22,Entertainment,31800000,,,
yYEN7veZXF4,25797521,147433,1640,UC9uWq9GzXS85e-66_7DRwLQ,Trickpro,2026-01-02 08:53:22+00:00,28,24,Entertainment,1390000,,,
oS9eEwKXFpI,22243663,234547,424,UCFhERjsifwQvx7i1_f71AHw,Funmoji 2D,2024-11-12 01:46:39+00:00,20,22,Entertainment,2030000,,,
io2HlV3H_pA,22406904,195359,322,UCs2PWsVY0SYu_CifW8M7__A,Muhammed Usman,2025-10-17 12:07:20+00:00,56,22,Entertainment,932000,,,
rfRiP0xoLr4,23636613,320302,373,UCUfvYoFXdCJCIb6zT0YvOMg,Nitin Narware,2025-04-21 15:21:07+00:00,51,23,Entertainment,8720000,,,
1PtCvZQJr48,12673340,38831,606,UCEQlyOL1V4RU3uFdjeMrxrg,dhiraj comedy 006,2025-04-20 11:46:16+00:00,634,23,Entertainment,42900,,,
jjy4JPzNp40,14792961,0,33415,UC2sE6e1YgoQCuw-lSQ7ePfQ,Komment,2024-12-06 05:55:54+00:00,50,24,Entertainment,268000,,,
b23gjWDfl6I,11963235,22557,276,UC9pK7shVDkHkBeRiXpzXbcQ,Bindas Fun Nonstop,2025-06-21 04:30:22+00:00,327,23,Entertainment,2680000,,,
pDPwQYSRIj8,11713984,11133,0,UCvlE5gTbOvjiolFlEm-c_Ow,Vlad and Niki,2025-11-05 10:01:23+00:00,3830,24,Entertainment,149000000,,,
GKtSQOmJ24g,26117440,174775,5369,UCtZO2c3i1PrtwyeaxaIYHKA,Keepest,2025-07-25 19:30:01+00:00,14,24,Entertainment,1150000,,,
DIUVfPWezX8,21029197,234286,1329,UCX6LmIx2xVALBWo32eD30TA,Ubed Sk,2025-04-18 12:09:48+00:00,31,22,Entertainment,1240000,,,
apoM0C_rn5E,21028813,352714,409,UC5apxzE3aEOpvP0XkeuW8mw,Bobby chourasiya,2025-10-14 14:00:33+00:00,60,22,Entertainment,31800000,,,
VFQNFYqkNHY,18631897,355600,4467,UCC8LC2tt_g8w5S7gi5vE6Wg,5ive,2025-06-08 14:19:12+00:00,59,22,Entertainment,65100,,,
7UqljRBcHuw,11477645,8936,0,UC1ciY6kR3yj3kaKZ6R7ewAg,Infobells - Hindi,2025-11-14 13:00:28+00:00,204,27,Entertainment,72000000,,,
2IGR6UYHxOI,24495007,143820,301,UC8XnXxiP6sMU3KHkdGhEIVQ,The Triot Bros,2025-09-04 02:00:01+00:00,21,22,Entertainment,639000,,,
0U6LteJ_PgY,14176236,181607,1847,UC4OVr8Jl8o1ZqrB4YXZjqGg,Steven Ranks ,2025-09-17 12:36:00+00:00,54,24,Entertainment,45500,,,
16bk3BLplmU,18148838,318840,473,UCs2PWsVY0SYu_CifW8M7__A,Muhammed Usman,2025-05-15 13:32:13+00:00,55,22,Entertainment,932000,,,
LAjATtFf3hk,10734583,42196,909,UCSgVw2iWODCXSlVZA0SO86g,Allari Aarathi,2025-09-05 02:30:15+00:00,1481,24,Entertainment,7370000,,,
ZSX7FmxVjs8,26753716,187389,6421,UCp4RQp_HbywhSjUIuJ0ZfIg,Unfinished Animator 🍃,2025-08-09 01:20:07+00:00,10,22,Entertainment,23500,,,
XLIUsYChIyY,23667225,170644,440,UCCTy5kz0RoUSurbV4nFCpag,The Zishu,2025-03-04 11:25:03+00:00,15,23,Entertainment,41700,,,
uo-GysdVYeI,21598102,88229,205,UCPTw5n3N0C_63AUQXeF3ySg,RRR777,2025-12-20 08:06:16+00:00,33,24,Entertainment,3500000,,,
TmRAgkPctCo,16019478,318173,2890,UC1azpJe1r4M_VpOE_CjuAiA,Roblox Shenanigans,2025-10-10 17:46:37+00:00,43,22,Entertainment,251000,,,
DP69ooWWfnA,19046456,215239,291,UCJyXVKZiDQc4YvESFINC9xg,Tom Holland,2026-01-03 15:02:50+00:00,32,22,Entertainment,783000,,,
qbXE6iZFuNE,17792796,132866,72,UCci2yzDHKkbTXaXmIWvWHrA,Naveen Nigam Hit,2025-10-17 08:30:30+00:00,28,24,Entertainment,490000,,,
ivIGd-vXLC4,24484932,0,110,UC5oUoaDdRAQ5qM7fcEsgqKw,Ruhul Amin Animation,2025-06-03 09:52:57+00:00,13,24,Entertainment,978000,,,
JFpJ9u-LNI4,9815872,9168,0,UCJplp5SjeGSdVdwsfb9Q7lQ,Like Nastya,2026-01-06 04:00:30+00:00,2266,24,Entertainment,131000000,,,
LZ0_L_4gVAI,15031432,87225,528,UCc_7_KkImUtThpZlyzrY-fg,VID BLOX,2025-09-04 21:11:14+00:00,36,22,Entertainment,183000,,,
GHzpZVaqcQY,19154613,131605,113,UCvi4a7mPeq1cv1EYQK4tzRA,OLIDA  Vlogs and Vines,2026-01-03 11:58:10+00:00,32,23,Entertainment,11400000,,,
x_m-C5n0S9c,10553231,0,0,UCsJRGD86r-kUw8YlFOn1qxg,Try Not To Laugh X Vipesh React,2024-09-04 12:30:01+00:00,39,23,Entertainment,128000,,,
ds4wjRAVffA,9109557,31205,600,UCLORlTvPEKDtD3dGhg4vc3w,Pretty Little Baby,2025-09-29 11:31:50+00:00,623,22,Entertainment,41000,,,
Jf8rtXknGag,13293155,172280,328,UCSgVw2iWODCXSlVZA0SO86g,Allari Aarathi,2025-02-27 02:30:10+00:00,44,24,Entertainment,7370000,,,
aKOqbN7yo8A,8964275,25755,306,UChQFo5uGLyAwOGNDxMK9rEA,Payal kumari,2025-09-17 12:44:47+00:00,1259,24,Entertainment,152000,,,
DNeurw8SZgY,8946142,16591,1022,UC9bnna-J3bnATm4BkY76-oA,Limdan Meme,2025-08-06 11:00:32+00:00,91,1,Entertainment,217000,,,
fR3P-Sdi8_c,20101011,141350,88,UCTrv0IltHsH9aWe7TyXfVjQ,Seema & Radhika Maroo,2026-01-15 11:50:01+00:00,19,23,Entertainment,1050000,,,
MrmFlBX3JU8,13365137,169276,2189,UCa9f047WAoxn0jCotGedb-Q,RanKing,2025-08-31 22:17:49+00:00,45,23,Entertainment,168000,,,
Tg-fX8iQPog,18701715,171200,0,UCdmCelszydNjn4ku1s1IYuQ,Chandan sah tutorials,2025-09-24 16:15:37+00:00,20,22,Entertainment,548000,,,
32et6wN1YVA,13059498,96507,220,UCet9FEXim3LTgRYf3I8F5nA,Asif Dramaz,2024-12-09 13:50:00+00:00,14,23,Entertainment,2600000,,,
W6YPnNIt-Ko,14259247,237196,745,UCSjxZ3AZ5wd0ICLOReZMkPg,BeastRanker,2025-10-08 10:30:36+00:00,39,22,Entertainment,37600,,,
RoD-frPhYOA,14181575,310463,1323,UC_l1E50_r3p1Gv4_sLYNizg,Anand raja official,2026-01-15 03:40:35+00:00,119,23,Entertainment,4660000,,,
lWDGRUjRTQg,20049931,127411,292,UCet9FEXim3LTgRYf3I8F5nA,Asif Dramaz,2025-07-17 13:50:00+00:00,9,23,Entertainment,2600000,,,
XuTByE8F8r8,10754068,0,123312,UCU8E_84TaUbqbCnldDsXHZw,100ZK REACTS,2024-11-16 03:00:27+00:00,18,22,Entertainment,39600,,,
x3-FS8hFLLA,15759667,190263,1859,UCEYlNI8wno2Xp7YUNdMN22A,Panda Shorts,2024-11-08 12:37:56+00:00,11,23,Entertainment,23700000,,,
tAjHg3kx_Ww,7940693,18276,200,UCwTYExL8lx0Bz1w8EGyTS5w,mehnati fun,2025-08-23 11:30:57+00:00,1293,23,Entertainment,51600,,,
Ul4YB90_bhU,13854281,190649,1375,UCUs5Zs0v_CtQ_QalAEfkB4g,Auntie Charli,2025-07-18 19:34:37+00:00,37,22,Entertainment,2350000,,,
VyBEmNp7JcM,12817709,268496,1957,UC_l1E50_r3p1Gv4_sLYNizg,Anand raja official,2026-01-16 03:05:00+00:00,92,23,Entertainment,4660000,,,
bJxh2oYpGas,13681674,274493,257,UCATfsioEIJPF6Kj0K-I0dBA,Mood Stories,2026-01-12 23:30:30+00:00,80,24,Entertainment,33900,,,
vAZoMr-gUtU,21955231,111589,279,UCqoP7gx5GR9SxbiDfXNn1qA,Baby dance,2025-08-25 13:06:00+00:00,8,1,Entertainment,1170000,,,
W_KOH_kwP6k,14332893,144533,252,UCJyXVKZiDQc4YvESFINC9xg,Tom Holland,2026-01-09 15:02:54+00:00,28,22,Entertainment,783000,,,
9TxIRNjplDA,7396232,11404,127,UCkC7nT0l0sJqQI34307XBIw,Fani Tv Ltd,2025-08-30 12:38:00+00:00,3910,24,Entertainment,424000,,,
NFk2oDeA4Iw,13585690,121399,778,UCsnkIVgRmStRwr9plrNbm9A,Ranking Rawr,2026-01-09 22:02:13+00:00,44,22,Entertainment,444000,,,
LNchwwMp2Vs,18467678,94385,66,UC8fkIs8_VYDXTP9lMs_wK_Q,Hayat info,2025-10-04 15:02:36+00:00,8,24,Entertainment,13300,,,
7VUFtNDp_rY,9968771,264785,929,UCsYiidumJ5fqiaJKVA1govQ,Ranking Ridiculous,2025-05-29 17:25:36+00:00,49,22,Entertainment,7670,,,
BBXPd_7-bwk,12764774,226483,194,UCxx0xX_KjH0O4nMXiFKgHDw,Raheem Ekka,2026-01-12 14:00:16+00:00,51,23,Entertainment,890000,,,
3zg6-evbrhE,9067069,299009,743,UCjn0KQ3NVUMi8JfXjygGBeQ,CallmeIsaac,2025-02-26 05:00:04+00:00,26,27,Entertainment,10300,,,
onBN9h2q7OI,7089863,9952,0,UCAOtE1V7Ots4DjM8JLlrYgg,Peppa Pig - Official Channel,2025-11-22 10:01:31+00:00,7272,1,Entertainment,42900000,,,
4vWLmREzo3o,7073638,12451,0,UCAH_yo5TltlS2VGcUfyKTIA,Vlad and Niki Collection EN,2025-11-26 10:00:09+00:00,3771,22,Entertainment,788000,,,
FdTkVXyKBZM,6923034,24080,860,UCqs4XSLWPF_bswg61PwCtSg,Faysal 2.0,2025-12-21 13:46:26+00:00,1229,22,Entertainment,1250000,,,
0Id023w1BCo,20019481,0,304,UCAPdVOiIEAUZONlkIJqG6Kw,Prabhakar Vishwakarma,2025-08-31 03:50:03+00:00,8,23,Entertainment,22400,,,
7hu-fnbK7FU,6841220,17427,0,UCAH_yo5TltlS2VGcUfyKTIA,Vlad and Niki Collection EN,2025-09-15 10:00:17+00:00,1801,22,Entertainment,788000,,,
3AX4UIJN90E,9725376,200038,238,UC5apxzE3aEOpvP0XkeuW8mw,Bobby chourasiya,2025-02-24 10:01:39+00:00,52,22,Entertainment,31800000,,,
Ac5O8brDbcQ,6716670,11262,155,UC9pK7shVDkHkBeRiXpzXbcQ,Bindas Fun Nonstop,2025-10-11 04:30:14+00:00,309,23,Entertainment,2680000,,,
UcDPJzjCGvs,6671878,5920,0,UCVzLLZkDuFGAE2BGdBuBNBg,Bluey - Official Channel,2025-09-21 15:00:52+00:00,6888,1,Entertainment,13100000,,,
kOiq93RxObg,6695646,429597,44362,UCXkEvESNrqxB9_OCiVkl1hA,Omor On Fire,2025-12-30 12:00:01+00:00,2236,22,Entertainment,5440000,,,
f52QSwoDe9k,6633792,16565,444,UCxqd-Jj4WzKdoEeJnAqpHCw,Neha official,2025-12-20 01:58:00+00:00,346,22,Entertainment,38600,,,
KVjfYDLSLrA,13940664,139091,263,UCet9FEXim3LTgRYf3I8F5nA,Asif Dramaz,2025-03-31 03:50:00+00:00,17,23,Entertainment,2600000,,,
fpF3SXLpuBU,6322433,19267,128,UClNm216ID7Bw9xNSW_azm4g,Granny Funny,2025-07-30 11:19:35+00:00,1043,20,Entertainment,1370000,,,
9Oeia71zMSU,8970117,147762,219,UCFhERjsifwQvx7i1_f71AHw,Funmoji 2D,2025-07-06 01:30:06+00:00,55,22,Entertainment,2030000,,,
srtxxeen3NY,6049235,19370,1984,UCehPvlKoNd_1P340Z8feiuQ,Silly George,2025-10-21 11:06:49+00:00,530,1,Entertainment,125000,,,
Smrl9Ns21oM,8487408,116187,512,UCBLoSgPsv9kNZNYRjsj7LNw,Azaz Vines,2024-11-05 14:00:23+00:00,32,23,Entertainment,860000,,,
GMQNo06ZpP0,6092050,6474,154,UCVnEvilFBSA4BRgP1xRJ92w,Life As We GOmez,2024-10-22 21:05:22+00:00,60,22,Entertainment,1730000,,,
glnU_x6GBS0,11504256,94699,140,UCHCgMmZzmULPJjIhSR1tSCQ,Baccha Party School ,2026-01-15 14:13:46+00:00,60,23,Entertainment,5500000,,,
t-2qdcmSfcU,5954718,13786,201,UCkKDpnzIG29MA--Sh6oOtWg,Busy Fun Ltd,2025-10-12 04:25:40+00:00,502,24,Entertainment,27900000,,,
Dvos-ka2BYE,5790901,11146,129,UCe9lO5FQR2lLNBtzU0Swgvg,Fun Tv 24,2025-11-27 07:05:31+00:00,512,24,Entertainment,2800000,,,
KrA0gcW962U,5740758,18460,0,UCz5R8ZnvEVt7nP9Bpdur0Qw,Ballu Mama Tv,2025-12-23 13:30:19+00:00,387,27,Entertainment,123000,,,
jjary-9tnlo,8902906,46553,748,UCn1ItmQKbbcypNKBQdFksBg,Trending now,2025-08-06 19:54:43+00:00,53,22,Entertainment,25800,,,
ZXxjFBw3s3k,5664657,0,0,UC_klp3SfMIWQHK0Q0HWKJuA,SH kids,2025-09-27 06:26:41+00:00,98,10,Entertainment,12500000,,,
D1XGagifVq4,5576949,12236,0,UCvXtMog88FQwQDf2vcuAaSg,Yahia_X_Funny Videos,2025-09-28 14:06:47+00:00,595,22,Entertainment,38100,,,
gAlikYbIx1E,5668534,10835,135,UCw5Rm63Saf-4420LZKshKug,Fun Tv 122,2025-08-21 04:00:30+00:00,522,22,Entertainment,444000,,,
OfCXT4OcXA4,13545862,92929,109,UCHL6h6X_UTa06ujx52VqI5g,Pinky with Dad ,2025-11-14 13:30:34+00:00,11,22,Entertainment,2980000,,,
fEZX7-Hl0vM,7519344,194163,3459,UCHNEMZ69yEvdro8J2yS5xlQ,RankiGuy,2025-07-02 13:01:22+00:00,59,22,Entertainment,173000,,,
riEvoaKne2Y,5349244,4117,0,UCx790OVgpTC1UVBQIqu3gnQ,★ Kids Roma Show,2025-10-31 13:15:16+00:00,1418,24,Entertainment,44400000,,,
dV2mdnOXggQ,7301590,87122,385,UCxGStGMRaOI2r8FY13-jESg,Wee Animation,2025-02-26 12:01:03+00:00,21,24,Entertainment,9090000,,,
NqllJSSQDgo,14253601,22382,0,UC9JVfSyytPF2ex4mOfFXELQ,Ishan comedy world ,2026-01-14 14:30:18+00:00,8,24,Entertainment,1150000,,,
ERPK5JXUeZI,9655101,105837,118,UCvi4a7mPeq1cv1EYQK4tzRA,OLIDA  Vlogs and Vines,2025-09-03 14:41:48+00:00,47,23,Entertainment,11400000,,,
eCtp_Xy06io,7117985,143267,10668,UCwpis1mMHLm53ao-YTrKJiQ,Raw Rankings,2025-10-22 18:15:06+00:00,37,24,Entertainment,37800,,,
ug46U8_7OxY,9405290,23560,13,UCAhXYnUPjOJEhH5JxVHrXsA,SampiforSujit,2026-01-16 10:53:24+00:00,29,22,Entertainment,76400,,,
idR2-H0z6Cg,10755614,47743,28,UCPTw5n3N0C_63AUQXeF3ySg,RRR777,2026-01-14 14:57:54+00:00,17,24,Entertainment,3500000,,,
HqnRTrDF1Iw,9556923,0,0,UCh8ioEVA4OtR4T-Y2naE47Q,Tiki Hena Vlogs,2026-01-15 03:33:21+00:00,27,24,Entertainment,9120000,,,
pKUKH0GleaM,4800972,9491,0,UCAH_yo5TltlS2VGcUfyKTIA,Vlad and Niki Collection EN,2025-12-18 10:01:31+00:00,1821,22,Entertainment,788000,,,
ll_uS1IzXWg,9511837,63184,1223,UCTLZ1jlmY-VogpQXng48iKQ,Hungry Birds,2025-05-20 06:06:04+00:00,10,24,Entertainment,11200000,,,
AXI5CNYUHTc,9253464,138002,184,UCmH6lvysZOJ0mWvkmzlIFfA,sonu.indori,2025-08-31 14:27:59+00:00,47,23,Entertainment,12900000,,,
QOaxRz4Xo8s,4476387,9269,242,UCtPwpYEsGcnmN8ZTy5qMosA,Pangea - Never Ending World,2025-08-07 12:18:14+00:00,1972,1,Entertainment,952000,,,
t8eC8KyjkkQ,8424002,55626,57,UCvi4a7mPeq1cv1EYQK4tzRA,OLIDA  Vlogs and Vines,2026-01-11 12:51:49+00:00,43,23,Entertainment,11400000,,,
_nmxTbnPDOg,9890645,126312,160,UCjayDNUxA_lXBmD-7P8xtsA,Mr.Sraoster,2026-01-07 09:23:51+00:00,34,24,Entertainment,4550000,,,
WRrr2hd42H0,8450488,71239,908,UCX6LmIx2xVALBWo32eD30TA,Ubed Sk,2025-09-01 14:38:52+00:00,22,22,Entertainment,1240000,,,
wcx-_dc0SVg,8261411,80250,266,UCnqtwXNVh-EzU8fYcxGhSnA,Polar Ranks,2025-08-28 19:13:02+00:00,39,22,Entertainment,676000,,,
Zm6SgDSLQ8k,8468237,59382,32,UCPTw5n3N0C_63AUQXeF3ySg,RRR777,2025-12-27 07:19:14+00:00,36,24,Entertainment,3500000,,,
2UNuX3u1MzM,4272265,65290,2361,UCga6uMv6x1mMOwolhD9cXAA,The Savage Siblings,2025-11-19 12:00:11+00:00,1142,24,Entertainment,22000000,,,
0FXW6i7B1eY,7446377,156916,567,UC6-sonhNC4TKp4RexMA5a8w,Baba Che,2025-09-24 13:59:52+00:00,51,23,Entertainment,4240000,,,
nRpOSSyj2fY,6618829,131325,146,UCHbFjCVeFEEBorATfOjBW2Q,Lokendra Singh,2026-01-12 14:02:00+00:00,87,23,Entertainment,3020000,,,
SZwX4JTjuUE,10210887,159601,2842,UC1EALOoYjviTgAakJ-phJFg,Tyler Vitelli,2026-01-16 12:58:33+00:00,9,24,Entertainment,6570000,,,
d28XgQMKNZo,8119310,76666,2756,UCYLqMvbvX6oSBw92t9tTapA,Christine Ryman,2025-10-26 23:00:54+00:00,16,22,Entertainment,14900,,,
ELFqY7_ZchA,5487633,49314,560,UCGBvcIBLqwZpUU3o-bu8xdA,Cute Chaos,2025-08-13 05:05:33+00:00,51,22,Entertainment,33700,,,
WGMmW8WPg3E,7478430,66533,235,UCBLoSgPsv9kNZNYRjsj7LNw,Azaz Vines,2025-10-21 14:00:46+00:00,42,23,Entertainment,860000,,,
2z1qX-bKi9M,7311755,160807,1043,UCbNFYkTWQVUTs_n5Hqbt8bg,Imsubu Official,2026-01-02 15:03:48+00:00,60,24,Entertainment,7110000,,,
pRpm-qBOv9g,7048519,38518,1256,UCWorp7LqAGqayhQOOPvliqg,TrendyBear,2025-07-21 20:00:16+00:00,31,24,Entertainment,84700,,,
bNR2iCS2QqI,8201312,130759,457,UCEYlNI8wno2Xp7YUNdMN22A,Panda Shorts,2025-04-29 14:06:44+00:00,30,23,Entertainment,23700000,,,
iQeJAgnDCDY,6849679,63673,1414,UCtYY8gdFsMfIGhU8MN5ZQVQ,King of memes ,2025-07-21 09:38:39+00:00,36,22,Entertainment,18800,,,
nsyjUsNW2G4,6350657,80079,129,UCvi4a7mPeq1cv1EYQK4tzRA,OLIDA  Vlogs and Vines,2025-08-12 14:36:31+00:00,52,23,Entertainment,11400000,,,
d3_GAL6UVh4,6544873,82170,1237,UChqpEsUUafNa8q1tQJsIfyA,HumanVibesNow,2025-09-23 10:31:21+00:00,59,22,Entertainment,103000,,,
P_qT6Yb8YNo,6433676,80101,115,UCGu6bj0CiE5fSXIGEVjwyiQ,ItsManaswini,2026-01-14 05:30:15+00:00,74,23,Entertainment,493000,,,
WnxmTdqNf_I,5570050,89235,650,UCHfKjeFVleQKjfUBfseILjA,Top5Dude,2025-06-05 10:57:32+00:00,57,24,Entertainment,495000,,,
ns00R9cgBAI,3588010,15623,948,UC2b5jlMXT7PMJ8IQnVoeBfQ,Mir Parvaiz,2025-04-19 12:00:54+00:00,351,10,Entertainment,277000,,,
rPmbfhC2VdM,8254211,84446,1114,UCJimUae1MmRGU8vM9jhQtew,Brianna Guidryy,2025-06-30 15:01:35+00:00,9,24,Entertainment,2710000,,,
SQTMVFx95f4,7765136,138445,24869,UC1EALOoYjviTgAakJ-phJFg,Tyler Vitelli,2026-01-13 16:12:27+00:00,16,24,Entertainment,6570000,,,
utRMeIjsqnM,5698082,45564,299,UC_plPQxPAIvx1WiwRY2j46Q,AI Dreamland,2025-02-04 14:30:36+00:00,27,1,Entertainment,286000,,,
i-YKUPQRh2E,3478888,21166,317,UCCrGoHI2QBq3MA9XbXs2l2w,Peaky Comp,2025-10-14 19:00:43+00:00,1225,23,Entertainment,26300,,,
71bcI4PwZYw,6976885,29332,40,UCPTw5n3N0C_63AUQXeF3ySg,RRR777,2026-01-14 04:09:01+00:00,18,24,Entertainment,3500000,,,
lm9IDoy01W8,6453350,39015,33,UCPTw5n3N0C_63AUQXeF3ySg,RRR777,2026-01-16 12:48:59+00:00,23,24,Entertainment,3500000,,,
GTFFPb7zZXE,5264941,108601,171,UCFhERjsifwQvx7i1_f71AHw,Funmoji 2D,2025-06-18 01:30:10+00:00,35,22,Entertainment,2030000,,,
cejHgFGUyTo,4491929,98804,1021,UCXv9LQ_zc4csw2BdhipxKdg,RankRush,2025-06-25 16:22:49+00:00,67,22,Entertainment,55000,,,
99BaNcH-45g,6544254,74710,159,UCwp4wrBsVOIGTBs__-BjrfA,Bobby_4uhh,2025-10-18 12:53:08+00:00,19,22,Entertainment,9810000,,,
hxYUww0hOdQ,6782363,0,0,UClBidZ3L6KW2cYOoh4-xEuQ,Misti Happy Lifestyle Games & Shorts,2025-09-28 14:05:02+00:00,19,22,Entertainment,25300000,,,
P3TLoQojWok,3211253,9276,104,UCPCslZjhekjOTYMREWZ3arA,CoCoGo,2025-12-19 15:45:02+00:00,1225,24,Entertainment,170000,,,
74_Ff_gyX08,3211446,8878,208,UCkKDpnzIG29MA--Sh6oOtWg,Busy Fun Ltd,2025-08-31 03:41:16+00:00,567,24,Entertainment,27900000,,,
Xm5z4ezn0AE,6536864,0,66,UCVeKw_LUFwX1Z2gHka4kMQg,Juneed Entertainment,2025-06-08 10:50:01+00:00,21,23,Entertainment,770000,,,
sktRnVBwxdM,3212093,4751,92,UCiyP1L9Sux7fpIasNGcDMVg,Motu Taklu,2025-10-23 13:55:01+00:00,213,23,Entertainment,575000,,,
g3VOVm1XHzo,3139585,6170,0,UCkAsj9oTI_O7ISvlDhdtZhw,Happy Rhymes House,2025-10-26 00:30:36+00:00,451,22,Entertainment,67500,,,
z_Sq5ciUaKk,3154978,9172,158,UCfNd0_dM0wZcXKc8a7FL9nA,Multi DO Smile,2026-01-07 14:02:01+00:00,624,22,Entertainment,1180000,,,
0Qc5__UUPZM,7547398,0,152,UCG1tlyB3dHUfM5QiW-VjMQA,kamo gurjar,2026-01-16 03:28:08+00:00,9,22,Entertainment,11900,,,
mSP8_KTk5KI,3028220,12117,191,UClKaQ9S_pOVXN1JUUtVNEDQ,Baby Toons,2025-12-17 14:18:43+00:00,1025,22,Entertainment,48000,,,
gfJXrkZT2fo,5589996,0,51,UCVeKw_LUFwX1Z2gHka4kMQg,Juneed Entertainment,2025-10-06 13:50:01+00:00,36,23,Entertainment,770000,,,
m1nJWHtFkZE,5248865,103551,249,UCn-JoYLDs23rkaFeadKsDdw,Jenish Mon,2026-01-16 09:41:01+00:00,36,24,Entertainment,565000,,,
RW1ZWvHN6CQ,2866115,14896,361,UCx5pMe8Ki_DeCxE3cTYKHtA,Anshul Verma Vlogs,2025-08-11 12:01:02+00:00,899,22,Entertainment,4290000,,,
LR1dCk99bmk,2858475,29407,620,UCQoJDcgPuMOfrZmPsZXVIuw,iZaak,2024-03-08 05:00:11+00:00,174,10,Entertainment,606000,,,
nVSWMrHirhE,2834793,5578,65,UC9pK7shVDkHkBeRiXpzXbcQ,Bindas Fun Nonstop,2025-10-01 04:30:37+00:00,307,23,Entertainment,2680000,,,
VkhVZgf0am0,2752758,28842,773,UCSTBgSQAy5xKTEZfwwqqhrw,Kaku Mehnian,2025-12-08 06:30:43+00:00,2391,24,Entertainment,417000,,,
tzjNHsram-k,2724377,10401,296,UClKaQ9S_pOVXN1JUUtVNEDQ,Baby Toons,2025-10-12 11:01:29+00:00,513,22,Entertainment,48000,,,
pEIP6OGLhFI,2672545,9692,28,UCSuWtSEpkslrcTRWcT1tPvA,Cinema Jatara,2025-11-27 06:45:07+00:00,717,1,Entertainment,335000,,,
fYmW3bzifxY,2627115,3929,0,UCzNWVDZQ55bjq8uILZ7_wyQ, Boxoffice ANIMATION ☆ Movie Scenes ,2025-12-24 18:00:50+00:00,1414,1,Entertainment,7910000,,,
r4nPCDaDwWc,2617805,13784,282,UCfUfzLTmYdmVrSOuGk6ddFA,Nakshatra News,2026-01-05 09:16:21+00:00,219,24,Entertainment,291000,,,
WmXWhPy7TtA,4467966,93090,161,UCbNFYkTWQVUTs_n5Hqbt8bg,Imsubu Official,2026-01-16 13:45:38+00:00,52,24,Entertainment,7110000,,,
CZBy7HGv_I4,2601104,53137,0,UC0YefMXEl0E6yHzroTWdatA,MonKey 4 Kids,2025-11-17 09:44:31+00:00,1505,24,Entertainment,78200,,,
aYuSWXPuhTo,3829865,92870,165,UCSuNBPaFagByNZGLPz0g2gw,Srimathi_sri_,2025-09-13 05:47:44+00:00,22,22,Entertainment,301000,,,
HO1GzRFbYds,5183775,0,183,UCjayDNUxA_lXBmD-7P8xtsA,Mr.Sraoster,2026-01-16 09:34:41+00:00,31,24,Entertainment,4550000,,,
0ip5Zy4cg-0,3703723,50784,419,UCnsl3plYg4tK-TXX9xF5UZg,Curious Cousins Tv,2024-12-15 12:13:44+00:00,61,20,Entertainment,326000,,,
_xDIy1mQfak,5144995,0,232,UCjayDNUxA_lXBmD-7P8xtsA,Mr.Sraoster,2026-01-13 09:42:34+00:00,32,24,Entertainment,4550000,,,
EVUQ1lhDfLw,4931129,0,188,UCjayDNUxA_lXBmD-7P8xtsA,Mr.Sraoster,2026-01-19 10:25:08+00:00,30,24,Entertainment,4550000,,,
1VCbi_lcZCk,2411664,10597,143,UCeqMTpWWdiA9wpEfKMFb4jg,FLife TV,2025-11-09 13:00:04+00:00,1401,24,Entertainment,7480000,,,
2ExCEakcllY,2408690,6391,0,UC0diwQUtMEzwS9JH4QqTgfA,Neela Tota,2026-01-09 03:30:02+00:00,574,24,Entertainment,569000,,,
D1ZVTaqsxzg,4343076,0,61,UCVeKw_LUFwX1Z2gHka4kMQg,Juneed Entertainment,2025-08-31 13:50:00+00:00,32,23,Entertainment,770000,,,
PULx4lAp94c,2303962,18414,282,UCQsAAV0UkcRNBTIxIOHUb2A,Ayush More Reacts,2025-06-12 11:05:33+00:00,1123,24,Entertainment,1990000,,,
Go2ckaFTaAI,4438875,101994,2002,UCJI5ppVFGNZa5P7wVhPX9xg,Super Comical,2026-01-16 12:37:24+00:00,49,24,Entertainment,521000,,,
tddYc_epEoI,2246074,3540,107,UCzFdGWFw3PY85usgFiiFfVQ,Animated Cinematic Universe ,2025-02-08 05:43:50+00:00,216,1,Entertainment,84700,,,
F7BOCjlNANs,4377533,77524,88,UCvi4a7mPeq1cv1EYQK4tzRA,OLIDA  Vlogs and Vines,2026-01-02 10:42:11+00:00,37,23,Entertainment,11400000,,,
Ks-PLd4deCk,2235538,3328,98,UCkVwGVGw0MdZqUuWqeZZLJQ,BADMASH PEPA,2025-10-19 13:15:03+00:00,74,1,Entertainment,28800,,,
9cvejFycnlU,2232353,8653,269,UCZOJpbN5nQqEClAXL-m4u5w,Mukesh Rajput,2025-12-10 07:30:04+00:00,1365,24,Entertainment,144000,,,
NE9QydnPTWw,3793716,51560,621,UCQ9vWJrbE8SR0Cd9LkjKRBA,HABESHA INTEGRATION MEDIA - ሓበሻ ኢንተግሬሽን ሚድያ,2025-08-04 15:54:20+00:00,35,23,Entertainment,32100,,,
BDeutGiDtL4,4114143,46583,401,UCJI5ppVFGNZa5P7wVhPX9xg,Super Comical,2026-01-02 12:31:06+00:00,43,24,Entertainment,521000,,,
1j2gbB4y9EE,2170968,5048,0,UC0diwQUtMEzwS9JH4QqTgfA,Neela Tota,2025-12-26 02:30:03+00:00,456,24,Entertainment,569000,,,
D_EvqAHoaMc,2168035,7662,174,UCeqMTpWWdiA9wpEfKMFb4jg,FLife TV,2026-01-04 13:00:25+00:00,1469,24,Entertainment,7480000,,,
GUmZa_jp8BU,4147115,74883,125,UCQEbK2telvXcwGuPTFZhTUg,Quick 5 Rankings,2026-01-01 13:00:29+00:00,33,24,Entertainment,107000,,,
kLMtt-sYirk,2159517,4860,31,UCndZCfiNTeddg3glbSzQasA,BoM Tv,2025-11-03 02:56:04+00:00,482,23,Entertainment,803000,,,
56xYVnhHScc,3280812,90839,168,UCbNFYkTWQVUTs_n5Hqbt8bg,Imsubu Official,2026-01-08 14:05:09+00:00,65,24,Entertainment,7110000,,,
67dm_iqxDRE,3218755,89017,209,UCEFB4fPJEycg99TBGPTv7oA,virajdhali,2026-01-06 14:00:12+00:00,73,23,Entertainment,712000,,,
_vw9Ca2NI_I,2128231,6893,90,UCktP2PdnFKajNl7uJ-8vOBg,Did You know,2025-12-13 13:22:54+00:00,483,22,Entertainment,464000,,,
6JZBtOCNSmA,2090048,5313,79,UChsH398unUDHVDmXvR_kXSw,Laugh With Duby,2025-12-24 17:30:01+00:00,602,23,Entertainment,6180,,,
tw7hleL3pdg,3303618,78660,738,UCGJzeQId5-NyRMoSSNYIy0Q,funny Emma01,2025-05-26 17:52:22+00:00,61,22,Entertainment,246000,,,
f4MTpvQVkZo,4938061,50290,194,UCet9FEXim3LTgRYf3I8F5nA,Asif Dramaz,2026-01-13 13:50:01+00:00,26,23,Entertainment,2600000,,,
mV_hticm04c,2039239,6227,61,UCqtU4xCSjsSvE53Iy6NUKSg,Taarak Mehta Ka Ooltah Chashmah 3D Animated Series,2025-12-06 15:00:06+00:00,3745,24,Entertainment,134000,,,
b9OIocGvzU4,3519021,21999,17,UCIsQ1zXc6P0oYbCsrDbtuqw,Choch Maa,2026-01-14 04:37:53+00:00,39,23,Entertainment,1180000,,,
ALDRSF1-1KU,3728503,44795,80,UCQEbK2telvXcwGuPTFZhTUg,Quick 5 Rankings,2026-01-06 13:00:21+00:00,42,24,Entertainment,107000,,,
eLgiD3zlTVo,4248496,26815,292,UC0cO9vQ7YcBihETWqaWR5dA,HAEdit8,2025-05-28 08:32:12+00:00,10,22,Entertainment,5550,,,
F4cMhjOEWKg,3360401,0,41,UCtSNgxmkaEGt6mg4tbmdnhQ,ShamaRavi ki Duniya ,2026-01-12 14:30:13+00:00,46,22,Entertainment,83500,,,
nOVySEjgwkE,4010108,16139,17,UCPTw5n3N0C_63AUQXeF3ySg,RRR777,2025-12-16 13:11:28+00:00,16,24,Entertainment,3500000,,,
7qY09yyIrk4,1847182,34421,1044,UCpTILQ0MwpwiUtv9f0H8EhA,Palli Gram TV,2026-01-21 12:50:25+00:00,1304,22,Entertainment,17500000,,,
H-Xh1SJHxBo,1863364,8257,316,UCM_brsFUjb0bYiO8FJQEwPg,Tuti Gull Vines,2026-01-05 06:37:43+00:00,1557,23,Entertainment,700000,,,
6pEtliTAmqA,1810150,7379,114,UClKaQ9S_pOVXN1JUUtVNEDQ,Baby Toons,2025-12-09 12:30:17+00:00,1025,22,Entertainment,48000,,,
hSpSoTyq_GE,3124824,98099,101,UCEFB4fPJEycg99TBGPTv7oA,virajdhali,2026-01-12 16:01:09+00:00,91,23,Entertainment,712000,,,
MqdP7OPSfBs,3794767,0,0,UCP-r32FFZMHKUAWvFYk5msA,The BN Brothers,2026-01-16 01:35:02+00:00,17,24,Entertainment,10400000,,,
L3AHADo44ng,1750905,27041,262,UCkBTow6eNch0TQY_7LVHgzg,Kpop FunVerse,2026-01-10 13:00:19+00:00,968,22,Entertainment,26200,,,
f96rabOOiwA,1686612,4495,34,UCSnqG0JiB-pbKu8EMKV5P0w,ACTIVE FUNNY,2025-09-27 10:01:06+00:00,1371,24,Entertainment,9540,,,
G6RJBEIfUmo,2601844,94044,96,UC0TYGSVcwmdhS1wQJKBiaVw,Soundarya with varshini - tamil,2026-01-16 04:00:00+00:00,40,22,Entertainment,4440000,,,
WUsJvk3ZuoU,1705036,1322,28,UCbIRxoaCcfpOfRRE18KDNIw,Drawing Meme Subha,2025-07-04 15:02:45+00:00,67,22,Entertainment,31800,,,
LatpzAruNEk,1665109,4272,0,UC0diwQUtMEzwS9JH4QqTgfA,Neela Tota,2025-12-31 02:30:20+00:00,578,24,Entertainment,569000,,,
vuEggWiX3zM,3029969,88503,130,UCmH6lvysZOJ0mWvkmzlIFfA,sonu.indori,2025-09-01 14:07:45+00:00,53,23,Entertainment,12900000,,,
61PLEaDX2vg,1663172,4229,0,UC0diwQUtMEzwS9JH4QqTgfA,Neela Tota,2026-01-08 03:30:05+00:00,574,24,Entertainment,569000,,,
d6PDMS70q_c,3308005,15272,66,UCFW7ntQyoaQljNOl_7NcW8Q,Zubby_042,2026-01-07 07:00:29+00:00,61,22,Entertainment,60000,,,
YEHtMeAUHwE,3038535,102747,1489,UC1EALOoYjviTgAakJ-phJFg,Tyler Vitelli,2026-01-10 00:06:11+00:00,52,20,Entertainment,6570000,,,
P8F3cn7QTHs,2121639,41005,598,UCvK150Pro_FQfvWh1ZS9IJA,𝗧𝗵𝗲 𝗛𝗮𝘀𝗶 𝗚𝗵𝗮𝗿,2026-01-09 12:30:41+00:00,47,23,Entertainment,73200,,,
7Vz-K1nMrMw,3383036,15894,7,UCPTw5n3N0C_63AUQXeF3ySg,RRR777,2026-01-20 12:35:47+00:00,17,24,Entertainment,3500000,,,
f3qoVeltazA,2728264,0,21,UCEFUlt9iN-4mks4_cB0yAPA,Dramatic Love,2026-01-12 10:30:28+00:00,46,24,Entertainment,1910000,,,
BE6uFSTeQ2Q,2479809,91328,270,UCopTI48A60jV3x_VY7aEQnA,Jay Singh,2026-01-13 15:30:09+00:00,129,23,Entertainment,4930000,,,
vGxLRtcgxNQ,1431637,2291,0,UC89_haqiLcMBDf1DnWhMKfg,KaitToons World,2025-10-28 03:01:15+00:00,882,1,Entertainment,45000,,,
ZZ1xqX-y2m8,2004013,20166,188,UC4OVr8Jl8o1ZqrB4YXZjqGg,Steven Ranks ,2025-10-05 12:35:02+00:00,43,24,Entertainment,45500,,,
ctdRgS3E-YM,2801710,24402,17,UCv0Di1l4DtsR-ClY2X8xLAw,Arpit raj ,2026-01-14 03:51:36+00:00,58,23,Entertainment,877000,,,
qlEFvFlj4WA,1396123,13259,1047,UCPDis9pjXuqyI7RYLJ-TTSA,FailArmy,2026-01-14 14:01:26+00:00,1523,24,Entertainment,17400000,,,
EqgClw_IGpA,2575280,0,21,UCVeKw_LUFwX1Z2gHka4kMQg,Juneed Entertainment,2026-01-12 13:50:00+00:00,34,23,Entertainment,770000,,,
03od41dq0Es,2553821,34646,160,UCDjqqvPmvZxIHzS8FxKlg9A,Never Ending Tales,2026-01-13 06:06:02+00:00,39,24,Entertainment,1420000,,,
ZrHFDvCG710,1693473,0,2574,UCQQYGLaerXso_88rXbwGYyA,RankMeme,2026-01-15 11:55:26+00:00,52,23,Entertainment,138000,,,
lz88PvpIXpE,2158877,20241,33,UCZhpSJJGVtbad2zBjZ0tNNg,PsychoAliyanz,2026-01-16 07:35:00+00:00,37,23,Entertainment,2160000,,,
rFsmR_B1n3U,2342231,0,24,UCVPP_lAuPWl_tBZ8R7rQPxQ,SANSAR COMEDY BAR,2026-01-20 12:38:59+00:00,59,23,Entertainment,12600000,,,
XtZdFPk-jh8,1174209,0,145,UC5k3-qwva5_gxzaDGfqk0pw,Aanganwadi Ke Bacche,2026-01-01 04:30:11+00:00,673,23,Entertainment,22000000,,,
XQKOKo0T62s,2859830,7227,41,UCF9XeK_I0sbMZe0oAcsUAOA,Madhuri Official 076,2026-01-15 13:42:10+00:00,7,22,Entertainment,40400,,,
a69nNBygjLg,2081941,37470,51,UC1q7g-e0HzRKmyzKpzXpSNQ,LIMIT 2 WORLD,2026-01-09 04:00:01+00:00,41,23,Entertainment,256000,,,
ZpwOiLFgw9w,1126491,22985,3240,UCD4UWbxOOrFsxkMMfjYQ0VA,Foltyn Reacts,2026-01-11 05:00:44+00:00,1021,24,Entertainment,5430000,,,
ov19RqB3F0k,1608607,34359,145,UCCkyCNjHgAyJm4plxYGKPOA, Chaitali Harshil,2026-01-13 09:18:08+00:00,72,22,Entertainment,1540000,,,
l8oqPy6n3V0,3607225,10991,454,UCL4FBHifueIMzh_Upd3D_sQ,ESTHER DARLINGTON TV,2026-01-18 15:01:16+00:00,6,22,Entertainment,77000,,,
8sWDk93CXc8,1581310,0,2213,UCQQYGLaerXso_88rXbwGYyA,RankMeme,2026-01-16 12:00:29+00:00,52,23,Entertainment,138000,,,
oDQTWwTNlOU,1526065,0,27,UC3Tvm1sagPZ9_KvL--A0i7g,THEAnshpandey,2026-01-21 07:20:12+00:00,84,23,Entertainment,2180000,,,
7o3R1J__Gkc,1840154,16758,32,UCvi4a7mPeq1cv1EYQK4tzRA,OLIDA  Vlogs and Vines,2026-01-15 12:34:25+00:00,38,23,Entertainment,11400000,,,
Em4PlQGRKKQ,2288842,0,6,UCPHtrhsW9mW0lZFLvSIO5Rw,Rama Official short,2026-01-16 09:00:41+00:00,28,23,Entertainment,3790000,,,
NBHEXcVNVPE,877981,1042,0,UCsOai0zH3ynaPDFHyp17-zg,Bacha Box,2025-11-02 09:01:09+00:00,174,22,Entertainment,69300,,,
um6T0b_IIQE,1498915,36844,158,UCkoPRWCa72mdx2DdMB0WL0A,Rocky Sharma,2026-01-20 02:51:19+00:00,36,23,Entertainment,2370000,,,
qZWxEfEvCYU,2005004,8369,1,UChxOlzsMGV0S8UbrVBFLxLg,SwimCapChallenge,2026-01-16 13:15:19+00:00,14,22,Entertainment,1520,,,
76OCEfc9e5M,1805057,0,8,UCP-r32FFZMHKUAWvFYk5msA,The BN Brothers,2026-01-14 08:50:01+00:00,18,24,Entertainment,10400000,,,
EyytLwW8pxU,819176,1492,118,UCBx9Zu1TahlP9nhE8fXHE0w,M.K art animation,2025-10-11 11:30:24+00:00,116,24,Entertainment,38600,,,
pcKjncxiJrI,1824085,0,3,UCSc69GlQMGpWoaFnQw8v5mQ,Riyanshi Ki Masti ,2026-01-14 12:31:28+00:00,14,24,Entertainment,2400000,,,
t7eA9lpD_C0,1311674,0,328,UCEFUlt9iN-4mks4_cB0yAPA,Dramatic Love,2026-01-13 13:31:12+00:00,40,24,Entertainment,1910000,,,
n55qur6tVL4,1324083,15787,198,UCUPOxoF9jKju9AyViEVpzTQ,Funny Fails Ranked,2025-07-27 23:12:20+00:00,32,22,Entertainment,17700,,,
Z6G_sBt4_gY,761327,9976,525,UClpLr6jovEQ58YkgOxIPq7Q,rana ijaz official,2025-12-28 13:01:03+00:00,1422,23,Entertainment,2130000,,,
sxuEX-eMAis,726583,6424,99,UCqA2HvF-sAAe2AKTH1rSUww,Atul sharma Vines,2026-01-03 14:10:43+00:00,421,23,Entertainment,1190000,,,
SmhJpcR5I08,738074,7495,133,UC1u3_GUe5kugYVywFr8anQg,Horror School,2025-12-25 09:58:37+00:00,952,1,Entertainment,405000,,,
DnEl-yIbfh4,1695545,9672,360,UCIpsM3UpX15KsZiGhUrdRcg,DDP,2025-07-10 06:45:22+00:00,12,24,Entertainment,354000,,,
zWPrCWIVCHQ,634188,7473,114,UClQT1o1z6kn1n5Y5NxeJRAQ,Rsko,2025-11-06 23:01:22+00:00,146,10,Entertainment,191000,,,
TUcvtZ53ELg,1172607,15415,159,UCJSnR58L3c3IP-tl9Pyu6sg,Miniwhiskers,2025-09-12 14:01:01+00:00,59,22,Entertainment,219000,,,
RlxV3kbTSkQ,1214306,15101,38,UCvi4a7mPeq1cv1EYQK4tzRA,OLIDA  Vlogs and Vines,2026-01-13 12:37:39+00:00,35,23,Entertainment,11400000,,,
4OmI_cLYTJQ,602733,1339,64,UCOTtZqs7-0kLZ6zSxkIF5Gw,COOL PEACHY,2025-10-28 09:12:29+00:00,1838,24,Entertainment,1680000,,,
EKaxYmB-Eaw,633178,1888,51,UCMuz3501Iy7n-yPIFi1KldQ,Our Fun Tv,2026-01-17 04:53:23+00:00,483,23,Entertainment,7150000,,,
yLM7-ffoJW8,1271039,34127,70,UCmuowiM9UzekGRKnd_EBVEA,Spicy Gori,2026-01-21 11:30:57+00:00,17,24,Entertainment,117000,,,
f7nqu4GPzlA,860491,34583,78,UCn-JoYLDs23rkaFeadKsDdw,Jenish Mon,2026-01-21 14:37:12+00:00,87,24,Entertainment,565000,,,
EqIX_sWpF8A,1113532,0,34,UCaqP5w1Bhd6X9jXhx_t4Omg,The Dubbing Studio,2026-01-14 05:23:00+00:00,52,24,Entertainment,38000,,,
2mC6wMmPcQs,829128,18262,183,UCTC9QHQogB3goY3IlGhixMA,AR EDITS ,2026-01-16 17:13:00+00:00,31,24,Entertainment,47100,,,
uHMC1dUg45w,1731689,5623,10,UCOZ1YhmawS_q7jylfdK386w,eledcabezahueca5,2026-01-16 03:06:21+00:00,7,22,Entertainment,24800,,,
IOczV1MMFSM,1086172,23078,196,UC6-sonhNC4TKp4RexMA5a8w,Baba Che,2026-01-02 13:00:35+00:00,15,23,Entertainment,4240000,,,
_XxW6nOi5-c,880245,14612,71,UCPTw5n3N0C_63AUQXeF3ySg,RRR777,2026-01-22 07:07:55+00:00,26,24,Entertainment,3500000,,,
r6N0QKUvmk0,1098032,11181,32,UCQj_ogAL9AAccQ158lwz-vA,Sto Cat Fun,2026-01-21 15:30:38+00:00,6,24,Entertainment,155000,,,
cLEoeGZax4Q,827223,24724,229,UC6-sonhNC4TKp4RexMA5a8w,Baba Che,2026-01-14 14:11:14+00:00,36,23,Entertainment,4240000,,,
ae5X8ehfMNo,460465,2021,0,UCs-i-OgJaRat1M0lCqviF2w,Green Gold Kids,2025-12-31 10:00:03+00:00,1843,24,Entertainment,8830000,,,
xJp3W0wAAKg,1003664,0,134,UCLshL0vEWIp2MLUSjsBp54g,Little_Explorers00🦋,2026-01-21 08:19:27+00:00,14,22,Entertainment,149000,,,
0SWpW5Lh5fc,1008012,7166,11,UC4WgklHh87qoWA7sYzEHjiw,A Bella Cat ,2026-01-15 13:07:48+00:00,6,24,Entertainment,598,,,
Hs_wZsjVUZ8,882492,0,22,UCEFUlt9iN-4mks4_cB0yAPA,Dramatic Love,2026-01-16 10:44:51+00:00,34,24,Entertainment,1910000,,,
DsFxa6oy6Y4,465050,845,0,UCUG3iQNbOMhvozIPzQTvADQ,MikuTV Rhymes,2025-12-23 07:38:37+00:00,494,24,Entertainment,470000,,,
aOijNnUD5ZA,1001684,19215,80,UCuAJ0ewzavRYzZfDpWM7WSw,diyafavas_official,2026-01-15 13:13:38+00:00,12,22,Entertainment,6580000,,,
BZfu13TLqn4,435979,3462,171,UC2b5jlMXT7PMJ8IQnVoeBfQ,Mir Parvaiz,2025-12-27 11:32:04+00:00,307,10,Entertainment,277000,,,
eyv_CgJaCCU,67549177,1945204,2975,UCKHnlvXQfzEQcJx8-O96XRg,Wake Up & Make Up,2024-07-12 07:00:25+00:00,56,26,Beauty,266000,,,
pSSmNqdPfSs,74870744,507189,564,UC2YEsYjJOz5OHOcRD9YtaZg,Milyutka,2025-04-10 11:13:34+00:00,26,22,Beauty,2300000,,,
ZleChd3m3nc,39713635,1195916,1846,UCHwQ2fiRDyd7hikKan5s4Sg,Makeup by Parul Garg,2024-05-01 06:30:10+00:00,31,22,Beauty,11200000,,,
vXMFRcqTQoI,71161219,1170670,2531,UCIqb1iLcuUlolbjZm4E7T8Q,SHIREEN QURESHI,2025-04-30 15:45:04+00:00,59,27,Beauty,323000,,,
CCLAW3bQwUU,59574373,433216,7182,UCG6DV2XwHofa4uYDcgIRELw,Fairy Log,2026-01-17 14:24:47+00:00,11,10,Beauty,1480000,,,
X0xSSeORFjY,32853982,945696,8522,UCw6NSoIWDs6iDZYqOTSQt0w,Sofya,2025-01-30 17:20:14+00:00,146,22,Beauty,432000,,,
XMT70dsFXfM,55064004,384590,4705,UCG6DV2XwHofa4uYDcgIRELw,Fairy Log,2026-01-18 14:11:13+00:00,11,10,Beauty,1480000,,,
OHxuET65aeI,14245662,22875,0,UCZWiZc1LNznKfcns_FNoP-Q,Slick Slime Sam's Maker World,2024-11-10 15:00:23+00:00,1305,24,Beauty,861000,,,
dDSNtChE91Q,24351912,151376,0,UCNqZPuS3WS_3aIMZqXRlpqw,HALF SIBLINGS,2025-10-01 13:33:11+00:00,37,24,Beauty,8820000,,,
fktpQ0dyM-8,13967280,160359,274,UCYaHI00lb1g60aXL-u9uf3w,Bong Girl Monti,2025-03-28 15:50:00+00:00,73,22,Beauty,2220000,,,
3n-RHxScVNw,8257621,278139,2223,UCmt6ANTxFIZL8XhLprxgJmQ,Maria Khan,2025-09-22 04:30:02+00:00,60,22,Beauty,6620000,,,
h2vXVUK3n1w,9395019,113231,908,UCXoY0ZeHZBe0p-ByCiYP_XQ,Denitslava Makeup,2025-08-11 11:15:09+00:00,49,26,Beauty,8210000,,,
ZdcmcVKvUgU,14397403,179417,12701,UC4EAKR8iWpe9VgnYOgUrKlA,INAFISH,2026-01-12 16:00:55+00:00,7,24,Beauty,657000,,,
rPGWjT51SPs,9311270,55214,299,UCFowz51kCYG6V9Jk8j_Mlaw,Grincy Gandhi,2026-01-19 12:44:13+00:00,29,26,Beauty,532000,,,
YdJzFgyZUkQ,8900383,102106,874,UCXoY0ZeHZBe0p-ByCiYP_XQ,Denitslava Makeup,2025-07-28 11:15:04+00:00,24,26,Beauty,8210000,,,
fdjq3j6B9rE,8062876,193610,465,UCc300XpB3NyFKEs6RL_d5vA,Hina Rajput,2025-08-20 09:05:00+00:00,41,22,Beauty,82000,,,
c0IuhW7LaWY,9287834,31335,126,UCDzYQgdcesGQzLBIXRVVkGw,𝖠𝖱𝖢𝖧𝖴 𝖪𝖤 𝖧𝖠𝖢𝖪𝖲 ,2026-01-17 09:34:48+00:00,16,26,Beauty,99300,,,
pRdBafSiAR8,5819253,0,844,UCbbliRFZprB2w7VerXY6kRg,The sasta makeup ,2024-10-16 10:30:25+00:00,40,22,Beauty,933000,,,
zL4iq1EU6T8,3946895,117706,379,UCnEIpAZAT4U4wtL7fEFN2sw,Sara Vijay,2024-10-21 16:00:14+00:00,60,24,Beauty,1890000,,,
NlC1Psf1ScM,6150269,45399,506,UCa0Tc1mjdjIQnZP4UsscNgg,Cherri -z,2026-01-18 14:00:41+00:00,52,24,Beauty,8450,,,
KyHngnog3OQ,6745414,173110,4842,UC8ZidgQbe5w4iLEtRhbiF5w,Atarah Mayhew,2025-09-05 11:05:00+00:00,60,24,Beauty,7710000,,,
aYdIAd9a8WI,5771501,168794,295,UCCkgriHoMCpjC8sPP-rYAKQ,Lashes Beauty Parlour,2023-01-12 09:00:02+00:00,27,27,Beauty,1840000,,,
eBjaaOe1nc0,8319271,44034,66,UC2uNAJFILrEj0eJw7KfimIg,Sathi's Beauty World,2025-07-13 15:30:32+00:00,17,26,Beauty,337000,,,
IIg1MlvkiuQ,4316447,96746,3042,UC0lj5odQ1wq2ZXgQKEZIx_Q,PAINTEDBYSPENCER,2020-12-23 18:51:35+00:00,1070,26,Beauty,988000,,,
6kfFvr8smAs,8728026,63053,26,UCpnUECYt4f5r0reYq7WpDiw,AmjithNandu,2025-08-31 06:31:00+00:00,37,24,Beauty,1500000,,,
xxo1EHr4gW8,5517396,179868,2282,UCf_35VVsKHPmWAQjXrDOvtw,Kayla Ryan,2025-01-30 02:13:34+00:00,30,22,Beauty,580000,,,
nf15PZ6rsCk,6716557,168134,540,UCOsOrWaDwOlsUdUzd39Dw1w,Tanya Maran,2025-05-08 16:59:07+00:00,60,22,Beauty,55000,,,
u7AiSGBnEbA,5894557,115013,243,UC-GEaX8yrOpdNhZrJv2iLQA,beautyLeaf美人,2021-08-04 14:30:52+00:00,12,22,Beauty,133000,,,
HDbFUxcBhUM,4267908,255423,427,UCa_BJHuRMzcT8zAnc9Ho9QA,Suyash Fashion,2023-09-09 08:34:53+00:00,33,26,Beauty,3250000,,,
9icR1QPhFEY,4685833,102754,159,UCngVKppNKRXO3xkEvJ7yCdw,Nilanjana Dhar Shorts,2024-12-20 13:56:00+00:00,58,24,Beauty,5550000,,,
pkrmDfCt5Cc,7723781,36963,62,UC2uNAJFILrEj0eJw7KfimIg,Sathi's Beauty World,2025-08-22 15:30:25+00:00,32,26,Beauty,337000,,,
fa-m5kB74rk,5507723,179922,445,UCxv2BfA3sOD4TMLeNq8qg4A,Rich Women Club ,2022-06-01 14:00:30+00:00,16,26,Beauty,24900,,,
zZC_fiyT4eI,6854291,101115,870,UCoBcK6gNaqfPpRLlLhDhNZw,Sweeti Verma ,2025-08-30 10:29:20+00:00,55,26,Beauty,160000,,,
wZ-Pmw0dWAk,5440428,131107,880,UCoiGa1DMfznyHfKNxbpDHMQ,Glamorous By Zannah,2023-03-28 19:29:31+00:00,58,22,Beauty,24600,,,
CsmdQNvPY50,8443341,48097,128,UCsCeiiFVrZf-XCEN5tDJUiQ,aachal churi ghar,2025-07-26 14:20:12+00:00,12,22,Beauty,38300,,,
6J59vVadJdE,10023566,0,1641,UCv-LY85zBAY9DFC4_R8tWWA,Asmr wow,2025-05-10 21:58:21+00:00,9,24,Beauty,10600,,,
r4D04iG-fqo,8273953,72208,197,UCrd936cqeQz8_ZsLQ0vvG2g,Pooja Makeovers,2024-11-25 14:31:12+00:00,19,26,Beauty,233000,,,
ZhgZyH_3V2s,4803421,106633,1144,UCWobUiWDdG8dHlyXSipZ92A,Meredith Duxbury,2023-02-12 23:00:15+00:00,17,22,Beauty,1440000,,,
l_UQrbeqI5I,7498685,81302,278,UCHNazekDM14GSItTFbGWjIA,Chhavi Bridal World ,2025-07-08 12:30:43+00:00,40,22,Beauty,111000,,,
iRXl_gDV_6A,9432144,59350,86,UCUeY43T_0TbB8oRYjVaEzZw,Twinkle Bunny,2025-05-09 14:36:17+00:00,11,22,Beauty,7940,,,
TtzSgW-q8WU,9069188,45021,537,UCmtNPy6aDzqJyYDHmvsy3Tw,Sonali Makeover,2025-05-12 07:03:09+00:00,15,24,Beauty,1490000,,,
D4LNQeZGjl4,6757563,124700,195,UCO5p-c9u1-fi3E6EeRQKJig,SunnydahyeIn,2025-01-26 05:43:07+00:00,20,22,Beauty,7520000,,,
rPctxO6LoOc,5189937,79524,274,UCr7_jX8ItuGm8Py0Ngh4cxg,ALSI YT,2024-08-28 04:46:02+00:00,40,22,Beauty,904000,,,
csmE32TM_eY,3612993,130433,595,UCDFt_Gd5bGkpjdbn3Si98Aw,Simran Kaur Makeovers,2024-01-05 08:37:45+00:00,46,26,Beauty,856000,,,
_CbkG7GJgJg,3115688,48989,1071,UCLYPoVQOZvf7RuXsFSIc02g,Be Flawsome by Nithya,2020-08-08 06:06:53+00:00,518,26,Beauty,271000,,,
ngDcPh9Ieyc,3038878,0,2805,UCyKP-7oHxOrgUntQjUCGu4A,Makeup Remix,2024-09-09 09:30:29+00:00,1272,26,Beauty,52300,,,
Q1VOGU37meo,1992671,11790,99,UCMiDyP9hhvrbWxILTYZ1BqA,AI Cute Cat Family,2025-12-27 10:05:57+00:00,981,24,Beauty,5620,,,
wnrmePp5XtQ,2424871,53933,918,UCfZz_Ch_hbtBwgEtOxbLxXg,Satpal Singh,2025-09-22 08:11:00+00:00,48,22,Beauty,584000,,,
38IDhwYuXmM,2466055,69991,147,UCVWFvph8IIZRKtfXlYRzX0w,Divya Saravanan Vlogs,2025-09-15 05:32:01+00:00,118,24,Beauty,616000,,,
TN8mtihvK7c,2568363,111596,370,UCVKOBq9zfHIT9j7ZqPASKBQ,Theskimaskbarbie,2026-01-11 21:33:37+00:00,74,22,Beauty,211000,,,
q4cbMaO9BBU,4336281,13263,54,UC5yVjGqlJ_sJzO040B-e_HQ,  VelvetWhispers,2025-06-07 21:32:51+00:00,8,22,Beauty,2170,,,
g5AsaKIFCa4,2618046,25557,9631,UC0wermHVBWYoHbf5EsGEHGQ,Challenge With Pallavi,2025-07-27 14:36:12+00:00,56,26,Beauty,143000,,,
zI63CaSehdQ,4132990,13170,42,UCxlNdsSkdTF4AfrkJZqQMhQ,Murrrkotka,2026-01-15 09:04:48+00:00,9,22,Beauty,132000,,,
kNl5qUJsW3Q,1742273,11185,407,UCBShlKe5s0Z04tDm4-gXDeg,iWant,2025-12-11 09:00:06+00:00,4306,24,Beauty,4630000,,,
iJtuzQpvVL0,1614758,5976,181,UCpZt08RFSCs4E5ETWHrw3kQ,Makeup Things,2025-10-23 12:37:12+00:00,1573,24,Beauty,137000,,,
e6BohSo_ryI,1973072,101150,593,UC_kTuUv_7mQBqcCBvWSekfQ,MeddyRanks,2025-06-28 09:40:00+00:00,60,24,Beauty,19100,,,
U_T1jv0aDZ8,3996948,23328,7,UCx5cLrCtUnJWWOX2bAChmMA,Nemi Shorts,2025-10-09 04:45:03+00:00,15,24,Beauty,9710000,,,
pTu5mfy5sQY,2978576,47588,560,UCeLpQfB9zCzmDg56cMuCJ6g,Emily Clark,2026-01-03 01:31:07+00:00,60,24,Beauty,14000,,,
Nu0wx1YAfkc,2271728,0,15473,UCbbliRFZprB2w7VerXY6kRg,The sasta makeup ,2025-06-14 10:30:22+00:00,76,22,Beauty,933000,,,
EFqn-g9rW6M,3039732,17086,33,UCA8SIdd8cKLn-OylzRe1l0A,Sk Beautycosmetic,2025-10-18 04:32:21+00:00,15,22,Beauty,9420,,,
6cNQEVpsE1Q,2355176,0,12237,UCbbliRFZprB2w7VerXY6kRg,The sasta makeup ,2025-07-07 10:30:05+00:00,59,22,Beauty,933000,,,
BzE5xAJ4nzw,2914324,20372,10,UC8mhtWiYdupzRrUGkh5uNcw,Rainbow Candy Magic,2025-05-30 20:00:09+00:00,18,26,Beauty,257000,,,
qIMCWrbHHwo,1344578,9303,338,UCCaUInYqVDGUFvs-LAH-OJw,Shine and Glow beauty parlour ,2025-11-09 11:27:16+00:00,361,26,Beauty,60400,,,
xF3BWkJM1ls,2202790,33525,985,UC1w25Dr5mYY-EKse9Tel-dQ,Paula Wolf Official,2025-09-04 20:08:45+00:00,35,24,Beauty,3050000,,,
uq8eZ-ssylg,2540507,0,62,UCiG3MENxfoAw0TA0GSmSPaw,BEAUTY MUST,2026-01-21 07:08:39+00:00,41,24,Beauty,109000,,,
5N_8OgPuVsM,3121729,17145,48,UCfAuAmlf-_FM1RzmXlMgLzQ,Kanika's Unboxing World,2025-10-12 07:08:32+00:00,11,22,Beauty,46800,,,
7fuoBmYeJmQ,1873390,14200,91,UC-vfuUFPL46vsU9kN4sQOeQ,Saba & Sunny unfiltered,2026-01-16 12:50:41+00:00,40,22,Beauty,12300,,,
U78JRg4_y1U,1848152,57826,600,UCsVcKNLiAuL2eic1mgABcvQ,Mostly Random,2026-01-14 16:00:58+00:00,58,24,Beauty,62900,,,
66aZfNWJ9G8,2130085,50641,74,UCkmX8c6ZVNP9O6sWrZ1nn_g,Leve Kima,2026-01-16 08:19:48+00:00,58,22,Beauty,54900,,,
Rg1HGoxg77o,1867792,0,44,UChDFdu5mRxmLOuwRZHOCulQ,Riya Sharma ,2025-10-13 12:30:40+00:00,53,23,Beauty,13500,,,
0G99RH2CrII,1073726,2197,38,UCpbsCo40VfyM-rpkE-p3dYw,예리몽 Yerimong,2025-09-29 11:00:02+00:00,521,22,Beauty,1100000,,,
aXWX0vLj0jA,2166122,13558,55,UCQjE4bolGw2p0SHb_j9iQqw,Hacker Archu,2025-10-12 14:11:45+00:00,21,20,Beauty,450000,,,
DxGoMlp_R74,1277317,34676,177,UCNNR7N1sSWky0SBuaYqdsxA,Ifee Artistry,2023-06-04 18:00:04+00:00,61,26,Beauty,137000,,,
jTLy74_01Rc,2196757,16133,53,UCmtNPy6aDzqJyYDHmvsy3Tw,Sonali Makeover,2026-01-07 08:08:32+00:00,42,24,Beauty,1490000,,,
Okitbh-FaRU,1313311,23806,26,UCMvibdvrkqYwYwcbe7IV-GA,Mahek Mahajan ,2024-08-01 17:34:55+00:00,33,22,Beauty,71300,,,
p3nLxTcBYtc,1536490,19753,5443,UC0wermHVBWYoHbf5EsGEHGQ,Challenge With Pallavi,2025-10-17 15:31:21+00:00,61,26,Beauty,143000,,,
ME0L46V3HhY,1957252,46691,464,UCV09geq_rIiIPpFA_skUGFg,Makeup By Jen,2026-01-20 01:06:04+00:00,158,26,Beauty,84400,,,
O_IyHpFy3dM,1492432,35423,897,UC3mGhLq57s_o9dTdwTz00rA,Chyler Emery,2026-01-08 23:13:53+00:00,75,22,Beauty,330000,,,
_pZTNGpCIRk,1609534,0,122,UCiH76pch2WTgTa0MSSqfW0Q,Pretty Land,2026-01-12 13:30:51+00:00,36,26,Beauty,90400,,,
4-6gIyR4mKs,78675977,739627,1022,UCXlRJB0zr9fL54hjqXxRwgg,Tech Jodi,2025-07-25 07:36:16+00:00,64,22,Technology,459000,,,
XKdiJInSe78,54385448,882267,682,UCglXlpWjIi95auM3umWWLdw,Tech Master Shorts,2024-08-11 14:15:02+00:00,56,28,Technology,26500000,,,
5fKkXFresYI,41131975,2629121,8286,UCMiJRAwDNSNzuYeN2uWa0pA,Mrwhosetheboss,2022-10-15 08:25:08+00:00,60,28,Technology,22200000,,,
gBdNwcH4jYY,39592829,1201833,3558,UCOTGVctbHD4UJK3R6Evfx9Q,TECH-iELA Shorts,2024-03-26 08:17:29+00:00,42,28,Technology,9950000,,,
la4sEj00YGA,39266399,1424320,1308,UCglXlpWjIi95auM3umWWLdw,Tech Master Shorts,2023-07-03 08:25:00+00:00,46,28,Technology,26500000,,,
G7KyTEglQ_E,36221795,2084244,2381,UCglXlpWjIi95auM3umWWLdw,Tech Master Shorts,2023-06-02 12:15:01+00:00,51,28,Technology,26500000,,,
GY9usnmuC0g,57417558,571251,850,UCakSAR_crAk4P5DT6FsovwQ,mcm sanjay,2025-04-23 15:35:07+00:00,20,22,Technology,221000,,,
T7FwFWu44dA,32939426,1315866,1010,UCOTGVctbHD4UJK3R6Evfx9Q,TECH-iELA Shorts,2023-12-21 08:07:21+00:00,60,28,Technology,9950000,,,
a7d1Tm8OjdE,40932567,393069,2104,UCXlRJB0zr9fL54hjqXxRwgg,Tech Jodi,2025-11-06 11:27:37+00:00,84,22,Technology,459000,,,
G-K33KK7Bds,27552854,2036509,3432,UCglXlpWjIi95auM3umWWLdw,Tech Master Shorts,2022-10-20 06:45:02+00:00,60,22,Technology,26500000,,,
lCHqmzynO-s,24412617,950444,2922,UCPk2s5c4R_d-EUUNvFFODoA,Gohar Khan,2024-07-08 18:04:31+00:00,31,27,Technology,7330000,,,
b2_rzbGibpo,21565318,773406,6687,UCglXlpWjIi95auM3umWWLdw,Tech Master Shorts,2024-03-12 14:15:02+00:00,58,28,Technology,26500000,,,
TZuHin-BHGE,25289985,971273,1490,UCOTGVctbHD4UJK3R6Evfx9Q,TECH-iELA Shorts,2025-01-25 14:41:38+00:00,88,28,Technology,9950000,,,
tC5DLrR84oE,21603983,1121632,3008,UCMiJRAwDNSNzuYeN2uWa0pA,Mrwhosetheboss,2024-04-15 09:04:24+00:00,59,28,Technology,22200000,,,
tRfxb2lxt9o,33276107,545471,1521,UCOTGVctbHD4UJK3R6Evfx9Q,TECH-iELA Shorts,2025-09-28 06:39:42+00:00,55,28,Technology,9950000,,,
DpbkbxTgrAI,33011629,426228,1852,UCOTGVctbHD4UJK3R6Evfx9Q,TECH-iELA Shorts,2025-09-19 07:56:17+00:00,20,28,Technology,9950000,,,
iEOzZbj8aYw,182231093,1775465,3064,UCgAq9LRKx0NUSZ0ZtB3DWIg,Loveneet Valecha,2025-08-09 06:48:45+00:00,30,22,Vlogs,4910000,,,
2tM5F_X9ztA,98165147,0,6892,UC28haopD28ljl7lVEKkw1PA,Sirf Shreyansh,2024-08-02 13:03:00+00:00,60,22,Vlogs,13700000,,,
sNTiNXEoYrQ,137374152,1340772,2236,UCgAq9LRKx0NUSZ0ZtB3DWIg,Loveneet Valecha,2025-10-25 07:47:20+00:00,31,22,Vlogs,4910000,,,
yGtzHpHQT6Q,103916635,1151193,2508,UCgAq9LRKx0NUSZ0ZtB3DWIg,Loveneet Valecha,2025-07-13 06:36:44+00:00,30,22,Vlogs,4910000,,,
B19q2LDrvio,90183329,1252094,2139,UCgAq9LRKx0NUSZ0ZtB3DWIg,Loveneet Valecha,2025-08-29 06:43:35+00:00,31,22,Vlogs,4910000,,,
8JF3T8kBigE,88045664,1059111,2424,UCgAq9LRKx0NUSZ0ZtB3DWIg,Loveneet Valecha,2025-08-16 07:09:03+00:00,28,22,Vlogs,4910000,,,
VSjI5kPQIEw,76107280,946784,2101,UCgAq9LRKx0NUSZ0ZtB3DWIg,Loveneet Valecha,2025-09-14 08:26:20+00:00,25,22,Vlogs,4910000,,,
vYGaVRl-o9Y,64433670,943266,3107,UCgAq9LRKx0NUSZ0ZtB3DWIg,Loveneet Valecha,2025-09-08 06:57:08+00:00,27,22,Vlogs,4910000,,,
N8FAvp-NOog,61702365,1087283,1843,UCgAq9LRKx0NUSZ0ZtB3DWIg,Loveneet Valecha,2026-01-11 08:51:38+00:00,42,22,Vlogs,4910000,,,
0gBmSmiYlfQ,57802918,0,841,UC28haopD28ljl7lVEKkw1PA,Sirf Shreyansh,2025-09-10 09:10:00+00:00,54,22,Vlogs,13700000,,,
N8FnL-hmtnY,35436674,868723,1268,UCcmQxZBJ2qTXWpOQCAODyNA,Dheeraj ke Vlogs,2024-11-17 14:51:56+00:00,51,22,Vlogs,13900000,,,
Dk5Nf9uek0Q,35668321,45649,1399,UCUbWJTnuX0AIvGejJTRkTBA,Sahiba Bali,2025-12-12 16:30:07+00:00,1353,19,Vlogs,345000,,,
0tfcJDOSZPU,49921987,746244,1218,UCgAq9LRKx0NUSZ0ZtB3DWIg,Loveneet Valecha,2025-10-06 06:38:16+00:00,26,22,Vlogs,4910000,,,
fbjtAErAbdk,25207909,374023,436,UCYzOdbz5KCjq_pO9e56qiqQ,Mahi Ke Vlog ,2025-02-06 13:34:23+00:00,59,22,Vlogs,1980000,,,
tH1OXPYdJ3Q,18643205,578215,39066,UCjvgGbPPn-FgYeguc5nxG4A,Sourav Joshi Vlogs,2025-12-06 02:30:58+00:00,933,22,Vlogs,38800000,,,
DSBuqWJohQY,19664669,657314,1976,UCH9aPskONv7sraQfL-UDxNQ,Swara Singh,2024-05-05 08:48:14+00:00,60,26,Vlogs,9850000,,,
ZRaYJpiPeRk,29976592,0,4909,UC28haopD28ljl7lVEKkw1PA,Sirf Shreyansh,2025-11-28 14:18:00+00:00,52,22,Vlogs,13700000,,,
ONWdTtZYjho,32191642,0,22,UCuhp7oH9As-5fU0DrVjOUAw,god uk official 2.O,2026-01-04 14:15:02+00:00,35,22,Vlogs,517000,,,
gCr8DBywINw,28991098,375774,1182,UCgAq9LRKx0NUSZ0ZtB3DWIg,Loveneet Valecha,2025-07-07 06:55:58+00:00,25,22,Vlogs,4910000,,,
41ewZQiy6vY,14680507,514397,24576,UCjvgGbPPn-FgYeguc5nxG4A,Sourav Joshi Vlogs,2025-12-08 02:30:08+00:00,1126,22,Vlogs,38800000,,,
yXo-aVmNRY0,18998164,515412,759,UCkJ9Iy3S-jDp6BGeaMkLz7g,Anju Mor Vlogs,2025-05-27 09:59:08+00:00,60,22,Vlogs,9350000,,,
gc85zHi0Hgo,16501839,464691,1798,UCkJ9Iy3S-jDp6BGeaMkLz7g,Anju Mor Vlogs,2025-04-23 14:31:12+00:00,60,22,Vlogs,9350000,,,
a04LbefOjTA,22023351,0,16,UCuhp7oH9As-5fU0DrVjOUAw,god uk official 2.O,2026-01-09 14:15:01+00:00,30,22,Vlogs,517000,,,
0Rld9El1jf8,21146550,0,20,UCuhp7oH9As-5fU0DrVjOUAw,god uk official 2.O,2026-01-11 14:15:01+00:00,30,22,Vlogs,517000,,,
gZB2zbbskJY,12201078,236292,6411,UCOVl4ev6NDP1IqugFUrxA_Q,Anushka Singh ,2025-09-10 05:51:24+00:00,48,26,Vlogs,131000,,,
RdIu7GEZHZs,10052425,370618,11687,UCjvgGbPPn-FgYeguc5nxG4A,Sourav Joshi Vlogs,2026-01-09 02:30:25+00:00,984,22,Vlogs,38800000,,,
NDbenhSTZK4,18934787,0,12,UCuhp7oH9As-5fU0DrVjOUAw,god uk official 2.O,2026-01-19 14:30:21+00:00,33,22,Vlogs,517000,,,
Ct6F-3Jnidw,18837203,0,372,UC28haopD28ljl7lVEKkw1PA,Sirf Shreyansh,2025-12-29 13:57:00+00:00,36,22,Vlogs,13700000,,,
JSAhFRBcKt8,9370852,339131,7680,UCjvgGbPPn-FgYeguc5nxG4A,Sourav Joshi Vlogs,2025-12-17 02:30:16+00:00,803,22,Vlogs,38800000,,,
fN-TsUWrqyQ,9229895,64739,7409,UCIvkyLelNLPGO5GIYCcrTxQ,Sejal Gaba Vlogs,2025-05-01 12:11:08+00:00,477,22,Vlogs,3810000,,,
tzGymWHDgao,15682519,223247,2312,UCcmQxZBJ2qTXWpOQCAODyNA,Dheeraj ke Vlogs,2025-12-27 13:32:25+00:00,40,22,Vlogs,13900000,,,
rEvF5Hg0Ttw,13555064,289124,848,UCcmQxZBJ2qTXWpOQCAODyNA,Dheeraj ke Vlogs,2025-07-29 13:44:50+00:00,36,22,Vlogs,13900000,,,
WfcR7M1R9E4,16328051,0,13,UCuhp7oH9As-5fU0DrVjOUAw,god uk official 2.O,2026-01-10 14:40:02+00:00,39,22,Vlogs,517000,,,
rWXZFfijMVY,17254903,0,13,UCuhp7oH9As-5fU0DrVjOUAw,god uk official 2.O,2026-01-17 14:15:07+00:00,29,22,Vlogs,517000,,,
5_X-nLOucSU,8377627,278480,8501,UCjvgGbPPn-FgYeguc5nxG4A,Sourav Joshi Vlogs,2025-12-27 02:30:09+00:00,847,22,Vlogs,38800000,,,
4zqKlMkETsk,8227020,307505,11103,UCjvgGbPPn-FgYeguc5nxG4A,Sourav Joshi Vlogs,2025-12-31 02:30:07+00:00,1712,22,Vlogs,38800000,,,
wVf_1iZtsWk,12749607,366862,7492,UCcmQxZBJ2qTXWpOQCAODyNA,Dheeraj ke Vlogs,2026-01-08 14:59:35+00:00,42,22,Vlogs,13900000,,,
tBPPEmexsBs,7859201,258577,5645,UCtgGOdTlM-NdJ9rPKIYN8UQ,Slayy Point,2025-12-16 12:46:25+00:00,1052,23,Vlogs,10300000,,,
UrdXatpg54E,7323994,243507,10333,UCjvgGbPPn-FgYeguc5nxG4A,Sourav Joshi Vlogs,2025-10-28 02:30:22+00:00,554,22,Vlogs,38800000,,,
q1YwdKEzuCs,13203526,248807,665,UCcmQxZBJ2qTXWpOQCAODyNA,Dheeraj ke Vlogs,2025-12-23 13:28:21+00:00,43,22,Vlogs,13900000,,,
cK6k66D6BZs,7987645,421080,1985,UCcmQxZBJ2qTXWpOQCAODyNA,Dheeraj ke Vlogs,2025-01-02 14:03:27+00:00,47,22,Vlogs,13900000,,,
of2Le0y9Q9I,11170188,105236,295,UCzLKlc6VfmJJGCu2eivhXyw,Sahu original,2026-01-04 01:31:16+00:00,62,24,Vlogs,10800000,,,
yq9sGTQgFtM,6676376,259129,5985,UCjvgGbPPn-FgYeguc5nxG4A,Sourav Joshi Vlogs,2026-01-16 02:31:05+00:00,731,22,Vlogs,38800000,,,
cwQkM83znpk,12184503,117001,161,UCUjsa9oURTPbpkwj2RCIMFQ,i am partner ,2026-01-08 01:35:22+00:00,70,24,Vlogs,8940000,,,
ecVrnQTDCG0,6465051,257319,8966,UCjvgGbPPn-FgYeguc5nxG4A,Sourav Joshi Vlogs,2026-01-14 02:52:37+00:00,841,22,Vlogs,38800000,,,
EIo9kYfdSPE,9972362,373044,736,UCPXLAruFusYx0ZI_WA8T34w,Miss.Hosiyar,2025-08-25 14:45:01+00:00,71,22,Vlogs,6840000,,,
a9CMA54aIBQ,6229018,255582,7408,UCjvgGbPPn-FgYeguc5nxG4A,Sourav Joshi Vlogs,2026-01-08 02:30:00+00:00,839,22,Vlogs,38800000,,,
ZBxt-8MrCWM,8389662,485786,2287,UCNYFkd4KhIA64QGuHx64N0A,Ruchika Rathore,2026-01-14 15:48:16+00:00,177,22,Vlogs,1510000,,,
PuNWRTs4aWw,5964380,243749,8169,UCjvgGbPPn-FgYeguc5nxG4A,Sourav Joshi Vlogs,2026-01-13 02:30:26+00:00,1007,22,Vlogs,38800000,,,
lBkIhJ8reGg,5565424,270488,10674,UCjvgGbPPn-FgYeguc5nxG4A,Sourav Joshi Vlogs,2026-01-18 02:30:45+00:00,822,22,Vlogs,38800000,,,
3ikO4_84Icc,7253126,274272,273,UC8HNVCJ0cwnl8AeLI7aLGeQ,Talab tales,2025-08-25 16:59:00+00:00,48,24,Vlogs,521000,,,
3-MJYmDjCfU,5509603,60252,5684,UCFcBAGR0drI3F15EhMFjuTg,Aayu and Pihu Show,2025-10-16 08:30:02+00:00,801,22,Vlogs,20200000,,,
FXZvApztGeo,9774805,224901,429,UCEpbm5ABIM8nydmeFaNZ8xg,Also Shan,2026-01-14 11:07:42+00:00,57,22,Vlogs,35300,,,
A5RWxDMMh5M,5197125,222699,6129,UCjvgGbPPn-FgYeguc5nxG4A,Sourav Joshi Vlogs,2026-01-17 02:30:09+00:00,747,22,Vlogs,38800000,,,
8WHRQw--oO0,5202594,25981,1773,UCF4bUh6kWdNN7C8ZWx79QdA,TRENDZILLA,2025-10-16 17:03:09+00:00,560,24,Vlogs,94900,,,
4Cm6H_Vdbdw,5217878,84683,8069,UCOrE-2VgEOJ9LTNLYu5LeEw,Anant Rastogi,2026-01-11 08:21:26+00:00,858,24,Vlogs,17600000,,,
zucWXnHsuTE,9144762,166845,409,UCcmQxZBJ2qTXWpOQCAODyNA,Dheeraj ke Vlogs,2025-12-30 06:31:17+00:00,44,22,Vlogs,13900000,,,
v49NrOcFoFM,9665060,240113,291,UCkn7QWNmJftBg-yHla3EJjw,Life with Priya Rao,2026-01-09 05:48:55+00:00,53,22,Vlogs,9060000,,,
18nodmCZZLQ,4876184,99506,2827,UC49EgySW0Guwy5ThcN11ehQ,Sahil joshi Vlogs,2025-12-12 02:35:00+00:00,952,22,Vlogs,5250000,,,
Q1L6hip2YV4,4679591,98536,3730,UC5aKead6Q8YQYjceizxJIuw,Nishu Tiwari,2025-04-27 07:45:33+00:00,946,24,Vlogs,4320000,,,
D1wmmFKhpdM,4668743,341696,42210,UC_niYoJcVwf5IVQZ6pJqgrg,Rajab’s Family,2026-01-15 14:07:00+00:00,3052,22,Vlogs,8660000,,,
AuWxEq-Owco,9310168,201003,299,UCkJ9Iy3S-jDp6BGeaMkLz7g,Anju Mor Vlogs,2025-12-23 15:29:01+00:00,60,22,Vlogs,9350000,,,
MvBeXQv5Ui8,7676220,219082,508,UCkn7QWNmJftBg-yHla3EJjw,Life with Priya Rao,2026-01-10 08:30:55+00:00,53,22,Vlogs,9060000,,,
G63HwCinnPA,4653110,49354,6499,UCFcBAGR0drI3F15EhMFjuTg,Aayu and Pihu Show,2025-12-13 08:30:11+00:00,806,22,Vlogs,20200000,,,
z_Gc_HNpzVY,8493585,113930,461,UC1QWYCziWaqs7H_E5M3mwmA,Mansi's Life,2026-01-03 07:33:54+00:00,61,24,Vlogs,387000,,,
qVtondqqbjA,8933164,263603,307,UCkn7QWNmJftBg-yHla3EJjw,Life with Priya Rao,2026-01-08 07:21:22+00:00,44,22,Vlogs,9060000,,,
I7GDB1Rfnts,8137966,47506,59,UChWAeYniXwZW0297n8yI2RQ,Imdat And Olida vines,2026-01-07 16:29:24+00:00,60,23,Vlogs,1610000,,,
WX3P0D8gj-Y,6149368,238767,477,UCkJ9Iy3S-jDp6BGeaMkLz7g,Anju Mor Vlogs,2025-12-10 10:31:48+00:00,60,22,Vlogs,9350000,,,
OEV8FQrxfMM,5918978,280103,4829,UC_cecSRU92J2m-BrgbEyfSQ,The Roamer Amit,2026-01-14 14:22:49+00:00,70,22,Vlogs,6140000,,,
LpFn6iRtUng,8890973,110624,271,UCScswA2VBHrBDqB30rDlelw,Javeria Khan🦋,2026-01-10 08:57:06+00:00,32,22,Vlogs,623000,,,
SVzLABsMeZo,3878393,108266,7815,UCWJMtvKZjKYCfwMUpAmuP5A,Rakib Hossain,2025-12-30 13:00:07+00:00,1587,22,Vlogs,22400000,,,
Ig9acmw6zoU,3827879,48525,13807,UCFcBAGR0drI3F15EhMFjuTg,Aayu and Pihu Show,2026-01-01 08:30:09+00:00,1067,22,Vlogs,20200000,,,
ko9yA3i0dNk,7108062,183313,678,UCcmQxZBJ2qTXWpOQCAODyNA,Dheeraj ke Vlogs,2025-12-28 14:28:21+00:00,44,22,Vlogs,13900000,,,
DoMvwfRZZRo,7098417,229198,411,UCkJ9Iy3S-jDp6BGeaMkLz7g,Anju Mor Vlogs,2026-01-10 15:33:02+00:00,60,22,Vlogs,9350000,,,
BoSj99df1n0,6358516,0,55,UCft9s_CelGHkW4sVCt9vgTA,Sri Styli Vlogs,2026-01-05 03:32:06+00:00,57,22,Vlogs,563000,,,
8TTHB3-o32I,6691826,66056,1396,UC4pA0ulnRH0SMjWeO4p9_Sw,ayza,2024-11-17 11:34:58+00:00,31,22,Vlogs,490000,,,
xj0FSVZGAPM,5937806,0,1355,UC28haopD28ljl7lVEKkw1PA,Sirf Shreyansh,2026-01-04 09:22:00+00:00,34,22,Vlogs,13700000,,,
Ic8sNd3EMOM,6197533,169896,710,UCcmQxZBJ2qTXWpOQCAODyNA,Dheeraj ke Vlogs,2026-01-05 13:28:53+00:00,46,22,Vlogs,13900000,,,
99xmDWlncUU,3176980,44298,8696,UCFcBAGR0drI3F15EhMFjuTg,Aayu and Pihu Show,2026-01-10 08:30:06+00:00,763,22,Vlogs,20200000,,,
L6dwuN5UE1s,3146924,67686,2195,UC-j7tR3DhEt85EM9HbvxXqA,Zeinab Harake,2025-05-30 12:09:17+00:00,2867,22,Vlogs,15200000,,,
sU6NShUE_-E,3128386,382050,57283,UCLkAepWjdylmXSltofFvsYQ,BANGTANTV,2025-11-30 10:00:00+00:00,2339,10,Vlogs,82100000,,,
_Rb5UzrX4xw,3108792,65366,3661,UC_cecSRU92J2m-BrgbEyfSQ,The Roamer Amit,2025-10-16 13:42:21+00:00,1703,22,Vlogs,6140000,,,
LyvdKGBie8g,3120706,90042,7200,UC5sGdW8Jf7ijogDhcIFRmlw,Kalogeras Sisters ,2026-01-05 23:35:00+00:00,2599,24,Vlogs,7400000,,,
UjJuiBHYFP8,3109127,46238,5832,UCFcBAGR0drI3F15EhMFjuTg,Aayu and Pihu Show,2026-01-15 08:30:30+00:00,911,22,Vlogs,20200000,,,
nN5QdMs8qwU,4333527,101924,645,UCL2jzQtDobP9LVQ018x98Rw,Virginia Oliveira oficial,2025-04-15 20:36:36+00:00,61,22,Vlogs,566000,,,
zKeiBz23DRo,3019693,87584,1886,UCSfxFZFzcpYMbOB3A1rWHAg,SlayyPop,2025-09-07 12:31:11+00:00,842,20,Vlogs,3130000,,,
69lRCjLlV1E,4368378,153982,435,UCF-Ii5VJY__HHkz3qdM78cQ,urmila,2025-12-17 12:11:17+00:00,57,24,Vlogs,2200000,,,
XkOLubYgLzg,2897709,90729,1204,UCHDQOZjxuSm0-LgLQtMeCqw,Dimple Malhan Vlogs,2026-01-14 08:30:17+00:00,1052,22,Vlogs,6400000,,,
mh5UV11scnE,5416943,43568,27,UCYKSjWpn91DXOiqGQ30rVbQ,RAVI LAWA VLOGS ,2026-01-09 03:47:18+00:00,36,22,Vlogs,5680,,,
WrVnE8c9ORc,2778578,266024,9083,UC9rMiEjNaCSsebs31MRDCRA,Stray Kids,2024-10-11 10:59:58+00:00,549,22,Vlogs,22800000,,,
iNq34ytLFyk,4853881,48959,173,UCzLKlc6VfmJJGCu2eivhXyw,Sahu original,2026-01-18 11:31:41+00:00,82,24,Vlogs,10800000,,,
1kCdF-AZQKg,2626990,57282,2868,UChCYMXLO_SfiNwOc2rlNKCA,Farah Khan,2026-01-16 07:30:01+00:00,1601,24,Vlogs,2650000,,,
k5_GYj5BRRU,4806628,154049,336,UCve6vdn4A-FgiXpCrL69y-g,Karan Rajput,2026-01-19 04:49:01+00:00,61,23,Vlogs,982000,,,
0jvOdckxKY8,2590499,67776,3469,UCWJMtvKZjKYCfwMUpAmuP5A,Rakib Hossain,2026-01-17 13:00:08+00:00,1049,22,Vlogs,22400000,,,
Lcx3UPT2hbA,4626098,0,121,UCvqvRvuGuLpv_A2wcuip87A,VLOGY DUNIYA,2026-01-20 05:28:32+00:00,70,22,Vlogs,3050000,,,
QK-fy8N7D1k,2579379,202043,8965,UC_niYoJcVwf5IVQZ6pJqgrg,Rajab’s Family,2026-01-17 14:07:00+00:00,2236,22,Vlogs,8660000,,,
ppNG-r0KfjA,2560631,192979,7192,UC_niYoJcVwf5IVQZ6pJqgrg,Rajab’s Family,2026-01-19 14:07:00+00:00,2184,22,Vlogs,8660000,,,
ga__65n_jE4,4544603,138348,340,UCwkgelTuQvqTyQ9c_GY4deg,Desi pola,2026-01-19 12:31:03+00:00,64,23,Vlogs,7540000,,,
JaOHMpv3ybo,3989729,0,266,UC0zNrPWUcb9vd-4CeUs2xAw,Sanjana Hazra,2025-07-09 03:30:20+00:00,60,22,Vlogs,662000,,,
eqRdPy7JKzE,2400729,34427,4734,UCf1_c05sxVWhcetaiPYLLQQ,Sunil Wala Tech ,2024-08-11 08:31:21+00:00,593,28,Vlogs,178000,,,
DiIGKZ5PIMw,3636863,215723,1153,UCH9aPskONv7sraQfL-UDxNQ,Swara Singh,2025-10-21 08:50:58+00:00,94,26,Vlogs,9850000,,,
9tBA4SBTONo,3950488,141970,402,UCPXLAruFusYx0ZI_WA8T34w,Miss.Hosiyar,2025-09-21 11:07:00+00:00,61,22,Vlogs,6840000,,,
iUc2JxzTRBE,2279469,33712,2338,UCzV5i1RVwJFG_5vuRKwoa4Q,Mishkat Khan,2025-08-14 07:18:20+00:00,1676,24,Vlogs,3200000,,,
nzCDf-hLuJ8,2282130,15876,1372,UC-AsdovtapbZnNougqi6EGg,SoNeha Vlogs,2026-01-10 06:24:17+00:00,835,24,Vlogs,6320000,,,
r9eN0hBbwiE,3420970,144679,665,UC_cecSRU92J2m-BrgbEyfSQ,The Roamer Amit,2026-01-12 14:07:10+00:00,57,22,Vlogs,6140000,,,
nz0geoanfFM,2241868,54291,1625,UC-j7tR3DhEt85EM9HbvxXqA,Zeinab Harake,2025-07-02 10:51:52+00:00,3456,22,Vlogs,15200000,,,
iUcLWIf4ZAo,3834573,102172,526,UC10jrZySO2gpdYEAGTCr8cg, Expired tota vlogs,2026-01-16 09:23:27+00:00,41,22,Vlogs,2880000,,,
rISHrsS_EGA,2200094,25994,5369,UCoCn1RaU5_r560rm8srGd5g,SW Pet House,2025-03-20 08:04:16+00:00,742,22,Vlogs,2440000,,,
UeM6RgCdvJI,3401704,125143,234,UCkJ9Iy3S-jDp6BGeaMkLz7g,Anju Mor Vlogs,2026-01-12 14:50:55+00:00,60,22,Vlogs,9350000,,,
hOql_KW1004,3623074,158197,666,UCNYFkd4KhIA64QGuHx64N0A,Ruchika Rathore,2025-10-03 09:05:11+00:00,34,22,Vlogs,1510000,,,
a6cHoeE72dI,3029222,24686,364,UC7w4uxLb_ZPZ5BQ4rbC30XA,Zulaykho Rakhmatullaeva,2025-01-24 07:01:43+00:00,53,22,Vlogs,60600,,,
6n3h5OyJj0o,3265858,105455,290,UCBTDAlFNciEA6_9nJgFfn8Q,Anjali Bisht,2025-12-27 06:20:06+00:00,61,22,Vlogs,444000,,,
JrE-_wyjezA,3152908,53589,814,UC1QWYCziWaqs7H_E5M3mwmA,Mansi's Life,2025-12-31 07:49:43+00:00,60,24,Vlogs,387000,,,
_dyCiKC0ksA,3454845,41010,52,UClY8OANIywdDQpaS7cdFr6A,Gorib vlogger santu,2026-01-22 10:30:21+00:00,62,24,Vlogs,831000,,,
OyV2fDFHj_8,2784390,132214,245,UCid1KzwLPMJxMCCNDwPwH4w,Yashasvi Rajpoot,2025-10-25 13:37:09+00:00,96,24,Vlogs,2470000,,,
Rukks3jiaFY,3155178,116881,455,UCcmQxZBJ2qTXWpOQCAODyNA,Dheeraj ke Vlogs,2026-01-10 14:06:51+00:00,41,22,Vlogs,13900000,,,
svsK9-qBGd4,3625940,86118,322,UCPXLAruFusYx0ZI_WA8T34w,Miss.Hosiyar,2026-01-16 08:55:00+00:00,38,22,Vlogs,6840000,,,
wbGWMmivihg,1810455,29389,5156,UCGvGMmyEWp9hxDqmfLJbpkQ,Cadel and Mia,2025-06-08 13:26:27+00:00,4239,22,Vlogs,19000000,,,
fgTXWwcNhwc,2798234,79162,443,UCPXLAruFusYx0ZI_WA8T34w,Miss.Hosiyar,2026-01-17 08:55:00+00:00,48,22,Vlogs,6840000,,,
qItH11rPvCo,1724554,33318,753,UC-j7tR3DhEt85EM9HbvxXqA,Zeinab Harake,2026-01-10 11:29:04+00:00,1594,22,Vlogs,15200000,,,
pu6Q80SIb4g,2475140,66805,81,UC_2J_PQUkKMP1tNYOuykppA,The Cricketer Guy,2026-01-09 14:27:34+00:00,31,22,Vlogs,353000,,,
b-AuMya8KzA,1593991,35169,1766,UCK2_PiPOB0VEZfbbaHj-z5w,Passenger Paramvir,2026-01-05 12:28:01+00:00,2720,19,Vlogs,2620000,,,
Sa-ka1uxZa4,2860522,143837,698,UCPXLAruFusYx0ZI_WA8T34w,Miss.Hosiyar,2026-01-20 11:45:05+00:00,91,22,Vlogs,6840000,,,
MNQ2hQXiet4,2874250,33728,505,UCOejNTaUGvkMJC9skOVVoSw,elnara_ruzieva,2025-08-21 09:30:42+00:00,67,22,Vlogs,1040000,,,
FAtnuJDxavc,2267476,112068,1804,UCBTDAlFNciEA6_9nJgFfn8Q,Anjali Bisht,2026-01-07 14:51:45+00:00,61,22,Vlogs,444000,,,
0U66gHY2iv4,2596657,113936,297,UCPXLAruFusYx0ZI_WA8T34w,Miss.Hosiyar,2026-01-08 05:35:01+00:00,91,22,Vlogs,6840000,,,
wu60gmwG_eI,2593538,73225,640,UCPXLAruFusYx0ZI_WA8T34w,Miss.Hosiyar,2026-01-14 14:55:01+00:00,60,22,Vlogs,6840000,,,
Jybv6VmAo9Y,2058509,45966,172,UCIUOhE1nS-t0AVBYcAsUMjw,oye it's neha,2026-01-13 05:10:13+00:00,68,22,Vlogs,306000,,,
JAjjJyUf0Y0,1418269,51125,2504,UCQjiiuW4u4ZVb8h4ywbH_rg,NeverBrokeAgain LLC,2026-01-03 20:49:38+00:00,587,10,Vlogs,626000,,,
L3A3zjlonrE,2545525,0,5,UCuhp7oH9As-5fU0DrVjOUAw,god uk official 2.O,2026-01-21 14:20:03+00:00,27,22,Vlogs,517000,,,
qQf-eUdQi5g,1380442,64761,2517,UC0-K7BZ5u25nH7_91vXsmBA,Aarush Bhola Fit - Mess,2025-12-15 15:18:58+00:00,3060,24,Vlogs,2140000,,,
6jcUaylGNnI,2106007,70947,125,UCy95M639OOV49TeEZttbgxA,𝐍𝐚𝐛𝐮 𝐕𝐥𝐨𝐠,2025-07-08 12:15:12+00:00,61,2,Vlogs,239000,,,
nJaXvFqxozk,1369166,75927,6795,UCC957FjOFGwQgIpzwTUz7NQ,Andziaks,2026-01-21 19:54:22+00:00,3130,1,Vlogs,1240000,,,
6cQPnON5sHY,2343259,106279,272,UCPXLAruFusYx0ZI_WA8T34w,Miss.Hosiyar,2026-01-13 13:55:00+00:00,56,22,Vlogs,6840000,,,
dAbg3JYpCjc,1351025,34015,1257,UCFAZNPoAwDd2aiXb1kKpvCg,Ayush Painuly ,2025-10-17 13:03:36+00:00,893,19,Vlogs,117000,,,
hcgoQUrnLeE,2398072,19139,4,UCtq4ghU6QjnCncucGMmyCAg,Pyare Brize Bhaiya ,2026-01-19 10:12:18+00:00,46,22,Vlogs,68000,,,
u8yEwM5_aiM,1296429,38296,2274,UCqPBNCiP7EaReKDZ-8Yej6w,Turab & Sabtain,2026-01-04 11:01:18+00:00,1051,22,Vlogs,1790000,,,
LGz_cSe_Il8,1295012,0,1424,UCaqULAbiq-6ZRlKmx0Uv_Cw,Rimorav Vlogs,2026-01-09 14:46:04+00:00,1363,24,Vlogs,6740000,,,
oEFxEoxwWAo,2016627,92507,264,UCPXLAruFusYx0ZI_WA8T34w,Miss.Hosiyar,2026-01-19 10:05:02+00:00,59,22,Vlogs,6840000,,,
jytmR44SSIY,2590477,15924,1166,UCAlmAG5fKHpXT4e6OYn10AA,Maya Başol,2025-09-07 16:35:58+00:00,13,24,Vlogs,183000,,,
OnKCYB4KuqU,1238521,16758,2189,UC2C37iF-c0HfzAjBo6_C_rA,Nairofey Official,2025-08-23 10:12:35+00:00,1782,22,Vlogs,113000,,,
JDujkQQ7Kys,1252467,24943,1182,UClyw32fdzLCsqbkfzhdrtXA,Keshav Shashi Vlogs,2026-01-17 04:54:19+00:00,531,22,Vlogs,17900000,,,
o5OpIuqfe7Q,1195161,42830,1401,UC8ZRiu_mBJwuMHcdIpKjTfA,Shoaib Ibrahim Official,2026-01-04 13:29:41+00:00,1237,22,Vlogs,3690000,,,
3H0THIATxTA,1193479,47549,4512,UC8ZRiu_mBJwuMHcdIpKjTfA,Shoaib Ibrahim Official,2026-01-11 13:37:43+00:00,1151,22,Vlogs,3690000,,,
g9uQYDB_fBQ,1701111,80921,113,UCBTDAlFNciEA6_9nJgFfn8Q,Anjali Bisht,2026-01-12 06:00:43+00:00,61,22,Vlogs,444000,,,
OG2_zJWjXn8,1950388,54402,108,UCogjsmVmRGMZNNziaen2XkQ,Param Aedy vlogs,2026-01-03 08:46:18+00:00,60,22,Vlogs,203000,,,
gjnZyfDVxZ0,1055660,40589,1287,UC8ZRiu_mBJwuMHcdIpKjTfA,Shoaib Ibrahim Official,2026-01-02 09:49:21+00:00,1228,22,Vlogs,3690000,,,
5_h2U8sZOPg,1837030,35510,121,UCUjsa9oURTPbpkwj2RCIMFQ,i am partner ,2026-01-11 01:36:16+00:00,115,24,Vlogs,8940000,,,
ybyu7Lroyzc,1798069,80872,333,UCdbtRVtKbsJGT8mygiS7v9A,Allana menezes,2025-07-29 23:45:34+00:00,71,22,Vlogs,774000,,,
5U_E2sw44k8,1034681,32174,822,UC_cecSRU92J2m-BrgbEyfSQ,The Roamer Amit,2024-05-05 08:30:16+00:00,1479,22,Vlogs,6140000,,,
iPvRde2LbzQ,1980136,0,123,UC4vysG5qDmivnpJ07W_g3Lg,Fools FF 3,2026-01-19 12:51:35+00:00,34,23,Vlogs,875000,,,
nq-gbpq8-xY,1031178,9768,595,UCIvkyLelNLPGO5GIYCcrTxQ,Sejal Gaba Vlogs,2026-01-07 05:22:29+00:00,410,22,Vlogs,3810000,,,
J7ly1KBRDgE,985881,13925,544,UCMGDO2WEtB_tUMtMapDZrVg,BEKS BATTALION,2025-11-02 09:00:26+00:00,1266,23,Vlogs,2900000,,,
cAUWb5S4W9Y,988405,22546,629,UCkn7QWNmJftBg-yHla3EJjw,Life with Priya Rao,2026-01-13 08:06:57+00:00,821,22,Vlogs,9060000,,,
Kdx1vGZQrLE,971834,26009,1179,UCdqn7pevRdz57Yo8RA95C1w,Small Laude,2025-10-18 09:00:11+00:00,1446,22,Vlogs,2480000,,,
XoVtxeL81bg,943008,38002,2593,UCZy6DH9FkMmXwqxrWj8cJWg,Saba Ibrahim,2026-01-14 14:00:48+00:00,1137,22,Vlogs,3780000,,,
tw4f9OIYmso,1686947,68831,214,UCVqRcYUfF20nY4uKtKrYT0Q,Shreya&Shweta,2026-01-16 14:15:37+00:00,76,26,Vlogs,992000,,,
QG4KqJmhdjg,1233980,60283,120,UC6VsO8kUNQdQiEYIy74aTiQ,K ANTE KITTU,2026-01-22 12:00:48+00:00,62,22,Vlogs,822000,,,
bl2Y_JnkAi4,881555,17013,627,UC-F3kTU4V680v550AavEOsQ,MollyMae,2026-01-08 19:46:59+00:00,2984,22,Vlogs,2060000,,,
VuJmfJ3gAR0,810281,24157,488,UCtvjWPddw0TUSsnI16NeXrA,Heejung Park,2024-08-22 18:29:03+00:00,1586,22,Vlogs,31500,,,
d8WWRZ54fGM,806543,9184,199,UCbrFaFMIn_3EAXmDFLtta5w,Unique Japan Travel,2025-10-25 12:52:16+00:00,1520,19,Vlogs,162000,,,
rJaDjP8CQ-0,785709,19354,614,UC0A_Yg8OmaTZUX_ra0JSFKA,Hira Faisal,2026-01-14 08:13:37+00:00,1758,24,Vlogs,2510000,,,
geTrrIsM0U4,786067,30716,1200,UC8ZRiu_mBJwuMHcdIpKjTfA,Shoaib Ibrahim Official,2026-01-14 12:25:15+00:00,1116,22,Vlogs,3690000,,,
5TwtpkDSJeQ,758582,5621,435,UCF4bUh6kWdNN7C8ZWx79QdA,TRENDZILLA,2025-11-05 18:06:43+00:00,549,24,Vlogs,94900,,,
TGexZqUI8OM,1315499,14256,29,UChWAeYniXwZW0297n8yI2RQ,Imdat And Olida vines,2026-01-16 15:37:23+00:00,113,23,Vlogs,1610000,,,
Grcz7l_PG_c,1156922,16619,49,UCGq5Achfmi3L321w4mbHWSQ,Aman Sindhwani Vlogs,2025-04-17 11:30:13+00:00,58,23,Vlogs,804000,,,
OINItFXfsd0,755797,66184,1671,UCQfBN7Ut5TiZJAhMo_Rgfyw,Snax Gaming,2026-01-04 04:30:06+00:00,1904,20,Vlogs,2260000,,,
sI75bwhtBcQ,1359650,36524,794,UCzLKlc6VfmJJGCu2eivhXyw,Sahu original,2026-01-13 12:15:20+00:00,61,24,Vlogs,10800000,,,
9At8U-AKD-k,736928,28006,2699,UCuLGsgJopEu2mQ28i-mq2tQ,Gaurav Khanna,2026-01-16 08:30:07+00:00,1227,22,Vlogs,161000,,,
fvLJqLSjnik,1416708,0,154,UC4vysG5qDmivnpJ07W_g3Lg,Fools FF 3,2026-01-11 12:54:04+00:00,35,23,Vlogs,875000,,,
lKCJ_Je_vC0,730589,41327,1727,UC0-K7BZ5u25nH7_91vXsmBA,Aarush Bhola Fit - Mess,2026-01-08 15:07:45+00:00,1689,24,Vlogs,2140000,,,
_1J9mlQnhTA,1911853,12220,2540,UCAlmAG5fKHpXT4e6OYn10AA,Maya Başol,2025-11-19 14:12:32+00:00,10,24,Vlogs,183000,,,
u2k4zOdqJ74,1510493,32250,253,UCyMGGCz7HTNljJiHnBPQigQ,˗ˏˋ あやかちゃんˎˊ˗,2026-01-06 10:15:07+00:00,62,22,Vlogs,281000,,,
noM7qzfE2Jo,1137518,59014,561,UCcmQxZBJ2qTXWpOQCAODyNA,Dheeraj ke Vlogs,2026-01-11 14:48:42+00:00,43,22,Vlogs,13900000,,,
9gerQFZUXjc,664978,103435,4623,UC9rMiEjNaCSsebs31MRDCRA,Stray Kids,2025-10-24 11:00:01+00:00,406,10,Vlogs,22800000,,,
OpZa_AIIh4s,654788,47569,931,UCrl1RINfU2YNAev6M0kBXbQ,Gulrez Khan,2026-01-14 05:59:38+00:00,1189,22,Vlogs,130000,,,
2OX29LfbzlY,637691,15078,1167,UCum5kIr4aqgn9Dc21JdYCWA,Malik Vlogs,2026-01-17 04:30:02+00:00,1268,22,Vlogs,8610000,,,
u97zkZHJJOY,1037011,0,178,UClbxC7oE1chSv82x0bF67uA,Anchal Mishraa Vibes ,2026-01-16 12:36:35+00:00,60,22,Vlogs,318000,,,
VQs-TVtBRCg,609848,12869,565,UC0A_Yg8OmaTZUX_ra0JSFKA,Hira Faisal,2025-12-30 10:20:31+00:00,1047,24,Vlogs,2510000,,,
RKif6UDW0vU,598599,27929,2067,UCQnZPHf1ka2YkAp8evQmwOA,Sahil Rana,2026-01-16 13:39:41+00:00,1363,24,Vlogs,1450000,,,
VI5nBMBaCjo,597683,20285,669,UCid1KzwLPMJxMCCNDwPwH4w,Yashasvi Rajpoot,2025-10-16 13:20:17+00:00,1815,24,Vlogs,2470000,,,
swXE-BDxbow,601658,18013,1572,UCuzeGp3dmc9qoDCyUnsY8Iw,cousinology,2026-01-16 14:30:00+00:00,2536,24,Vlogs,383000,,,
72Umhg98QsY,1024312,44576,179,UCPXLAruFusYx0ZI_WA8T34w,Miss.Hosiyar,2026-01-09 06:55:01+00:00,55,22,Vlogs,6840000,,,
wt1li2vH9Fw,906318,24763,76,UCUhA7TD1N7yAjD7Xb__tAWA,Psycho Dhruv,2026-01-14 16:19:09+00:00,39,24,Vlogs,795000,,,
m9LwNrRQ-k8,566779,23484,698,UCeGUqJFEuNCiECPrHMup3tg,Yoora Jung,2025-10-02 17:45:37+00:00,1121,22,Vlogs,2110000,,,
ORqe0EJU_Sk,562603,21354,341,UCm5etnYLYFRiGud35RCRAuQ,Via Li,2025-02-16 15:58:18+00:00,838,26,Vlogs,972000,,,
Q4iQsc-0IUI,1073849,0,64,UC4vysG5qDmivnpJ07W_g3Lg,Fools FF 3,2026-01-21 12:52:01+00:00,26,23,Vlogs,875000,,,
Fv0gUfDlv2Q,548106,15197,975,UCJzkI0Nu59aJs1b9nhZq-qQ,Nour el wiam Naina,2026-01-03 15:02:59+00:00,2981,22,Vlogs,115000,,,
_oi-6r4F-wc,551989,21306,1775,UCUzvW98UhwyHcmUe5mRkjHQ,Lakhneet Vlogs,2026-01-15 02:30:41+00:00,1230,22,Vlogs,11600000,,,
U_DOiXFK4_g,735224,12233,375,UCkzpLEeZsqQrAici0GYxSpg,♡Study with Defne♡,2024-09-07 09:44:36+00:00,15,22,Vlogs,50600,,,
ccODlp9NiTo,529512,9111,710,UC-zOK2UJr7DxTiYVFjewFYw,Nomad Ashish,2025-08-24 11:30:35+00:00,3253,19,Vlogs,67700,,,
G9l2Bcf99bw,519814,19240,462,UCd6TiAWzTgmlEmFrYjh8nmQ,Mustafa Hanif,2026-01-11 08:56:50+00:00,1179,27,Vlogs,2300000,,,
JtDjc02PhEk,509035,17208,2227,UC0Ivl90_ODMVvFuuSyFcVwg,Ashnoor Kaur,2026-01-16 09:30:06+00:00,2204,24,Vlogs,682000,,,
maYmiVxUbM4,503751,23071,609,UCu8EnxxpwL536N6qcP85YOQ,R Rajesh Vlogs,2026-01-16 06:29:02+00:00,855,22,Vlogs,2780000,,,
Nhk1kH0yj7w,497543,35381,590,UCfhVJhlbNp1y7X8sI1CUbHA,ZGOD GAMING,2026-01-04 11:40:06+00:00,1108,20,Vlogs,784000,,,
kUe6XNTL3No,493575,17617,14344,UC4_J7LTe0OUmLGiuKsffIOA,Youmi ,2026-01-04 23:02:35+00:00,1480,22,Vlogs,118000,,,
z_O_jfZ7Ng8,502621,0,124,UCjZm4zGh9jz8dvQUbc2gB3A,Danica O.,2025-12-20 10:16:37+00:00,1358,24,Vlogs,828000,,,
Hn0qMGIKGVI,488749,27847,574,UC3xwfuSDWRzuaKCgFTdFAsQ,ShreeMan LegenD,2026-01-02 05:30:34+00:00,891,19,Vlogs,773000,,,
6R1FYFzSEJM,490674,12249,271,UCkg-J95b5cK1mksWMfMh6mg,Celiboy,2025-12-31 05:01:33+00:00,1140,20,Vlogs,837000,,,
ECx9MKhVIoE,748517,22445,2,UCxOtccRpLsWfZKndqRB2l6w,Diana ammu,2026-01-21 05:10:40+00:00,70,22,Vlogs,1010000,,,
Gt5GcLvwoZ0,472083,43380,1068,UCQfBN7Ut5TiZJAhMo_Rgfyw,Snax Gaming,2026-01-19 04:30:06+00:00,1545,20,Vlogs,2260000,,,
89rxAf_ldyc,466598,11354,413,UChL_g9wFFy0SbHqxSW-rzuA,Tejasvi Rajput,2026-01-02 12:52:58+00:00,639,22,Vlogs,1110000,,,
O1P19PrGCXQ,781468,0,67,UCfLgBJaPEe8_TkD65Q5MuKw,The jester prince,2026-01-21 03:02:52+00:00,69,22,Vlogs,350000,,,
BZajFlcsGhA,710249,15234,151,UCzLKlc6VfmJJGCu2eivhXyw,Sahu original,2026-01-09 11:31:02+00:00,55,24,Vlogs,10800000,,,
RDT7rf6isGo,451363,13596,327,UC0tbqI__79SeM9ZMdnr6zoQ,Ty-Ke J,2025-09-01 19:35:53+00:00,2922,22,Vlogs,148000,,,
CNJ0tNP8Lkg,446856,16744,1711,UCUzvW98UhwyHcmUe5mRkjHQ,Lakhneet Vlogs,2026-01-14 02:30:12+00:00,1029,22,Vlogs,11600000,,,
9r_oqnYeams,809135,13521,108,UCH07QmqCHjsI8R7crCQgQrQ,Payal Jain Ki Duniya ,2026-01-09 03:48:05+00:00,60,22,Vlogs,8810,,,
obop7YtH3S0,432629,20117,609,UCu8EnxxpwL536N6qcP85YOQ,R Rajesh Vlogs,2026-01-19 06:29:02+00:00,790,22,Vlogs,2780000,,,
qfzPRQKnRMM,428469,36506,712,UCQfBN7Ut5TiZJAhMo_Rgfyw,Snax Gaming,2026-01-11 04:30:43+00:00,1975,20,Vlogs,2260000,,,
-R2YT6ifJtg,433536,13547,1084,UCum5kIr4aqgn9Dc21JdYCWA,Malik Vlogs,2026-01-19 04:30:01+00:00,1537,22,Vlogs,8610000,,,
58hkRzB1BnE,420347,10594,533,UCNyiliKyLPWoFMDyE9hkJSw,Steedman Family,2025-08-22 10:02:39+00:00,2484,22,Vlogs,72300,,,
jSJtEQXRPRA,416244,13470,1237,UCVe_RrR9AMeY6Z8ixOv5gtw,Ryland vlogs,2026-01-15 19:15:05+00:00,2179,22,Vlogs,590000,,,
12mp1ZzW-ns,402847,14093,1355,UCPmdLLqnj4TLI3Keyc9iCBg,Basu Vlog,2025-09-09 07:38:12+00:00,80,22,Vlogs,23500,,,
qcveb9SIWEU,672647,33136,195,UCPXLAruFusYx0ZI_WA8T34w,Miss.Hosiyar,2026-01-22 08:55:00+00:00,60,22,Vlogs,6840000,,,
1y1gUwE2Iew,395042,12424,838,UCum5kIr4aqgn9Dc21JdYCWA,Malik Vlogs,2026-01-16 04:30:01+00:00,985,22,Vlogs,8610000,,,
gsjsRM50r5k,648676,13238,52,UCc0gcKXGC44Y8ExPQHOyHrg,Asha Haryanvi Vlogs,2026-01-21 04:30:24+00:00,50,22,Vlogs,20400,,,
GMHpgt2Iq6c,381539,11869,1293,UCw82-Eh-C45fBcSxozfFkJg,Sufiyan Khan Vlogs,2026-01-17 06:30:08+00:00,1461,24,Vlogs,8350000,,,
ues1S7y8Xlk,729551,46407,219,UCVxiE1PyJtLcvPsYogz-KEQ,BuddhuS,2026-01-21 13:55:04+00:00,68,24,Vlogs,338000,,,
HyI_Y7VuWL0,370894,7477,364,UCOevfhxFd4IS_h7wFwFIq2Q,Pauleen,2026-01-14 12:30:06+00:00,1502,22,Vlogs,301000,,,
Ijizi0uEX8Y,356487,9542,592,UCJDi0rEMsc3dsF3H18p3XIQ,Aary Vlogs,2026-01-11 07:46:10+00:00,1485,22,Vlogs,229000,,,
4KP1EWlQ83A,354516,9183,594,UCzW8ONvsO6yM8Ixkoc5EA-g,noelle kate,2025-08-15 23:00:06+00:00,601,22,Vlogs,646000,,,
thTIdsZBXgI,704491,14356,141,UCDNCbFmOyTh95LqbFavA4MA,Home - Seasoned with Love,2026-01-19 02:33:02+00:00,60,22,Vlogs,648000,,,
Na4iDnXj0fc,659473,31126,203,UCnqmEMuQefHbOssR5q_D7JA,Artist Vijay,2026-01-21 14:29:16+00:00,78,22,Vlogs,741000,,,
e1FJVxZhP4s,340384,14150,334,UC0gZ-xrXDlvQGiqfnY_BHwA,Rajat Swati Vlogs,2026-01-11 14:30:37+00:00,691,22,Vlogs,399000,,,
IRv14qoJquE,337676,15152,610,UCWhkEFN9UXdV2zFFZvP7O0A,Mihlali N,2025-11-22 16:34:48+00:00,3136,26,Vlogs,467000,,,
zA6kB-d_S44,336453,3706,0,UCkS9vlE4nz-mmyhIaWailjg,JASMINAMIMI,2026-01-02 12:10:48+00:00,1206,22,Vlogs,241000,,,
POIMfNRNWLM,334658,29650,756,UC5DKK8zzpG7dt8FLEzT_mnw,SID,2026-01-15 04:30:16+00:00,1731,20,Vlogs,693000,,,
dLmvpjultnw,686616,13748,40,UCYIikDenwZ8eDpG04-amSvg,Mısra Bayındır Manav,2026-01-13 15:31:39+00:00,59,24,Vlogs,123000,,,
HkIorHnJvsg,328685,29695,982,UCHYU9n63-Ome4nsfNykHuyA,MRB Vlogs,2026-01-07 10:01:07+00:00,1502,19,Vlogs,1550000,,,
_3TfyauOwuo,330798,14058,517,UChK36-zvDrwxd96PszaZtyA,LERATO NXUMALO,2025-12-21 18:00:48+00:00,3791,24,Vlogs,235000,,,
thOleJyq2kM,330171,13655,404,UChxsQifCB4LdBY0kk_uyhcQ,Boujee Space,2025-11-20 10:57:53+00:00,1992,22,Vlogs,206000,,,
O7m_K9W1nAg,610264,20226,78,UCLWNKb7pjIS_ff4zaoneJWQ,Kaitlyn Johnson,2026-01-19 22:48:41+00:00,100,22,Vlogs,1540000,,,
eHQhDwMONos,328035,11345,780,UCum5kIr4aqgn9Dc21JdYCWA,Malik Vlogs,2026-01-04 04:30:35+00:00,1295,22,Vlogs,8610000,,,
6_29pjwghSk,307874,5854,132,UC_JOvn-SSxWGUvM0kClg1QA,omemo 올리네,2025-06-23 14:38:28+00:00,1256,22,Vlogs,53600,,,
dAd4h1wIbNs,484169,31223,70,UC82zAbSJsrUlNAx4BnxBbJw,Archita Mohanty,2026-01-16 03:30:36+00:00,131,22,Vlogs,396000,,,
a_4bOjfWjh8,300101,8904,328,UCid1KzwLPMJxMCCNDwPwH4w,Yashasvi Rajpoot,2025-12-28 13:15:01+00:00,1165,24,Vlogs,2470000,,,
zkdilJ_BnoQ,524870,0,108,UCAwiE0PyuHbNl2lgKmGAiSw,Aakriti Sharma,2026-01-13 12:29:11+00:00,95,24,Vlogs,826000,,,
J_hIpNAjDZg,299902,4591,315,UCAGpAMprjGtyK4N0pSuVbaw,Ahaana Krishna,2025-12-20 05:17:25+00:00,3491,24,Vlogs,1720000,,,
DOAJcFK8kKA,675350,18928,142,UCScswA2VBHrBDqB30rDlelw,Javeria Khan🦋,2026-01-15 09:19:46+00:00,25,22,Vlogs,623000,,,
yJvYt3y4AB4,473844,11155,28,UCoRDn_i0sciakv-pB7Youjg,Dr.Madiha Khan,2026-01-13 02:02:01+00:00,135,24,Vlogs,558000,,,
1c9LyfqTPBk,292474,10194,241,UCfPL_q6AOLp0o8sP7t6FbXA,Rabeeca Khan,2026-01-05 11:00:13+00:00,748,26,Vlogs,3130000,,,
JBbTJ_jzvGk,290858,6934,451,UCpUwbjIX8UcNUb_5Zk_GyUQ,Hum do hamare chaar Vlogs,2025-12-19 08:22:08+00:00,1164,22,Vlogs,327000,,,
QbTApaETbZo,523356,3982,10,UCnF2GkDRktN59aymtpWDrsQ,Ganjam Queen Bidya,2026-01-22 13:06:55+00:00,33,22,Vlogs,160000,,,
7ItHaUXBUek,284122,6495,207,UCdZ-sMXchuSd2tDbD-mXasA,Kayla Birmingham,2025-11-12 08:00:14+00:00,2557,24,Vlogs,27500,,,
NDQ2CEcVzUM,283159,11415,245,UCm5etnYLYFRiGud35RCRAuQ,Via Li,2025-12-29 15:35:09+00:00,1644,26,Vlogs,972000,,,
IgQKIxchJsM,282226,5506,194,UCRR2SN54K5WeQraIhPVxfwA,PRATIK JAIN vlogs,2026-01-09 03:51:13+00:00,1352,19,Vlogs,1120000,,,
NHrgPCsJUE8,287356,6503,599,UCvgfXK4nTYKudb0rFR6noLA,UFC,2026-01-22 16:35:34+00:00,512,17,Vlogs,21800000,,,
PcerMSMMR98,283161,13155,987,UCgGq7Qmy-xQXb6y3Gtptlbg,Dheeraj Mehra,2025-12-29 08:30:15+00:00,1045,26,Vlogs,161000,,,
e259R6IEVLs,282493,12517,772,UCr1nLIQFpNV5DxD22qxGsyQ,Nicole Laeno,2026-01-09 18:00:54+00:00,1694,26,Vlogs,3720000,,,
conL_T8GNOs,276415,9111,732,UCP0f9FXZ4g-MxAqSUreHpCw,Taylor Bell,2025-10-10 22:26:34+00:00,2061,22,Vlogs,810000,,,
51EfdJMZ5iw,275583,6387,263,UCRR2SN54K5WeQraIhPVxfwA,PRATIK JAIN vlogs,2026-01-02 03:58:38+00:00,1529,19,Vlogs,1120000,,,
la0kEaQZSo4,261009,11605,628,UCpFKsp-UHeBau-K_QBbQsgg,Poonam Naruka Vlogs,2025-12-23 08:42:30+00:00,191,22,Vlogs,693000,,,
aU3iTBUh4Ag,294237,7438,245,UCaMfX5Gmyll4ceAX_NIAU3g,Cozy K,2025-06-20 15:47:05+00:00,2357,22,Vlogs,327000,,,
Y9WDr_XhMEA,254076,13654,346,UCeGUqJFEuNCiECPrHMup3tg,Yoora Jung,2025-11-14 00:24:27+00:00,1042,22,Vlogs,2110000,,,
UCNvfYEx-Ek,255481,13481,1100,UC4pcui1Cs0Kx8mGGmrg3kTw,Jazlyn Mychelle,2026-01-13 21:08:19+00:00,1368,22,Vlogs,179000,,,
UdSftiFRP1Q,498732,10825,385,UChyzytC5RWnUBCZaJfSoh1g,Aasthik Mishraji,2026-01-14 13:30:22+00:00,54,22,Vlogs,4340000,,,
EfM9jTi_wI0,250384,11483,386,UCghqi8jN8m3JOlew4oUSVnw,The ALs,2026-01-22 09:34:53+00:00,1347,22,Vlogs,253000,,,
AOnIRxGYbw4,251031,4822,200,UCOevfhxFd4IS_h7wFwFIq2Q,Pauleen,2026-01-16 08:30:06+00:00,1804,22,Vlogs,301000,,,
Ta-9QjQD3-c,241413,11418,233,UCNn6AaHharXIbkRleXGboiQ,Mumbiker Nikhil,2026-01-09 04:00:23+00:00,977,22,Vlogs,4020000,,,
IC3nK8dcp88,237425,13608,439,UC5aPgMcCzBjVz4zYjBUfttw,Siyamthanda Tame,2026-01-07 15:47:04+00:00,3142,22,Vlogs,236000,,,
Yr0B21sEvoM,234299,5672,214,UCyG7zAV_2JlPnxhwDxZN6sA,지현꿍,2025-12-30 14:24:33+00:00,1291,22,Vlogs,3000000,,,
AKO81YaqXFo,396315,13026,49,UCEd5yyG6N_sALGvzjLmYwyg,Nikhil_14k,2026-01-13 05:22:00+00:00,59,10,Vlogs,485000,,,
r8WLBIWLBck,230217,3366,202,UCns5u4IAsIwx_2Z3BMILmag,Rohit Bhalla,2026-01-09 07:00:50+00:00,1719,19,Vlogs,119000,,,
9kZkJXVtU-o,218263,9511,287,UC3UGxP2lABs4DZpkgtagaoA,Pahadi Biker,2026-01-12 05:41:01+00:00,481,19,Vlogs,438000,,,
1HG6vptd6Yo,214909,5411,333,UCpUwbjIX8UcNUb_5Zk_GyUQ,Hum do hamare chaar Vlogs,2026-01-08 12:17:05+00:00,1309,22,Vlogs,327000,,,
crBtsiFa04w,211272,7803,296,UCTqsGUh7K4Rt4W3FfmAfPkA,Gopali,2026-01-07 13:50:26+00:00,1435,22,Vlogs,976000,,,
yaTt6TA_KLs,436538,8885,49,UCK4q2GvaneBMZHdeZlYMdGg,NINA ୨୧ ˚₊· ,2026-01-18 09:17:30+00:00,44,22,Vlogs,28500,,,
kOnjI3aRHl4,207484,10514,926,UCiiFVjk0cuq6NPeIG0p0Yrg,AllyiahsFace,2026-01-11 17:59:05+00:00,4369,22,Vlogs,912000,,,
2AnC4VzM45w,200947,2097,2905,UCQHfVSDEZ-Rrf8_giPXqqag,Double Trouble with NitVi,2026-01-11 10:27:38+00:00,1851,22,Vlogs,1560,,,
bITkeIjTntY,198406,10283,1219,UCSk29Y1p3fddbtYi5XFN6vg,Sitara Yaseen (Sana),2026-01-15 08:41:00+00:00,1341,22,Vlogs,1210000,,,
xuCxsPSmBDE,191248,5808,245,UCg_xrQ9KMN7wL4moBwuxZWw,꿀주부 Honeyjubu,2025-12-01 08:02:30+00:00,1081,26,Vlogs,2750000,,,
gD74iIQVqnw,187441,8584,207,UCAX4hv2wjP_g-gwtes7uV-g,Ayan Khanna,2026-01-12 12:18:40+00:00,3383,24,Vlogs,7990,,,
NtcbUD-hquI,183945,8853,177,UCnYVTmsopAv1EPiILX8YUBw,Zain Ul Abadin,2025-12-31 14:51:51+00:00,531,24,Vlogs,1370000,,,
QvLtDzzP78c,182584,2548,163,UCDIuIf4lKDneweAYP1ZhDiQ,Ishaani Krishna,2025-12-20 07:08:54+00:00,3040,22,Vlogs,910000,,,
mIk9GSulpLA,327050,5941,323,UCe6XlMMfgFLSgAwqU2ao_JQ,KAKAOLA TV,2026-01-17 11:01:56+00:00,41,24,Vlogs,2610000,,,
vs4ioS2Boaw,172794,8693,292,UCOShFwD315GJSk4ZNNXlMaQ,It’s me Muskan,2026-01-10 12:15:16+00:00,2215,24,Vlogs,270000,,,
EGqd8XxRZtk,169674,8626,600,UCql25inU4fmaOQ__mGvNU2Q,Angela Masetla,2025-12-21 09:40:45+00:00,3626,22,Vlogs,75600,,,
UTCikBwywao,169031,5711,259,UCAea0qwEkfMjmHXudjqFdTQ,Mridul and Aditya,2026-01-11 16:02:41+00:00,2660,22,Vlogs,545000,,,
07MT8QPnt70,280727,17001,87,UCyoqvgzaueeQZIWHfEXJRxg,The Real Anshu,2026-01-19 06:41:00+00:00,48,22,Vlogs,95200,,,
z1l7XMCvh4s,168544,11629,561,UChK36-zvDrwxd96PszaZtyA,LERATO NXUMALO,2026-01-18 17:53:08+00:00,3600,24,Vlogs,235000,,,
SYZr-gFj270,166489,8954,1000,UCxttpeMTYN5QqlH0diTWWJg,Tsatsii Wendy Madiba,2025-12-10 08:00:44+00:00,3289,22,Vlogs,25100,,,
QpfgGVnz0Lo,167255,4425,203,UCW5DsRfpDf4Y3WQX4B_woTg,GURAISU,2026-01-10 06:00:35+00:00,1478,20,Vlogs,336000,,,
lDhex0YAYq8,165936,1305,283,UCM5tIqylu-PTg3keCTbSW2g,Solihabonu🎀🌸,2025-09-08 15:43:43+00:00,260,22,Vlogs,11600,,,
hg5JK_ILHLs,158886,9670,927,UCSk29Y1p3fddbtYi5XFN6vg,Sitara Yaseen (Sana),2026-01-16 12:02:05+00:00,1259,22,Vlogs,1210000,,,
TdehncJ8psk,157173,2888,446,UCypR-QQRotNTaFmqb8CptKA,Ali Hamza Baloch,2026-01-12 20:00:48+00:00,2561,22,Vlogs,239000,,,
Gu2HCqQwurU,153576,6294,109,UCk9aeo2A6a1fg3VeRueTn9w,AmandaRachLee,2025-09-15 21:43:22+00:00,570,26,Vlogs,2180000,,,
rnG_tc3L4js,153762,3437,94,UCCW0lS6MvdcTdH09lZadKug,Krushna Kashmera Aur Komedy (KKK) 😂,2026-01-09 12:31:31+00:00,1089,22,Vlogs,298000,,,
hS2fZgLlb98,154597,3652,176,UCRR2SN54K5WeQraIhPVxfwA,PRATIK JAIN vlogs,2026-01-13 03:44:52+00:00,1472,19,Vlogs,1120000,,,
hDjq0hEjgr8,151853,5478,370,UC67frK48u_HDpVsIQMuwpWg,Kieun Choi,2025-12-11 12:48:33+00:00,2316,22,Vlogs,468000,,,
PUOGF-Ew9lc,150646,8334,552,UCN0jjRU6bdRf1vEmvpoyveg,Tara Michelle,2026-01-09 17:00:44+00:00,1419,24,Vlogs,1280000,,,
gfU6HFMw6os,152577,2670,257,UCq5L9Opx2DUAHZB_eQt5P_A,𝗦𝗮𝗺𝗲𝗲𝗿𝗮 𝘇𝗮𝗲𝗻 𝘃𝗹𝗼𝗴𝘀,2026-01-14 14:26:57+00:00,526,10,Vlogs,291000,,,
1X91UJEAovI,153201,1802,27,UCeKVxnLsOF6bKRJPBauXe3g,RS 1313 VLOGS,2025-12-16 05:25:01+00:00,696,24,Vlogs,1300000,,,
U6045TOLNNY,148664,9476,212,UCObjT6_9D0vIOAfVEhEbLlw,janelle dltr,2026-01-11 12:00:52+00:00,1871,22,Vlogs,1140000,,,
lLc1QiYRM5o,148120,3815,180,UCfBUyWQLh2UejTYV9ZhGEqw,Anime Kitchen,2025-12-09 03:13:03+00:00,483,26,Vlogs,13300,,,
sG-VMBa868U,144159,0,783,UCyAzEbkWcCf1Om52GnIOyQw,"Shan wala vlog . 1.2 crore views .1day ago 

...",2026-01-01 02:32:00+00:00,88,22,Vlogs,3610,,,
KoOQOMLflmI,255529,0,54,UCfLgBJaPEe8_TkD65Q5MuKw,The jester prince,2026-01-22 03:07:26+00:00,68,22,Vlogs,350000,,,
sZuWrxxGXwY,201077,0,963,UCvA6cg_eeMNAOvod2H6dnSg,its Gully Boy,2026-01-22 12:26:26+00:00,53,15,Vlogs,1700000,,,
Q348OR8TwKc,269495,17560,27,UC4RCA1yNdip630A7tTmX6Cw,NITian SAURABH,2026-01-21 12:28:51+00:00,64,24,Vlogs,1300000,,,
4eshlYFxfO4,259067,3663,7,UC71e2cf9Fljs4_35-3l-0SA,AD4cr Editor,2026-01-22 05:30:15+00:00,34,22,Vlogs,12400,,,
KF91qOhqgag,137135,5796,350,UCO1wjwKv0bMJYD1nHUKLFYw,official Rahul,2026-01-14 05:36:00+00:00,1305,22,Vlogs,295000,,,
_fVVrN9Gaow,136438,4622,111,UCfCF23g6ZZS0UVGYpcjh2cw,BIR RAMGARHIA ,2026-01-16 09:36:40+00:00,1572,24,Vlogs,1980000,,,
jagmPYP1rP4,131501,10541,220,UC9DsaOmKvy1TJ4jE4DZrj2Q,8bit HeadFlicker,2026-01-17 02:30:44+00:00,1263,20,Vlogs,119000,,,
OJjcWCgjNdw,129511,9964,1021,UCcD0UCNm4mxBkuUEmxh7REQ,CRAZY VLOG,2026-01-21 11:45:02+00:00,2382,22,Vlogs,568000,,,
QGSM8-mcSCI,129258,7195,634,UCuLJy1msMYWmBq2FkDx1aYQ,Michi Paredes,2026-01-12 00:00:06+00:00,3458,22,Vlogs,119000,,,
_WnkNHMZmkA,234141,14916,119,UCRmadOsp6p1CI-Fyui6zD_w,Raza Boys,2026-01-21 08:52:40+00:00,86,24,Vlogs,357000,,,
uJSwFeoJdtg,235166,6613,76,UC-XZPyAjTd9oLGF7brGrD2g,Abarnasivabalan vlogs,2026-01-13 05:37:34+00:00,50,24,Vlogs,760000,,,
XKfOyJUrYEk,122052,2557,160,UCwPJPTMDh0cCsPROHHXnuHg,Destina Kaya,2025-10-12 18:06:09+00:00,1433,24,Vlogs,125000,,,
3jhGbxjwpxM,185100,9612,29,UC3-mF9-goxCVPslBgcUClOw,Mahaprasad Comedy,2026-01-22 11:16:29+00:00,72,22,Vlogs,296000,,,
vc-iIuIGv4Y,119157,5604,148,UCzXrxopmUddCCJDOkIkgmcQ,Dilla Jaidi,2026-01-11 07:15:08+00:00,972,22,Vlogs,307000,,,
AaOy8n_Frpc,211894,2222,0,UCtq4ghU6QjnCncucGMmyCAg,Pyare Brize Bhaiya ,2026-01-21 10:20:14+00:00,44,22,Vlogs,68000,,,
r0Ftwdw3QsQ,117828,3755,369,UCm_7o4z5nM5rVaQ5808scuQ,Sunita Ahuja,2026-01-16 14:51:11+00:00,1275,22,Vlogs,296000,,,
jJWfNHoSTQA,116488,3092,114,UCJYAjbClH-xlCMGbbicJGjw,Ella Thomas,2025-11-02 11:31:36+00:00,3485,22,Vlogs,43900,,,
8ojQFq8NiLU,112043,7201,205,UC8X0Yt-8MV2Oj8HjnKHEFvg,Khajur Bhai Vlogs,2026-01-13 04:30:52+00:00,753,22,Vlogs,1790000,,,
Eejkq_EAcOo,109927,3461,108,UC7U_OqXVkRdGHxiUo4t9LgQ,Rupal Yadav,2026-01-09 08:32:30+00:00,680,22,Vlogs,461000,,,
lZ3ehe3KTLs,106761,5487,165,UCbQA1_hVfECrrYk0wyLE7Jg,Vinay Thakur,2026-01-19 06:30:25+00:00,871,22,Vlogs,1370000,,,
cyVyGnYABwY,107090,4537,96,UCpw1_qxGpieFU0bKM8SxDcQ,deepak and gurpreet,2026-01-22 04:14:27+00:00,1729,22,Vlogs,178000,,,
DpqaRaDCXLA,103393,3035,292,UCwPJPTMDh0cCsPROHHXnuHg,Destina Kaya,2026-01-17 18:32:47+00:00,1216,24,Vlogs,125000,,,
KhAR-twHLac,103223,5687,600,UCN0jjRU6bdRf1vEmvpoyveg,Tara Michelle,2026-01-16 17:00:44+00:00,1750,24,Vlogs,1280000,,,
z25SMdgi9lk,100875,3695,151,UCGIaMxPS8fd3syGFtK4JpqA,AMAL أمال,2026-01-19 19:31:09+00:00,3297,22,Vlogs,103000,,,
yl6_yvIA-sw,184838,1886,35,UCPlxejxQic4vf9Ue9skMJ2Q,みるあの部屋,2026-01-11 00:47:24+00:00,29,22,Vlogs,8320,,,
lHlkpbBsrno,96239,2122,98,UC95lTxdNcnJY7kDmhEecK7A,Doyel Roy,2025-12-16 13:29:46+00:00,1173,22,Vlogs,1600000,,,
dKel9ZcSTQw,97434,2035,85,UCOaqxYk8gPD3AqXKSGhj70g,Prerna’s Vlog,2026-01-02 06:30:42+00:00,1093,22,Vlogs,279000,,,
VvUE-Ut8EyM,95224,6116,137,UCkWPoej4eJdqRaHwCjThavw,Sunny Bhavsar,2026-01-17 06:51:13+00:00,917,24,Vlogs,412000,,,
agpU7ZYzsN0,95069,3081,174,UC57LNCViDEbGum65rIS7pbg,Princess Uche,2025-11-24 17:53:54+00:00,4575,22,Vlogs,42600,,,
D1gUdNjz8lg,93775,4517,125,UCvi0snzW6r0jOWuylFfp3kQ,Cool Pahadi,2026-01-19 06:23:05+00:00,758,22,Vlogs,371000,,,
vknf1SpqiXk,90296,4963,172,UCjW_zwiV8cqc2UMEbOM-plA,supriya gurung,2026-01-05 02:55:05+00:00,4231,22,Vlogs,322000,,,
WuzeqQeKaDg,92141,3359,98,UC3vCCKfcIjy0dpW3Sm5v10w,pooja mistry ,2026-01-15 14:57:08+00:00,1166,22,Vlogs,116000,,,
mRIBFd_U66M,90856,4497,194,UC3cEGj5_qIPzm4L_D6i7rug,Fatima Bah,2026-01-04 19:37:48+00:00,2129,1,Vlogs,455000,,,
fceYx2GQgxM,90737,2496,197,UCwPJPTMDh0cCsPROHHXnuHg,Destina Kaya,2026-01-09 17:09:26+00:00,566,24,Vlogs,125000,,,
9KGrkqidDEc,88688,2203,245,UCNrRJm0gWx69f8Ybdnsi23A,sassyinkorea,2025-12-05 11:11:37+00:00,1547,22,Vlogs,614000,,,
NMj3HxtTHV0,86130,5182,389,UCuLJy1msMYWmBq2FkDx1aYQ,Michi Paredes,2026-01-19 02:00:06+00:00,3370,22,Vlogs,119000,,,
eeJPSVLJAWM,156410,4462,48,UCF6B5EhKbQ8tS8h2ghhfFuQ,chaaunhi ,2026-01-21 13:11:56+00:00,29,24,Vlogs,99100,,,
QJq2XPQUd2Y,84570,2137,691,UCzHun8ddFZbWDW3CyTIPBRA,makowkamusic,2026-01-16 14:44:31+00:00,1264,22,Vlogs,101000,,,
O7iYGQCnLE4,142265,5990,41,UClyqyvCwTcY2b-V_bSABciQ,Mik 33 vlog ,2026-01-22 12:36:51+00:00,61,22,Vlogs,97500,,,
vupq1UoUg8A,131220,6798,12,UCeWQbY6tsV318R5594w7rKg,Parvej Vlog44,2026-01-21 09:45:04+00:00,53,22,Vlogs,377000,,,
tAgCLqkQcaQ,80552,2886,173,UC4M-MIO7eKc228E3cbHpRiA,Fadli Faisal,2026-01-17 10:00:07+00:00,1728,22,Vlogs,886000,,,
YuoxUKmhY5Q,80886,3000,296,UCIP9UTZHg2BGvHiwSRXJT_w,Shweta Thakur ,2026-01-13 06:32:42+00:00,714,24,Vlogs,114000,,,
wuu14r-c-WQ,80714,7453,266,UCPP1Jt0WKVaFdsfKoQ6V4CQ,Owais,2026-01-15 12:15:31+00:00,1056,20,Vlogs,620000,,,
eBD0QTm1lRM,79665,4819,185,UCxZFNMtMayfaONp41AtDSHA,Dhillonpreet Vlogs,2026-01-16 02:54:20+00:00,1554,24,Vlogs,650000,,,
rfBcrrKRJhA,77732,2849,157,UCqWkMzcR3pKdYk-y5jwkGBg,Mr and Mrs Raj SachinManisha,2026-01-15 14:30:16+00:00,920,24,Vlogs,1260000,,,
bRMDPn6R6pw,73695,3877,105,UC9KBMJwxMFC-7G6prUCpFhg,Sab Yang,2026-01-12 21:47:06+00:00,1137,22,Vlogs,306000,,,
rEmqwzzx78k,154349,4031,32,UCK4q2GvaneBMZHdeZlYMdGg,NINA ୨୧ ˚₊· ,2026-01-12 10:18:53+00:00,50,22,Vlogs,28500,,,
FLeIK-t4zp8,73313,3177,93,UCzW8ONvsO6yM8Ixkoc5EA-g,noelle kate,2026-01-15 23:00:06+00:00,1004,22,Vlogs,646000,,,
fpH714bl8dg,71248,2401,47,UC9SJd90sIUXh5TRbz6oN6QA,Charlotte Elise,2025-11-28 15:00:06+00:00,613,26,Vlogs,233000,,,
QYOxeg5mrPM,70206,5362,342,UCm-5b6ZfzP8UNBNtYjQjHoA,Zizi Moloko,2026-01-15 05:11:26+00:00,3803,22,Vlogs,80200,,,
EEnDvT_soAc,172669,5477,77,UCDNCbFmOyTh95LqbFavA4MA,Home - Seasoned with Love,2026-01-23 02:26:41+00:00,69,22,Vlogs,648000,,,
TKHny3_31AM,65617,1763,0,UC8PoPNF1BR0jyIFee2vH0WA,Emilia & Family,2026-01-15 11:50:12+00:00,2648,22,Vlogs,189000,,,
t0AZnXmS9nw,65280,3481,268,UC4qX5edLFryLfvr3BgKjxwQ,naziyah kahliya,2026-01-07 23:19:43+00:00,1535,22,Vlogs,252000,,,
Pz6N52YhP_0,64856,3005,369,UC-T8oVmnkDzRu2kszHtim-g,McKenna Walker,2026-01-11 18:00:22+00:00,6306,22,Vlogs,466000,,,
WZ6fS9zogSg,63640,861,120,UCPMXALoUefW6fMd0J818TqQ,Mommy Haidee Vlogs,2026-01-16 14:15:30+00:00,3405,22,Vlogs,724000,,,
JT7GWduiqxo,61723,2553,111,UCv7z0WwAX7lqLlciliiQc_A,galacsea,2026-01-10 06:59:35+00:00,1111,22,Vlogs,264000,,,
ucFQW6Nh-SA,61804,1564,54,UC1ukmEJ_NKwPGdKxtSUlatQ,TERESE-FRANCESS ANULIKA NWABUNIKE ,2025-12-12 11:01:53+00:00,2144,22,Vlogs,18500,,,
AW2w7_-932Y,61518,2992,126,UCe0Q5p5nBj4qHML6HzhF43g,Aïtoush Moments🫧💗,2026-01-15 17:13:28+00:00,891,22,Vlogs,27100,,,
5zC6A4nnmXk,111517,718,10,UCLf47ycGioDSerpCg1djwEA,american express ,2026-01-17 02:43:10+00:00,74,22,Vlogs,12000,,,
8dKewqRtrCs,127482,1350,47,UCHPJSmKUs2-r5CybBSuRALg,てづくりパン,2026-01-19 09:00:22+00:00,75,23,Vlogs,27400,,,
YPv-X_cuDrU,58983,3301,75,UCOShFwD315GJSk4ZNNXlMaQ,It’s me Muskan,2026-01-16 12:15:11+00:00,1069,24,Vlogs,270000,,,
jfeAAJ3y-T0,59466,1913,443,UCB2biHzBQlTLk0I9hzP7pRw,Arzoo Usman Official,2026-01-16 13:45:32+00:00,3566,22,Vlogs,242000,,,
H3aEoEj2FbQ,58404,2020,235,UCgxXt8M0Rh_2orDfUX7NczA,Anu Camp,2026-01-01 14:09:39+00:00,1067,22,Vlogs,5810,,,
fuxWV7lVIAo,59245,895,116,UCYBYBzyrzziAJd2XBibLM6g,Leyla Günay,2026-01-18 15:06:50+00:00,866,24,Vlogs,1220000,,,
imvvLa3EAUM,58143,3255,265,UCxtfpjxeRBjlIYOV7MrABBw,ChiaraBresa,2026-01-15 14:01:20+00:00,2999,22,Vlogs,173000,,,
qLg_FvvZUTQ,56942,5646,260,UCNghqnMbAb0F5FauAkcVt0g,Seithati Letsipa,2026-01-18 13:36:17+00:00,2438,22,Vlogs,107000,,,
n9n3_dUpC88,56556,1594,103,UCvnqwR_X_KKaKt6gdxXvWKQ,ILMA SAIFI,2026-01-15 08:45:20+00:00,1380,22,Vlogs,47700,,,
4Gl3462jdrQ,56281,2071,386,UCjhAD2sapwYwEqAhYvNYSAw,takechu,2026-01-10 13:00:18+00:00,990,22,Vlogs,107000,,,
q9OnWq080Yw,54969,6540,94,UC4rnJFlsO1TC9FJMTWMPNdw,8bit PitajiPlayz,2026-01-16 04:30:40+00:00,1287,22,Vlogs,126000,,,
IEFMD4Kv-oI,53484,1356,38,UCqEpuM7yrbk8-6gzX4FCCuA,Priyanka Karki,2026-01-12 11:15:02+00:00,1913,24,Vlogs,705000,,,
dNCWe_6HAM8,1184538229,15369289,1116739,UCOmHUn--16B90oW2L6FRR3A,BLACKPINK,2021-09-23 15:00:16+00:00,171,10,Finance,99700000,,,
UspZIrwaP1M,566464088,9321006,0,UCgFXm4TI8htWmCyJ6cVPG_A,Toys and Colors,2023-06-16 11:30:12+00:00,58,24,Finance,82000000,,,
xtlPH5Tdroo,470896436,10061392,67173,UC0Wju2yvRlfwqraLlz5152Q,PANDA BOI,2022-10-19 14:00:28+00:00,19,24,Finance,62500000,,,
Iy-dJwHVX84,390852008,2695034,15345,UCprAFmT0C6O4X0ToEXpeFTQ,Kendrick Lamar - Topic,2018-07-26 20:51:09+00:00,387,10,Finance,1120000,,,
snUyLbGx6U4,455514396,13208486,32648,UCX6OQ3DkcsbYNE6H8uQQuVA,MrBeast,2024-04-30 16:00:00+00:00,51,22,Finance,463000000,,,
nAiKLoCP-kU,501196885,7763102,9919,UCX6OQ3DkcsbYNE6H8uQQuVA,MrBeast,2025-02-14 18:15:00+00:00,25,24,Finance,463000000,,,
4YSHPGn9-LM,256396394,2598679,2679,UCXtPv6CbKfuXPNj3MyKFOig,LISA - Topic,2021-09-10 04:01:36+00:00,169,10,Finance,1930000,,,
DGNI8-twVys,213467050,5111794,7950,UCxl_3YHJUrhNB8G-jsos1Yg,Ferjani Safi,2024-01-12 18:31:30+00:00,20,22,Finance,3230000,,,
q5go1dovoeM,151218667,2149460,4060,UCHiYJh90qceWigS2h6p01hA,The Drums - Topic,2018-07-30 12:57:32+00:00,234,10,Finance,2880,,,
fr-eHz87XoM,143777959,3803617,83007,UCOmHUn--16B90oW2L6FRR3A,BLACKPINK,2021-10-10 15:00:14+00:00,176,10,Finance,99700000,,,
zfD6z6h5cYg,133584071,2188709,24271,UCJUc8hi3JQWaxF-fiYO1WsA,ANAR DREAMS,2023-03-27 17:47:20+00:00,12,24,Finance,660000,,,
zUOh09GoQgk,122225672,2195567,131203,UCxMAbVFmxKUVGAll0WVGpFw,Cardi B,2018-12-21 18:58:12+00:00,206,10,Finance,20200000,,,
57AoEm66EZM,110967871,5635882,13752,UC4-79UOlP48-QNGgCko5p2g,MrBeast 2,2022-09-13 20:00:01+00:00,44,22,Finance,55300000,,,
9ni1BbREPHs,107726383,661706,3911,UCgR8pTYygUcELAwgU_Je9ew,Amaarae,2021-12-17 13:00:11+00:00,205,22,Finance,452000,,,
HSWrqJTDn8o,169912260,2953362,12458,UCN60vMB7bF9QusqMC4mXysg,JayFindsThings,2025-10-17 12:00:37+00:00,58,24,Finance,7230000,,,
XAFDeFrrWVc,100325306,2287487,14742,UCPuduY__J6BEggw3wm3A2tg,Blind on the Move,2022-09-01 20:31:17+00:00,13,1,Finance,314000,,,
5FT5l2Hzf1A,93364074,1830280,26918,UCUMJYX2tRpGoRecabylXfXQ,LOCAL VLOGERS,2023-06-24 06:16:04+00:00,15,20,Finance,242000,,,
hjpG30BWHDA,94032092,3635383,4761,UCut1Ur1MRUfw2m5d_zj6VAw,Mr Azmaik,2024-12-26 11:00:02+00:00,53,24,Finance,23000000,,,
l3QSyVlQYCg,80529640,34492,0,UCgFXm4TI8htWmCyJ6cVPG_A,Toys and Colors,2023-05-28 12:00:35+00:00,659,24,Finance,82000000,,,
mENnEUOqG9w,128585176,919623,7920,UCXMVaxrax7RNDPdfRrXXgtQ,Hafu Go,2025-03-19 10:01:06+00:00,28,24,Finance,17600000,,,
OuHNllBRvLI,105306383,3893487,12186,UCKmmERguliWTynG9OIoDhDw,Law By Mike,2025-03-14 15:00:35+00:00,60,27,Finance,16900000,,,
Q3nXIsHzKoM,143216691,378059,1512,UCfaKlmftDRvLpzV4c76PeCg,PK moto Facts,2025-04-04 14:29:56+00:00,11,22,Finance,332000,,,
mj0Y6ixFZ-U,130790054,812326,0,UC6ARwyr_g2yoErVs3H9FEFw,Tahreen khanam,2025-07-21 07:19:39+00:00,37,26,Finance,13300000,,,
QiBiXRyl0ns,67064343,333679,3833,UCCOIESyMbbWwsR_MBuczDwA,Thunder Freerunning,2023-05-17 10:00:27+00:00,696,24,Finance,4040000,,,
r9OAdg_6_Bw,117581894,516438,201,UCYKVY1iK_IwhuY40p8USgWQ,Smart Toy’s Capture,2025-07-20 12:24:59+00:00,20,22,Finance,2970000,,,
ETJL1vH1OpE,55258880,1827407,5090,UCTz8K5TMmkQkRArybXfoVDg,Investment Joy,2021-07-06 16:07:48+00:00,40,27,Finance,2460000,,,
1wlMVmaaJao,54350250,514576,14974,UCn570qcYPpXz045Oeg0yQGQ,MDBCrew,2019-03-22 01:29:07+00:00,205,10,Finance,2330000,,,
9DtJBbZC57I,54376155,2548511,7038,UCAn41VrzqTpPCk3j3BNNoDQ,Ravi Naraniya ,2023-12-04 12:51:27+00:00,34,22,Finance,12400000,,,
iEpJwprxDdk,52736700,71269,0,UCIALMKvObZNtJ6AmdCLP7Lg,Bloomberg Television,2024-10-18 14:53:08+00:00,0,25,Finance,3000000,,,
bmKI7hBhny8,52668537,2928257,38253,UC4-79UOlP48-QNGgCko5p2g,MrBeast 2,2020-09-15 13:15:04+00:00,33,22,Finance,55300000,,,
clSC9J6ExG4,90010436,1847334,6533,UCTcJbEgmSa8ADvYXK8om9sQ,the salik,2025-05-02 15:40:15+00:00,79,22,Finance,106000,,,
k3BKwS4efxk,49829300,368722,8494,UCa2Nr1Qm93k07VuwEXCnrog,Pizza Music,2021-12-07 17:00:27+00:00,168,10,Finance,4640000,,,
B8fapsO4P2g,47806205,3237800,23397,UCOmHUn--16B90oW2L6FRR3A,BLACKPINK,2021-10-28 07:00:06+00:00,37,10,Finance,99700000,,,
HJNa9Ih3haA,41141001,392921,6184,UCprAFmT0C6O4X0ToEXpeFTQ,Kendrick Lamar - Topic,2018-07-24 18:14:13+00:00,387,10,Finance,1120000,,,
QHcADYEVGyk,38173931,42580,1317,UCI7BklpY2s6rd_5RN1c3f1Q,The Moonies Official,2021-12-04 17:00:10+00:00,166,10,Finance,1550000,,,
flXhTxj4s0I,37424342,108858,829,UC0gKrme3OQmuVrvD-YCVE5w,By Индия,2023-08-02 21:27:43+00:00,162,10,Finance,59800,,,
oRVJLqRp8lg,37400896,702993,34622,UCq-Fj5jknLsUf-MWSy4_brA,T-Series,2025-04-22 13:00:07+00:00,192,10,Finance,309000000,,,
d1Xn6vV3IrA,41169232,1384961,13226,UCOd2zBdCgs9W_mwO3twacsg,Unique Multi Advertisement,2021-09-11 17:58:54+00:00,16,22,Finance,195000,,,
wkwVUTYe2AQ,39373483,586001,2020,UCE_sbsQCc3HO_iQVPlWaunA,Kshitija Bhat,2024-02-29 15:34:38+00:00,27,22,Finance,83700,,,
n0oqKnTrB-4,40848736,549139,2260,UCZRw5_-CDakBGkwslZgOO5Q,The Nixon Fam,2024-08-05 15:00:51+00:00,29,24,Finance,2180000,,,
hFnHk6OuFyI,34538385,200801,1799,UCC5_g6Hq0MBafjeRG10WdTw,edenmunozVEVO,2024-03-08 00:00:07+00:00,165,10,Finance,861,,,
vP-Z0VEC0RA,34375525,277558,6223,UC-VLsQ7ZAgHGKNuFe_brN_Q,PAWSA,2024-11-15 00:00:06+00:00,222,10,Finance,171000,,,
N3uGvbIg_Cc,34696064,1493229,23090,UCTH5uQWpP-A6ZIuSKnniQ0w,Rico Rixo,2024-03-17 19:19:33+00:00,57,27,Finance,373000,,,
PLpJ42_dSMo,34237798,1700610,5246,UCoR-l34EFcWd4ceV_Ubkn-g,Sacramento History Museum,2024-08-08 10:20:00+00:00,60,19,Finance,3750000,,,
eiv4ccxbVqg,36307166,631117,7,UCkVMxVo66y7-1YQlVRLWlcw,Lovedollar7Y,2024-07-02 12:13:24+00:00,8,19,Finance,361000,,,
RSL6KqWKFvo,32213776,453106,5596,UCJBpeNOjvbn9rRte3w_Kklg,MrMoMMusic,2025-05-20 20:04:50+00:00,147,10,Finance,1270000,,,
SU4FTXrcwMo,69505409,0,7847,UCGsJKdjfi9Q_tFIPpWqjIiA,Noe Project ,2025-04-06 00:20:00+00:00,18,22,Finance,1210000,,,
P01O1As5hLE,30664338,380263,7243,UCf6BW4GHPWy4UgPeefZt9UQ,anonlikes,2021-10-18 11:30:11+00:00,171,24,Finance,791000,,,
8wM5N8u95c4,32967602,1613741,8866,UCMiJRAwDNSNzuYeN2uWa0pA,Mrwhosetheboss,2024-07-11 19:03:57+00:00,53,28,Finance,22200000,,,
HbPr8sx1xaY,30291631,311798,7469,UC47kJWRBD-NREBvmBg5kWeA,King Von,2019-08-01 04:36:31+00:00,139,10,Finance,6100000,,,
eupRHs_kUUg,29732144,53937,0,UCvlE5gTbOvjiolFlEm-c_Ow,Vlad and Niki,2023-03-17 06:00:13+00:00,234,24,Finance,149000000,,,
uXGIRGZHunc,58224003,504297,5843,UCAQOf_uPOJ6rXO_k9RwfK3A,MiniMoochi,2025-10-04 12:05:02+00:00,39,24,Finance,7980000,,,
DpUB7WBRaKQ,33408456,1225120,10755,UCvz84_Q0BbvZThy75mbd-Dg,Zack D. Films,2025-01-06 13:30:07+00:00,28,19,Finance,25400000,,,
JI9iJO70pjU,27758534,135718,1328,UCCOIESyMbbWwsR_MBuczDwA,Thunder Freerunning,2023-10-04 09:00:08+00:00,491,24,Finance,4040000,,,
qP7sCrmafEc,40447222,983399,2434,UCKmmERguliWTynG9OIoDhDw,Law By Mike,2024-12-30 19:12:44+00:00,41,27,Finance,16900000,,,
YxRg6n93nRk,26024256,43341,0,UCQ2FzqIvWSE7ysvL1sLWQ5Q,Gracie's Corner,2022-05-18 12:00:30+00:00,198,27,Finance,6090000,,,
IR3AOF-6DZM,46534436,662178,2807,UCAQOf_uPOJ6rXO_k9RwfK3A,MiniMoochi,2025-04-04 12:00:20+00:00,48,24,Finance,7980000,,,
gbuPec8KZ3w,25239744,135090,3674,UC7F3aaccZ4D64ZCrzkCmANw,Super Star Mocanu,2024-02-02 17:00:07+00:00,155,10,Finance,474000,,,
H9itwvtHtOM,33792774,772373,1281,UChiJyEnlV2ljRk6wgqW6sWA,Mr.nawaz_official ,2024-12-03 02:30:08+00:00,60,24,Finance,1900000,,,
BF5I3Sp4XTg,25044163,185648,9080,UCxH0sQJKG6Aq9-vFIPnDZ2A,The Vibe Guide,2024-03-21 19:23:43+00:00,81,24,Finance,10800000,,,
pzxP8PHJFIc,55889404,150919,291,UCNuXJMEuDzPJyPWgIeRurWg,The APR Akhil,2025-05-25 09:44:40+00:00,9,22,Finance,56700,,,
MVEVhtoYBxE,23187609,87341,1552,UCQGxA-__K1j_X_-6L4HmXkQ,GeolierVEVO,2022-11-18 13:00:25+00:00,166,10,Finance,29000,,,
A19-MyAiB2k,28602143,0,2310,UCXMjvaEMF-A2uUdrHmQmggw,CountAndCalm,2025-02-17 13:49:56+00:00,41,24,Finance,202000,,,
WX5lcqAoZds,39192206,1210725,8278,UCKmmERguliWTynG9OIoDhDw,Law By Mike,2025-09-12 19:41:29+00:00,50,27,Finance,16900000,,,
azoM-E7D7PI,19535906,191649,18323,UCSESBy21jWtUevR1QIl-Raw,SUPERNATURAL BRAINWAVE POWER,2018-10-09 20:51:34+00:00,29072,10,Finance,412000,,,
joLR_b8ERak,19383422,370877,11718,UCmth4hMyizG-_W9jidBqs_A,Jaeguchi,2021-09-10 04:27:11+00:00,167,10,Finance,5760000,,,
kc6HU8oQLrM,23580182,722579,1807,UCTPVwOuwG23UrFHQtnFUhLQ,Reactixpress ,2025-01-29 13:30:34+00:00,11,27,Finance,89300,,,
sHUauWXxoys,19105010,970284,4095,UCMOLiZpKXp-w5CNfqJObQUw,KEEMOKAZI,2022-05-07 21:11:51+00:00,24,24,Finance,12300000,,,
6mRbDEtDoyA,18683659,958757,42025,UCT0dmfFCLWuVKPWZ6wcdKyg,James Jani,2020-04-16 19:30:02+00:00,1046,27,Finance,2200000,,,
rIFm_GOH-0Y,18614906,183020,2430,UC1xfzHrZz5hZeV6oy6o7A-g,𝐥𝐲𝐫𝐢𝐜𝐬𝟒𝐿𝑖𝑓𝑒,2022-02-01 05:25:38+00:00,187,22,Finance,160000,,,
jtlbMr3pKj0,18314950,1222643,5009,UCXEPVDNlm-qxRMDi8IxRecg,Scroll ups ,2024-08-06 13:00:52+00:00,45,22,Finance,306000,,,
P857H4ej-MQ,17499864,28267,0,UCmRbHAgG2k2vDUvb3xsEunQ,CNBC-TV18,2023-01-27 07:24:34+00:00,0,25,Finance,4580000,,,
47nI_GHcUsU,29627598,296927,286,UC85MIJMcZNnhxx84BZMlJgg,SimpleGhar Telugu,2025-10-04 13:59:59+00:00,38,28,Finance,5800000,,,
R9h10JN-qtc,31871295,884270,4303,UCBNqzxdXbV3Oki_aKtiS5UA,NYKentertain,2025-10-01 14:15:04+00:00,27,1,Finance,534000,,,
r5jtRSyrHvA,22255180,944267,3233,UCKmmERguliWTynG9OIoDhDw,Law By Mike,2025-03-19 16:09:46+00:00,55,27,Finance,16900000,,,
Y41uzicfPgE,17376622,228680,3766,UCWuhwpkzJVIdq8C5uPFiYxA,c r x s ;,2021-09-23 15:22:13+00:00,167,10,Finance,218000,,,
pvEArGKtWCo,17410895,541616,5498,UCXl4i9dYBrFOabk0xGmbkRA,Dwarkesh Patel,2024-07-24 14:35:47+00:00,53,28,Finance,1180000,,,
fweRhV52g6M,29731964,1077338,8144,UCvz84_Q0BbvZThy75mbd-Dg,Zack D. Films,2025-07-24 17:30:12+00:00,32,19,Finance,25400000,,,
J7f0_ql6YJo,16339532,0,6165,UCg86gCCgZGWkoHk8c015cQQ,때잉,2021-10-09 11:56:19+00:00,171,10,Finance,1700000,,,
gdD1lkoL2z4,16142720,78570,1303,UCM8hyXFpzWW-rs3b-DQbF9w,Cris MJ,2021-06-25 04:00:14+00:00,214,10,Finance,4500000,,,
ImWY7tbL7E0,15736168,95877,1788,UCOsyDsO5tIt-VZ1iwjdQmew,Speed Records,2025-05-30 04:30:07+00:00,162,10,Finance,48200000,,,
BotZ_P8rkS8,14995282,140350,3782,UCeWSsy6hPAxThTS6QSAVwAA,Yelawolf,2021-11-16 00:00:05+00:00,319,10,Finance,3320000,,,
-3Tf8TskJGI,14168274,101378,41,UC0CFUGYdgwVa0D8vyugEJcg,Twenty Six - Topic,2024-02-22 15:46:32+00:00,150,10,Finance,20900,,,
Z6oSzM8yA6I,13564152,577499,3953,UC5OAPIidunV24giZxCoALwA,𝕋𝕄ℙℤ 𝔸ℍ𝕊𝔸ℕ,2023-11-13 08:54:55+00:00,13,2,Finance,197000,,,
3BA9H0ylG_U,14895153,508383,1937,UCMOLiZpKXp-w5CNfqJObQUw,KEEMOKAZI,2024-06-28 22:46:29+00:00,53,24,Finance,12300000,,,
H3KFU4XBdm4,17535814,489998,5259,UCrhFmdmT9CjGnrY7rGlZX-A,Budget With Milly,2024-07-25 17:00:13+00:00,44,22,Finance,87800,,,
KpRnvGeSTe0,13133193,38403,511,UC54EJQuTeW5Nmd7zxqz6Ndw,Elow340,2022-04-02 18:00:16+00:00,211,20,Finance,27000,,,
NzRV1RTZN0k,13207213,747639,9537,UC5Y1pPVNm-odhiubuRO1D6A,Jeremy Lynch,2022-09-01 21:09:06+00:00,26,24,Finance,13100000,,,
bS6uGx_GeyM,26001496,631492,2431,UCBNqzxdXbV3Oki_aKtiS5UA,NYKentertain,2025-10-04 14:01:03+00:00,29,1,Finance,534000,,,
bcJMJtPQ9SA,12504047,55964,662,UC-azJrHeE66u0zbAmEPnefA,KEIJU,2024-10-27 11:00:06+00:00,183,22,Finance,125000,,,
Gk9yP4O5HjE,12772953,0,762,UCTPVwOuwG23UrFHQtnFUhLQ,Reactixpress ,2025-02-03 13:49:46+00:00,14,27,Finance,89300,,,
9jpjJQBCRFU,12388239,727357,3145,UCnYKRFQRndE3Wq1eLRQLfWw,Kuldeep Singhania Shorts,2024-02-15 17:50:21+00:00,46,22,Finance,15900000,,,
cH1QsfZVmh0,26012869,134464,38,UCYKVY1iK_IwhuY40p8USgWQ,Smart Toy’s Capture,2025-05-02 02:56:27+00:00,19,22,Finance,2970000,,,
oXiT9AsueDQ,11415428,33805,308,UC6sWALQ1Z2wBM-VwkxNWlIQ,V S X V PRiNCE,2020-01-19 09:11:43+00:00,177,10,Finance,382000,,,
l0DWIWuM8tI,11503696,680116,6469,UC3iwxKMRg5l2aDG_8XK2nSQ,The Mannii Show,2023-06-18 19:00:15+00:00,11,23,Finance,15800000,,,
B7eiboppO6U,11370569,80703,2242,UC6eh9cd-iqmav5iZAtrfy3Q,The Other Side,2025-01-02 16:32:15+00:00,129,10,Finance,357000,,,
0Zzn5SGM0Gk,11286186,148237,2026,UC9dTzNNar9Sj4tObA5oYi5w,c l o v d h y,2021-09-10 04:25:45+00:00,198,10,Finance,150000,,,
blGHrRtyHa0,11692993,578517,3160,UCmPCw8O8vVicoPvgWsIorhg,Money Making Community,2024-02-04 17:00:32+00:00,58,24,Finance,141000,,,
Y_7S1lXJgwM,11422965,592938,4703,UCp_wmN3EREsmeGuTC6oKbqg,Innah Bee,2021-09-23 16:51:25+00:00,29,24,Finance,4350000,,,
42UpQmAWcHs,11715223,469900,7061,UC6RIx62SjOSL7SVS4dXluVw,Marcos Sanchez,2024-11-14 00:14:38+00:00,20,10,Finance,2370000,,,
vV_dtcnlcio,15599423,458741,1494,UC_6ZjtcyARoL-zNgMT72gHg,Piicaro!,2025-02-17 21:00:49+00:00,51,24,Finance,3830000,,,
SKQkRCtG9q8,12546680,182210,59,UCQOQnbLTQ58F91TU0xIa75w,mbs funny video ,2024-10-04 03:23:21+00:00,8,23,Finance,98600,,,
da5pfEezDjg,12417045,554747,4325,UCxgAuX3XZROujMmGphN_scA,Mark Tilbury,2024-07-31 17:35:42+00:00,30,27,Finance,7740000,,,
aVNzGMjSseM,21278759,415988,1397,UCsX-1hF8fiZoAa7TNLgVcbw,Anymootion,2025-08-09 11:58:05+00:00,22,1,Finance,1940000,,,
0UgoLFvryBY,10044317,293218,17441,UCfkV5U33QhSLk71szItcXVg,Oscu,2021-04-20 22:00:12+00:00,159,10,Finance,1260000,,,
kkC66u73kf8,9900444,52535,1623,UCLLZ9Yz4iZhZWzD4UKuCSsw,SquashVEVO,2024-02-05 22:00:18+00:00,186,10,Finance,717000,,,
rZFQlvSoNFc,11171330,316727,22480,UCUxwvNQQnAnBQ2fOp3KyDZA,HANI the Artist,2023-08-31 13:17:00+00:00,24,10,Finance,865000,,,
UqHv3OkFhKE,17024332,173261,209,UC7ySZBzw3bqY7MTk6irMd0Q,SimpleGhar Malayalam,2025-10-17 13:29:55+00:00,36,28,Finance,2300000,,,
bugN0NHZeUE,17356732,314233,1001,UCUKu34S2CFUAhP6FOTd6VCw,Ferd,2025-08-11 23:23:35+00:00,45,20,Finance,3560000,,,
u5mdt2Y_x3o,9508970,70357,2682,UCbARVLXM5fSyGOQ5T8h-PUw,Blaiz Fayah,2025-02-08 23:00:44+00:00,129,10,Finance,488000,,,
J_O44iZMGZQ,9348082,64833,42,UC8VSaPhuiHkjobAgNpRqLIA,Tiësto - Topic,2021-10-13 10:06:57+00:00,171,10,Finance,53200,,,
a3ZTE_WV7m0,9314513,24467,275,UCXUHlTbt1oaDRl9UEtYeoDA,2000 Mvsic,2024-10-10 18:00:21+00:00,140,10,Finance,47800,,,
nBz7SHnFpk4,8995920,141394,4698,UC_RQTSeLHm-epM70VwaSPdw,Cleyton M ,2025-11-25 18:25:51+00:00,406,10,Finance,140000,,,
TGC1YhrUuLM,18344872,105592,84,UCVtD5iA4rUuOK5cQrB_o4ow,Yoeslan,2025-06-08 10:54:00+00:00,31,24,Finance,35300000,,,
6gmiDJZx_GU,8870756,92080,988,UCsaXTlOmt0o9aGeC_n_r8VQ,APDHILLON,2024-08-13 23:58:57+00:00,128,10,Finance,4630000,,,
9RJpIqD8MGg,8698130,361151,12662,UCT0dmfFCLWuVKPWZ6wcdKyg,James Jani,2020-11-15 18:00:01+00:00,1060,27,Finance,2200000,,,
upGcFFaKZcU,9350910,198572,363,UCglFNiUSyLIlzfQgZ_nChLQ,Mr aruv ,2024-11-29 13:22:17+00:00,13,28,Finance,447000,,,
om8bR6bQGpI,9285958,278859,2045,UC5TKDtHwwMv0TQhb7kzUWKw,K pop universe,2023-01-30 10:31:17+00:00,22,22,Finance,65600,,,
N8EkGUm9q_A,8482013,80985,2080,UC808UJ2RtOMH8gIPK6nTwzw,DonnaSummerVEVO,2024-06-27 02:15:10+00:00,249,10,Finance,18700,,,
45UBBsUaM9A,8485669,160217,3771,UC3udg3AGr416cjhhqN5L7qw,LOKA,2024-11-15 06:00:08+00:00,229,10,Finance,512000,,,
asKSCvEs7I4,15224455,320480,911,UC1JFpcNk1sbYjlNiP9MlKDg,Katil Aman,2025-07-08 16:49:25+00:00,42,22,Finance,8390000,,,
ht2KkAWp0P8,15513339,0,868,UCZb-NJXGqOKeve03Mhu6lzQ,Hemu Fos,2025-07-26 13:58:25+00:00,32,27,Finance,587000,,,
e3DLzl9tQHs,7894840,35075,362,UCe4LM_eKc9ywRmVuBm5pjQg,Atlantic Records,2024-03-08 20:00:30+00:00,151,10,Finance,15800000,,,
EAttSKH382I,7837584,26976,618,UC8I4z_ICroTBRgtQ8WUuPlQ,MAD SUEY Records,2022-04-20 08:21:06+00:00,202,10,Finance,172000,,,
i_1g_M0JSy4,7790526,11435,0,UCQIycDaLsBpMKjOCeaKUYVg,CNBC Awaaz.,2025-07-16 07:59:10+00:00,0,25,Finance,6100000,,,
3Ilo6O0ei48,17764752,118140,201,UCZXvtwNBYRR3QGdlQS3MduQ,Zeebro React,2025-06-22 15:25:31+00:00,19,22,Finance,30200,,,
rya7G8QGGsY,16862749,96114,446,UC2VDEIh7opfCk7H0snnJzTQ,Money power India,2025-10-10 11:00:27+00:00,11,24,Finance,544000,,,
TJuCGzoiHUs,7813531,429385,2774,UC6RIx62SjOSL7SVS4dXluVw,Marcos Sanchez,2025-01-18 01:20:03+00:00,28,10,Finance,2370000,,,
T0_wcZV4oB0,20748655,56937,1026,UCYs_yOXKTJEB-TiTnYGbwww,MILLIONAIRE,2025-07-11 13:33:38+00:00,10,22,Finance,68500,,,
7Dy1cbzM-s0,13970007,204425,477,UCUKu34S2CFUAhP6FOTd6VCw,Ferd,2025-08-25 23:09:10+00:00,41,20,Finance,3560000,,,
UnxSsns6bkY,16244058,35044,78,UCZXvtwNBYRR3QGdlQS3MduQ,Zeebro React,2025-04-11 04:01:33+00:00,17,22,Finance,30200,,,
6g6qGLwWXMQ,7170584,37498,1160,UCy1ljgtV9biMMBSSi6eOTvw,Teejay,2025-05-17 14:30:38+00:00,197,10,Finance,1380000,,,
t-_mwJxFqS0,7126250,62188,827,UCY1z82aiaV5TDrCKKY8kr4w,Lemonade,2022-08-16 04:14:35+00:00,169,10,Finance,1160000,,,
P8Fu19fhMSA,8318286,123787,0,UCgFXm4TI8htWmCyJ6cVPG_A,Toys and Colors,2024-12-29 12:00:27+00:00,57,24,Finance,82000000,,,
dDR-5cDDp2Q,6938966,70801,3952,UCkvtCxVKkWuoMHNip9AEBEA,LAMI,2023-09-15 13:00:09+00:00,223,20,Finance,3370000,,,
BIewoKvMKFk,11347234,72045,417,UCQWgXlJTfocp-Eu3VfffJig,THE KITCHEN 65,2024-08-30 11:44:32+00:00,11,24,Finance,13100,,,
JZoLS6GSzxA,6791604,53129,1495,UCvbghmYdosAbJsy6Ig73WKA,☆ᴛxʀʀʏ•ɴᴏᴛ•ғᴏᴜɴᴅ☆,2024-02-23 23:07:08+00:00,74,22,Finance,16000,,,
0nTzRag1hWc,12110078,287294,1043,UC2ViPu8EVMP8Eo1Ob7yWEkg,NRFM-VLOGS,2025-04-20 13:33:38+00:00,56,24,Finance,12600000,,,
Nn6ADSJyX6Q,11466147,304206,17393,UCtTkVyFWcQUxYDv8g9zTLrg,lyrichelm,2025-11-07 17:05:50+00:00,21,10,Finance,443000,,,
KCM8ncx0Ap8,10195620,184427,1379,UCammppge66hxWDgCMsGlCsg,Viishu Bhandari,2025-08-24 16:36:12+00:00,59,24,Finance,2480000,,,
m_kQTPWzkMg,12466591,350698,12665,UCRC6b2-aPg5qIgwf2Qz2I0w,oCastrin,2025-05-22 22:00:56+00:00,18,24,Finance,2450000,,,
TulqNRKpnvI,12674106,117916,137,UCkm7pKh-R76Z9hG9OPv1yIw,Amyinnewport ,2025-06-19 01:47:56+00:00,23,22,Finance,147000,,,
S-oYgX1Kx3w,9925532,308313,1730,UCWQrSQ0wJ3oZshXsZcl_Srg,Music Media,2025-05-02 04:26:23+00:00,37,10,Finance,6140000,,,
jve25EwLGp8,7100610,275620,1129,UCByd0_WT7AqjuD_EOla6uVw,Karina Balcerzak,2023-05-14 08:33:03+00:00,18,24,Finance,1120000,,,
F2ZRhlTq3H4,7465366,290748,883,UC30Gu_64Xj2f8MI2Qf1r5Nw,Success Motivate,2024-12-08 03:30:11+00:00,59,27,Finance,647000,,,
p3AW3krbuX4,6908269,163506,2,UCkVMxVo66y7-1YQlVRLWlcw,Lovedollar7Y,2024-07-12 02:54:50+00:00,7,19,Finance,361000,,,
S84ERf_ggK4,5942828,65134,1668,UCoSjiDDoqQZ5K8GCk4vKFhQ,Jahvillani ,2022-04-15 16:00:12+00:00,190,10,Finance,456000,,,
DCsZLoSelr4,11594961,260112,723,UC513dHTxaotT8DmOTrnAh3w,TheMeloMoon,2025-04-23 22:35:00+00:00,35,24,Finance,494000,,,
QKxIKKi2RNg,5892861,56340,1578,UCKnwBvLOEePfYPT4KaaUCLw,Zlatan,2022-04-01 11:00:24+00:00,169,10,Finance,428000,,,
_5ecgEXLoCA,5759761,180832,2814,UCcf1t1tH-Pp5bmu4hbAytwA,Escaping Ordinary (B.C Marx) ,2023-09-13 17:11:33+00:00,1236,27,Finance,1720000,,,
7EOftBSja8Y,10209544,122337,72,UCCa7Jvi81CPoTDtfxpQA1vg,Mohammad javeed,2025-10-18 00:37:25+00:00,59,22,Finance,1550000,,,
P42h3sRU7qg,8139997,190468,14672,UCrW_7J7sDbtvVVJSeYhekCw,alanthedude,2025-10-02 09:45:29+00:00,60,22,Finance,80600,,,
5l7CafAyjsk,11790986,167186,2315,UCIebiGDCi0haFBU7rKLZluw,Ayush Jilewa,2026-01-12 12:30:09+00:00,16,20,Finance,69400,,,
lSWDYzC0BvA,5553906,297824,3919,UCQ4FNww3XoNgqIlkBqEAVCg,Iman Gadzhi,2023-02-07 16:17:36+00:00,808,27,Finance,5840000,,,
B8e-mzHnyV8,8560005,173200,3124,UCRL58NXz2qSX2vkbSBxDN2Q,Jugando Con Nachito,2025-09-29 13:00:32+00:00,48,20,Finance,3250000,,,
y4h0oZ1yaDc,5462147,35300,1778,UC1nLPHfLNBAOxUO2zQCcsvQ,Mc Artisan,2024-06-20 16:01:21+00:00,165,10,Finance,2920000,,,
Av-LIAd2QWg,5366042,196295,527,UChfTcl5XfdTUCjkfuro982Q,That's Amazing Shorts,2021-10-11 21:38:20+00:00,30,17,Finance,19400000,,,
hBtxSzKhM44,5341404,248494,3296,UCxgAuX3XZROujMmGphN_scA,Mark Tilbury,2023-05-29 18:59:32+00:00,1162,27,Finance,7740000,,,
ysr0SjwnLDg,8781783,231988,415,UCiodQZ6daZkwpcFADT5AJ4w,moon hindi animation ,2025-04-03 02:00:28+00:00,40,22,Finance,4620000,,,
hsOyP4WXwuA,9933395,353476,2458,UCBNqzxdXbV3Oki_aKtiS5UA,NYKentertain,2025-10-06 15:45:05+00:00,32,1,Finance,534000,,,
Abqg0zeI01k,9613321,141978,1326,UC5fI3kxC-ewZ6ZXEYgznM7g,Codie Sanchez,2025-06-17 16:00:31+00:00,43,24,Finance,2070000,,,
vjjDsApcmAQ,9240072,48415,1537,UCddpxo_2Qwtb4-8b_rN3CoA,Budgetingstore,2025-06-16 03:18:45+00:00,28,26,Finance,41600,,,
h7s1hbwFzWc,5034007,231726,714,UCuCD4wQJ86MuotgMRVU69Vg,Jenkue's👑,2021-10-17 14:08:36+00:00,35,22,Finance,10400,,,
TbpfxmnAMUg,7666564,390564,485,UCEAAzv2OBqxsSczKJ2QZyGQ,Pushkar Raj Thakur: Stock Market Educator 📈,2025-08-12 13:30:32+00:00,151,27,Finance,14700000,,,
MmfgOrt0usg,4907893,0,2047,UClN5Fu8gVObDbzFLrT5ukYg,AM MOT1VATION,2024-05-07 14:30:16+00:00,24,27,Finance,89200,,,
2pmpCzuuTEs,4768118,42835,734,UCVg1rlzCWI_e_cqDdFqDI0w,Union Music Group,2023-12-15 23:52:23+00:00,284,10,Finance,11400,,,
UIIcbhTokL8,8658206,241253,2530,UCBNqzxdXbV3Oki_aKtiS5UA,NYKentertain,2025-10-09 14:00:52+00:00,30,1,Finance,534000,,,
FQJt1dfipcA,5263941,319347,557,UChgpIAdtquDmnD7Aa8btNIQ,QuickiCast,2025-01-27 08:31:00+00:00,50,27,Finance,8310,,,
0VyTWyZeqQg,4508881,31695,548,UCd-3C8mT8NA54dFEXvnD07g,Karym Official,2023-08-19 01:57:36+00:00,234,10,Finance,12300,,,
dT5YIr-z4RU,8340141,270757,463,UCBNqzxdXbV3Oki_aKtiS5UA,NYKentertain,2025-10-14 15:15:10+00:00,27,1,Finance,534000,,,
s5zG8RFmMeA,6667612,82711,1299,UCKqAATWL4MYHMafe3yrrsQw,Gorilla Pro Customs,2024-09-18 19:10:50+00:00,61,24,Finance,236000,,,
g9mea5dJxMQ,4159204,27853,803,UCE2a9E3B2EjO0_rg2mgVmlg,PanikRecordsTube,2025-04-23 16:00:07+00:00,155,10,Finance,1460000,,,
HnEMc1t1yok,4121534,71092,13149,UC3YMh091yv3jXur1qJv9s9Q,Tranquil Relax Music,2023-10-13 16:13:29+00:00,42899,22,Finance,349000,,,
aRYTnY0uciA,4094533,136921,379,UCwvnWhROLSymlRgspkKBRuQ,GB Kuhleen,2023-01-18 02:00:00+00:00,36,24,Finance,1400000,,,
dvB67ES6re0,7834603,130051,118,UCuKP1MnJX9zEAoy201KGkeA,SIMBLUE PROJECT ,2025-07-09 13:39:38+00:00,54,28,Finance,177000,,,
Yal-Ohfiucs,3999895,19820,153,UCG08O48Eu8AIlSu_Pk7HhbA,LowDrow,2024-03-08 00:26:44+00:00,156,10,Finance,1800000,,,
sFkR34AMPw8,3981432,96185,9722,UCGq-a57w-aPwyi3pW7XLiHw,The Diary Of A CEO,2025-01-20 08:00:51+00:00,7953,22,Finance,14500000,,,
izW1GUpsOXE,3956328,18012,285,UCCOIESyMbbWwsR_MBuczDwA,Thunder Freerunning,2025-06-26 15:04:26+00:00,649,24,Finance,4040000,,,
ge6f1f94FLI,3891886,63763,2969,UCyKL3TXvxx5NTX7_MwiclCA,Teni ,2025-01-24 05:00:44+00:00,207,10,Finance,818000,,,
GZ7y-yFdX9M,3888066,14283,0,UCxlJ45KjG4XVcQ_hd8j227A,Peekaboo Kidz,2023-06-02 12:30:07+00:00,336,27,Finance,7170000,,,
ns0WO9Gjyyk,6230935,233892,5584,UCKqAATWL4MYHMafe3yrrsQw,Gorilla Pro Customs,2024-08-06 18:23:00+00:00,60,24,Finance,236000,,,
OY-IRFARjHs,3786814,172894,8973,UCebC4x5l2-PQxg46Ucv9CsA,Crazy XYZ,2026-01-18 09:28:25+00:00,1811,28,Finance,35600000,,,
dJySbdysf9g,9302889,184992,587,UC59Ied2j88dZUw7PzJa2-YA,Hew Moran,2025-06-04 12:01:21+00:00,12,20,Finance,8190000,,,
KG3ckaw_pkw,3803660,0,0,UCWh7TR8BnhC0Adwq9CdKL-A,Spark of hope,2024-12-20 15:45:03+00:00,36,24,Finance,25400,,,
wWEnIqGvHUI,6686929,70546,2690,UCDeE6iyMQoYX74kQ2g7syLQ,Prop Movie Money,2025-08-06 15:58:43+00:00,16,24,Finance,79600,,,
NTayFZbxE5c,3692528,189471,0,UCigoFBu3HAdZKdMrGrRNtlA,KD Da Kid ,2022-04-15 23:26:47+00:00,28,24,Finance,2450000,,,
Se9hRDsW5io,4040419,0,488,UClN5Fu8gVObDbzFLrT5ukYg,AM MOT1VATION,2023-03-25 12:00:30+00:00,10,27,Finance,89200,,,
LR0yVmnM9os,3564003,46357,984,UCobulnjFBNqCFgX3-K_x-Lg,Alchemist Harmony,2025-02-06 08:48:23+00:00,174,10,Finance,19500,,,
dw8HOrauCdI,3304498,39679,1131,UCpa8omyqbdgwbQZup4Mz8jA,DJ Maphorisa - Topic,2025-10-23 22:01:24+00:00,376,10,Finance,16500,,,
HJx16Qn0gvg,3566780,121773,3473,UCYHbkMbzLE6yE9iA3P1wFFQ,Crimson Creates,2024-04-14 09:18:08+00:00,12,1,Finance,74600,,,
Fvmt2nVatNQ,3153757,29961,247,UCh0mFOs7R4VX3ar3t2nqq_A,More,2019-05-14 12:02:14+00:00,191,22,Finance,15100,,,
9eNgurK3s7E,3154515,21562,1243,UC0eLBYhxW9HC0P9PXQ73mpQ,Cash,2024-08-04 15:00:08+00:00,1600,24,Finance,10500000,,,
Bl1oXHAXLhU,6243401,43655,29,UCMsPm8-25ygqRrRe9_s1WFw,LeoNata Family,2025-07-24 02:00:21+00:00,37,22,Finance,43500000,,,
q9NtWkikVAE,3129933,41715,234,UCO6LS_5W7vqG9mALDNzSFug,Pink Floyd - Topic,2018-10-26 00:13:44+00:00,383,10,Finance,367000,,,
urdHuK1_NrA,3096809,17932,598,UCqONv8hrKKTd0ELJcxOVNJQ,The Prince Family Clubhouse,2024-05-05 19:54:02+00:00,885,24,Finance,10100000,,,
byhnpapH0Es,3357664,123215,1819,UCfyognfHCP87BFYvvXoRJ6A,rhe,2024-03-01 12:42:47+00:00,12,22,Finance,13700,,,
dW_eg6e1IJQ,3152900,31359,2909,UCzXQ-FgHGaIpfqZrAxIKqTg,Easymind vlogs 111,2025-07-03 09:40:38+00:00,125,10,Finance,41300,,,
5u2r2rI0KfM,2973197,30020,697,UC-_PTbM5gUiRmD92du95i3g,WHITE WIDOW,2024-10-10 09:00:07+00:00,180,10,Finance,263000,,,
Gc5j7KgUyYY,2801617,21765,1780,UCzgWZmqmKpmsr4oPWITusKA,Beyond Facts,2025-03-07 16:00:15+00:00,831,27,Finance,684000,,,
UWT-iUHACeU,4526248,136696,1588,UCzY_sIOOHeCobumpqJrjdig,marrkadams,2025-06-15 13:00:57+00:00,60,22,Finance,14500000,,,
djwclHApLFo,2653464,7115,0,UCExx109KH5msQR0n52ZzyAw,Rock 'N Learn,2019-09-19 15:22:07+00:00,3302,27,Finance,3520000,,,
gnw_qeBEbN0,5161102,175398,274,UCBNqzxdXbV3Oki_aKtiS5UA,NYKentertain,2025-10-05 14:15:08+00:00,24,1,Finance,534000,,,
vGEHiOOJV6o,2579918,16533,293,UCCOIESyMbbWwsR_MBuczDwA,Thunder Freerunning,2024-06-20 08:00:28+00:00,553,24,Finance,4040000,,,
SPVoBMUj-Xk,2514673,26135,1076,UCdgM1z1gZ-RWQ9qFgQf0pqw,ShaqstarVEVO,2024-07-01 20:04:18+00:00,210,10,Finance,54300,,,
Q6rnS2CHa8Q,2500171,19560,2467,UCzgWZmqmKpmsr4oPWITusKA,Beyond Facts,2025-07-05 16:00:42+00:00,969,27,Finance,684000,,,
RRWWY9z3FGg,3339374,0,403,UClN5Fu8gVObDbzFLrT5ukYg,AM MOT1VATION,2023-06-09 13:00:31+00:00,9,27,Finance,89200,,,
d6f38rc-xyY,4249695,124702,439,UCbpnBdWqEwsbG3U5DwBYo5w,Rap Render,2025-08-04 22:13:23+00:00,46,10,Finance,520000,,,
yebBd8aXCIQ,2410081,11526,100,UCwrVbxfWZUq-J8ecwR_iHqw,Dani Mocanu - Topic,2024-02-23 22:13:57+00:00,155,10,Finance,1640,,,
UkKl6x_Z5es,2375625,11642,28,UCJJFB3MnZcFq7qotio0pLhw,Janax - Topic,2023-02-05 10:02:03+00:00,171,10,Finance,5600,,,
KChnle5HOXA,3677947,108244,3618,UCTHX2i7IqKI2jDCQ0oEojqw,EMJ4Y,2024-04-17 21:44:26+00:00,20,24,Finance,146000,,,
7_VKQ1T6BeM,2308851,10387,597,UCzzywWmMixbgTN2-djXaeWQ,Innovation Beat,2025-12-22 18:08:18+00:00,1073,15,Finance,71400,,,
A2VU7zbHw0Q,4155800,86056,422,UCjLNPdFlqJuI8SyRyfbPY_A,Viralpodsclip ,2025-09-08 10:54:10+00:00,16,26,Finance,57800,,,
AMgV5Q_8ono,4359478,34590,67,UCV6T7d2yDwfp1wNVok4jDgA,Ai Mony,2025-04-02 07:43:00+00:00,24,27,Finance,58700,,,
XW8fO0yzrJw,2118985,4559,0,UCVcQH8A634mauPrGbWs7QlQ,Jack Hartmann Kids Music Channel,2019-11-18 21:25:26+00:00,202,27,Finance,5340000,,,
a8zOljpb1uk,2868437,0,98,UCZb-NJXGqOKeve03Mhu6lzQ,Hemu Fos,2025-03-06 14:22:46+00:00,32,27,Finance,587000,,,
37F9l3Q1HzE,4694118,112024,835,UCxgAuX3XZROujMmGphN_scA,Mark Tilbury,2025-07-04 18:18:39+00:00,17,27,Finance,7740000,,,
TEBAOPISWyE,2012940,24851,150,UCNOCToQMECYAaWyxvUR4fzg,Edits Jauregui,2023-05-09 19:04:35+00:00,227,10,Finance,36100,,,
TcBvkdHn9aU,2004344,66456,1167,UCkKh0mX-A5uTbk60YutGFxg,Kishan Chotaliya,2023-08-27 03:30:16+00:00,392,24,Finance,1210000,,,
alWWu-ZSpdc,2918604,93242,2281,UCVLKhKR47_aAZC0xUfLXO4Q,JuanTerabytes,2025-04-16 09:01:43+00:00,66,24,Finance,225000,,,
ErbbwpfqKbQ,1869210,23778,1040,UCeRe0C1x1w8We6ghjVn4M5w,VybzKartelVEVO,2023-08-09 23:00:04+00:00,186,10,Finance,625000,,,
XlI8FAg8yW0,1807837,9438,79,UCqnCDXGWUGDV8ONQqMIWZ7A,Marracash - Topic,2018-10-30 06:15:40+00:00,211,10,Finance,5710,,,
cgsWQd5EM1k,1772863,69427,1887,UCxCcu9pet4dljrBLf8R5nwA,Leila Hormozi,2025-12-05 15:01:15+00:00,1132,24,Finance,1390000,,,
mLu4vUYIT8w,1738723,0,11466,UCZXW_KBJoj9Kvlwhjs7oQjA,Xspark motivation,2025-05-16 16:18:06+00:00,583,22,Finance,329000,,,
oMFKRTy-FtY,1702253,18286,201,UCApYs3-LF__0z1OlyC3OPDQ,RBDVEVO,2020-09-04 00:00:05+00:00,199,10,Finance,90900,,,
H68rnoJMcj0,1684912,9840,182,UCCOIESyMbbWwsR_MBuczDwA,Thunder Freerunning,2025-01-08 11:52:59+00:00,490,24,Finance,4040000,,,
eJRHAOsFBjM,2310867,15485,1728,UCucaOFzTuMpk89K42RH0ERQ,Mskuan,2026-01-02 04:00:44+00:00,209,10,Finance,105000,,,
tajuLu8vMn0,1627337,10271,163,UCCOIESyMbbWwsR_MBuczDwA,Thunder Freerunning,2024-05-22 09:00:46+00:00,484,24,Finance,4040000,,,
T4EK74koyHI,2443243,0,117,UCZb-NJXGqOKeve03Mhu6lzQ,Hemu Fos,2025-07-17 13:56:12+00:00,31,27,Finance,587000,,,
hfG0rGoO5HQ,2903973,69198,268,UCF3_AdVxI4vEerZQPwD3lmg,Berry🍒 B@ngpink stan,2025-01-16 10:00:03+00:00,11,22,Finance,776000,,,
OMd3G8ItQxs,3510563,14532,387,UCddpxo_2Qwtb4-8b_rN3CoA,Budgetingstore,2025-09-04 13:04:05+00:00,15,26,Finance,41600,,,
kw0QVwt7LVI,1458850,24204,863,UCoOHTipX1_cNiC9seIPfUXA,Moconomy,2022-12-08 18:00:17+00:00,6174,27,Finance,1260000,,,
q2GkAf_GQes,1847029,13302,461,UCOsyDsO5tIt-VZ1iwjdQmew,Speed Records,2026-01-20 05:32:32+00:00,223,10,Finance,48200000,,,
FRhSyYLiF9Q,1422954,23626,1700,UCZkRdsqlbIicgLBLV09aQlw,NANU,2025-06-07 00:30:07+00:00,256,22,Finance,218000,,,
8_I7YJKoU6A,1424929,22003,685,UCm6Ql-MWTxTAm_-LzL9UGsw,CORONA ,2025-12-12 15:30:06+00:00,217,22,Finance,122000,,,
7shmpvWoqBo,1409554,35431,1430,UCtjvAqI4o-aWtGDYFzkGvRw,La Rvfleuze ,2025-11-12 17:41:26+00:00,142,10,Finance,137000,,,
bsY40gV8OfY,1407870,16065,481,UCQloxfKGGx5G1fRLB21PKZw,Sick Luke,2025-09-04 23:00:48+00:00,229,10,Finance,176000,,,
NmMf_ptEOz0,1400222,35004,426,UCmjab4FjZ7k_p-95wTzI3OA,Caskey - Topic,2025-11-21 05:01:19+00:00,215,10,Finance,5120,,,
NgFZH47Tjoo,1379448,27528,1885,UC7ZddA__ewP3AtDefjl_tWg,I Will Teach You To Be Rich,2025-06-26 10:30:27+00:00,1665,22,Finance,1040000,,,
wp1g30Qk6U0,1367166,2898,0,UCw5VDXH8up3pKUppIvcstNQ,"SLICK SLIME SAM - DIY, Comedy, Science",2024-12-17 02:47:39+00:00,9056,26,Finance,11800000,,,
5XyslxsPLQ4,1390049,41889,4462,UCkCGANrihzExmu9QiqZpPlQ,How Money Works,2026-01-14 12:32:21+00:00,1381,27,Finance,1640000,,,
NVYm6edVeAQ,1376167,69216,48,UC30Gu_64Xj2f8MI2Qf1r5Nw,Success Motivate,2025-01-29 03:30:20+00:00,46,27,Finance,647000,,,
3XPOnSV2n5o,1823505,0,713,UCekyLFv0LHec-tgFKPblOhA,trendy_lyricss,2025-02-06 09:15:29+00:00,12,24,Finance,47800,,,
8hEjQAofZ2g,1876351,27577,259,UChH2olkie9g-Pfgg_PFwGtg,ClipConix,2021-04-19 21:59:01+00:00,16,22,Finance,2990,,,
rgmce_XukRQ,1226041,15410,477,UCY2qt3dw2TQJxvBrDiYGHdQ,Pink Floyd,2020-04-10 16:00:10+00:00,530,10,Finance,4890000,,,
ExqgWRceOaQ,1177685,3673,0,UCEPsNDUhUm-7yZhUjQQNqwQ,KidTimeStoryTime,2024-04-12 13:00:24+00:00,745,27,Finance,1130000,,,
j9VzOjD3jFc,1819305,23917,254,UCS1n-bPyQmcNmOcHG9U5Eow,Anh Money 💰,2025-07-11 10:22:20+00:00,55,22,Finance,928000,,,
1-H6fcQVYkY,1178151,2930,345,UCS1n-bPyQmcNmOcHG9U5Eow,Anh Money 💰,2025-11-28 09:12:53+00:00,1354,22,Finance,928000,,,
1Z_kOb1dTj8,1140139,3703,363,UCS1n-bPyQmcNmOcHG9U5Eow,Anh Money 💰,2025-11-11 09:00:03+00:00,1434,22,Finance,928000,,,
3cxRcnBfXqI,1518579,0,157,UCXMjvaEMF-A2uUdrHmQmggw,CountAndCalm,2024-12-29 09:53:58+00:00,23,24,Finance,202000,,,
EtV_-NNhXac,1131091,23936,1118,UC1EKnNdmaFXzl-_qtBTGG-g,Persephonesmind,2024-09-29 15:46:45+00:00,4272,27,Finance,567000,,,
DDeeGXdfkLY,1180940,47504,562,UC6YjT1TJaANveVGQ4vl1CIg,Jenny Hoyos,2022-03-13 02:18:03+00:00,22,24,Finance,10600000,,,
bThcWNda0sI,1103374,43601,10700,UCBqFKDipsnzvJdt6UT0lMIg,Sandeep Maheshwari,2025-12-10 14:45:29+00:00,1943,22,Finance,28400000,,,
vtQ6Y7DWYzk,1037894,45243,728,UCEBxCSEN6oeCkIjcctmCzlg,The WillPower Myanmar,2023-11-18 17:50:31+00:00,2953,27,Finance,1550000,,,
6oSPHiu6JGo,2009787,63705,2,UCkVMxVo66y7-1YQlVRLWlcw,Lovedollar7Y,2024-08-11 13:24:09+00:00,8,19,Finance,361000,,,
J6GI79vIOOs,1026675,10828,114,UCZFRsDLdgYLUIbQBSsdyVGg,No Somos TV,2025-12-25 01:00:06+00:00,5470,17,Finance,1870000,,,
7QW5Qw81yIY,1012934,1542,0,UC8NFs-VWUsyuq4zaYVVMgCQ,Scratch Garden,2019-09-16 12:30:01+00:00,223,27,Finance,2040000,,,
Ai1881dke4s,1572569,26226,549,UCS1n-bPyQmcNmOcHG9U5Eow,Anh Money 💰,2026-01-10 23:00:28+00:00,174,22,Finance,928000,,,
_67MWD7XW9Q,1006025,38481,3664,UCQ4FNww3XoNgqIlkBqEAVCg,Iman Gadzhi,2025-09-17 15:13:10+00:00,1566,27,Finance,5840000,,,
EjSXfmwDXqQ,1002499,35155,2663,UCQdlNBU0DGqbf6OqFjYabwg,Cash & Co.,2022-05-08 20:56:02+00:00,936,22,Finance,35000,,,
zvEMCkRSZzg,990694,22762,1271,UCm3T3KS21z4d77tt081bVRQ,Jack Pembrook,2025-12-20 18:57:47+00:00,1404,22,Finance,1500000,,,
wmfl00A4_pM,1797669,55831,2,UCkVMxVo66y7-1YQlVRLWlcw,Lovedollar7Y,2024-07-21 13:42:06+00:00,7,19,Finance,361000,,,
owWSfckTYSo,977699,23037,1042,UCE_uu-BpfKPx8a-sjwBy-rA,Rajat Arora,2024-06-21 12:30:36+00:00,1078,27,Finance,3670000,,,
jdWyJDtj-c4,1481867,64225,3939,UCaJOZJhb7xhJw9ArK8qSg9w,Self Healing,2024-08-17 18:30:35+00:00,57,22,Finance,29200,,,
YEL9posxDS4,919975,41357,5448,UCYoUuK_uXILQmvip-6jDZ-A,Vaibhav Kadnar,2025-01-13 14:06:34+00:00,992,28,Finance,6910000,,,
ARbTsaY6iPA,1642452,75379,223,UC1JFpcNk1sbYjlNiP9MlKDg,Katil Aman,2025-06-25 16:10:07+00:00,38,22,Finance,8390000,,,
1ybouZlATSs,900592,7937,356,UC6jxpqc-T7Hp_90MESZCwdA,CARABIN3 Oficial,2025-09-26 23:00:06+00:00,154,10,Finance,45000,,,
3p0ggj5DPDo,889726,5242,128,UCCOIESyMbbWwsR_MBuczDwA,Thunder Freerunning,2025-11-29 13:04:16+00:00,581,24,Finance,4040000,,,
DRIeVrhT64M,872830,15773,839,UCT-KmytV-OWtGB6dMlf0gmA,TeniVEVO,2025-03-06 19:08:07+00:00,207,10,Finance,107000,,,
VOFfXEkkOZY,1627147,24784,240,UCkmsqG_-KMq9oAYhpPshLvQ,Goal Kind,2026-01-07 10:30:21+00:00,44,22,Finance,74500,,,
5XEtDw06vkw,849780,18370,1035,UCA-mWX9CvCTVFWRMb9bKc9w,Dan Martell,2025-08-01 15:00:10+00:00,1220,27,Finance,2310000,,,
aOJweDTbe2A,843156,2531,237,UCS1n-bPyQmcNmOcHG9U5Eow,Anh Money 💰,2025-12-14 00:00:01+00:00,1548,22,Finance,928000,,,
f835qUDMKrw,827105,9083,200,UCky8dpdpthJMLgfpOs-lHLg,G Money,2025-03-18 15:56:26+00:00,146,10,Finance,35300,,,
2CxVDbrzxaw,1651101,45764,273,UClAGMt7guAFHHGIVCUin_ew,UNSTOPPABLE,2025-10-10 14:30:00+00:00,14,22,Finance,116000,,,
7FeCyhvSShg,806093,9064,180,UC_RQTSeLHm-epM70VwaSPdw,Cleyton M ,2025-11-25 18:46:20+00:00,179,10,Finance,140000,,,
zk9-uJPCi3s,800096,2449,264,UCS1n-bPyQmcNmOcHG9U5Eow,Anh Money 💰,2025-12-30 09:01:40+00:00,1255,22,Finance,928000,,,
aw5i2EB0zg0,792574,13208,619,UCGBoWe1mzCvbbqDNncmxm8A,FINAiUS,2025-07-26 16:00:16+00:00,2750,22,Finance,740000,,,
QsQD7B3QSyA,947744,28150,1807,UCPe59CDcoPC2BGLZWt9PqnQ,world money,2023-10-12 07:34:30+00:00,28,24,Finance,62400,,,
6CmzKYS-0-8,1661639,44849,270,UCUyDOdBWhC1MCxEjC46d-zw,Alex Hormozi,2025-04-13 02:30:10+00:00,15,27,Finance,3930000,,,
oUAqxzUgLm0,741167,2498,281,UCS1n-bPyQmcNmOcHG9U5Eow,Anh Money 💰,2026-01-04 01:01:14+00:00,1230,22,Finance,928000,,,
fV-csopXZPs,939034,37232,1239,UCHoVQZyKp_S-5gOr_TJHiWA,Big Data Factor,2023-12-18 12:47:08+00:00,48,28,Finance,59100,,,
Mj9SZC74dGc,713450,2041,176,UCS1n-bPyQmcNmOcHG9U5Eow,Anh Money 💰,2026-01-09 09:00:36+00:00,1386,22,Finance,928000,,,
Rl44V5dSBcE,716628,1603,82,UCovMsXYxuoo4oXUNuApVVoQ,S.money_Comedy ,2026-01-15 07:00:33+00:00,271,23,Finance,27900,,,
uR_eXQ6fvj0,739070,1994,89,UCBRhVWJO0jPqyPBHKgGSnpA,Learning with Ms. Houston,2024-09-07 13:42:56+00:00,186,27,Finance,581000,,,
MHmDw6pJ1UM,680315,14861,319,UCmbF1cyNa6y7uNYiqYmSVJw,LITTLE BIT BETTER,2025-04-12 12:00:37+00:00,2363,22,Finance,1140000,,,
goRx8N0SSI8,681764,4940,45,UCtoRcaG7dI3_IaSXr8Okn1w,AzisGroup,2025-03-28 14:00:06+00:00,204,10,Finance,11500,,,
NWFirnAL6L0,673323,13317,1859,UC0KgvbzOmJ4nwHPKaD-DHXQ,Jyotsna parakh,2025-03-23 11:52:25+00:00,896,27,Finance,24900,,,
m_RPTLJ6o80,662835,9271,760,UCJuMuwH9bOC3cveg5B7opbg,Elnarə Xəlilova,2020-07-30 08:05:41+00:00,272,10,Finance,38000,,,
RVf9MEyZS78,1338629,20962,69,UCSzrKtVyU8lTQjDlFoma3Xw,TheLimitlessEra,2026-01-17 02:31:05+00:00,20,22,Finance,52800,,,
BVz9tXMDR9o,625774,4283,155,UCky8dpdpthJMLgfpOs-lHLg,G Money,2025-07-05 21:38:09+00:00,96,10,Finance,35300,,,
qfACvN3rkQQ,1078321,17947,27,UCiMg6RqrpxydecVeQNHihxg,Nox Jackson,2026-01-22 01:30:52+00:00,58,24,Finance,7070000,,,
8HAVEk9mHhU,1023185,19995,47,UCqaCZtrY7YSMT3XqWep49ew,ᏴᴀɴɢᎢᴀɴʙᴏʏᏚ💜,2021-10-20 14:27:10+00:00,21,22,Finance,2000,,,
LiCVUj7YzCk,1149654,51292,478,UCthLVzVcZnGrdYT3yPUl0dw,NeverMyFault,2026-01-20 01:00:25+00:00,54,20,Finance,1820000,,,
5b5G8l21sUM,578611,39347,1034,UCeLPm9yH_a_QH8n6445G-Ow,KBS Kpop,2025-10-10 08:50:32+00:00,202,24,Finance,10000000,,,
5uezIoVvyBk,856678,28001,393,UCVLKhKR47_aAZC0xUfLXO4Q,JuanTerabytes,2025-04-23 09:02:39+00:00,41,24,Finance,225000,,,
JY99yOmmh3s,564441,11238,780,UCEII6Fh3bIJb_zCYSO_vgYQ,Cajel Amirah 🫧🌸,2025-06-08 20:33:32+00:00,105,24,Finance,180000,,,
e_SItg2ph4k,551752,9909,126,UCPEeNlbrNZtMznOvvVEAI5w,QOG LABELS ,2024-01-10 02:06:05+00:00,234,22,Finance,6030,,,
Lv_-3aNE1CQ,552113,10175,437,UCneyi-aYq4VIBYIAQgWmk_w,Ranveer Allahbadia,2025-12-28 05:30:11+00:00,8699,26,Finance,11000000,,,
qjVSFtEiuyw,548949,13893,493,UCjk5DufQcT_HPOmy0lziS2A,PsychUnboxed,2025-09-06 13:01:40+00:00,1603,22,Finance,33800,,,
umcPCPsFk4Q,539431,1786,184,UCS1n-bPyQmcNmOcHG9U5Eow,Anh Money 💰,2025-12-25 09:01:23+00:00,1415,22,Finance,928000,,,
RnNKAROxaTo,540849,1770,145,UCS1n-bPyQmcNmOcHG9U5Eow,Anh Money 💰,2026-01-02 09:18:17+00:00,1302,22,Finance,928000,,,
UWF3T68VOQs,516531,7003,1509,UCkUMxdX33J1aNKWhK_Vc7pg,ClientesCD,2023-10-08 04:06:51+00:00,1207,1,Finance,127000,,,
9PuhWWgPbis,1091481,6039,63,UCpqy27yBKwVRdXriypF8koA,JMV TOYS,2025-05-09 04:41:08+00:00,17,24,Finance,884000,,,
DRFRUZYYNCs,493215,1824,264,UCS1n-bPyQmcNmOcHG9U5Eow,Anh Money 💰,2026-01-14 09:00:18+00:00,1522,22,Finance,928000,,,
YVjHBDm2JBM,1010260,17708,757,UCcabWmVi_a0rkQmjkt7gBwg,Billionaire Boy ,2024-05-25 10:40:44+00:00,7,2,Finance,60800,,,
UUVNwe5IdPU,755254,21002,312,UCGq-a57w-aPwyi3pW7XLiHw,The Diary Of A CEO,2025-10-06 19:00:33+00:00,90,22,Finance,14500000,,,
MXVoHwj7ZzU,754168,0,133,UCKVR45gdhyQQu9QO2gHSWPw,Lovely Lyrics 🎶,2024-03-16 16:30:52+00:00,29,24,Finance,462000,,,
iqAUNXhyX7g,481274,3671,121,UCYG6vwPd0l2RleCxHNgSs_g,DJMaphorisaVEVO,2025-12-18 22:01:00+00:00,378,10,Finance,124000,,,
f9OptlMJwTQ,479851,21270,1276,UC5fI3kxC-ewZ6ZXEYgznM7g,Codie Sanchez,2026-01-13 18:22:05+00:00,1067,27,Finance,2070000,,,
ShET2fqHjyM,436707,19591,167,UCBeiOmV4PJdoCKDdyUZ9mBw,Car Wash Chronicles,2021-08-23 20:03:34+00:00,59,26,Finance,59100,,,
M4txI5Rb1O4,664154,11113,304,UCS1n-bPyQmcNmOcHG9U5Eow,Anh Money 💰,2026-01-17 23:05:23+00:00,167,22,Finance,928000,,,
Akc0l833Pio,411825,2185,103,UCE-__GZZffr8cFSGG3rgyDg,Say Mo,2025-07-11 09:15:40+00:00,137,10,Finance,229000,,,
tOqClXtGmns,404256,14642,347,UC3F3zZFiRElw2GLwzndp05A,Gabe Bult,2025-10-18 14:01:22+00:00,1350,27,Finance,750000,,,
7rhRQpcyUeM,396365,8012,244,UC1NJp5kmOi40iq7rq6qLJVA,Sayf,2025-11-07 00:00:15+00:00,210,10,Finance,25600,,,
aeN5gxMy_So,652560,0,65,UCkfcMCO65tk7oXQuthgZwTg,Motivational Energy 0.5,2026-01-17 02:30:02+00:00,46,27,Finance,3790,,,
uysZfSEmeRE,383302,12161,952,UCk2U-Oqn7RXf-ydPqfSxG5g,Mel Robbins,2026-01-19 10:01:26+00:00,4192,22,Finance,5160000,,,
46KD4Do-mFs,796090,6765,76,UCEZuZB3oVqmuWg_4K1HSPBA,Bright Tamil Tech,2023-02-11 12:34:12+00:00,12,22,Finance,54800,,,
1pO_3WHHD8E,370565,1812,201,UCS1n-bPyQmcNmOcHG9U5Eow,Anh Money 💰,2026-01-20 09:26:02+00:00,1440,22,Finance,928000,,,
9ziEKs53aJU,903982,24263,409,UCv3becNnKGP1BE8tD0wb13w,Riya ishika vlogs ,2025-07-17 12:36:59+00:00,9,22,Finance,173000,,,
Fx8DubBStXA,366189,7994,0,UCsYah5s0ja1oWu1XruNrQjA, Cleyton M - Topic,2025-11-24 10:04:25+00:00,179,10,Finance,1790,,,
Y6ewHb-NmrM,366744,1596,155,UCS1n-bPyQmcNmOcHG9U5Eow,Anh Money 💰,2026-01-17 08:33:26+00:00,1946,22,Finance,928000,,,
zbHDxferJ9Y,341144,8013,363,UC_LLGSuzQsrFsqutXomQg-w,The Middle Book,2025-10-26 05:01:06+00:00,3511,27,Finance,127000,,,
Hrc-4dZxI08,326818,7100,568,UCt59W0ScV709iwy2h-oiulQ,Rachel Cruze,2026-01-12 14:00:25+00:00,1834,22,Finance,622000,,,
o0nnm_R1a2Q,309623,2163,31,UCbTR7Yb_arcNGfaJzaTfR_g,Kabalavu Official,2025-06-12 00:30:06+00:00,209,10,Finance,75200,,,
cTiBa9ncp80,309663,1089,101,UCS1n-bPyQmcNmOcHG9U5Eow,Anh Money 💰,2026-01-08 09:15:04+00:00,1257,22,Finance,928000,,,
KBsUn73GktM,296020,4710,58,UCaYEG7bU8T4jzPB2Twp1OfQ,Central House,2019-07-25 11:00:02+00:00,130,10,Finance,10000,,,
3XAr_Z6ocZQ,496504,0,372,UClN5Fu8gVObDbzFLrT5ukYg,AM MOT1VATION,2023-05-02 08:00:01+00:00,9,27,Finance,89200,,,
nESXwVRAvhM,519059,12026,62,UCS724X_nrwOE1vMCGNnv1DQ,Zedar,2026-01-21 23:55:33+00:00,54,20,Finance,6970000,,,
OeK5l9J2P_g,271798,4676,0,UCz1goTsKWLrjwnMkZrjDKAw,Insomnia Healing Vibes,2026-01-12 09:35:38+00:00,0,10,Finance,5600,,,
kP7-yi7pp3M,272247,6034,391,UC_v5hYBTCh8Ft_DuuHwOXeQ,Music to Manifest,2025-04-04 08:23:32+00:00,1121,10,Finance,14600,,,
wjIEbvAdYVA,610203,0,67,UCyIO3zgGSSH2T13uyfMy6WQ,The Billionaire's Diary,2025-07-16 01:30:42+00:00,10,24,Finance,16900,,,
CEch_EqSBu0,267187,5299,347,UCx9wq5aLWBP-u6n2ypOiXvw,Kolja Goldstein,2025-01-09 23:00:06+00:00,194,10,Finance,163000,,,
V1PWF4YOhiE,268976,1655,0,UCN7IwnCCcqtzJrIaM0Q9vLQ,MATH FUNATICS,2021-07-21 17:09:46+00:00,588,27,Finance,12500,,,
dy1zyhPqS-Y,263748,3102,151,UCZ0xUxiDrvoiCQU291CW8nw,Murman Tsuladze ,2025-07-26 14:00:04+00:00,142,10,Finance,8840,,,
S7FBOhfBRMc,627201,5700,2,UCNqZPuS3WS_3aIMZqXRlpqw,HALF SIBLINGS,2025-05-18 14:19:02+00:00,26,24,Finance,8820000,,,
UoBua3-P7F8,262862,2541,0,UCnaH8-zOAcISYizwjCh_8NA, S O L A,2024-10-30 18:02:25+00:00,180,22,Finance,1230,,,
LcMtJaapMMk,410671,21923,38,UCiSykHvb83qqw6JqaHuWXRA,The Smily Fam,2026-01-22 12:15:05+00:00,159,24,Finance,2080000,,,
Ig2i9rhebzA,324325,11345,636,UCqnX0yGERhvsqngpnf2Y1sw,Fort Manny ,2024-08-30 19:27:43+00:00,22,22,Finance,27700,,,
JmpXl9CXNNs,477266,0,117,UCnqy5FNi4qMnUEswRa6dhmA,Rise Again,2026-01-17 00:30:17+00:00,32,27,Finance,286000,,,
xAe4UAV4O8Y,250533,819,0,UClIA0n6XyDAzhisVhCllr7w,MISTER B’s Learning Hive Kids Songs Nursery Rhymes,2024-01-01 09:47:37+00:00,242,27,Finance,92300,,,
Gs9ZyWblnsg,498069,0,449,UCS_JSBxwN_qhfzNeIOjj2Iw,Go Getter Shorts,2023-04-20 18:58:07+00:00,8,22,Finance,1480,,,
UyzaLd7r7wY,243235,510,0,UCt9SZgFExNwWTH5T_JnyF-A,Math Songs by NUMBEROCK,2024-04-02 19:08:16+00:00,248,27,Finance,694000,,,
0chaOZS9dxw,240245,1182,0,UCeSBe2dJx12Zk_r-sQ0mJ-A,Teacher Pam❤,2022-04-30 13:58:53+00:00,598,27,Finance,32800,,,
0NUUr7Pj2Yk,249265,1317,26,UCno7Il827hKNgL7lArqRifQ,Kanak News Digital,2026-01-22 19:16:46+00:00,29428,25,Finance,1400000,,,
1Urk9EiaGX4,231863,3315,43,UCi5GyXtmy8Tl-YAvcMhxXwg,ORT Music,2025-12-23 11:31:42+00:00,192,10,Finance,371000,,,
rRha_jW57QA,621734,6863,20,UCbiHWCb1Pm_90kMV26Vy8lA,KARSAN IS LIVE,2026-01-16 04:36:38+00:00,28,20,Finance,2420,,,
t0a7jsBktdc,225587,4025,134,UCrwgI1xz_8QzvlJAmr9FLVw,Lunar Vibes,2025-07-23 13:31:06+00:00,3945,10,Finance,77400,,,
DGN8OB6QZFg,223622,9198,391,UC7eBNeDW1GQf2NJQ6G6gAxw,The Ramsey Show Highlights,2026-01-09 02:03:45+00:00,3630,22,Finance,4530000,,,
2WEMhpDOnsw,223429,7997,501,UCA-mWX9CvCTVFWRMb9bKc9w,Dan Martell,2026-01-06 14:00:06+00:00,1031,27,Finance,2310000,,,
OA9RYEKoDwU,515681,11340,23,UCSPy6VAHbkR5TeIGthkMJdw,MONEY_TALKS,2026-01-12 13:00:57+00:00,35,27,Finance,584000,,,
C7DnWBS2sQo,217060,4966,386,UC97qq2FD3UaxDEuIeu9wu8w,opia,2025-08-14 15:55:53+00:00,71,22,Finance,129000,,,
n4iwpbVwfbI,211201,4920,329,UCukgIV9Ad8dfoFyh4Iy0b8Q,Sketchinance,2025-11-24 16:01:22+00:00,479,27,Finance,24500,,,
rvp5X9137ww,207972,9155,826,UC72PuhDwKtZ5MikpGNhPAtA,TGG,2026-01-21 21:34:52+00:00,296,20,Finance,2070000,,,
xXxrvra9DQg,208209,8178,551,UCA-mWX9CvCTVFWRMb9bKc9w,Dan Martell,2026-01-09 14:01:42+00:00,1155,27,Finance,2310000,,,
r3vKR36ROOc,456431,4952,440,UCkG3wnjBSZhdIY9giA8inLg,Addy M,2024-04-23 22:58:44+00:00,12,1,Finance,5600,,,
NktWnE9Bw4o,202620,3928,1093,UCSdeqahu8FD5c4MoS37vJnA,Legacy Music,2025-11-29 09:30:15+00:00,248,10,Finance,2670000,,,
H7eqaD06SNA,195742,1417,25,UCuhqLGYKjFXp-IojRPmIiDQ,Frezza,2025-12-11 23:00:32+00:00,132,10,Finance,77000,,,
sQa5bQFuW7U,187976,10296,514,UC9raRuJRBDkWwv34UgkLutA,SilkbossVEVO,2026-01-11 18:00:06+00:00,130,10,Finance,6630,,,
KTuGWLd4LSg,288146,10400,392,UCtd-kkx0dS_30MOhU0zklsQ,Whatever Er,2026-01-12 22:53:32+00:00,21,22,Finance,13300,,,
b3YUozXDaY8,173790,3080,949,UCK3ZUM4g918bTXKNpIk6AkA,Flow,2025-11-29 09:30:25+00:00,248,10,Finance,357000,,,
xglbbT1Sfm0,294551,4164,226,UCjp5QN8e3nk2f4u9JdcpAgQ,Mythfits Podcast,2026-01-20 13:39:32+00:00,41,22,Finance,147000,,,
hL5YFNYcErc,177731,4576,1247,UCLB2Q4jedIYzM5e1VB1HvGA,WABIKONG 挖金,2026-01-15 10:30:36+00:00,220,10,Finance,146000,,,
ki_TEiaaH3g,416321,0,148,UCoSKh_RWi-79xZIraWdDOhQ,Billionaire Shore,2025-07-27 11:30:11+00:00,10,2,Finance,9010,,,
t7iv_ndrDvk,336777,6154,26,UCN0R-7YWoeIuoVCgAXYWueQ,YoEditz,2026-01-05 15:44:46+00:00,29,22,Finance,110000,,,
AxVCQO2OtYQ,211522,5978,75,UCw6MMKDdee-mYoj9eiKCgvw,Flow With Motion,2024-06-13 22:37:51+00:00,52,22,Finance,1190,,,
GVMu_HcoiNk,151539,302,18,UC8mCMmDtp-RGas35DxikBrQ,Aurora,2025-09-09 07:27:44+00:00,771,22,Finance,4070,,,
QMy8M_6pQ0k,373931,2566,4,UC5lwBWOfnS2XhwiaPO2SSFw,OKT ai,2025-03-09 10:29:48+00:00,11,24,Finance,4150,,,
m0LD3v5SctY,282294,14003,39,UCiSykHvb83qqw6JqaHuWXRA,The Smily Fam,2026-01-22 15:01:31+00:00,93,24,Finance,2080000,,,
mHOiD_WPAfg,369242,4576,237,UCcabWmVi_a0rkQmjkt7gBwg,Billionaire Boy ,2024-05-21 11:19:39+00:00,8,2,Finance,60800,,,
sq417HagzJM,145032,5220,418,UCC8wczy7734jKPhiR2UkS9A,Wholesale Ted,2026-01-02 18:05:03+00:00,998,26,Finance,1440000,,,
hrfUXxgmS1c,303626,1729,4,UC1Poxairx8jpBmh11iJBVxw,Jay Trần Tấn Phát,2026-01-22 05:00:45+00:00,26,10,Finance,2110000,,,
1vyhzRUb_Ck,219447,0,76,UC8iu-ZAwknyYS9kLrfPHOvw,sabertooth.,2025-06-28 23:09:06+00:00,59,24,Finance,3120,,,
i7P9ipjk_rg,135149,3672,519,UCaM6estAMTdjuif70KfM88w,Sai_MoneyMonster,2026-01-19 01:15:05+00:00,926,22,Finance,362000,,,
zaiEqKcLQps,220684,5294,20,UCm_BWn0CDMosupt4nRgLFdA,Financialskill,2026-01-16 11:35:02+00:00,54,27,Finance,91100,,,
KzQ-HYGL_YU,118870,3515,272,UCE_uu-BpfKPx8a-sjwBy-rA,Rajat Arora,2025-09-18 12:30:35+00:00,1464,27,Finance,3670000,,,
FfBJywmK_PA,214993,4951,40,UC3199P20wCUPmTHRHIby7lA,Calvin Perbi,2025-11-11 12:03:18+00:00,37,22,Finance,157000,,,
DhEMFeo_gL8,118367,5450,687,UCA-mWX9CvCTVFWRMb9bKc9w,Dan Martell,2026-01-20 14:00:31+00:00,1185,27,Finance,2310000,,,
XjzhsYf6ZJo,213068,8865,180,UCGq-a57w-aPwyi3pW7XLiHw,The Diary Of A CEO,2026-01-21 20:00:34+00:00,156,22,Finance,14500000,,,
Xm6s7kNaNQM,224137,7777,8,UCSPy6VAHbkR5TeIGthkMJdw,MONEY_TALKS,2026-01-18 13:01:01+00:00,50,27,Finance,584000,,,
2IQoutt0rAI,139162,10308,246,UC89fl-JhYDsvhbzS796BU4Q,MONEY MANTRA TELUGU ,2023-02-07 15:34:27+00:00,7,26,Finance,169000,,,
Sj4pRn4UX3w,100022,5154,1952,UC_ILSBQyvg-TlqVt9DJGWPQ,Danny Why,2026-01-05 12:03:29+00:00,705,27,Finance,96900,,,
QKBhoZxjqL4,171306,3838,70,UCXiydhDFpz17yFydsnCUXSg,Humor Dance HD,2025-10-29 19:51:46+00:00,37,22,Finance,991,,,
SClIr28ctg4,226857,1369,135,UCfKfZpCvMixQLF2gylzrzeg,Ivan Sirbu 🚀,2023-08-14 20:00:15+00:00,9,22,Finance,464,,,
xJ1q94W2DwY,203073,1088,90,UCD6HtFyS99JuTm70qZR-sfg,ImNotJxmes ,2024-06-20 02:45:16+00:00,9,17,Finance,39000,,,
eaU-Kzfcc7g,87949,1460,265,UCzMPPxbQG6iZttQhq3ukXSg,Judge Judy,2026-01-17 18:00:49+00:00,301,22,Finance,1180000,,,
tjpUI3vlgIo,84972,1509,56,UCl-lGbcQVp2Iu9PSINGxIfA,Eva Timush,2025-11-14 16:00:06+00:00,115,10,Finance,44300,,,
EMumm4HdbsI,84252,1906,144,UCRzYN32xtBf3Yxsx5BvJWJw,warikoo,2026-01-21 14:30:19+00:00,1077,27,Finance,6840000,,,
GR0glLLc4SU,81936,3872,231,UCJZ7zr9a6AT6STkyOFztgiQ,Joshua Mayo,2026-01-14 16:12:33+00:00,2023,27,Finance,863000,,,
bA88exN34Qc,78826,1200,10,UCZo2EY66iAexFJjIUJ75WUw,AWALK MUSIC CHANNEL,2025-12-31 13:01:13+00:00,191,10,Finance,121000,,,
xl-ws065Ij4,144198,0,69,UCnqy5FNi4qMnUEswRa6dhmA,Rise Again,2026-01-10 00:31:10+00:00,34,27,Finance,286000,,,
oJsUgEsk4Lw,135140,2729,13,UCDifQ6BTcZFRoMpPie3K8Yg,Tobby Jah Junior,2025-12-10 11:01:38+00:00,36,22,Finance,2860,,,
BCjUS39Mbn4,71982,2437,206,UCaM6estAMTdjuif70KfM88w,Sai_MoneyMonster,2026-01-05 01:15:00+00:00,1178,22,Finance,362000,,,
ssXRhuR3Fmw,75320,2498,106,UCggok417jDHJiLueQON89QQ,David Heacock,2026-01-09 13:01:56+00:00,657,28,Finance,87800,,,
Um9Fg_TrH4I,125725,963,68,UCoSgQjh1iRSc5X0wdjdvR_w,natethegreat,2024-08-05 14:17:43+00:00,10,20,Finance,286,,,
P4qbJhONob0,62473,299,19,UCllROiHt0xFQy5q7g42-gVQ,ALYRICS_17,2025-05-14 04:43:09+00:00,218,10,Finance,5530,,,
6W9mCm3zzZk,55732,2825,471,UCm5iBOcQ0GET_2FqFI61QDA,Cara Nicole,2026-01-13 18:31:20+00:00,1242,22,Finance,285000,,,
3m62qpotAM0,56193,4398,601,UCBlMo25WDUKJNQ7G8sAk4Zw,Trish Regan,2026-01-22 14:00:05+00:00,974,25,Finance,1180000,,,
41vzuBEmeyo,127657,1048,72,UCiBdFC8aRWIIvrkR1qtoiMQ,JES STRIKER ,2025-03-05 11:42:28+00:00,9,22,Finance,405,,,
k_1zqUxd2x0,56659,3372,222,UCqxskCj7l_Za2GWxTT8fQ0w,Shiha Zikir Empire,2026-01-09 13:00:07+00:00,222,10,Finance,63800,,,
VrM6Z6D5694,99572,0,105,UCnqy5FNi4qMnUEswRa6dhmA,Rise Again,2026-01-08 11:30:27+00:00,40,27,Finance,286000,,,
W_WFl_WhC74,85364,1220,2,UCCaV01ZnD2NeocG-6q3jxpQ,Ridhu Goswami,2026-01-22 14:30:45+00:00,45,22,Finance,1250000,,,
BG2Ly07mYeQ,46236,2029,272,UCQhku_T68i-szD9Qjv9YmTA,Africa Today,2026-01-21 20:54:26+00:00,1181,25,Finance,456000,,,
fPb3Lgni1EA,108864,7066,18,UCJWyyvOLy87VAsc8BfKt8vg,Nenu Meeku Telusa,2026-01-23 02:30:44+00:00,57,22,Finance,585000,,,
yxFY0AgbvPM,87164,904,47,UCS_JSBxwN_qhfzNeIOjj2Iw,Go Getter Shorts,2023-03-25 01:25:47+00:00,9,22,Finance,1480,,,
PjjVeWfVMrs,84721,1221,5,UCzHYlENwDz-ENYWnPvJzP_w,Pawn Reborn,2026-01-10 12:45:29+00:00,56,22,Finance,28000,,,
hxNpZX-MyAs,41914,760,80,UCmMM03CkbXnu6TuDeTIvc0w,Franklin Hatchett,2026-01-03 11:58:28+00:00,684,26,Finance,603000,,,
ScSqG13bNC8,38739,888,8,UCztyA41sabFqjwWl5kTcVvg,SonyClassicalVEVO,2025-12-15 12:24:03+00:00,201,10,Finance,4920,,,
lJ5zVK7axrA,36703,661,43,UCnFL_hmp-nc-l2QlLzxZdhg,Recap & Chill,2026-01-21 15:01:28+00:00,1433,24,Finance,250000,,,
3z5M9mnqj4o,62220,1200,25,UCvEIpMzfskzF36pwOo_mvyw,Clearance Club,2026-01-21 11:22:53+00:00,42,24,Finance,80,,,
59GwNDAQ7FU,52228,3212,91,UCS724X_nrwOE1vMCGNnv1DQ,Zedar,2026-01-22 16:59:27+00:00,54,20,Finance,6970000,,,
1DtFPS27fi4,46333,0,29,UCKqjGcskZVo1dUUk1Lpv_Ow,MOMENTS OF POWER,2026-01-22 16:45:09+00:00,60,22,Finance,12000,,,
P1ORwMokyVg,62694,1005,53,UC1SrwyBUaiDiz_7IEMvd6Ag,Zedar Shorts,2026-01-23 04:10:29+00:00,41,20,Finance,728000,,,
42M9xK11JQ4,42740,0,7,UCkfcMCO65tk7oXQuthgZwTg,Motivational Energy 0.5,2026-01-21 02:30:07+00:00,42,27,Finance,3790,,,
c3fj7V2YrNE,25629,1307,87,UC6ITJIW6jgrrP5irR7WoHrw,Sean Dollwet,2026-01-19 12:30:55+00:00,1049,22,Finance,437000,,,
NKG-CUjk5_0,52042,449,4,UCKgA_A2VPaBsKTnt5AJdyVA,Factachi,2026-01-22 02:56:53+00:00,20,22,Finance,12800,,,
b2CtAwvCzbE,64990,0,8,UCwaUwYqjA4D2y_wST94bZBw,Filmy Velour,2026-01-21 13:01:09+00:00,10,24,Finance,266000,,,
_O8lr4dNAXk,35955,0,30,UCR3L-jtFvG_2I4b862ZHrZw,Rajan sahu 07,2026-01-22 06:53:06+00:00,40,24,Finance,8640,,,
iJ2j6ZfWwQ0,40360,1190,15,UCyyFeLmU60HxF-g_HVcSn0Q,Akay,2025-12-26 17:19:49+00:00,36,10,Finance,486000,,,
w018FHgFxso,71858,0,2,UCckHGR5PzPQ7ngJcG_cJsiw,Dabbutown,2026-01-22 02:35:39+00:00,6,27,Finance,1930,,,
Ig2NOwmOCQU,22167,510,53,UCt8jfvd9skBAOT6XJwc_mJg,Family Feud,2026-01-22 02:59:54+00:00,273,24,Finance,4350000,,,
ftPBDxYMdLc,19630,577,5,UCikfuTGYke6I9CRx9rK5HGQ,Money Mode,2026-01-18 14:38:32+00:00,493,28,Finance,263000,,,
O9dTzilDAio,33793,1350,3,UCSPy6VAHbkR5TeIGthkMJdw,MONEY_TALKS,2026-01-09 15:00:54+00:00,41,27,Finance,584000,,,
zTE4XOVSYBY,33729,0,2,UC_k9klE7zVYzp6GGiSS3QKQ,Podcast Show,2026-01-18 16:30:32+00:00,47,24,Finance,93700,,,
4A_CAOvaEgc,34500,0,4,UCzPbHBmsuwrbw79hlO2MsKA,Groww Ur Self,2026-01-22 04:43:10+00:00,30,27,Finance,12500,,,
ALtrpziVpkw,33853,464,4,UC2BzRUiwX9UcYPwtjA1py1w,MONEY MENTOR MINDSET (M-M-M),2026-01-22 12:45:03+00:00,16,27,Finance,20300,,,
Lq3ye4ZV_5s,23012,688,9,UCymMD377sm_VB1ZaMLCPnOg,Raj Sharma 54,2026-01-20 02:37:32+00:00,48,22,Finance,4500,,,
a9lBHq53a2o,29857,0,8,UCVDj5HUK6-GSa6_SSXTEBPA,Moon Filmy,2026-01-19 14:28:09+00:00,43,1,Finance,7,,,
B4X7lAAWXQY,16665,325,5,UCQXK5VSKYQxk0wOIbck7viA,KarenDaidai Music Channel,2026-01-15 18:39:55+00:00,191,10,Finance,787000,,,
b78IMbt1Cac,29565,45,0,UCe248U7yVbdV00iTMEnWQqg,Puran fartiyal vlog ,2026-01-17 10:19:02+00:00,16,10,Finance,2080,,,
B2fphiIzAmw,14279,495,113,UCWEuceKB5WEtZe4nxB0Z8nw,Smart Money Happy Hour with Rachel and George,2026-01-22 14:00:22+00:00,3092,22,Finance,166000,,,
t32FSk2bKq4,14575,340,19,UC0OhiHAJHiLVg_wjP3A9O_A,I/O Fund,2026-01-22 00:10:33+00:00,444,28,Finance,10900,,,
1vSJvoNFVT8,44683,180,0,UC5UA_7l-CUs312V98gF_uvw,Tales Fun Tub,2025-10-07 12:04:32+00:00,5,22,Finance,20100,,,
ZAJYEOgqn5I,20151,1153,5,UCvHOvqHEFa0yGBNWQgGYk4g,Motivate Urja,2026-01-22 04:01:17+00:00,64,27,Finance,53200,,,
qyIPE9Zmoyg,18530,0,4,UCQ-EmVpPSmlj4_R-HeKXdTQ,BHUJIES,2026-01-21 04:13:45+00:00,117,23,Finance,357,,,
f9hlZ4n1Uzs,23810,433,7,UCjS8OCmHuWdl5aWDUuU0M4g,Siddharth Kannan,2026-01-22 12:15:48+00:00,44,24,Finance,1760000,,,
mgCzO4YGUwM,11538,284,40,UCxxh5ogyQagKombRpOC_7Fw,Lipun Odia Tv,2026-01-22 08:32:31+00:00,175,27,Finance,1120000,,,
WpNvP5yt6ag,19498,0,11,UCFkvlI_rvBWjDDqsHVmCKWA,Blanta,2026-01-22 06:25:00+00:00,65,24,Finance,9890,,,
rTvWwK_KBr4,10466,371,50,UCjNYBnBLbCITV621jAKa2UA,Mercy Asiedu Official Tv,2026-01-22 16:06:22+00:00,4009,24,Finance,39600,,976,677
Mh4AVRGpiTM,21801,470,2,UCcJ1mnpTXay0Tw7EuyYNNsQ,Jyoti Chaudhary_96,2026-01-22 08:15:00+00:00,34,22,Finance,17700,,,
Ccown5GP57o,9744,571,47,UC7haIvkeFEF71NqtfYIUnGA,ARZ,2026-01-07 05:09:18+00:00,222,22,Finance,283,,,
5S-fxZEKa4w,16743,1162,3,UCu71CiffgBGNSD5w2Cm1pug,Anshu Jokes USA,2026-01-22 14:30:00+00:00,73,22,Finance,470000,,,
RnoQGywwwB0,14610,617,1,UC_vwMFPNVWtycorolVHVu-g,IdeaRealityLab,2026-01-22 15:36:33+00:00,24,26,Finance,4810,,,
cEvxXbGlH68,20558,887,36,UCQoxJOkwaCgyzQtiuAIDcuw,Club Shay Shay,2026-01-23 01:15:03+00:00,85,23,Finance,4150000,,,
oIiC6Pr3Ge0,7759,462,13,UCIDlKYC7I6_76jCUBdX-6VQ,KYRSP33DY,2026-01-23 05:35:11+00:00,8585,20,Finance,2310000,,,
0jiqIj7rEMs,6667,170,23,UC063y8nmrNxwfR-WXvdCAzw,Fresh Gaming,2026-01-22 17:30:00+00:00,625,20,Finance,439000,,,
56iHIavIxxs,15397,710,6,UCg17Lwxb8sF_RKKcJc8JNyA,thevogelvision,2026-01-21 04:46:47+00:00,11,22,Finance,1010,,,
ctEw3-8IQSY,9920,423,5,UCyFamkhcTcC1GEK8-Hz3p4w,Georges Al ammar,2026-01-22 06:28:02+00:00,110,22,Finance,7860,,,
8MlVXrfQH6Q,23699,289,5,UC1ig5RquiGt5j7qgGvXn7wg,Crime India,2026-01-22 15:30:07+00:00,5,22,Finance,18600,,,
AsYpIUaNqm8,5073,189,100,UCD_QD1BwgPKeuq50gjZxZjQ,GRAVESIGHT GAMING,2026-01-22 21:59:37+00:00,512,20,Finance,16100,,,
L328f2JSiQo,10606,0,1,UCjGyna2_sokvGGmp2Lyye8g,Rishu,2026-01-20 05:27:25+00:00,21,22,Finance,4360,,,
mcicfS_yI5s,6329,362,2,UCkCTPu5vaKpylyGyPBKoDeA,The Vikas Podcast Show,2026-01-22 14:01:27+00:00,110,22,Finance,223000,,,
2OMo9UsGqRI,4854,134,26,UCVN3n-YXSQtYu1x2mtZFWfg,LaazrGaming,2026-01-22 16:12:56+00:00,554,20,Finance,605000,,,
IXxujdhOzKY,5301,33,9,UC2CzLwbhTiI8pTKNVyrOnJQ,Free Malaysia Today,2026-01-22 05:15:13+00:00,91,25,Finance,658000,,,
-8udFq_Uqec,7403,0,1,UC_k9klE7zVYzp6GGiSS3QKQ,Podcast Show,2026-01-22 16:30:00+00:00,38,24,Finance,93700,,,
c7popolzKJo,3538,0,50,UClzkZ7Zmr96bLxU3I4o_9Yg,AlphaGalaxyy,2026-01-22 16:00:53+00:00,747,20,Finance,11000,,,
SNlD175VzNg,6673,114,5,UC36tf47glLR9hqoXnGpDAMQ,N SAYED VLOG,2026-01-22 14:53:03+00:00,16,10,Finance,2080,,,
HZQwgdJslVU,5984,135,1,UCX8k8IBtWwU92cOg2qzW-fw,With_Facto,2026-01-21 11:38:22+00:00,50,27,Finance,462,,,
cQVqTy8YZ_k,10357,0,10,UC6niWPRZgVnkWqAxsv04bdQ,PRvlogs,2026-01-20 13:30:15+00:00,49,22,Finance,9930,,,
J6NZIj7WEFs,3072,18,7,UCsWp7U58TZM8uOYtRrAqWhg,NST Online,2026-01-23 02:33:23+00:00,48,25,Finance,231000,,,
EpCooRqxzac,2450,206,55,UCNtiga3OXdsgpKtdrNkDvNA,Justin Talks Villa ,2026-01-22 11:17:36+00:00,1255,17,Finance,5290,,,
FCUuPi8fzh4,5661,132,2,UCNhCxRB-7v1aR8JnF-FXJXw,RG Mustafa,2026-01-20 16:19:44+00:00,41,27,Finance,5440,,,
JXHkt-xw0gY,2235,58,1,UC66ysWRFWfg-V5RhnQN4wFg,Gadget Evolution,2026-01-22 16:15:01+00:00,409,28,Finance,57100,,,
N9T80_AL260,1795,156,0,UCuaRQTP2datF13IbNrtwLDg,Forever United TV,2026-01-23 07:09:40+00:00,0,17,Finance,102000,,,
hdDjWRoLyJo,0,59,6,UCg7OZFriVCc1YI6JrVoK2eg,YouTube Movies,2023-11-29 18:32:03+00:00,6301,30,Finance,0,,,
VtnTcjSImW4,1130,31,8,UCgJVOVJo4wA7AkrUqsClKtA,banking Zone बैंकिंग जोन,2026-01-22 15:22:07+00:00,532,22,Finance,159000,,,
06GniluyJQg,6971,0,2,UCE_YdQhRYTUQahYYXFnIPdQ,Mannu Saroj,2026-01-21 04:11:06+00:00,16,22,Finance,13,,,
eoiHPJbZAVo,2798,29,0,UC4M_2a_WesDEyQt9Jc-pefQ,DiscoveryFinancer,2026-01-21 07:45:02+00:00,27,22,Finance,4,,,
3iJ18ROTiiQ,2055,0,1,UCkfcMCO65tk7oXQuthgZwTg,Motivational Energy 0.5,2026-01-23 02:30:05+00:00,42,27,Finance,3790,,,
TM3simtD94s,1148,19,5,UCNzt7uBS5lRNz_PFrW8HCbw,AiYK,2026-01-16 15:14:08+00:00,43,24,Finance,171,,,
KrKMdnjOpyg,600,4,3,UCCDSf1ryDKAzSYStmeDUpHA,GK GAMING ,2026-01-23 07:53:15+00:00,9,27,Finance,1680,,,
crXfbOyfwGA,733,0,0,UCGrd_4d3MLdMQO3d8j6p28w,Quiet Wealth,2026-01-23 06:49:49+00:00,43,22,Finance,31,,,
4wZwXhoxRIA,19552412,626659,2602,UCKaWD4ZM7ixlot6ysBVKP_g,Justice Buys,2025-01-04 19:26:39+00:00,60,22,Technology,1950000,,,
gsJAlLOFBv0,11567118,298423,658,UCMiJRAwDNSNzuYeN2uWa0pA,Mrwhosetheboss,2025-05-02 17:37:10+00:00,57,28,Technology,22200000,,,
_KIzFIgzuYQ,298419,4317,127,UCBBmnOA_o5gYcYDScyt-ZTg,TimeSaverShorts,2025-08-20 19:00:37+00:00,16,22,Technology,231000,,,
RoF0rR2-s5Q,125796,9250,344,UCb-xXZ7ltTvrh9C6DgB9H-Q,Prasadtechintelugu,2026-01-22 14:27:05+00:00,559,28,Technology,5040000,,,
IA0hmIsrOtU,3313,12,0,UC5kFbvtk9SoClM88R4-EmIA,Tech Online Show,2026-01-23 08:09:50+00:00,5,22,Technology,2140000,,,
RqMOyTUHDP0,10153887,358137,1835,UCPk2s5c4R_d-EUUNvFFODoA,Gohar Khan,2025-08-06 20:54:02+00:00,49,27,Technology,7330000,,,
5eYTHiC55Bo,16625436,0,660,UCoL68NLLSUQqEDwMZPvrdEg,TechBurner Shorts,2024-10-10 15:48:47+00:00,54,28,Technology,6390000,,,
e92Y3yx9u-A,3488716,83041,172,UCNNdYhLEd4aAivW_V9GNOMQ,Dantic,2025-06-27 12:42:32+00:00,43,28,Technology,2510000,,,
RHtnrzct2RM,1330881,9840,72,UCswhjJmbjCmBOErBUo2NYbg,World New News every day,2021-10-18 21:51:15+00:00,10,25,Technology,2690,,,
2ru4Nsab94w,1805723,58315,1788,UCXuqSBlHAE6Xw-yeJA0Tunw,Linus Tech Tips,2025-09-01 18:49:00+00:00,45,28,Technology,16700000,,,
ybDn_3iEoOU,16443928,0,557,UC8SFy66JbVwPcYhvplWPm1g,Mahadev Tyagi,2024-12-07 05:30:17+00:00,59,28,Technology,609000,,,
rbyud9N4zPM,125061562,1373074,2962,UC6EM2H38sX0eXddx05MnOGw,Ashley Dudarenok,2024-01-26 05:45:01+00:00,17,22,Technology,391000,,,
ewmRD0MacxI,4075073,0,30777,UCcCjXTiKc-0wFKHI035VVzQ,v3 facts ,2024-12-10 10:30:15+00:00,28,27,Technology,699000,,,
VeNvWih_nZM,3135794,89865,1341,UCG7J20LhUeLl6y_Emi7OJrA,The Studio,2025-07-18 16:41:19+00:00,50,28,Technology,1040000,,,
ABw-VNs2hdM,2165487,90959,514,UCtqrHdplUzE9VYrn5k7MmZw,MelissaKristinTV - DigitalMunchies,2025-05-08 23:35:06+00:00,29,28,Technology,2280000,,,
kl9CvjeaddA,29397184,2087981,7771,UCZSlfzadjnw7G419c_OJ9eg,Mrwhosetheboss Plus,2021-06-27 11:22:38+00:00,47,28,Technology,6960000,,,
KCeEjhDMIv4,177447757,1383737,7058,UCbOPjvzbp1Jcybw2xegLxeQ,Tech Cave,2023-07-15 07:18:44+00:00,8,28,Technology,643000,,,
8jg-zVxSHU0,34884416,1585831,2039,UCglXlpWjIi95auM3umWWLdw,Tech Master Shorts,2023-03-31 13:25:00+00:00,50,28,Technology,26500000,,,
0oQpnSlJJ64,28122914,2096474,4258,UCZSlfzadjnw7G419c_OJ9eg,Mrwhosetheboss Plus,2021-11-14 18:53:41+00:00,54,28,Technology,6960000,,,
IEMn6F0rE9I,50896,1014,173,UCCXoCcu9Rp7NPbTzIvogpZg,Fox Business,2026-01-20 16:45:03+00:00,359,25,Technology,3270000,,,
qxRxcaPoYpQ,5702618,333504,565,UC6kQEWSaE9yUhxprj5_jbXw,GUFRAN TECH ,2025-08-19 10:26:41+00:00,37,28,Technology,2320000,,,
KjcsuyPvluA,3203599,22630,35,UCPdVC7w-AmZ6BGCoIoU1v3g,Meibot,2025-06-15 07:44:12+00:00,19,22,Technology,18700,,,
znMoMAHg9Jo,24532905,131312,432,UCnrGU9pNN5t7nMdDc2etrRA,Mr. Deshi Inventor ,2024-09-23 07:31:18+00:00,9,28,Technology,174000,,,
qqeZ5Hcw1Tg,71407278,1773504,11016,UC22rU-oXsRzoBqM71k13icA, ZQotiz,2024-12-25 18:31:43+00:00,26,24,Technology,1030000,,,
RjBNtFxTTXU,16148826,79596,146,UCHg5YSsWMajbHHga3lcXywg,The magic project,2025-05-07 07:51:41+00:00,12,28,Technology,398000,,,
mvvD21aUYeA,43228495,2725300,5411,UCMiJRAwDNSNzuYeN2uWa0pA,Mrwhosetheboss,2022-09-05 16:54:36+00:00,57,28,Technology,22200000,,,
Xq2R0lnXDRs,13628,0,0,UCNZzpNXyrWV8j1g6o4-m8DA,FacTolu,2026-01-20 11:45:05+00:00,33,24,Technology,714000,,,
vwTL0SLEl1M,3085101,121450,3692,UCBS1NUWY7oC6FFHaXQy4zAA,Zach's Tech Turf,2025-08-25 21:39:44+00:00,68,20,Technology,1770000,,,
y6pS85xp4-4,873847,41583,498,UCXuqSBlHAE6Xw-yeJA0Tunw,Linus Tech Tips,2024-03-22 18:00:33+00:00,50,28,Technology,16700000,,,
ICL9LXZvjes,29350392,2024093,6244,UCZSlfzadjnw7G419c_OJ9eg,Mrwhosetheboss Plus,2021-09-04 10:28:48+00:00,55,28,Technology,6960000,,,
5upVC6YzQCE,39823641,1626786,14665,UCClfFsWcT3N2I7VTXXyt84A,Salem Techsperts,2023-09-19 00:54:11+00:00,58,28,Technology,2450000,,,
Z7mKa8x2Vwo,7299263,63240,297,UC6EM2H38sX0eXddx05MnOGw,Ashley Dudarenok,2023-10-20 06:00:22+00:00,18,22,Technology,391000,,,
_vUUs5rrRAs,10761481,369292,7114,UCNjsoaLHhxEUUpOIEbo2l_Q,Tech Moments,2024-12-11 15:00:50+00:00,18,22,Technology,1720000,,,
bD50i4AAPUY,424509,0,7,UCYYjznsoanbyB8m_6nzCCew,Poetic,2024-09-25 10:40:36+00:00,18,24,Technology,367000,,,
PO8ptmVBBK8,4364808,20713,341,UCpYWKlxrU69dwyJdPZ8zigA,Factsivo,2025-09-25 04:00:04+00:00,16,28,Technology,8220,,,
obGieq1iv1k,2143239,0,21,UC8Vtxn-0Zl3hKHLar_58FuA,Vikspire,2025-07-07 07:44:53+00:00,14,24,Technology,37000,,,
sEErbR6J2sk,2719902,14589,57,UCVf1xp-6b4iabCQembMf-dg,Babu 7CH,2025-05-26 04:20:32+00:00,11,17,Technology,2930,,,
LPOLWKtU5cI,43168652,1677344,3578,UC7TNIdi43AgEBY4yA9VV3PQ,Paritolkks,2023-05-03 12:30:10+00:00,56,28,Technology,315000,,,
Cn7020nMstc,3068106,25076,123,UC3hsgInrT3d9FEYQW82OFTw,Suraj pk comedy,2025-04-08 04:36:25+00:00,17,23,Technology,126000,,,
Uy7rP_rXzv4,4218179,214084,1642,UCClfFsWcT3N2I7VTXXyt84A,Salem Techsperts,2024-09-06 20:13:48+00:00,60,28,Technology,2450000,,,
nA6ZdAZqloc,1622972,84484,1688,UCXuqSBlHAE6Xw-yeJA0Tunw,Linus Tech Tips,2025-02-14 18:00:43+00:00,25,28,Technology,16700000,,,
pKbr1LhfxXM,25128598,407239,300,UCGmuLwV0XD_uqL4wKZg4hgA,Immersed,2024-08-15 04:59:00+00:00,15,28,Technology,1540000,,,
id0mJstUevg,16405752,153955,170,UC9kGAFMDzda_bHkfrYcKmtQ,Trendy Tech Review Show,2025-02-11 06:57:30+00:00,10,28,Technology,4370000,,,
kvBh8iEO2rw,72950,4288,20,UC6kQEWSaE9yUhxprj5_jbXw,GUFRAN TECH ,2025-10-03 10:47:06+00:00,43,28,Technology,2320000,,,
Otim2mDjsYM,552909,6725,681,UCUTF61UNExRdjmoK5mXwWfQ,AI Uncovered,2025-07-30 23:28:45+00:00,730,28,Technology,232000,,,
#NAME?,4710156,117082,4770,UCMiJRAwDNSNzuYeN2uWa0pA,Mrwhosetheboss,2025-12-22 12:18:02+00:00,1653,28,Technology,22200000,,,
VnZG9Zi73wI,26170155,382494,596,UCRuc-fHVjLYwffDHawO_3-A,DEVU SIGMA,2025-05-30 12:30:39+00:00,56,24,Technology,1290000,,,
YkxZFkXre6c,11015,88,2,UCzsHYjHL1dZ4_3-DxgrOQOw,Agriculture Insight,2026-01-22 14:41:53+00:00,3050,22,Technology,193000,,,
h0xOdfMJTJI,247195184,2140217,1126,UCOvOXLATfCrOJmAYaO4mRBA,VFX HD,2022-05-27 07:07:04+00:00,13,1,Technology,9480000,,,
8SIcDkceVsw,8760190,31214,166,UCPdVC7w-AmZ6BGCoIoU1v3g,Meibot,2025-06-14 16:18:14+00:00,11,22,Technology,18700,,,
IPhARlUO6NA,162360036,4393968,8749,UChvzFAyWyofbidb7Mh3WMZw,VMK Technical Power,2023-04-28 01:30:04+00:00,15,28,Technology,2730000,,,
oxJjza5MoNQ,5947735,0,150,UC1NjyW616yPR8kYOW5f3utA,Explain Jug,2025-10-12 12:43:30+00:00,20,24,Technology,2750000,,,
FWFzhOvbqvs,104906654,188877,125,UCkzRcQiqbRq-X9lDeYPIvuA,Inventor Gc,2025-10-06 13:06:49+00:00,9,28,Technology,699000,,,
jmStr5LUCeA,1228080,9918,52,UC2_t6GbaEitHjxbHwDbvhRg,XiLiR Technologies,2024-05-29 19:19:18+00:00,15,28,Technology,15500,,,
Pl7TYh055xY,5907858,320100,1213,UCClfFsWcT3N2I7VTXXyt84A,Salem Techsperts,2024-07-12 20:25:07+00:00,60,28,Technology,2450000,,,
g2_3jU7ysdc,5416282,68794,110,UC7-PWJBq7yiStftsUqVsSqw,YeFacts,2024-05-13 16:05:54+00:00,19,27,Technology,770000,,,
OPLkS9wLhow,14875064,527269,1168,UChvzFAyWyofbidb7Mh3WMZw,VMK Technical Power,2023-05-12 01:30:12+00:00,12,28,Technology,2730000,,,
o4jEHIGBR_U,865566,6125,44,UCQXG7nBmEbQ6WMc6CIrVtJg,Jax Zone,2025-04-20 06:35:00+00:00,19,23,Technology,26400,,,
zWzF4eQaKYs,3598635,0,25,UCiO3cv9toTRF2cQxHDXZDhQ,Jsinfo shorts,2024-09-26 13:58:24+00:00,22,27,Technology,56700,,,
hrzPj3qvW_c,1024902,14422,61,UCbOPjvzbp1Jcybw2xegLxeQ,Tech Cave,2025-04-23 02:19:55+00:00,13,28,Technology,643000,,,
eU_8eoL_UnE,25414760,325380,1312,UCNZgmsIqmYJvg-dubShgDfA,Tech Bits Central,2025-07-30 18:57:56+00:00,20,28,Technology,71300,,,
ZFfedR5x-nc,658403,32182,592,UCi7wDE2ZTiR5QYYrUY5WhtA,CarterPCs,2026-01-13 20:02:25+00:00,40,22,Technology,2070000,,,
KueWTlO8waE,556203,2888,68,UCEFYVDdTzUlwvoL2Em-xAgA,Fuljhuri Writing ,2024-12-19 13:05:34+00:00,6,27,Technology,34700,,,
mQ8Sap190qA,2790867,0,372,UC9uqSiLJs3xDOCBRU0wZvrw,Sonder_Editz,2025-05-08 16:29:59+00:00,45,22,Technology,656000,,,
De7s-IB_DAw,2999112,100449,4955,UCMiJRAwDNSNzuYeN2uWa0pA,Mrwhosetheboss,2025-05-21 09:03:41+00:00,891,28,Technology,22200000,,,
VZmGOX2ZwH0,32469,0,10,UCSMVEz7M_p2vDPmrMjsbGrw,EVERY TECH SHORTS ,2026-01-21 09:30:17+00:00,54,28,Technology,30300,,,
CxwXplBESgY,4926697,350180,125,UCdhyGLBRk_oHt3zrlYyn8-w,TECH WITH AR,2024-10-17 12:10:54+00:00,24,28,Technology,3130000,,,
HbQa_0fqEYY,15654230,220250,377,UCzWRdfo_g6OJStCdW0SOsLw,Steven Creative,2025-02-09 02:38:49+00:00,38,28,Technology,68900,,,
UCbb7d4KcvQ,9791969,547999,3063,UCClfFsWcT3N2I7VTXXyt84A,Salem Techsperts,2024-10-31 11:00:38+00:00,60,28,Technology,2450000,,,
v1-WCyoI55A,172183,7539,96,UCetXgvsTBDi4JOBzx_2kdqQ,Specular Action,2026-01-22 04:12:37+00:00,38,22,Technology,72500,,,
DENG7Q7VRgo,1573587,8529,414,UCToZSQjcLTIqcmONexj_Q8w,Astrolabe,2017-12-16 15:25:23+00:00,310,24,Technology,10000,,,
ie-Bj_xcYQI,418875,3129,23,UCKz-UXfYrVwtga-Th6DhHdg,UNSEEN FACTS ,2024-09-03 14:01:52+00:00,18,26,Technology,4590,,,
iuLgq7bf6QY,35243596,671490,2039,UCmnAYZuQh_QEy_B5jtMNeug,Your Mahbub,2024-05-22 07:16:40+00:00,13,26,Technology,105000,,,
IYLbIbMZ9IQ,4699845,50708,226,UCfBq1NGgEepzrSqiJ_OUffQ,AB Electric,2024-04-28 09:05:34+00:00,9,28,Technology,532000,,,
ZHA1_JIJSK8,1818051,40122,280,UCKaWD4ZM7ixlot6ysBVKP_g,Justice Buys,2026-01-17 02:13:17+00:00,56,22,Technology,1950000,,,
_eW5ZJyTjTg,119305762,2357911,5367,UCwOACA94U7SzkUIfVPX_CFA,StealerEditing,2025-08-28 01:45:58+00:00,59,22,Technology,611000,,,
CXJ5ZU7VVSc,2249328,31660,2434,UCpiPhZVveHua0fcikxo8wmQ,Megalithic Marvels (Derek Olson),2024-08-30 03:54:29+00:00,16,19,Technology,628000,,,
8QJ9Q-7_2VY,9265439,0,98,UCHg5YSsWMajbHHga3lcXywg,The magic project,2025-04-27 08:10:21+00:00,12,28,Technology,398000,,,
vA9wWEkSfUA,11055830,558588,4598,UCnYKRFQRndE3Wq1eLRQLfWw,Kuldeep Singhania Shorts,2025-05-01 18:07:06+00:00,60,22,Technology,15900000,,,
sQUhhMICYx4,7936632,60956,43,UCenGauT-jad-FTPTVlvlFMQ,A1 Fact,2025-08-27 17:04:47+00:00,26,27,Technology,732000,,,
9Ztsy5EC6vk,14947941,0,95,UCGkM4D7dYQNlWO0ZZV9i-9w,JPS7R,2025-07-05 11:05:10+00:00,14,24,Technology,395000,,,
ETBXBjxfctE,22655414,104145,503,UCif7BRxm9U8nkwt47fDpPeQ,Mysterious Shiva,2025-10-25 10:43:00+00:00,9,22,Technology,231000,,,
sCZp-rXF1zk,402824,8791,42,UCjILRjH2w5MCuQGQFdAak6g,SxAttitude,2025-10-23 03:30:42+00:00,60,22,Technology,76000,,,
9RiqltVtbz8,3144669,27617,395,UC8jBZcrNRt-1FaRkMXoj9Kg,Kranti With Om,2025-09-17 13:11:15+00:00,12,22,Technology,20100,,,
t1WFpObvsRA,414850,5653,52,UCEGKs8V0qcjYR_VnykiDo1g,Ashish Tiwary,2024-09-05 10:25:51+00:00,18,28,Technology,31700,,,
NUkp6hyuthM,827048,0,20,UC4wjmqUx2k-eJ9msvMqfJUQ,GOD UNBOX,2025-04-18 16:38:00+00:00,20,24,Technology,1110000,,,
hL8tTeayfuA,6530135,0,84,UCG23NDG1MY1Ahtok-41appA,Sigma Sintromind,2025-10-12 12:00:17+00:00,58,24,Technology,73600,,,
EcpgMwg3MsA,316101,10760,536,UCXUJJNoP1QupwsYIWFXmsZg,Tech Burner,2026-01-10 12:18:40+00:00,1281,28,Technology,12500000,,,
4VdvVPeTZaM,27782238,139391,1152,UC0WKNL9m8HTO_YXcKm3SfEA,Auto Work,2025-09-17 05:13:42+00:00,6,2,Technology,338000,,,
43jWrVT4V4M,15394267,252713,1231,UChvzFAyWyofbidb7Mh3WMZw,VMK Technical Power,2023-09-16 01:30:03+00:00,15,28,Technology,2730000,,,
EKOU3JWDNLI,1132024,42859,1342,UCsBjURrPoezykLs9EqgamOA,Fireship,2026-01-14 19:01:19+00:00,551,28,Technology,4080000,,,
R6sWmlyXmys,3846031,125192,2059,UCYJp64Of-hn-v83fJRy7nig,яємємвєя me ,2025-05-31 13:34:13+00:00,49,23,Technology,176000,,,
XIdYfoIczu8,3887985,0,7,UCXbv3qLKS0B63kakKcc8E0g,FactsZilla,2025-10-16 04:30:23+00:00,21,27,Technology,6120000,,,
3ytiaVCiB6A,1769170,20999,1179,UCSrPuHtKbst7Zy8pyWn_3Cg,What's Inside?,2019-01-18 19:57:10+00:00,678,28,Technology,6920000,,,
7bHs2SlUMNQ,80584073,427803,975,UC13L28DWv7ap1HL6ZG828Bg,makinerz,2024-02-01 16:23:44+00:00,10,28,Technology,145000,,,
qaT8GFsb_wc,3767736,141941,1079,UCUWQqbSRZX1F8C98e-6hLCg,SS Knowledge TV,2025-08-22 08:31:38+00:00,37,27,Technology,55400,,,
aNazomO4BEY,78670143,0,254,UCJzwyXHzWtweJ1WFQHzxYfw,Mind Kron,2025-07-17 00:30:00+00:00,20,28,Technology,49000,,,
s8wJP1U9m5E,6480002,501039,214,UCdhyGLBRk_oHt3zrlYyn8-w,TECH WITH AR,2024-08-09 06:15:29+00:00,19,28,Technology,3130000,,,
khNgCJdUDJs,1727784,44675,443,UCPvRdfUooqCf0zPOYvbBzVA,mryeester,2026-01-11 18:58:57+00:00,46,28,Technology,1750000,,,
OWZSIhyNovc,406176,4301,185,UCnpGm19mC0WncTyUZQLJj0A,Quick History,2025-07-18 16:00:54+00:00,22,22,Technology,748,,,
f3c4mQty_so,2164857,33177,5949,UCK7tptUDHh-RYDsdxO1-5QQ,The Wall Street Journal,2025-10-28 18:00:38+00:00,555,25,Technology,6530000,,,
pgSfguMDVXI,320557,15635,588,UCb-xXZ7ltTvrh9C6DgB9H-Q,Prasadtechintelugu,2026-01-20 14:30:45+00:00,540,28,Technology,5040000,,,
TUbyYXMGamE,203371,1186,46,UCcd25Dl0Q8wSSuVsqkV7HPw,Shiksha Target,2025-09-10 08:33:40+00:00,11,27,Technology,65000,,,
uL34EYSke2M,1517335,5410,255,UCcG2VqD8Uw1FCx8AlvSm2-A,InfoSpark,2025-10-15 04:30:44+00:00,11,27,Technology,68400,,,
q75IlNfwgzU,138888,8208,557,UCd6vEDS3SOhWbXZrxbrf_bw,SAMTIME,2026-01-12 19:28:22+00:00,368,23,Technology,555000,,,
XkBQOPZxhiA,232123,0,9,UCa9P8jX-WT4d8ZHap9lLRRw,Oep Fact,2025-06-04 18:07:22+00:00,17,27,Technology,9740,,,
qGLQq6tXTDk,27763251,495018,372,UCLverqV6G5MER0YXM4LienQ,Vigyan Recharge,2024-04-19 05:14:16+00:00,18,24,Technology,4360000,,,
aDt7WrHTnYw,9983084,0,244,UCew68ead-ICUgtnvaLwLbTQ,Viral Burnz,2025-06-28 13:32:21+00:00,59,22,Technology,591000,,,
iPJfSknuO8I,683251,7985,39,UCKeYOr6dVjJR8dUYNqDUr4Q,The Goat Saga,2025-05-07 09:45:42+00:00,39,22,Technology,2070000,,,
t_pLzStrXFk,13971110,994001,1072,UCglXlpWjIi95auM3umWWLdw,Tech Master Shorts,2023-01-04 08:10:00+00:00,45,28,Technology,26500000,,,
aDlQcGnmcCg,7959295,196285,563,UC7T1LDwIGEAB7awKsXSBcAA,WifiEli,2025-01-09 20:45:23+00:00,49,24,Technology,1620000,,,
FJA70mN1DvA,52109,4226,152,UC6DXhJsW0L5-T9IeRJwY4qw,Multi ME,2025-12-26 02:49:17+00:00,492,24,Technology,309000,,,
HSGD3m4D-ko,15419410,141400,1216,UCgI2_FwIz4B8SYGP07NdTkw,X Ntanga,2025-01-10 07:34:36+00:00,13,24,Technology,24800,,,
3hSbLuLM-do,17092907,783112,3395,UCGdPm5Aq081vVD7ih9jZf6Q,FactTechz,2025-07-15 00:30:02+00:00,68,27,Technology,20900000,,,
tvNV2MweDJ0,712073,7509,197,UC2_t6GbaEitHjxbHwDbvhRg,XiLiR Technologies,2024-08-31 15:46:53+00:00,16,27,Technology,15500,,,
NgTx0MGIaDE,61733,2541,151,UC1IQIspOkCeV3WnYm32SBFQ,This Is,2026-01-20 17:03:04+00:00,1046,28,Technology,504000,,,
oxt33W6bIBA,1509677,16065,75,UCOcnYBwT1jb6EHlS0cwhNkA,50 Cent - Topic,2018-07-31 16:49:04+00:00,248,10,Technology,94700,,,
QZz5kjQXPHY,813234,15478,151,UChvzFAyWyofbidb7Mh3WMZw,VMK Technical Power,2023-07-21 01:30:08+00:00,13,28,Technology,2730000,,,
wpFdRMtGEjo,105426029,103067,228,UCxnnnoj-F2VVuzMcqj3MkaA,TechLifeHub,2025-07-30 09:01:22+00:00,5,28,Technology,82200,,,
SMweQo060HA,118096,0,17,UCG23NDG1MY1Ahtok-41appA,Sigma Sintromind,2025-05-03 10:50:03+00:00,44,24,Technology,73600,,,
XOwxbB9X6aQ,13401938,612848,3685,UCXuqSBlHAE6Xw-yeJA0Tunw,Linus Tech Tips,2024-01-10 19:38:36+00:00,58,28,Technology,16700000,,,
X6Ov5bo16wc,2135467,120733,849,UCkhw0cDYnJPViJemGGJrOkg,Discoverling,2024-11-03 00:08:23+00:00,56,28,Technology,47200,,,
9VS-3GNJiO8,158034,5686,132,UCCiGY0qGJ6ArOh8FpwgmxJQ,ryan,2026-01-22 00:34:14+00:00,62,22,Technology,38800,,,
J5-Nk4FvDw0,5804122,207212,1051,UChFkZKCg1CwallTlI_MS4PA,Sajjad Soomro,2024-10-18 20:04:50+00:00,10,28,Technology,11600,,,
P-TANCVoHlc,6890366,349478,23552,UCTSRIY3GLFYIpkR2QwyeklA,Drew Gooden,2025-02-28 21:14:50+00:00,1562,23,Technology,4760000,,,
yOdTslFmmoA,6710803,164036,1169,UC7-PWJBq7yiStftsUqVsSqw,YeFacts,2024-09-06 16:02:44+00:00,22,27,Technology,770000,,,
BBntPSxgVIU,57612355,1199549,3599,UChvzFAyWyofbidb7Mh3WMZw,VMK Technical Power,2023-11-23 01:30:06+00:00,11,28,Technology,2730000,,,
mfTDrGk-Lto,73400332,228241,96,UCp_aIrK6UF41GZ0ZlvmtGVw,Tech.Explorer,2025-07-02 01:01:06+00:00,8,22,Technology,85400,,,
9sum1uJOQ1o,5041469,122406,4368,UCMiJRAwDNSNzuYeN2uWa0pA,Mrwhosetheboss,2025-12-30 12:54:41+00:00,1291,28,Technology,22200000,,,
P-C-YU4yMBA,782914,22168,290,UCML15nS7tyrKoQCvoALTrtA,Elliot Page,2026-01-19 15:23:46+00:00,78,26,Technology,836000,,,
gj9b1gFxMLc,32402124,0,2461,UCkTcJyPtzejDAUgvyzGn8tA,EXP W,2025-09-23 07:27:35+00:00,10,20,Technology,129000,,,
0hye4P9tPDo,9266,302,12,UCccExinXJkC9aQHROcCizaQ,ideal institute aligarh,2026-01-22 06:58:31+00:00,57,28,Technology,591000,,,
q6Y3cKMPtyU,665463,41583,3420,UCAL3JXZSzSm8AlZyD3nQdBA,Primitive Technology,2026-01-06 21:36:07+00:00,754,28,Technology,11000000,,,
n9-m0CIqAc4,501,7,0,UC-zx3tEi3t7JYCeR09f7Tpw,Technical chahal 1M,2026-01-23 06:52:35+00:00,79,28,Technology,625000,,,
cuy_a6ciK8s,17653077,19208,79,UCxnnnoj-F2VVuzMcqj3MkaA,TechLifeHub,2025-08-02 09:00:53+00:00,5,28,Technology,82200,,,
uKtCgmbRPlc,6670656,449969,4497,UCepBxbSrGZkgjgGJuY04c-Q,Professor Of How,2025-10-22 04:42:50+00:00,89,1,Technology,15000000,,,
TaUSsP_GeE8,255111,1091,47,UC9fSZHEh6XsRpX-xJc6lT3A,UrAvgConsumer,2026-01-16 18:20:26+00:00,689,28,Technology,3400000,,,
gIh36jb4vSs,37652,956,10,UCEe750_KM7hb3AcV0VFWXSA,Coma,2026-01-21 23:21:17+00:00,21,24,Technology,65300,,,
-055GvEU7f0,210233719,4073469,7188,UCGmuLwV0XD_uqL4wKZg4hgA,Immersed,2024-06-21 14:12:54+00:00,15,28,Technology,1540000,,,
mWDcH_TtLSk,888240,3489,5,UC5_zUBpbNA5XYpLl7QxKklQ,Magsi Shorts,2025-06-29 08:01:00+00:00,6,22,Technology,72400,,,
3J15SKNOQzU,12690,463,17,UCccExinXJkC9aQHROcCizaQ,ideal institute aligarh,2026-01-20 06:51:22+00:00,99,28,Technology,591000,,,
CCEV7misfEg,23786,1002,50,UC4dIZnrRZj7Rifj8_5r06Ow,Maddie and Nonna,2026-01-22 07:23:22+00:00,33,22,Technology,193000,,,
R539FPNAwes,620119,24747,2019,UCORX3Cl7ByidjEgzSCgv9Yw,Anastasi In Tech,2026-01-14 18:50:01+00:00,1215,27,Technology,423000,,,
chFzInQkAOM,21108,910,307,UC710HJmp-YgNbE5BnFBRoeg,GCN Tech,2026-01-22 17:04:52+00:00,2116,17,Technology,827000,,,
jN3f_cq5WQI,4962940,0,37720,UCcCjXTiKc-0wFKHI035VVzQ,v3 facts ,2024-10-11 08:00:36+00:00,31,27,Technology,699000,,,
0JjsyhkN9Jg,96539262,1415721,2631,UCUW_UaiGH6ct_iuswBRW7cA,Blaze4K,2025-09-13 15:49:19+00:00,58,24,Technology,2480000,,,
zn47dYvqHlA,1392508,69176,3568,UCXuqSBlHAE6Xw-yeJA0Tunw,Linus Tech Tips,2025-12-09 19:19:40+00:00,1280,28,Technology,16700000,,,
SrvtYHM_G00,33811669,1417238,41777,UCglXlpWjIi95auM3umWWLdw,Tech Master Shorts,2024-03-18 14:00:20+00:00,41,28,Technology,26500000,,,
oGe_PoYAjsg,11079,690,54,UCOm0k5bACPlp2ALyneIeEzQ,China Mallu Vlogs( ചൈനീസ് കാഴ്ചകൾ ),2026-01-22 13:04:54+00:00,38,22,Technology,108000,,,
z7do1hhb6fE,2671077,32420,8362,UCQXHTFnQYFTqN0MqmNh9EIA,BBC World Service,2025-02-07 00:00:46+00:00,427,28,Technology,1810000,,,
6CgINNm-zyE,13728382,102548,1977,UCq6WGTBoS9TCsmJ2WM1mNaw,DDR CREW,2025-05-10 00:30:11+00:00,268,24,Technology,184000,,,
8O036eqvpNI,6369693,51880,158,UCakSAR_crAk4P5DT6FsovwQ,mcm sanjay,2025-05-25 17:19:04+00:00,19,22,Technology,221000,,,
iiO7OXLfYuA,1151413,28307,84,UChvzFAyWyofbidb7Mh3WMZw,VMK Technical Power,2023-06-14 01:30:14+00:00,14,28,Technology,2730000,,,
Am0jSTDd58E,688431,18705,2297,UC8jkbVLPvztz8TuE98OYo8Q,fpt.,2025-12-24 04:21:26+00:00,339,28,Technology,585000,,,
BG63doF2g78,108096,3160,162,UCOmcA3f_RrH6b9NmcNa4tdg,CNET,2026-01-16 13:00:31+00:00,424,28,Technology,4060000,,,
6bSXorhy_eQ,4642762,47914,225,UCOvOXLATfCrOJmAYaO4mRBA,VFX HD,2022-08-15 01:22:05+00:00,12,1,Technology,9480000,,,
MEoDCBuKtqs,1026824,42874,2516,UCXuqSBlHAE6Xw-yeJA0Tunw,Linus Tech Tips,2025-10-28 18:03:02+00:00,1281,28,Technology,16700000,,,
cWKTL81IxFs,26519202,428416,503,UCGmuLwV0XD_uqL4wKZg4hgA,Immersed,2024-08-26 17:15:24+00:00,15,28,Technology,1540000,,,
5ZlM3yzotLY,20173836,460050,1405,UCFJW46vi9NiBePRa92C4oNQ,Vigyan Mitra,2025-06-07 14:30:03+00:00,51,28,Technology,1440000,,,
AgKSHkSoprU,3986756,61090,124,UC0q67aicXtATObB7WZV0Hcw,Aura Edt,2025-09-16 12:02:16+00:00,58,22,Technology,1900000,,,
IJWvYvCJ0os,897608,29036,1800,UCXuqSBlHAE6Xw-yeJA0Tunw,Linus Tech Tips,2025-12-31 17:57:40+00:00,627,28,Technology,16700000,,,
ZS9Rh_1sJjw,17060,223,36,UC16niRr50-MSBwiO3YDb3RA,BBC News,2026-01-18 10:16:15+00:00,339,25,Technology,19100000,,,
KYhsFxN3jNo,14472944,359295,3159,UCx1yYZtkdt9VQhZlR7I6--w,ProShorts 101,2024-05-12 09:44:02+00:00,60,22,Technology,828000,,,
AS1KdQ-EGs4,385687,15803,241,UCvpfclapgcuJo0M_x65pfRw,Beebom,2026-01-05 15:38:31+00:00,60,28,Technology,3490000,,,
UqJHfTkvVY4,1868650,65572,2731,UCAL3JXZSzSm8AlZyD3nQdBA,Primitive Technology,2025-11-06 21:13:21+00:00,1056,28,Technology,11000000,,,
L-AvfkRrNSY,8241,301,3,UCgsH7MPhGoRSurk5Ly5SrOA,Mission Market,2026-01-22 11:30:00+00:00,659,27,Technology,186000,,,
g2x0tLg6mzk,8524374,442426,1853,UCQGINbsakaZx6I5x3PwmWfA,On Road Indian,2025-01-25 10:28:54+00:00,24,19,Technology,407000,,,
RiVSG1edaBE,3782441,0,285,UCEGWWnTvwDC94_jn8xYQRkw,Fact Baazigar,2025-06-17 04:00:29+00:00,31,24,Technology,841000,,,
e0gzOU6O-jI,5611682,39071,3069,UC-SuHonAEkrikvs2oj7LLXg,Lifeder,2025-10-31 12:22:59+00:00,4224,22,Technology,619000,,,
ATScAdLli6M,57474080,65765,114,UCccI2aSgdQGB5dziALh9M8Q,McLarry,2025-07-18 08:18:15+00:00,6,22,Technology,19900,,,
frXoue9evqw,1017184,23489,1037,UCJVSs3f-sSMZcIV89Xs-R4A,Amit Tandon,2026-01-02 13:48:06+00:00,1081,23,Technology,1440000,,,
wZZf6LM3wAU,1055242,53808,5620,UCXuqSBlHAE6Xw-yeJA0Tunw,Linus Tech Tips,2026-01-17 17:23:47+00:00,1029,28,Technology,16700000,,,
68LwytImuPs,9424284,109670,3620,UCUuvZ0skL2WYZ3rhPMZbfdA,Brick Technology,2025-10-25 13:00:14+00:00,561,28,Technology,2500000,,,
DAX2_mPr9W8,2706896,129473,14790,UCy0tKL1T7wFoYcxCe0xjN6Q,Technology Connections,2025-11-04 18:07:43+00:00,2487,28,Technology,3030000,,,
ZStD-d5YPmA,54126013,316980,702,UCMR-u_ojfE9EdpzYJBzrHuA,MR SALMUDDIN,2025-06-22 06:18:11+00:00,11,23,Technology,5710000,,,
dtn4fayHD5U,16513231,899498,10625,UC9rMiEjNaCSsebs31MRDCRA,Stray Kids,2025-10-08 11:49:53+00:00,57,10,Technology,22800000,,,
1tTw3ubAXso,157490,3729,107,UC9fSZHEh6XsRpX-xJc6lT3A,UrAvgConsumer,2025-12-21 20:08:06+00:00,1480,28,Technology,3400000,,,
EB1N6285vIs,7220524,55242,1587,UCFz_pS9Mt-Bp9aGTvoHVjSQ,World's_Mysterious_Facts,2025-06-04 12:30:17+00:00,22,22,Technology,308000,,,
TcTL135v_ac,324014,21822,429,UCb-xXZ7ltTvrh9C6DgB9H-Q,Prasadtechintelugu,2026-01-10 12:30:46+00:00,725,28,Technology,5040000,,,
EaEjIoQnFXo,14929430,305245,7585,UCMiJRAwDNSNzuYeN2uWa0pA,Mrwhosetheboss,2023-01-10 13:04:45+00:00,1081,28,Technology,22200000,,,
6e0eyBjvNvU,13224179,350969,401,UCq30pSBD9tX6d5_xT5aNPoA,Tech Master,2025-08-23 10:48:54+00:00,71,28,Technology,5070000,,,
fjmFCfyn6Zg,6753810,0,127,UCGuieeNbdoWcmKXPDBEwevg,Ks world facts ,2025-05-02 09:40:28+00:00,42,27,Technology,141000,,,
J3f3qZ3Jdvg,16199108,0,782,UCVn7UJr1UaB-eOzftQTfirg,Jimy Project,2025-05-05 10:00:35+00:00,45,22,Technology,2610000,,,
pYAErvM3XVc,46781,486,64,UCAPHsK1p8ACoaK-Br3nZaqw,Patrick Rambles,2026-01-15 14:01:37+00:00,1037,28,Technology,232000,,,
6Q8ugnWU9qc,23673364,694434,9284,UCy32E1WycOEwPf9bGA7X6WA,ItsDoom Editz,2024-10-20 15:31:26+00:00,41,22,Technology,744000,,,
Gcz-h4jHMbc,1124808,46521,2749,UC8-Th83bH_thdKZDJCrn88g,The Tonight Show Starring Jimmy Fallon,2026-01-16 05:08:00+00:00,542,23,Technology,33400000,,,
6Zl9ZpTGCjQ,1110175,25366,1851,UCs2OxMwEr0MWa4lYpotwwtQ,Timat Majhi Creation ,2025-08-24 02:00:18+00:00,247,10,Technology,83600,,,
NawU4QnmlrM,4588912,59945,4596,UCQ4lJJ8IcgycVm1FFYnkCIQ,RioX,2025-04-21 14:18:07+00:00,100,10,Technology,988000,,,
fepKQej1DH0,5758141,116786,4797,UCMiJRAwDNSNzuYeN2uWa0pA,Mrwhosetheboss,2025-06-06 13:36:27+00:00,2165,28,Technology,22200000,,,
h8_-kUi6pd0,56712,1729,252,UCzIO0iX4yKW2P4NkmmKq1PA,9to5Google,2026-01-20 16:45:05+00:00,488,28,Technology,391000,,,
jUHm8xz3Qto,264231,7850,191,UC2L7vR43LKuBXXV2AentEMw,Luke's English Podcast,2025-07-28 12:01:18+00:00,6817,27,Technology,1710000,,,
T-mqg0w5O30,6025777,0,106,UCPkqxAYERgOelFbkinB3yyQ,Factition,2024-03-31 18:25:00+00:00,18,28,Technology,433000,,,
ZLOhiGZZhVs,9431256,351256,4465,UCFJW46vi9NiBePRa92C4oNQ,Vigyan Mitra,2024-09-15 14:30:19+00:00,52,28,Technology,1440000,,,
m9mCqZ7tmUg,404659,8371,211,UCqjVP9gAanUGFgTA5BRDvyA,HowToMen,2026-01-10 14:01:18+00:00,1794,26,Technology,868000,,,
#NAME?,148604,5741,220,UCCiGY0qGJ6ArOh8FpwgmxJQ,ryan,2026-01-19 20:29:22+00:00,70,22,Technology,38800,,,
F8rJmVHstkU,1256421,14914,292,UC4JUzmhmiGmPl7uzLpzODyw,Loku,2022-11-27 07:51:35+00:00,280,24,Technology,3120000,,,
f-FyMY1LMwI,247457,2998,124,UCUTF61UNExRdjmoK5mXwWfQ,AI Uncovered,2025-10-21 09:52:34+00:00,783,28,Technology,232000,,,
x52ifpQx1P4,7320,135,45,UCZFMm1mMw0F81Z37aaEzTUA,NDTV,2026-01-22 17:00:06+00:00,545,25,Technology,15500000,,,
a_5btLCRR24,2684873,30043,649,UC5yHbiSKzETyX9BL1HgNerg,The Real G Music TV,2016-06-25 15:34:29+00:00,249,10,Technology,307000,,,
SmhLAaEi6xo,146401,5604,671,UCJPiFZP2Exfienos5SfskjA,Sean Munger,2025-12-19 20:00:22+00:00,11036,27,Technology,204000,,,
QueXyYRrpFY,270771,1207,12,UC5ISnRNquOloCB0thVYC9dQ,Khalid pattern,2025-07-01 06:02:23+00:00,12,23,Technology,10300,,,
Oa0ZHfcalCM,2247975,36219,1198,UCQXHTFnQYFTqN0MqmNh9EIA,BBC World Service,2024-08-10 11:00:31+00:00,1548,28,Technology,1810000,,,
iFECvPOTTgM,1027962,22144,1174,UCXUJJNoP1QupwsYIWFXmsZg,Tech Burner,2025-12-24 16:43:51+00:00,805,28,Technology,12500000,,,
Wb4o5iVAF6Q,4523,100,5,UCrM7B7SL_g1edFOnmj-SDKg,Bloomberg Technology,2026-01-21 23:08:42+00:00,3185,25,Technology,714000,,,
dD3r2UkmJtg,20627645,674093,665,UCLverqV6G5MER0YXM4LienQ,Vigyan Recharge,2024-06-01 06:38:20+00:00,19,24,Technology,4360000,,,
t5oSxg5iG44,611029,17207,3949,UCsDx-8h0RVF2yEzNk3uDEzg,Jay and Karolina,2025-12-15 13:38:37+00:00,2934,19,Technology,219000,,,
mM-y617OaK8,102023930,1303007,1418,UCOvOXLATfCrOJmAYaO4mRBA,VFX HD,2022-07-15 02:28:29+00:00,13,1,Technology,9480000,,,
_VoHJbQjKDM,229242,13542,1233,UC1tVU8H153ZFO9eRsxdJlhA,Technology Gyan,2025-12-31 14:50:28+00:00,1055,28,Technology,15800000,,,
MmgRnR0hGN8,213981,1348,76,UCPrfNyL7yN-15Q6Eu7UYkOA,TechTrends,2025-07-26 12:33:28+00:00,1367,26,Technology,71300,,,
ax6bUF_8txM,3398576,5418,0,UCAJnyTWJPpKXuwgWQDdNWrQ,Netflix Jr.,2020-07-12 14:00:02+00:00,445,27,Technology,24900000,,,
ZEwwAH7fI_o,350,5,0,UCcd6fUjnGLfJryCuXJdFNMA,Sugar Mill Engineer Official ,2026-01-23 08:19:19+00:00,22,28,Technology,7760,,,
0_Gp86bvGmQ,5073669,135100,3907,UCMiJRAwDNSNzuYeN2uWa0pA,Mrwhosetheboss,2025-08-24 09:35:21+00:00,1752,28,Technology,22200000,,,
nViL4vNEmrg,522257,19102,2277,UCd6vEDS3SOhWbXZrxbrf_bw,SAMTIME,2026-01-09 17:43:11+00:00,354,23,Technology,555000,,,
vQPARjkFgoM,36732,216,0,UCqSSQZrU5utAF-xdMtjf2OA,Informative OF World ,2026-01-22 00:30:26+00:00,6,28,Technology,6730,,,
F3dNm7WIufY,299965,2773,282,UCxqG_E-68WAE0TWYfIopv6Q,Digifix,2025-07-05 17:14:00+00:00,31,28,Technology,139000,,,
aA4fDksOdyU,220003,2549,298,UCzsHYjHL1dZ4_3-DxgrOQOw,Agriculture Insight,2025-11-29 14:03:51+00:00,3053,22,Technology,193000,,,
4RcThoRG46c,10048989,235975,6682,UCMiJRAwDNSNzuYeN2uWa0pA,Mrwhosetheboss,2024-10-05 10:52:18+00:00,1635,28,Technology,22200000,,,
cDC-aloZLuk,18914408,889968,6453,UCglXlpWjIi95auM3umWWLdw,Tech Master Shorts,2026-01-14 08:15:11+00:00,46,28,Technology,26500000,,,
rmiB2NnXgPU,1353867,39690,2129,UCXuqSBlHAE6Xw-yeJA0Tunw,Linus Tech Tips,2026-01-06 14:00:08+00:00,1012,28,Technology,16700000,,,
ml0SZEECaXU,5804311,53667,73,UChcrnozAIWxoFaIYC3Z_gAg,Sagar Editor 4k ,2025-06-20 03:33:40+00:00,23,24,Technology,29500,,,
w7aWcTwe9VU,1926755,35855,1163,UCUuvZ0skL2WYZ3rhPMZbfdA,Brick Technology,2026-01-17 14:01:41+00:00,681,28,Technology,2500000,,,
LbApn6IvyFw,46468,522,75,UCEAZeUIeJs0IjQiqTCdVSIg,Yahoo Finance,2026-01-06 12:00:06+00:00,963,25,Technology,1480000,,,
UlCIc17u2ec,3444011,0,85,UCXbv3qLKS0B63kakKcc8E0g,FactsZilla,2024-09-29 13:35:40+00:00,19,27,Technology,6120000,,,
bukk_V-EDYg,10239349,73802,101,UCakSAR_crAk4P5DT6FsovwQ,mcm sanjay,2025-03-18 16:09:34+00:00,22,22,Technology,221000,,,
6d8MQZk0SRA,6782987,9660,93,UC5kFbvtk9SoClM88R4-EmIA,Tech Online Show,2026-01-15 14:48:23+00:00,5,22,Technology,2140000,,,
KsMrJUumOe0,24355,307,16,UC8c_4rab9mvvh_POMWV1Zdw,Technology Now,2026-01-04 19:30:03+00:00,458,28,Technology,7300,,,
VHSYqY-YHpc,59500,429,27,UChDKyKQ59fYz3JO2fl0Z6sg,TODAY,2026-01-12 14:51:31+00:00,333,25,Technology,4950000,,,
Aytf6ARcs8s,1474493,79583,6161,UCy0tKL1T7wFoYcxCe0xjN6Q,Technology Connections,2025-10-01 15:23:12+00:00,2507,28,Technology,3030000,,,
mChqRhQOvJ0,29782415,419967,642,UCakSAR_crAk4P5DT6FsovwQ,mcm sanjay,2025-04-13 16:35:44+00:00,17,22,Technology,221000,,,
x6rKqrDUvzQ,542,14,0,UCwyE8KYLB_92n-EH9Ccb0qQ,Saran Ka Gaurav ,2026-01-23 03:50:00+00:00,32,28,Technology,113,,,
lJoJsyDiRKQ,61172525,1066920,723,UCvo2tOQ0yDJLFRi7QAt58yA,MostTechy Shorts,2024-11-01 08:06:23+00:00,53,28,Technology,6410000,,,
I8oMcMlItpU,5473029,86938,1596,UCr-4TcDYvJis3_Pgzyvwvag,Sunep Lemtur,2020-08-23 08:30:13+00:00,291,22,Technology,278000,,,
cuMopkwv88E,3193,169,66,UCtvBX9zAk-bxzhAyMLyEIkg,The Red & Black Report,2026-01-22 18:12:42+00:00,724,17,Technology,15200,,,
gd2-gq84BP4,182035,1653,89,UCu8luTDe_Xxd2ahAXsCWX5g,PRO ROBOTS,2025-10-28 18:21:57+00:00,1369,28,Technology,361000,,,
#NAME?,108803,504,40,UCUq3Rn72jfQ-86CaCxj7XzA,Created Tech,2026-01-10 08:58:47+00:00,1235,28,Technology,285000,,,
KFT3sUU6RHg,1066891,2969,0,UCpM3JS2OolDneqp04flQP1g,Women Tractor ,2025-07-09 06:44:24+00:00,6,22,Technology,61600,,,
wrJsExM8D-o,5093642,39275,2276,UCsN32BtMd0IoByjJRNF12cw,60 Minutes,2024-05-26 11:00:42+00:00,17150,28,Technology,3980000,,,
dxWb1Vd9aq8,1303553,8532,396,UC6H07z6zAwbHRl4Lbl0GSsw,TechZone,2024-07-14 13:00:56+00:00,1210,22,Technology,4770000,,,
u-4omutbbh8,244955,2117,101,UCUTF61UNExRdjmoK5mXwWfQ,AI Uncovered,2025-11-17 18:21:12+00:00,810,28,Technology,232000,,,
mMDcPgodLLM,304800,9419,301,UCXUJJNoP1QupwsYIWFXmsZg,Tech Burner,2026-01-19 14:07:54+00:00,748,28,Technology,12500000,,,
x9z-eDb7w5Y,82250,2755,175,UCP0ok1nSEenuz-e_ulNAJjg,ProducerMichael,2026-01-20 16:00:00+00:00,781,24,Technology,1840000,,,
zG43jwJTCgc,6274831,114315,1290,UCLverqV6G5MER0YXM4LienQ,Vigyan Recharge,2025-08-27 07:57:23+00:00,22,27,Technology,4360000,,,
RNngaJHv1ok,4524370,29204,300,UCnLYUpooKp48nenEoGLokbg,Azlan Technical ,2025-10-26 04:22:11+00:00,8,22,Technology,4800,,,
KiAiNLoiGoM,95269,1535,59,UCUTF61UNExRdjmoK5mXwWfQ,AI Uncovered,2025-11-28 21:01:18+00:00,801,28,Technology,232000,,,
E6oJ4t8dV4s,156851,1224,332,UC0QRG-gMqHhF5-BPdmJfs1w,TT Technology,2026-01-11 17:00:31+00:00,534,28,Technology,668000,,,
ktuyDHP_gOQ,37780,675,90,UCtdowDqHNtzfJvN7Vw33dHw,The Laughing Lion,2026-01-11 00:31:57+00:00,2290,28,Technology,306000,,,
v3HgkP_E62E,64583,608,36,UCe3qdG0A_gr-sEdat5y2twQ,CA Rachana Phadke Ranade,2026-01-20 13:10:36+00:00,734,27,Technology,5350000,,,
67_n4FASeDU,624099,22935,1074,UCEPL07qzVsOcHd3sMUws65g,Trakin Tech,2026-01-05 07:32:35+00:00,520,28,Technology,15400000,,,
48C8dVFOXLs,836812,40694,3380,UC1tVU8H153ZFO9eRsxdJlhA,Technology Gyan,2025-12-09 15:18:29+00:00,921,28,Technology,15800000,,,
5lgQfOEovPU,19480,274,27,UCzsHYjHL1dZ4_3-DxgrOQOw,Agriculture Insight,2026-01-11 23:20:57+00:00,3021,22,Technology,193000,,,
ey0T2BSPIu4,2876,136,4,UCdlWLaui6KoOtp60b3S40-A,TECH AUTOMOTIVE BY SHINU,2026-01-22 13:10:01+00:00,52,22,Technology,40400,,,
wXe0iuSET40,23699,341,1,UCOeKcrIrujq1jqIx3kvLh9A,Zaidan Elektro Kebumen,2026-01-22 14:41:12+00:00,14,28,Technology,66700,,,
NGe0f_4E0S0,31086878,178928,2898,UCUuvZ0skL2WYZ3rhPMZbfdA,Brick Technology,2023-12-23 14:57:54+00:00,684,28,Technology,2500000,,,
wjyi2e0hn_Y,7916972,81702,2779,UCUuvZ0skL2WYZ3rhPMZbfdA,Brick Technology,2025-06-14 13:01:43+00:00,482,28,Technology,2500000,,,
hz6oys4Eem4,8244329,203532,14702,UCBJycsmduvYEL83R_U4JriQ,Marques Brownlee,2025-03-29 02:41:29+00:00,1012,28,Technology,20700000,,,
tMHKs4LmU98,146457768,0,2803,UC_mMUTwUiJ36s22pvSZjqlA,Bantu Troll ,2025-07-06 00:30:56+00:00,51,24,Technology,309000,,,
XD4jvdjAMA8,3493875,62495,3695,UCAL3JXZSzSm8AlZyD3nQdBA,Primitive Technology,2025-09-04 22:15:26+00:00,1333,28,Technology,11000000,,,
DA2UbsgmPoU,8162,76,2,UC4_lf22jbZW-vKlDvQWTERg,Dhoni Dheena,2026-01-23 03:29:07+00:00,18,20,Technology,174000,,,
uUdDQSb5Jqo,75036,949,33,UCUTF61UNExRdjmoK5mXwWfQ,AI Uncovered,2025-12-11 18:26:26+00:00,782,28,Technology,232000,,,
ov5ysBbVMNo,111444,727,6,UC-zx3tEi3t7JYCeR09f7Tpw,Technical chahal 1M,2025-10-20 03:20:38+00:00,36,28,Technology,625000,,,
_kffXspx2FE,14024,28,0,UCqhSfrUsPxLtqKdBhRCn2jg,AbhishekGupta9,2026-01-20 08:58:58+00:00,9,22,Technology,529,,,
Ny6_i2vqbro,13411694,300577,1022,UC3N52pHzgAh6vP7xpeBd-IA,Mahadev Tyagi 2.0,2026-01-17 07:30:11+00:00,53,22,Technology,10100,,,
FN_O6lpybq0,43989,213,34,UCja8sZ2T4ylIqjggA1Zuukg,CBS Sports,2026-01-20 21:36:15+00:00,526,17,Technology,1150000,,,
8tPOsrclzgA,47745,676,6,UC18m4uAsXBsKkFvmXOfCpgQ,NextoolX,2025-12-18 14:27:48+00:00,537,28,Technology,36500,,,
oMmpC1tef4c,6809990,148409,7335,UCMiJRAwDNSNzuYeN2uWa0pA,Mrwhosetheboss,2025-11-09 11:12:12+00:00,1023,28,Technology,22200000,,,
aACp252xx9g,1711708,16898,1150,UCCsREoj8rSRkEvxWqxr74rQ,Cybernews,2026-01-07 17:15:00+00:00,737,28,Technology,828000,,,
uPzuDA735ww,85388,1120,0,UC5MhII18uFfZIG384SBjIMg,Discovered Files,2025-12-23 19:11:22+00:00,1329,24,Technology,251000,,,
yCjkAFsq60M,21119813,23826,21,UC5kFbvtk9SoClM88R4-EmIA,Tech Online Show,2025-12-25 06:36:11+00:00,5,22,Technology,2140000,,,
E8TqL71kJv0,9250016,76955,0,UCrmEFai6lDeYhEjmnpYpRyQ,Dharshu,2025-05-19 13:14:51+00:00,12,22,Technology,7610,,,
07d-0QxVGOM,333260,5870,414,UC0oI44ZUVCqq4meNOOaKPTQ,SpawnPoiint,2026-01-09 16:19:07+00:00,655,28,Technology,1200000,,,
Uu82-ELRdFM,982457,1002,1,UC5kFbvtk9SoClM88R4-EmIA,Tech Online Show,2026-01-18 20:49:36+00:00,5,22,Technology,2140000,,,
eQrTFEFbGv8,20091961,95866,5352,UCq4qiifOaFGW3a2oljSfxUg,Half-Asleep Chris,2024-07-20 16:00:37+00:00,482,22,Technology,4290000,,,
Q-LIDV1_RAo,1001007,25489,912,UCq30pSBD9tX6d5_xT5aNPoA,Tech Master,2025-12-20 02:51:43+00:00,753,28,Technology,5070000,,,
v9xD0UJCxII,369619,20274,960,UC1tVU8H153ZFO9eRsxdJlhA,Technology Gyan,2026-01-08 13:42:34+00:00,707,28,Technology,15800000,,,
ms8uu0zeU88,1973618,83127,6180,UCy0tKL1T7wFoYcxCe0xjN6Q,Technology Connections,2025-10-08 15:43:33+00:00,2080,28,Technology,3030000,,,
JqXTKtzZyzA,3475,121,2,UCfsYcB_KWiMUHhsP9FOCe6w,Vikas Pal,2026-01-22 09:40:02+00:00,42,28,Technology,48500,,,
V7t_00Ec3MI,8671,158,11,UChYs-_zjKRYhdMddjx-NPLw,Singh in USA,2026-01-11 09:05:12+00:00,791,28,Technology,1190000,,,
VyUzyvYtM3A,367444,1890,18,UCpblJbkJPDO-TQL9c_a1OPg, 𝐃𝐣 𝐀𝐛𝐡𝐢𝐬𝐡𝐞𝐤 𝐆𝐰𝐚𝐥𝐢𝐨𝐫,2025-05-27 08:22:03+00:00,29,2,Technology,3730,,,
73O_Saj0Law,403652,19914,897,UC1tVU8H153ZFO9eRsxdJlhA,Technology Gyan,2026-01-08 07:25:47+00:00,943,28,Technology,15800000,,,
K7mNftI-hRE,62984,0,5,UCpblJbkJPDO-TQL9c_a1OPg, 𝐃𝐣 𝐀𝐛𝐡𝐢𝐬𝐡𝐞𝐤 𝐆𝐰𝐚𝐥𝐢𝐨𝐫,2025-06-06 16:22:20+00:00,30,2,Technology,3730,,,
tn_LSdehnAQ,54969,2290,105,UChpleBmo18P08aKCIgti38g,Matt Wolfe,2026-01-15 02:43:24+00:00,931,28,Technology,887000,,,
AochjStE_z4,189873,703,0,UCEgUgYCo3sNS5OQc1jnP5RQ,MUKESH YADAV,2026-01-17 07:04:30+00:00,14,22,Technology,20300,,,
7HeIJxJ77SI,23139,173,1,UCHg5YSsWMajbHHga3lcXywg,The magic project,2026-01-21 08:43:40+00:00,9,28,Technology,398000,,,
Wzm2mNWT_ZI,74722,699,29,UCPfnL2nnmTuU9erySyOCA8g,AI Unpack,2025-12-04 16:00:07+00:00,864,28,Technology,6120,,,
y8o7qkmiDso,1151858,48245,3244,UCAL3JXZSzSm8AlZyD3nQdBA,Primitive Technology,2025-10-02 21:19:36+00:00,1184,28,Technology,11000000,,,
kE-IJLXd4ZI,326731,3679,404,UCGBO6EahCqQSyXIws1MQdDg,Future Business Tech,2025-06-21 13:01:31+00:00,2188,28,Technology,155000,,,
GevW8L3D3MQ,395739,12277,78,UCz6ZXddnE4jSN1u_vwvQmxw,Phone Zone 2.0,2025-08-14 04:29:32+00:00,46,28,Technology,2600,,,
WKsELvH_5hg,2056828,58796,2496,UCXUJJNoP1QupwsYIWFXmsZg,Tech Burner,2025-10-01 16:21:30+00:00,836,28,Technology,12500000,,,
pIPPJXBXkO0,10741032,107785,1339,UC1PVTltsoTsYv4BJZpOT0dA,Chetangate 2.0,2025-12-30 14:55:42+00:00,15,24,Technology,1360,,,
cSkyeczhFQo,104004,2238,33,UCccExinXJkC9aQHROcCizaQ,ideal institute aligarh,2026-01-10 09:29:11+00:00,58,28,Technology,591000,,,
2YqWbaRPkEA,307632,13565,501,UCb-xXZ7ltTvrh9C6DgB9H-Q,Prasadtechintelugu,2026-01-08 14:30:04+00:00,638,28,Technology,5040000,,,
97kwvZ54jH0,53201,2601,401,UCOxunK6tceeSBaNsBXBEWZg,Tech With Yesh Telugu,2025-11-10 12:30:21+00:00,502,28,Technology,16900,,,
0HwU9vyZiGw,1362329,1564,1,UC5kFbvtk9SoClM88R4-EmIA,Tech Online Show,2026-01-08 06:14:49+00:00,5,22,Technology,2140000,,,
K105xluiB8s,5177296,14308,233,UC1v9Z1WjiRl4b-WBWGOzsJg,WOW Tech,2024-03-29 09:59:37+00:00,1221,24,Technology,333000,,,
xjz2pQ_kqHc,207788,3670,226,UCaFGDBmGK_jw66u3av2Ysjw,MacRumors,2026-01-05 15:58:22+00:00,552,28,Technology,630000,,,
BTe5reYmNig,11915409,209914,6411,UCMiJRAwDNSNzuYeN2uWa0pA,Mrwhosetheboss,2022-12-11 10:49:38+00:00,884,28,Technology,22200000,,,
PgVQYTIV_nY,29952,1152,108,UCt-Zwf8TON73Wtz21R8DgAg,Nano Records,2025-10-10 19:00:07+00:00,5595,10,Technology,156000,,,
cFJ_iTEfAJw,71995,730,25,UCzmwnZ_ZElg6kuE6e5QS4pg,Brian Tong,2026-01-10 07:03:59+00:00,571,28,Technology,351000,,,
SV8bVo-XIzs,12517,47,0,UC854-_5L1k6eE5gVvmcwD6g,Anuj Reaction,2026-01-22 11:28:32+00:00,17,24,Technology,4600,,,
4l3EVNUlS2U,19775,33,1,UC5kFbvtk9SoClM88R4-EmIA,Tech Online Show,2026-01-23 05:07:37+00:00,5,22,Technology,2140000,,,
H0d5jrvV1rQ,190936,3194,20,UCigJw_Btwy4AxvyieXGIeuQ,TECH MINE,2026-01-06 18:25:00+00:00,29,28,Technology,6380,,,
#NAME?,29897,0,2,UCAnUCptKa5btEzfpaepOpLw,Ayansh Thailiya,2026-01-20 13:38:00+00:00,126,27,Technology,13100,,,
ozGBUaOqpkk,567882,4119,29,UChLbJuh8hJoKpLSCEjCX-Jg,Invention Tech Shorts,2025-12-14 04:58:51+00:00,864,28,Technology,16600,,,
eTrkZAeAMOI,31424,272,0,UC4_lf22jbZW-vKlDvQWTERg,Dhoni Dheena,2026-01-21 11:34:39+00:00,32,20,Technology,174000,,,
iDZ2hkxvxIQ,1355,33,3,UCE0KFSpyw-LP_nXGdujZtnQ,GamingVlogs Nikhil,2026-01-22 14:14:12+00:00,100,20,Technology,20100,,,
PIFmBv7fGVw,616383,20497,725,UCEPL07qzVsOcHd3sMUws65g,Trakin Tech,2026-01-15 06:01:47+00:00,483,28,Technology,15400000,,,
9XUWveYAa-k,15554,89,11,UC7Wy-UuuwOqHxu4JeVWVX4g,Steve DOES,2026-01-21 14:00:17+00:00,285,28,Technology,432000,,,
jC0ReUmjwsQ,3093489,8744,20,UCiqmTQTG62wlmmdzAqxTWHQ,AK 111 music ,2025-05-28 10:40:00+00:00,5,10,Technology,13000,,,
BM8odmKmj2c,310783,8713,104,UCtu_QzoqdLjRt3Nmqe7aeqg,TechSci Guy,2025-12-27 14:58:00+00:00,80,28,Technology,1790000,,,
Fd57NOavMWs,13468383,257945,8816,UCMiJRAwDNSNzuYeN2uWa0pA,Mrwhosetheboss,2024-05-17 16:08:21+00:00,2891,28,Technology,22200000,,,
EOTXs6r0Msc,134068,3965,7,UChL9x-Q75LCuYHIFRDT_T1A,Irfan's View - 2,2026-01-20 05:30:08+00:00,25,22,Technology,1400000,,,
dpjvRKSJevo,1303670,5350,75,UCyJTvpkcKCIz1wqxpzNhiYA,Ultra Factory TV,2025-12-04 16:39:01+00:00,393,28,Technology,6610,,,
fUuKiUpadUs,697495,28493,1640,UC1tVU8H153ZFO9eRsxdJlhA,Technology Gyan,2025-12-07 15:03:20+00:00,691,28,Technology,15800000,,,
7bjJ6lKmIog,939109,21550,2110,UCdBK94H6oZT2Q7l0-b0xmMg,ShortCircuit,2025-10-28 21:02:00+00:00,1215,28,Technology,2530000,,,
jrc2l3XdqJY,132291,2117,461,UCX7TbTCz71eh-FMzJNP7FCw,Fox Business Clips,2026-01-09 02:30:49+00:00,360,25,Technology,65700,,,
j4M47qLTeJ4,6759570,196768,6794,UCMiJRAwDNSNzuYeN2uWa0pA,Mrwhosetheboss,2024-06-12 11:41:07+00:00,1087,28,Technology,22200000,,,
74GPI45oUDk,691406,10629,585,UCddiUEpeqJcYeBxX1IVBKvQ,The Verge,2026-01-09 19:34:55+00:00,1092,28,Technology,3490000,,,
ydm_wlmA_j4,22993683,30042,259,UC5kFbvtk9SoClM88R4-EmIA,Tech Online Show,2025-12-27 10:10:17+00:00,5,22,Technology,2140000,,,
8MhFtfGUhJ8,847061,930,2,UC5kFbvtk9SoClM88R4-EmIA,Tech Online Show,2026-01-18 20:05:59+00:00,5,22,Technology,2140000,,,
whlHso3O2gM,452055,17095,569,UCEPL07qzVsOcHd3sMUws65g,Trakin Tech,2026-01-02 13:21:51+00:00,595,28,Technology,15400000,,,
M8_vxvXkf74,52779,2991,137,UCs2OxMwEr0MWa4lYpotwwtQ,Timat Majhi Creation ,2025-08-19 02:47:11+00:00,62,10,Technology,83600,,,
Fb-3wD-nDpM,20528343,0,337,UCVqI2QpteQwPCpIp0KKi0Tw,Rich Baba,2024-07-16 07:28:40+00:00,23,23,Technology,628000,,,
FmKe7MyPNx8,3419029,74856,2989,UC00ifCvU8YOOzbL3RdiSTDw,GetsetflySCIENCE by Gaurav Thakur,2025-01-14 15:04:54+00:00,1600,28,Technology,9690000,,,
jgMgOyhEqKk,385,147,2,UCikfuTGYke6I9CRx9rK5HGQ,Money Mode,2026-01-23 06:34:25+00:00,411,28,Finance,263000,,,
SiSUQExeSs4,4629071,195607,462,UCjNmQ6frYwP0WDE7GJrn_WA,Imran | The Finance Engineer,2025-08-11 16:00:53+00:00,74,24,Finance,463000,,,
9XGSFkZR4Lk,5765,249,34,UCRK5xmIi8kuLUduTE3Ti7lw,Share Market Analysis,2026-01-22 16:55:01+00:00,430,27,Finance,325000,,,
jel4g9ci1C0,5353974,71668,253,UC6rM1UG3BE6_x3sqAuA-qMA,TOGI,2025-08-05 19:30:56+00:00,16,24,Finance,39300,,,
A9Xq3FGjpZA,1236781,52622,882,UCbrSe4uBIeqJweOYnJAOsrw,EverythingProfessor,2025-08-08 06:45:56+00:00,734,24,Finance,259000,,,
JgSRu6rzrkE,2480,49,5,UCw-kH-Od73XDAt7qtH9uBYA,World Economic Forum,2026-01-22 20:59:13+00:00,3024,24,Finance,1030000,,,
ozidb2qS1R8,1195362,21511,2034,UCZo9cR4Wnirt_Lnv0Uulopw,Davy Yap,2025-10-02 00:36:35+00:00,28,22,Finance,7550,,,
bbnfSNW7S3A,3095566,223181,227,UCPgfM-dk3XAb4T3DtT6Nwsw,CA Rahul Malodia,2025-01-20 14:00:44+00:00,59,27,Finance,6910000,,,
uJCeQq_c8vM,14155573,119365,1469,UC4qtVl1kpaKhNPd_AgeS5Dw,Real Deal Futures,2025-09-13 14:30:50+00:00,20,24,Finance,14100,,,
oZbbdAYZJcU,5635009,317885,3185,UCjNmQ6frYwP0WDE7GJrn_WA,Imran | The Finance Engineer,2025-08-29 21:44:24+00:00,107,24,Finance,463000,,,
2RShNxa_4a8,2629852,75289,1015,UC9xafGPnAr0hxZ_bYMp1JsQ,Chris Kohler,2025-06-03 20:10:42+00:00,43,22,Finance,475000,,,
EJHPltmAULA,1927058,47240,574,UC8butISFwT-Wl7EV0hUK0BQ,freeCodeCamp.org,2023-09-12 12:33:23+00:00,5888,27,Finance,11400000,,,
Lf0_BibivEM,7798,0,122,UCN4W2YVUvAJehS9qFhWcmow,Ritik Loot,2026-01-22 03:15:04+00:00,614,22,Finance,220000,,,
qVPXrtzNPSY,379893,10074,65,UCoO1dS6Eml7VwK8eIc64Lwg,The Kitab Official,2024-09-28 12:37:02+00:00,13,22,Finance,64700,,,
KeXFYX-NLAI,2041818,61896,682,UC9xafGPnAr0hxZ_bYMp1JsQ,Chris Kohler,2024-05-01 04:07:21+00:00,39,22,Finance,475000,,,
vKuK8AVL-1o,11269339,298972,647,UCjNmQ6frYwP0WDE7GJrn_WA,Imran | The Finance Engineer,2025-03-28 16:01:18+00:00,68,24,Finance,463000,,,
z1r1DF5OgqA,28992593,1226702,2377,UCPk2s5c4R_d-EUUNvFFODoA,Gohar Khan,2024-11-12 22:35:44+00:00,37,27,Finance,7330000,,,
zX5rfTu_XAE,9785517,133946,1871,UCf0NAapm-ZagiOQ4PXP64LQ,Mindception - Empowering Your Mind,2025-06-10 14:30:43+00:00,59,24,Finance,245000,,,
mgcesUk10QM,58062265,420235,13657,UCBQMWMTmYTswX1I4174gAOg,Pellet Drum Productions,2025-11-11 13:30:19+00:00,202,10,Finance,1450000,,,
BiCGxxqOm2E,530718,2017,10,UCHZUr583uEIeCzu_PJTcbtw,Taxsec,2023-08-22 07:30:21+00:00,7,27,Finance,1940,,,
V-t3L1lX6cM,1230199,23334,358,UC4pBKoDu_CfLolhY91yniwg,Salim_mobile_smw,2024-07-29 04:53:57+00:00,24,24,Finance,17800,,,
7NwNp-XGbGU,3750856,188881,418,UCO5Lttt9e6Kz0rmtEL7vuLA,Anushka Rathod Finance,2023-05-24 13:00:12+00:00,60,22,Finance,732000,,,
HSH-XP9psD8,5031,352,58,UCBgSYKecvKphaiFK-EWfJWw,SpotLight,2026-01-21 12:21:56+00:00,1467,27,Finance,17400,,,
T7gAeoz3An8,22532,1920,116,UCfxZbVW4Vfl5wpXdgMHm7Sw,Talks With Rochit,2025-09-02 14:00:57+00:00,90,22,Finance,503000,,,
kzfuj8ACBig,217688168,699892,233,UCmBcV0lRSo0wkvowPSF9eJQ,Excited Bro,2025-03-29 07:20:00+00:00,5,24,Entertainment,10400000,,,
7r7iFWtLAvE,4886720,275932,631,UCiqWGbfsJ3UZDk9s3cZXHHQ,Shiva_entertainment,2025-01-05 09:12:25+00:00,60,23,Entertainment,2350000,,,
ZPnoDXa9mI4,1607685,11933,0,UC75ucSgjIz8vTIpi1tLIcwA,Suara ASMR,2025-02-28 15:30:12+00:00,15,22,Entertainment,197000,,,
3y8l4hxsZNY,662295,3838,8,UCIRdfiaKwBkBXmcjKwbMwgA,MrTeju,2025-06-23 06:30:01+00:00,8,24,Entertainment,2620000,,,
ooNepQlgj28,160608856,410056,173,UCNuG5QidepVff-YzVcqmr6Q,BiBoBen,2025-03-23 09:15:04+00:00,5,24,Entertainment,2060000,,,
yfEPN8jWLDE,2393915,208869,9270,UCXqV4yoyC_mmZye6VbKFPeQ,Mob Entertainment,2026-01-21 19:55:35+00:00,149,20,Entertainment,4310000,,,
e-45s_Nravk,84535,2680,3,UCSPy6VAHbkR5TeIGthkMJdw,MONEY_TALKS,2026-01-20 15:01:23+00:00,38,27,Finance,584000,,,
Z88HO7muUrU,23624,633,130,UC9vUu4vlIlMC0dHQCTvQPbg,The Money Guy Show,2026-01-23 14:00:06+00:00,1974,22,Finance,637000,,,
5pCfVr9IkJw,316053,26186,159,UCPgfM-dk3XAb4T3DtT6Nwsw,CA Rahul Malodia,2025-07-27 13:30:05+00:00,85,27,Finance,6910000,,,
_jT0NxXtCb4,128265,4655,123,UClMb5rf0u2zhqxG6VNSI3Mg,Selah Joy,2026-01-23 19:32:55+00:00,61,22,Finance,174000,,,
nJfM24iEIQQ,297278,5712,2360,UCLe_q9axMaeTbjN0hy1Z9xA,Caleb Hammer,2026-01-23 16:01:21+00:00,5540,27,Finance,2850000,,,
tjhTN7Z8cdQ,15484,1463,24,UCjNmQ6frYwP0WDE7GJrn_WA,Imran | The Finance Engineer,2026-01-23 21:01:06+00:00,77,24,Finance,463000,,,
vCdnOLScIRY,4730185,146644,3077,UC9xafGPnAr0hxZ_bYMp1JsQ,Chris Kohler,2024-06-22 21:41:23+00:00,54,22,Finance,475000,,,
82jYblR16QM,9646582,665462,2400,UCMiJRAwDNSNzuYeN2uWa0pA,Mrwhosetheboss,2024-04-29 08:46:02+00:00,60,28,Technology,22200000,,,
eSucdOAIwrg,10963579,654362,824,UCMiJRAwDNSNzuYeN2uWa0pA,Mrwhosetheboss,2024-03-06 17:39:55+00:00,60,28,Technology,22200000,,,
0k1BK8vYBfs,214185,12443,197,UCClfFsWcT3N2I7VTXXyt84A,Salem Techsperts,2026-01-22 19:22:05+00:00,65,28,Technology,2450000,,,
8Bx6pg0j3I8,449369,1872,69,UCAbIzdnrncJi_aEchwltNYA,Easy to Learn & Write,2025-02-12 17:43:14+00:00,6,27,Technology,32700,,,
W1dIC287Zz0,327370,21199,5635,UCp38w5n099xkvoqciOaeFag,Taylor Lorenz,2026-01-19 12:00:57+00:00,3855,25,Technology,248000,,,
4MVFcUWe4XY,12339262,362911,327,UCnpBi6jWkLeBcHoEqtPDBJw,Tech SuperStar,2025-04-28 04:17:00+00:00,59,28,Technology,1930000,,,
INZybkX8tLI,1006528,59367,8354,UCy0tKL1T7wFoYcxCe0xjN6Q,Technology Connections,2025-11-27 18:37:52+00:00,1396,28,Technology,3030000,,,
19VbX748nlE,4968,100,4,UCrM7B7SL_g1edFOnmj-SDKg,Bloomberg Technology,2026-01-22 21:04:57+00:00,2739,25,Technology,714000,,,
z6Dp6_Vs8k0,34151,227,5,UCcV6cn4EQHHGAb24V-gnNTg,MR Asadul vlog ,2026-01-23 13:13:57+00:00,12,23,Vlogs,35300,,,
9fG7bShfWms,6690447,267879,8640,UCjvgGbPPn-FgYeguc5nxG4A,Sourav Joshi Vlogs,2026-01-21 02:30:08+00:00,756,22,Vlogs,38800000,,,
AB1s0gHIO7Y,1056557,74417,967,UCJcCB-QYPIBcbKcBQOTwhiA,Vj Siddhu Vlogs,2026-01-23 10:08:28+00:00,1359,22,Vlogs,5580000,,,
ftkrJDwgFfY,135747,10990,85,UCnqmEMuQefHbOssR5q_D7JA,Artist Vijay,2026-01-23 14:29:28+00:00,47,22,Vlogs,741000,,,
aK_Buefv_lY,465509,19970,183,UCnqmEMuQefHbOssR5q_D7JA,Artist Vijay,2026-01-22 14:51:52+00:00,70,22,Vlogs,741000,,,
S2plhjZkvck,256306,24058,805,UCrl1RINfU2YNAev6M0kBXbQ,Gulrez Khan,2026-01-23 10:52:44+00:00,1137,22,Vlogs,130000,,,
DMa30Lv9pVU,618,14,0,UCt6lSfrKmjlgQAX1dyyFXnQ,Pushpa Telugu vlogs ,2026-01-24 04:20:20+00:00,34,26,Vlogs,10000,,,
0BOLcM_A4rQ,56754,2939,6,UCuVmBkE77Z34pF5JkiebagA,Jyotirekha official,2026-01-23 08:18:58+00:00,60,22,Vlogs,55000,,,
l_nWOtJATtc,74632,3280,22,UC8R-jHJC2n3Yr5WHL2lpEMg,Life With Sachin,2026-01-22 15:09:29+00:00,53,22,Vlogs,156000,,,
zjQe1Xg0L7M,7654313,284108,6083,UCjvgGbPPn-FgYeguc5nxG4A,Sourav Joshi Vlogs,2026-01-20 02:31:04+00:00,706,22,Vlogs,38800000,,,
#NAME?,2227984,165932,1107,UCFar6t6OF-q2Y6rBuoDhpOg,Massy Arias,2024-06-11 18:20:16+00:00,51,26,Fitness,1410000,,,
X7Y1wskVDl4,1968839,117863,1844,UCo1bpycul1Xhpbo3gkhBBww,CallmeUche,2025-06-16 17:14:35+00:00,53,22,Fitness,239000,,,
EEOjsbQ5wYE,5665287,183229,6293,UC68TLK0mAEzUyHx5x5k-S1Q,Jeff Nippard,2023-12-16 15:00:19+00:00,854,24,Fitness,8110000,,,
TzbaUd5j_jA,7028266,71460,1939,UCu0l8LEELZa2XqAjvMNZamg,ZUMBA Fitness With Unique Beats,2025-03-06 00:00:06+00:00,2164,26,Fitness,1530000,,,
6BvSuOSCrhs,2883289,46822,413,UCVwbN23uVtE_DWnA29DO7Yg,Lucia Mikušová,2024-11-25 13:00:12+00:00,6,24,Fitness,691000,,,
rHhB-KsFMVw,10986372,130278,1248,UC1-YMpA6S_82iGDPe6snbhg,FITNESS CIRCLE,2024-01-26 13:30:24+00:00,1837,22,Fitness,307000,,,
h3lTfxszM30,28197607,968745,1273,UCZSQNA00mkvXq9r6DXi6nNw,LilBigNanc,2025-05-15 06:29:40+00:00,17,22,Fitness,815000,,,
ec-BZ5x8dYA,14516424,224386,679,UCEVydC2Z1ZkLbRnJ-IMvVtQ,FITNESS with SHEETAL,2024-08-30 14:44:32+00:00,15,22,Fitness,1010000,,,
EWhMxVsIfPY,32783634,580862,2128,UCb2b5JYP-9mrsBADUbhrwTQ,Shilpa Chandrashekar,2023-05-19 06:02:09+00:00,11,22,Fitness,854000,,,
AW1NjYRJDMQ,7123919,123073,327,UC2rko97xplthKyvKf52lcEA,Raushan Fitness,2025-03-09 14:25:41+00:00,18,22,Fitness,244000,,,
YCNyzIw40Ck,2130805,0,116,UCupHhCtFGOh0liWbIFxxH7A,Cardio Fitness,2025-09-02 15:33:03+00:00,9,17,Fitness,2630000,,,
0IDiR-zNuG4,72267356,923379,2490,UCTSqmv1VZBwbGlZhhkqYtVQ,HealthPlus Tips,2023-07-22 18:04:22+00:00,28,26,Fitness,147000,,,
Vk1nzhjLzTU,1492869,116790,400,UChP_InvK7fX6IOx-PIYoHRw,Beautiful Quotes – RJT Abhishek Ram,2022-11-18 10:12:50+00:00,60,27,Education,160000,,,
Mdm0xO8q4x4,3361076,30814,72,UCCUowwfFoLTzUBwo3yl3LyA,Anuram Learning Home ,2025-06-28 13:40:19+00:00,43,27,Education,148000,,,
EcRa855HxMI,105587,0,34,UCZ0PirxURj8AWtBIdIVSF9Q,𝐒𝐭𝐮𝐝𝐲 𝐊𝐨𝐫𝐨,2024-01-26 12:30:13+00:00,29,27,Education,1020000,,,
XcpTgxDEe6w,2146008,0,0,UC50vBAtklUoJF1Wx5q0pmuw,Maya and Mary,2025-09-03 14:44:53+00:00,18,24,Education,26800000,,,
mSC1GzBtAmA,1699762,30746,645,UCf0lbH2j2bUBQCQXRduo3aw,A Learning Point,2023-04-25 14:14:14+00:00,6,27,Education,23000,,,
V847DPsxU3I,1036941,0,210,UCMZWYIL7aP7BUuYWzON6JZw,SD Education,2025-02-06 03:38:23+00:00,6,10,Education,400000,,,
F7U3J9AJS8M,21776593,1468558,3977,UCU5eV0c0SE0TMXrV8P94jAQ,Learn with Jaspal,2022-12-06 18:06:38+00:00,58,22,Education,4820000,,,
AONlqzToMS8,565833,14584,110,UCBD8s5PzU7Desuv3QBDjTJA,HSPATH,2023-12-23 10:30:03+00:00,32,27,Education,949000,,,
tAgIg8_jg0s,39724123,1499174,17844,UCnYKRFQRndE3Wq1eLRQLfWw,Kuldeep Singhania Shorts,2024-10-18 06:25:51+00:00,55,22,Education,15900000,,,
wNxbM2i4ILM,1358653,10456,168,UCVlGBi6euh2OxJLZcZTFPHA,Study Yard,2024-09-11 13:02:31+00:00,13,27,Education,158000,,,
2lCLXWpFjG8,603781,35317,111,UChP_InvK7fX6IOx-PIYoHRw,Beautiful Quotes – RJT Abhishek Ram,2022-10-10 06:26:12+00:00,28,27,Education,160000,,,
cI_sL3qRlnY,7905845,50886,26,UCISGyx0IQTRAI-6dx3or0RA,Brijendra Mishra,2025-02-11 11:23:53+00:00,14,24,Education,1240000,,,
pRvK3jxD4Qs,25432720,174375,630,UCyKeaEaELeBxOu5Z0TRVJhg,Raviraj Master,2025-06-16 04:30:26+00:00,58,22,Education,2260000,,,
4XaVutevq3o,329040,0,85,UC0NFgdQJpLl_pvoWqqGxOMQ,ALL IN ONE,2025-04-19 03:38:31+00:00,15,22,Education,1280,,,
VslaQ8WX-uY,9551288,322501,3407,UCf3mED7dk188eUMyKfWCI8w,Rai diculous,2024-04-05 22:00:17+00:00,18,20,Education,532000,,,
9kuOR-XYKmQ,14005,2459,400,UCAgVTF4z24hU6reCq5sqoSA,SOUVIK D,2026-01-23 16:37:03+00:00,715,20,Gaming,373000,,,
rJyoMwklROI,1044319,28454,144,UCm6Y9TF6GUiJiNB9VzyRLoQ,Cozy K Games,2025-05-27 21:44:04+00:00,21,20,Gaming,96900,,,
vmwu0ZOFTzU,8419760,289803,689,UCZzQLLvcrATO7TsvwEV16Bg,Sarthak Sachdeva Too,2025-07-31 16:20:35+00:00,54,24,Gaming,10700000,,,
Yld2TNWjGvY,41484022,2121701,17014,UCS4uc8cHDqcwwro8lGChaQQ,FactoHolic,2024-12-17 15:00:42+00:00,47,27,Gaming,16900000,,,
TS_43nX1wnI,12073416,421923,4658,UChWY3HddivlKeOLHEVyb1tw,Rickster2344,2022-09-28 17:30:05+00:00,16,20,Gaming,1520000,,,
XJkL8955IQA,77293026,522366,498,UCacsGRFWE5FO1aCzuvlkkaw,Benbu,2025-07-16 21:00:38+00:00,60,24,Gaming,4600000,,,
Mvy1z-SmD1E,4656073,75485,600,UCwKHygfd3opN04saX8qGRjQ,Adhemz,2025-10-29 11:39:04+00:00,41,24,Gaming,20900000,,,
SndtCyADem0,44923750,1440890,8845,UCQxc4HrPZd-06TBllWXoj5g,Laughing Stock Labs,2025-07-15 13:26:40+00:00,45,20,Gaming,132000,,,
XZBh3itO7NM,42462576,1321127,4962,UCwlHFjwRiBLx9SYShI7Zfng,Nash Knows,2025-10-16 14:30:33+00:00,63,24,Gaming,562000,,,
qoc5HSDfAyc,2529201,70949,1021,UCT9CJkrdmTnZ-M5xns9chXQ,Tech Tesseract,2024-08-01 16:13:07+00:00,17,28,Gaming,346000,,,
yUKn5MK7y7A,455417,18171,223,UC9rcP7DoGsqjBsJLyNVZU3g,TechWithSeong,2024-10-17 15:01:09+00:00,51,22,Gaming,103000,,,
eYLWMs9X0sQ,1084453,115092,6890,UCczxubEt1vQ_YBeAhafCxVw,Dhanush FF Gamer,2026-01-11 06:30:32+00:00,1920,20,Gaming,2030000,,,
U5FerHRGa6A,9740747,549122,874,UCdQPeeJ0qGK6wWBiEJWcdsQ,LOKESH GAMER,2024-06-06 13:02:13+00:00,49,20,Gaming,16600000,,,
oWv5tzS7uIA,16340,386,0,UCC0JoopfhjKB5B_LHBF24Qg,Mr Ezpzy,2026-01-23 03:45:17+00:00,47,20,Gaming,311000,,,
tQ5TV8Qbxns,79387,0,1,UCbC0VB7AXNlkdMgvoOAboIg,FactoFun,2026-01-23 10:30:40+00:00,35,22,Gaming,2550000,,,
yBMhEHs7mCw,771793,26950,2103,UCJD5R47XWLmJ7nn18T2ZW4w,Dattrax Gaming,2025-11-01 05:30:37+00:00,3411,20,Gaming,2920000,,,
HhO18sGPuJE,714815,12924,175,UCLsSLka8jODBozvi5VTQeaQ,Zee Music South,2025-09-13 10:31:22+00:00,140,24,Beauty,6580000,,,
bpxFjrBDypg,31575247,263058,449,UC6dWrivmNjzLiCMIYqWwAWA,Insong ,2025-07-31 17:19:08+00:00,14,24,Beauty,130000,,,
7Drmvsz5N3s,2980022,39923,479,UCHm_mJ23LCwSs6Zpo79CX0w,Filmmaker Thoughts,2025-09-15 10:20:10+00:00,47,24,Beauty,488000,,,
dMfi7PeyaKM,142237,1474,62,UCTJC7GG6vBy7Xoq0TPwAGrg,Telugu - Cinema Hall,2026-01-06 07:01:28+00:00,1475,24,Beauty,252000,,,
#NAME?,5615167,34686,772,UCOKWRzGE08ESvQ5JwxiwWKQ,Telugu Music Station,2025-06-23 15:30:00+00:00,336,10,Beauty,34400,,,
_VMnTKPXAgk,8791354,69473,298,UCY7vNTogG_nIZUsuAcZnwFg,FILMY•PATSARIYA,2025-06-30 05:31:22+00:00,24,24,Beauty,23800,,,
I_6F1D_W4As,10649377,457456,1339,UCDqurMciPXiKMPShqrdfbjw,Point of Yu,2025-07-12 14:00:28+00:00,53,22,Beauty,292000,,,
U4jFvtbVfLM,27628,602,156,UCGaE6BmH_h2eOo12binZ2Tg,BrainPilot,2026-01-22 12:43:06+00:00,681,24,Beauty,340000,,,
t1xzo5lQnFw,8919271,282610,3005,UCBqZHUdpKmTMp8QV_L-E3aQ,VIZARAS,2025-07-31 15:42:31+00:00,35,28,Beauty,153000,,,
3TqduVLkOpo,16557641,238445,0,UCFuWdVAHWsgebcp5Zbkj_dw,Harshitha Karthik,2024-12-13 05:29:19+00:00,45,24,Beauty,476000,,,
PnUedDmckqQ,6603,374,1,UCua4cjPZb2qWRJWo-nanKcg,Belle ,2026-01-23 12:45:53+00:00,48,24,Beauty,120000,,,
ZtiBwLIdPT8,5927367,166087,3045,UC2mDoa2r5Qeo8ZQZv1PI4eg,Mefabulous,2025-03-27 00:06:18+00:00,55,24,Beauty,15900,,,
qJvWOMSUK9U,99790881,2949278,75990,UCjg7OFjN3eNq5SF_R-S013Q,Nyadollie,2023-03-11 21:58:07+00:00,30,22,Beauty,398000,,,
9D6n889FHKw,2016266,57404,140,UC3ocVSGRoapPsbG8QrFX5kA,velvet glow,2025-10-07 14:00:22+00:00,24,22,Beauty,618000,,,
PVZ3mi8LQDc,3225237,133871,1145,UCESgBepznTP7oI3lf1SPHrw,Melinah Beauty™,2025-08-31 20:48:04+00:00,180,22,Beauty,79000,,,
Q95kib-UiqE,6036,610,68,UCHnKsxZqj2TmpPy8XQYlRbA,Pulpy Syntax,2026-01-24 00:47:22+00:00,5938,22,Beauty,20700,,,
wH85EbWk8Yw,3418,134,0,UCe-b2RIMk2NCxAIepv1jDzg,Penteados DIY,2026-01-24 00:01:16+00:00,61,26,Beauty,24200,,,
x97QVsa3kws,19426,440,7,UC4LzeOytRzlnV5yA7k5iHEg,Genesis Yoga,2026-01-23 14:58:21+00:00,16,24,Beauty,1680000,,,
